[{"Received Command":{"Command":"Query","ExecutedASTText":"select * from t","ExecuteStmtInfo":null}},{"github.com/pingcap/tidb/planner.Optimize":[{"Enable binding":true,"IsStmtNode":true,"Matched":false,"Matched bindings":null,"Scope":"","Used binding":false},{"github.com/pingcap/tidb/planner.optimize":{"github.com/pingcap/tidb/planner/core.DoOptimize":[{"github.com/pingcap/tidb/planner/core.logicalOptimize":null},{"github.com/pingcap/tidb/planner/core.physicalOptimize":[{"github.com/pingcap/tidb/planner/core.getStatsTable":{"TableName":"t","TblInfoID":90,"InputPhysicalID":90,"HandleIsNil":false,"UsePartitionStats":false,"CountIsZero":false,"Uninitialized":false,"Outdated":false,"StatsTblInfo":{"PhysicalID":90,"Version":453857559778164738,"Count":4,"ModifyCount":0,"Columns":[{"ID":1,"Name":"a","NDV":4,"NullCount":0,"LastUpdateVersion":453857559778164738,"TotColSize":4,"Correlation":1,"StatsVer":2,"LoadingStatus":"allLoaded","HistogramSize":0,"TopNSize":4,"CMSketchInfo":null}],"Indexes":[]}}},{"github.com/pingcap/tidb/planner/core.(*DataSource).DeriveStats":[{"github.com/pingcap/tidb/planner/core.(*DataSource).deriveStatsByFilter":{"github.com/pingcap/tidb/statistics.(*HistColl).Selectivity":[{"Input Expressions":[]},{"Result":1}]}},{"github.com/pingcap/tidb/planner/core.(*DataSource).derivePathStatsAndTryHeuristics":{"github.com/pingcap/tidb/planner/core.(*DataSource).deriveTablePathStats":null}},{"github.com/pingcap/tidb/planner/core.(*DataSource).generateIndexMergePath":null},{"Access paths":[{"AccessConditions":[],"IndexFilters":[],"TableFilters":[],"CountAfterAccess":4,"CountAfterIndex":0}]}]}]}]}}]}]
