{"columns":null,"indices":null,"partitions":{"global":{"columns":{"c0":{"histogram":{"ndv":2},"cm_sketch":{"top_n":[{"data":"A4AAAAAAAAAA","count":38},{"data":"A4AAAAAAAAAB","count":10}],"default_value":0},"fm_sketch":null,"stats_ver":2,"null_count":0,"tot_col_size":384,"last_update_version":464040838272385064,"correlation":0},"c1":{"histogram":{"ndv":37,"buckets":[{"count":1,"lower_bound":"czE0","upper_bound":"czE2","repeats":1,"ndv":0},{"count":7,"lower_bound":"czE2","upper_bound":"czQ0","repeats":0,"ndv":0},{"count":11,"lower_bound":"czQ5","upper_bound":"czcx","repeats":1,"ndv":0},{"count":12,"lower_bound":"czcx","upper_bound":"czc4","repeats":1,"ndv":0},{"count":17,"lower_bound":"czc4","upper_bound":"czk5","repeats":0,"ndv":0}]},"cm_sketch":{"top_n":[{"data":"AXMyMQAAAAAA+g==","count":3},{"data":"AXMyMgAAAAAA+g==","count":2},{"data":"AXMzMAAAAAAA+g==","count":2},{"data":"AXMzNAAAAAAA+g==","count":1},{"data":"AXMzNwAAAAAA+g==","count":2},{"data":"AXM0NAAAAAAA+g==","count":2},{"data":"AXM0NQAAAAAA+g==","count":1},{"data":"AXM0NwAAAAAA+g==","count":1},{"data":"AXM0OAAAAAAA+g==","count":1},{"data":"AXM1AAAAAAAA+Q==","count":1},{"data":"AXM1MAAAAAAA+g==","count":1},{"data":"AXM1NAAAAAAA+g==","count":1},{"data":"AXM1NQAAAAAA+g==","count":4},{"data":"AXM1NgAAAAAA+g==","count":1},{"data":"AXM2MAAAAAAA+g==","count":2},{"data":"AXM2MQAAAAAA+g==","count":3},{"data":"AXM3MAAAAAAA+g==","count":2},{"data":"AXM3MwAAAAAA+g==","count":2},{"data":"AXM4NgAAAAAA+g==","count":3},{"data":"AXM5OQAAAAAA+g==","count":3}],"default_value":0},"fm_sketch":null,"stats_ver":2,"null_count":0,"tot_col_size":190,"last_update_version":464040838272385070,"correlation":0},"c2":{"histogram":{"ndv":2},"cm_sketch":{"top_n":[{"data":"A4AAAAAAAAAA","count":46},{"data":"A4AAAAAAAAAB","count":2}],"default_value":0},"fm_sketch":null,"stats_ver":2,"null_count":0,"tot_col_size":384,"last_update_version":464040838272385076,"correlation":0},"c3":{"histogram":{"ndv":14},"cm_sketch":{"top_n":[{"data":"AXMxOAAAAAAA+g==","count":1},{"data":"AXMyOQAAAAAA+g==","count":1},{"data":"AXMzMAAAAAAA+g==","count":1},{"data":"AXMzNgAAAAAA+g==","count":1},{"data":"AXM0MgAAAAAA+g==","count":1},{"data":"AXM0NAAAAAAA+g==","count":34},{"data":"AXM0NQAAAAAA+g==","count":1},{"data":"AXM1MQAAAAAA+g==","count":1},{"data":"AXM3MQAAAAAA+g==","count":1},{"data":"AXM4MQAAAAAA+g==","count":1},{"data":"AXM4NQAAAAAA+g==","count":1},{"data":"AXM5MAAAAAAA+g==","count":1},{"data":"AXM5NQAAAAAA+g==","count":2},{"data":"AXM5OQAAAAAA+g==","count":1}],"default_value":0},"fm_sketch":null,"stats_ver":2,"null_count":0,"tot_col_size":192,"last_update_version":464040838272385082,"correlation":0},"c4":{"histogram":{"ndv":48,"buckets":[{"count":6,"lower_bound":"MjAyMy0wMy0yOSAwMTozMzoyOQ==","upper_bound":"MjAyNC0wNC0xOCAwOTo1ODo0Nw==","repeats":2,"ndv":0},{"count":7,"lower_bound":"MjAyNC0wNC0xOCAwOTo1ODo0Nw==","upper_bound":"MjAyNC0wNi0wNiAxOToyMzo1Ng==","repeats":1,"ndv":0},{"count":16,"lower_bound":"MjAyNC0wNi0wNiAxOToyMzo1Ng==","upper_bound":"MjAyNS0wNS0yOSAxNjo1NDozNA==","repeats":2,"ndv":0},{"count":21,"lower_bound":"MjAyNS0wNS0yOSAxNjo1NDozNA==","upper_bound":"MjAyNS0xMS0wNSAyMjoxMjo0Mg==","repeats":1,"ndv":0},{"count":23,"lower_bound":"MjAyNS0xMS0wNSAyMjoxMjo0Mg==","upper_bound":"MjAyNi0wMS0xMiAyMDozNDoxNQ==","repeats":2,"ndv":0},{"count":33,"lower_bound":"MjAyNi0wMS0xMiAyMDozNDoxNQ==","upper_bound":"MjAyNi0xMS0yMSAxODoxNToxNw==","repeats":1,"ndv":0},{"count":34,"lower_bound":"MjAyNi0xMi0xMSAwNTo1MzozMQ==","upper_bound":"MjAyNi0xMi0xMSAwNTo1MzozMQ==","repeats":1,"ndv":0}]},"cm_sketch":{"top_n":[{"data":"BBmwoHwQAAAA","count":3},{"data":"BBmw2t1aAAAA","count":3},{"data":"BBmzg317AAAA","count":1},{"data":"BBmz1WbaAAAA","count":3},{"data":"BBm0UMeNAAAA","count":3},{"data":"BBm0ujuSAAAA","count":2},{"data":"BBm1NoNXAAAA","count":1},{"data":"BBm1xOFtAAAA","count":1},{"data":"BBm2juqXAAAA","count":2},{"data":"BBm4eXG7AAAA","count":3},{"data":"BBm4z2NuAAAA","count":2}],"default_value":0},"fm_sketch":null,"stats_ver":2,"null_count":0,"tot_col_size":384,"last_update_version":464040838272385088,"correlation":0},"id":{"histogram":{"ndv":48,"buckets":[{"count":2,"lower_bound":"NjQ4","upper_bound":"NjUx","repeats":2,"ndv":0},{"count":6,"lower_bound":"NjUx","upper_bound":"NjU5","repeats":1,"ndv":0},{"count":9,"lower_bound":"NjYw","upper_bound":"NjYz","repeats":2,"ndv":0},{"count":15,"lower_bound":"NjYz","upper_bound":"Njcx","repeats":1,"ndv":0},{"count":18,"lower_bound":"Njcy","upper_bound":"Njc1","repeats":2,"ndv":0},{"count":24,"lower_bound":"Njc1","upper_bound":"Njgz","repeats":1,"ndv":0},{"count":27,"lower_bound":"Njg0","upper_bound":"Njg3","repeats":2,"ndv":0},{"count":33,"lower_bound":"Njg3","upper_bound":"Njk1","repeats":1,"ndv":0},{"count":34,"lower_bound":"Njk2","upper_bound":"Njk2","repeats":1,"ndv":0}]},"cm_sketch":{"top_n":[{"data":"A4AAAAAAAAKN","count":4},{"data":"A4AAAAAAAAKR","count":2},{"data":"A4AAAAAAAAKV","count":1},{"data":"A4AAAAAAAAKZ","count":3},{"data":"A4AAAAAAAAKd","count":2},{"data":"A4AAAAAAAAKh","count":1},{"data":"A4AAAAAAAAKl","count":3},{"data":"A4AAAAAAAAKp","count":2},{"data":"A4AAAAAAAAKt","count":1},{"data":"A4AAAAAAAAKx","count":3},{"data":"A4AAAAAAAAK1","count":2}],"default_value":0},"fm_sketch":null,"stats_ver":2,"null_count":0,"tot_col_size":384,"last_update_version":464040838272385057,"correlation":0}},"indices":{"idx_c0_18":{"histogram":{"ndv":2},"cm_sketch":{"top_n":[{"data":"A4AAAAAAAAAA","count":38},{"data":"A4AAAAAAAAAB","count":10}],"default_value":0},"fm_sketch":null,"stats_ver":2,"null_count":0,"tot_col_size":0,"last_update_version":464040838233063510,"correlation":0},"idx_c0_c2_31":{"histogram":{"ndv":3},"cm_sketch":{"top_n":[{"data":"A4AAAAAAAAAAA4AAAAAAAAAA","count":38},{"data":"A4AAAAAAAAABA4AAAAAAAAAA","count":8},{"data":"A4AAAAAAAAABA4AAAAAAAAAB","count":2}],"default_value":0},"fm_sketch":null,"stats_ver":2,"null_count":0,"tot_col_size":0,"last_update_version":464040838246170726,"correlation":0},"idx_c0_c4_33":{"histogram":{"ndv":48,"buckets":[{"count":2,"lower_bound":"A4AAAAAAAAAABBmwzyyuAAAA","upper_bound":"A4AAAAAAAAAABBmy4w4cAAAA","repeats":1,"ndv":0},{"count":3,"lower_bound":"A4AAAAAAAAAABBmy4w4cAAAA","upper_bound":"A4AAAAAAAAAABBmzKGu7AAAA","repeats":1,"ndv":0},{"count":6,"lower_bound":"A4AAAAAAAAAABBmzKGu7AAAA","upper_bound":"A4AAAAAAAAAABBmzoJwVAAAA","repeats":1,"ndv":0},{"count":7,"lower_bound":"A4AAAAAAAAAABBm0bveeAAAA","upper_bound":"A4AAAAAAAAAABBm0zr7iAAAA","repeats":1,"ndv":0},{"count":12,"lower_bound":"A4AAAAAAAAAABBm0zr7iAAAA","upper_bound":"A4AAAAAAAAAABBm3RS1hAAAA","repeats":1,"ndv":0},{"count":14,"lower_bound":"A4AAAAAAAAAABBm3RS1hAAAA","upper_bound":"A4AAAAAAAAAABBm4B2noAAAA","repeats":1,"ndv":0},{"count":22,"lower_bound":"A4AAAAAAAAAABBm4B2noAAAA","upper_bound":"A4AAAAAAAAAABBm6sjd6AAAA","repeats":2,"ndv":0},{"count":27,"lower_bound":"A4AAAAAAAAAABBm6sjd6AAAA","upper_bound":"A4AAAAAAAAABBBmvuRhdAAAA","repeats":1,"ndv":0},{"count":29,"lower_bound":"A4AAAAAAAAABBBmwksnwAAAA","upper_bound":"A4AAAAAAAAABBBmzJB6vAAAA","repeats":1,"ndv":0},{"count":34,"lower_bound":"A4AAAAAAAAABBBmzJB6vAAAA","upper_bound":"A4AAAAAAAAABBBm6LGEcAAAA","repeats":1,"ndv":0}]},"cm_sketch":{"top_n":[{"data":"A4AAAAAAAAAABBmwoHwQAAAA","count":1},{"data":"A4AAAAAAAAAABBmw2t1aAAAA","count":2},{"data":"A4AAAAAAAAAABBmzg317AAAA","count":3},{"data":"A4AAAAAAAAAABBmz1WbaAAAA","count":1},{"data":"A4AAAAAAAAAABBm0UMeNAAAA","count":1},{"data":"A4AAAAAAAAAABBm0ujuSAAAA","count":1},{"data":"A4AAAAAAAAAABBm1xOFtAAAA","count":2},{"data":"A4AAAAAAAAAABBm2juqXAAAA","count":2},{"data":"A4AAAAAAAAAABBm4eXG7AAAA","count":2},{"data":"A4AAAAAAAAABBBm1NoNXAAAA","count":2},{"data":"A4AAAAAAAAABBBm4z2NuAAAA","count":1}],"default_value":0},"fm_sketch":null,"stats_ver":2,"null_count":0,"tot_col_size":0,"last_update_version":464040838193741918,"correlation":0},"idx_c1_17":{"histogram":{"ndv":37,"buckets":[{"count":1,"lower_bound":"AXMxNAAAAAAA+g==","upper_bound":"AXMxNgAAAAAA+g==","repeats":1,"ndv":0},{"count":7,"lower_bound":"AXMxNgAAAAAA+g==","upper_bound":"AXM0NAAAAAAA+g==","repeats":0,"ndv":0},{"count":11,"lower_bound":"AXM0OQAAAAAA+g==","upper_bound":"AXM3MQAAAAAA+g==","repeats":1,"ndv":0},{"count":12,"lower_bound":"AXM3MQAAAAAA+g==","upper_bound":"AXM3OAAAAAAA+g==","repeats":1,"ndv":0},{"count":17,"lower_bound":"AXM3OAAAAAAA+g==","upper_bound":"AXM5OQAAAAAA+g==","repeats":0,"ndv":0}]},"cm_sketch":{"top_n":[{"data":"AXMyMQAAAAAA+g==","count":3},{"data":"AXMyMgAAAAAA+g==","count":2},{"data":"AXMzMAAAAAAA+g==","count":2},{"data":"AXMzNAAAAAAA+g==","count":1},{"data":"AXMzNwAAAAAA+g==","count":2},{"data":"AXM0NAAAAAAA+g==","count":2},{"data":"AXM0NQAAAAAA+g==","count":1},{"data":"AXM0NwAAAAAA+g==","count":1},{"data":"AXM0OAAAAAAA+g==","count":1},{"data":"AXM1AAAAAAAA+Q==","count":1},{"data":"AXM1MAAAAAAA+g==","count":1},{"data":"AXM1NAAAAAAA+g==","count":1},{"data":"AXM1NQAAAAAA+g==","count":4},{"data":"AXM1NgAAAAAA+g==","count":1},{"data":"AXM2MAAAAAAA+g==","count":2},{"data":"AXM2MQAAAAAA+g==","count":3},{"data":"AXM3MAAAAAAA+g==","count":2},{"data":"AXM3MwAAAAAA+g==","count":2},{"data":"AXM4NgAAAAAA+g==","count":3},{"data":"AXM5OQAAAAAA+g==","count":3}],"default_value":0},"fm_sketch":null,"stats_ver":2,"null_count":0,"tot_col_size":0,"last_update_version":464040838285492295,"correlation":0},"idx_c1_c4_28":{"histogram":{"ndv":48,"buckets":[{"count":1,"lower_bound":"AXMxNAAAAAAA+gQZtG73ngAAAA==","upper_bound":"AXMxNgAAAAAA+gQZsuMOHAAAAA==","repeats":1,"ndv":0},{"count":8,"lower_bound":"AXMxNgAAAAAA+gQZsuMOHAAAAA==","upper_bound":"AXMzNwAAAAAA+gQZsw6yJAAAAA==","repeats":2,"ndv":0},{"count":13,"lower_bound":"AXMzNwAAAAAA+gQZsw6yJAAAAA==","upper_bound":"AXM0NQAAAAAA+gQZsRgoMgAAAA==","repeats":1,"ndv":0},{"count":14,"lower_bound":"AXM0OAAAAAAA+gQZuxih7wAAAA==","upper_bound":"AXM0OQAAAAAA+gQZr7kYXQAAAA==","repeats":1,"ndv":0},{"count":17,"lower_bound":"AXM0OQAAAAAA+gQZr7kYXQAAAA==","upper_bound":"AXM1NgAAAAAA+gQZtM6+4gAAAA==","repeats":2,"ndv":0},{"count":27,"lower_bound":"AXM1NgAAAAAA+gQZtM6+4gAAAA==","upper_bound":"AXM3OAAAAAAA+gQZuNjIjwAAAA==","repeats":1,"ndv":0},{"count":33,"lower_bound":"AXM3OAAAAAAA+gQZuNjIjwAAAA==","upper_bound":"AXM5OQAAAAAA+gQZsyhruwAAAA==","repeats":1,"ndv":0},{"count":34,"lower_bound":"AXM5OQAAAAAA+gQZudR6YQAAAA==","upper_bound":"AXM5OQAAAAAA+gQZudR6YQAAAA==","repeats":1,"ndv":0}]},"cm_sketch":{"top_n":[{"data":"AXMzMAAAAAAA+gQZsKB8EAAAAA==","count":3},{"data":"AXMzNAAAAAAA+gQZtLo7kgAAAA==","count":1},{"data":"AXM0NwAAAAAA+gQZuHlxuwAAAA==","count":1},{"data":"AXM1AAAAAAAA+QQZs4N9ewAAAA==","count":2},{"data":"AXM1NQAAAAAA+gQZuM9jbgAAAA==","count":2},{"data":"AXM2MAAAAAAA+gQZtFDHjQAAAA==","count":2},{"data":"AXM2MQAAAAAA+gQZsNrdWgAAAA==","count":2},{"data":"AXM2MQAAAAAA+gQZs9Vm2gAAAA==","count":2},{"data":"AXM3MAAAAAAA+gQZtcThbQAAAA==","count":3},{"data":"AXM4NgAAAAAA+gQZtTaDVwAAAA==","count":3},{"data":"AXM5OQAAAAAA+gQZto7qlwAAAA==","count":1}],"default_value":0},"fm_sketch":null,"stats_ver":2,"null_count":0,"tot_col_size":0,"last_update_version":464040838206849113,"correlation":0},"idx_c2_13":{"histogram":{"ndv":2},"cm_sketch":{"top_n":[{"data":"A4AAAAAAAAAA","count":46},{"data":"A4AAAAAAAAAB","count":2}],"default_value":0},"fm_sketch":null,"stats_ver":2,"null_count":0,"tot_col_size":0,"last_update_version":464040838233063465,"correlation":0},"idx_c2_c1_35":{"histogram":{"ndv":38,"buckets":[{"count":1,"lower_bound":"A4AAAAAAAAAAAXMxNAAAAAAA+g==","upper_bound":"A4AAAAAAAAAAAXMxNgAAAAAA+g==","repeats":1,"ndv":0},{"count":6,"lower_bound":"A4AAAAAAAAAAAXMxNgAAAAAA+g==","upper_bound":"A4AAAAAAAAAAAXM0NAAAAAAA+g==","repeats":0,"ndv":0},{"count":7,"lower_bound":"A4AAAAAAAAAAAXM1NQAAAAAA+g==","upper_bound":"A4AAAAAAAAAAAXM1OQAAAAAA+g==","repeats":1,"ndv":0},{"count":12,"lower_bound":"A4AAAAAAAAAAAXM1OQAAAAAA+g==","upper_bound":"A4AAAAAAAAAAAXM3MAAAAAAA+g==","repeats":1,"ndv":0},{"count":15,"lower_bound":"A4AAAAAAAAAAAXM3MAAAAAAA+g==","upper_bound":"A4AAAAAAAAAAAXM4MgAAAAAA+g==","repeats":1,"ndv":0},{"count":20,"lower_bound":"A4AAAAAAAAAAAXM5AAAAAAAA+Q==","upper_bound":"A4AAAAAAAAABAXM0OQAAAAAA+g==","repeats":1,"ndv":0},{"count":21,"lower_bound":"A4AAAAAAAAABAXM1NQAAAAAA+g==","upper_bound":"A4AAAAAAAAABAXM1NQAAAAAA+g==","repeats":1,"ndv":0}]},"cm_sketch":{"top_n":[{"data":"A4AAAAAAAAAAAXMyMQAAAAAA+g==","count":3},{"data":"A4AAAAAAAAAAAXMyMgAAAAAA+g==","count":2},{"data":"A4AAAAAAAAAAAXMzMAAAAAAA+g==","count":3},{"data":"A4AAAAAAAAAAAXMzNAAAAAAA+g==","count":1},{"data":"A4AAAAAAAAAAAXMzNwAAAAAA+g==","count":2},{"data":"A4AAAAAAAAAAAXM0NAAAAAAA+g==","count":2},{"data":"A4AAAAAAAAAAAXM0NQAAAAAA+g==","count":1},{"data":"A4AAAAAAAAAAAXM0NwAAAAAA+g==","count":1},{"data":"A4AAAAAAAAAAAXM0OAAAAAAA+g==","count":1},{"data":"A4AAAAAAAAAAAXM1AAAAAAAA+Q==","count":1},{"data":"A4AAAAAAAAAAAXM1MAAAAAAA+g==","count":1},{"data":"A4AAAAAAAAAAAXM1NAAAAAAA+g==","count":1},{"data":"A4AAAAAAAAAAAXM1NQAAAAAA+g==","count":1},{"data":"A4AAAAAAAAAAAXM1NgAAAAAA+g==","count":1},{"data":"A4AAAAAAAAAAAXM2MAAAAAAA+g==","count":2},{"data":"A4AAAAAAAAAAAXM2MQAAAAAA+g==","count":3},{"data":"A4AAAAAAAAAAAXM3MAAAAAAA+g==","count":2},{"data":"A4AAAAAAAAAAAXM3MwAAAAAA+g==","count":2},{"data":"A4AAAAAAAAAAAXM4NgAAAAAA+g==","count":2},{"data":"A4AAAAAAAAAAAXM5OQAAAAAA+g==","count":2}],"default_value":0},"fm_sketch":null,"stats_ver":2,"null_count":0,"tot_col_size":0,"last_update_version":464040838311706653,"correlation":0},"idx_c2_c1_c0_27":{"histogram":{"ndv":39,"buckets":[{"count":1,"lower_bound":"A4AAAAAAAAAAAXMxNAAAAAAA+gOAAAAAAAAAAA==","upper_bound":"A4AAAAAAAAAAAXMxNgAAAAAA+gOAAAAAAAAAAA==","repeats":1,"ndv":0},{"count":8,"lower_bound":"A4AAAAAAAAAAAXMxNgAAAAAA+gOAAAAAAAAAAA==","upper_bound":"A4AAAAAAAAAAAXMzNwAAAAAA+gOAAAAAAAAAAA==","repeats":2,"ndv":0},{"count":13,"lower_bound":"A4AAAAAAAAAAAXMzNwAAAAAA+gOAAAAAAAAAAA==","upper_bound":"A4AAAAAAAAAAAXM0NQAAAAAA+gOAAAAAAAAAAA==","repeats":1,"ndv":0},{"count":15,"lower_bound":"A4AAAAAAAAAAAXM0OAAAAAAA+gOAAAAAAAAAAA==","upper_bound":"A4AAAAAAAAAAAXM1NAAAAAAA+gOAAAAAAAAAAA==","repeats":1,"ndv":0},{"count":16,"lower_bound":"A4AAAAAAAAAAAXM1NQAAAAAA+gOAAAAAAAAAAQ==","upper_bound":"A4AAAAAAAAAAAXM1NgAAAAAA+gOAAAAAAAAAAA==","repeats":1,"ndv":0},{"count":26,"lower_bound":"A4AAAAAAAAAAAXM1NgAAAAAA+gOAAAAAAAAAAA==","upper_bound":"A4AAAAAAAAAAAXM4NgAAAAAA+gOAAAAAAAAAAQ==","repeats":0,"ndv":0},{"count":31,"lower_bound":"A4AAAAAAAAAAAXM5AAAAAAAA+QOAAAAAAAAAAA==","upper_bound":"A4AAAAAAAAABAXM0OQAAAAAA+gOAAAAAAAAAAQ==","repeats":1,"ndv":0},{"count":32,"lower_bound":"A4AAAAAAAAABAXM1NQAAAAAA+gOAAAAAAAAAAQ==","upper_bound":"A4AAAAAAAAABAXM1NQAAAAAA+gOAAAAAAAAAAQ==","repeats":1,"ndv":0}]},"cm_sketch":{"top_n":[{"data":"A4AAAAAAAAAAAXMzMAAAAAAA+gOAAAAAAAAAAA==","count":3},{"data":"A4AAAAAAAAAAAXMzNAAAAAAA+gOAAAAAAAAAAA==","count":1},{"data":"A4AAAAAAAAAAAXM0NwAAAAAA+gOAAAAAAAAAAA==","count":1},{"data":"A4AAAAAAAAAAAXM1AAAAAAAA+QOAAAAAAAAAAA==","count":2},{"data":"A4AAAAAAAAAAAXM1NQAAAAAA+gOAAAAAAAAAAQ==","count":1},{"data":"A4AAAAAAAAAAAXM2MAAAAAAA+gOAAAAAAAAAAA==","count":3},{"data":"A4AAAAAAAAAAAXM2MQAAAAAA+gOAAAAAAAAAAA==","count":4},{"data":"A4AAAAAAAAAAAXM3MAAAAAAA+gOAAAAAAAAAAA==","count":3},{"data":"A4AAAAAAAAAAAXM4NgAAAAAA+gOAAAAAAAAAAQ==","count":2},{"data":"A4AAAAAAAAAAAXM5OQAAAAAA+gOAAAAAAAAAAA==","count":2}],"default_value":0},"fm_sketch":null,"stats_ver":2,"null_count":0,"tot_col_size":0,"last_update_version":464040838206849068,"correlation":0},"idx_c3_20":{"histogram":{"ndv":14},"cm_sketch":{"top_n":[{"data":"AXMxOAAAAAAA+g==","count":1},{"data":"AXMyOQAAAAAA+g==","count":1},{"data":"AXMzMAAAAAAA+g==","count":1},{"data":"AXMzNgAAAAAA+g==","count":1},{"data":"AXM0MgAAAAAA+g==","count":1},{"data":"AXM0NAAAAAAA+g==","count":34},{"data":"AXM0NQAAAAAA+g==","count":1},{"data":"AXM1MQAAAAAA+g==","count":1},{"data":"AXM3MQAAAAAA+g==","count":1},{"data":"AXM4MQAAAAAA+g==","count":1},{"data":"AXM4NQAAAAAA+g==","count":1},{"data":"AXM5MAAAAAAA+g==","count":1},{"data":"AXM5NQAAAAAA+g==","count":2},{"data":"AXM5OQAAAAAA+g==","count":1}],"default_value":0},"fm_sketch":null,"stats_ver":2,"null_count":0,"tot_col_size":0,"last_update_version":464040838246170636,"correlation":0},"idx_c3_c4_35":{"histogram":{"ndv":48,"buckets":[{"count":1,"lower_bound":"AXMyOQAAAAAA+gQZuixhHAAAAA==","upper_bound":"AXMzMAAAAAAA+gQZtyRqwAAAAA==","repeats":1,"ndv":0},{"count":4,"lower_bound":"AXMzMAAAAAAA+gQZtyRqwAAAAA==","upper_bound":"AXM0NAAAAAAA+gQZsRgoMgAAAA==","repeats":1,"ndv":0},{"count":7,"lower_bound":"AXM0NAAAAAAA+gQZsRgoMgAAAA==","upper_bound":"AXM0NAAAAAAA+gQZs0q5gAAAAA==","repeats":1,"ndv":0},{"count":12,"lower_bound":"AXM0NAAAAAAA+gQZs0q5gAAAAA==","upper_bound":"AXM0NAAAAAAA+gQZtM6+4gAAAA==","repeats":2,"ndv":0},{"count":18,"lower_bound":"AXM0NAAAAAAA+gQZtM6+4gAAAA==","upper_bound":"AXM0NAAAAAAA+gQZuArjKgAAAA==","repeats":1,"ndv":0},{"count":19,"lower_bound":"AXM0NAAAAAAA+gQZuEaO+QAAAA==","upper_bound":"AXM0NAAAAAAA+gQZuH1HBQAAAA==","repeats":1,"ndv":0},{"count":24,"lower_bound":"AXM0NAAAAAAA+gQZuH1HBQAAAA==","upper_bound":"AXM0NAAAAAAA+gQZuxih7wAAAA==","repeats":1,"ndv":0},{"count":28,"lower_bound":"AXM0NAAAAAAA+gQZuxih7wAAAA==","upper_bound":"AXM3MQAAAAAA+gQZsyhruwAAAA==","repeats":2,"ndv":0},{"count":34,"lower_bound":"AXM3MQAAAAAA+gQZsyhruwAAAA==","upper_bound":"AXM5OQAAAAAA+gQZurI3egAAAA==","repeats":1,"ndv":0}]},"cm_sketch":{"top_n":[{"data":"AXMxOAAAAAAA+gQZs9Vm2gAAAA==","count":1},{"data":"AXMzNgAAAAAA+gQZto7qlwAAAA==","count":3},{"data":"AXM0NAAAAAAA+gQZsKB8EAAAAA==","count":2},{"data":"AXM0NAAAAAAA+gQZsNrdWgAAAA==","count":1},{"data":"AXM0NAAAAAAA+gQZs4N9ewAAAA==","count":3},{"data":"AXM0NAAAAAAA+gQZtFDHjQAAAA==","count":2},{"data":"AXM0NAAAAAAA+gQZtLo7kgAAAA==","count":2},{"data":"AXM0NAAAAAAA+gQZtcThbQAAAA==","count":3},{"data":"AXM0NAAAAAAA+gQZuHlxuwAAAA==","count":1},{"data":"AXM0NAAAAAAA+gQZuM9jbgAAAA==","count":2},{"data":"AXM0NQAAAAAA+gQZtTaDVwAAAA==","count":2}],"default_value":0},"fm_sketch":null,"stats_ver":2,"null_count":0,"tot_col_size":0,"last_update_version":464040838219956315,"correlation":0},"idx_c4":{"histogram":{"ndv":48,"buckets":[{"count":6,"lower_bound":"BBmvuRhdAAAA","upper_bound":"BBmzJB6vAAAA","repeats":2,"ndv":0},{"count":7,"lower_bound":"BBmzJB6vAAAA","upper_bound":"BBmzjLX4AAAA","repeats":1,"ndv":0},{"count":16,"lower_bound":"BBmzjLX4AAAA","upper_bound":"BBm2uo2iAAAA","repeats":2,"ndv":0},{"count":21,"lower_bound":"BBm2uo2iAAAA","upper_bound":"BBm4CuMqAAAA","repeats":1,"ndv":0},{"count":24,"lower_bound":"BBm4CuMqAAAA","upper_bound":"BBm42MiPAAAA","repeats":2,"ndv":0},{"count":33,"lower_bound":"BBm42MiPAAAA","upper_bound":"BBm7aqPRAAAA","repeats":1,"ndv":0},{"count":34,"lower_bound":"BBm7lV1fAAAA","upper_bound":"BBm7lV1fAAAA","repeats":1,"ndv":0}]},"cm_sketch":{"top_n":[{"data":"BBmwoHwQAAAA","count":3},{"data":"BBmw2t1aAAAA","count":3},{"data":"BBmzg317AAAA","count":1},{"data":"BBmz1WbaAAAA","count":3},{"data":"BBm0UMeNAAAA","count":3},{"data":"BBm0ujuSAAAA","count":2},{"data":"BBm1NoNXAAAA","count":1},{"data":"BBm1xOFtAAAA","count":1},{"data":"BBm2juqXAAAA","count":2},{"data":"BBm4eXG7AAAA","count":3},{"data":"BBm4z2NuAAAA","count":2}],"default_value":0},"fm_sketch":null,"stats_ver":2,"null_count":0,"tot_col_size":0,"last_update_version":464040838285492250,"correlation":0},"idx_c4_c1_33":{"histogram":{"ndv":48,"buckets":[{"count":6,"lower_bound":"BBmvuRhdAAAAAXM0OQAAAAAA+g==","upper_bound":"BBmzJB6vAAAAAXMyMQAAAAAA+g==","repeats":2,"ndv":0},{"count":7,"lower_bound":"BBmzJB6vAAAAAXMyMQAAAAAA+g==","upper_bound":"BBmzjLX4AAAAAXM5MgAAAAAA+g==","repeats":1,"ndv":0},{"count":16,"lower_bound":"BBmzjLX4AAAAAXM5MgAAAAAA+g==","upper_bound":"BBm2uo2iAAAAAXM5AAAAAAAA+Q==","repeats":2,"ndv":0},{"count":21,"lower_bound":"BBm2uo2iAAAAAXM5AAAAAAAA+Q==","upper_bound":"BBm4CuMqAAAAAXMyMQAAAAAA+g==","repeats":1,"ndv":0},{"count":24,"lower_bound":"BBm4CuMqAAAAAXMyMQAAAAAA+g==","upper_bound":"BBm42MiPAAAAAXM3OAAAAAAA+g==","repeats":2,"ndv":0},{"count":33,"lower_bound":"BBm42MiPAAAAAXM3OAAAAAAA+g==","upper_bound":"BBm7aqPRAAAAAXM0MwAAAAAA+g==","repeats":1,"ndv":0},{"count":34,"lower_bound":"BBm7lV1fAAAAAXM1OQAAAAAA+g==","upper_bound":"BBm7lV1fAAAAAXM1OQAAAAAA+g==","repeats":1,"ndv":0}]},"cm_sketch":{"top_n":[{"data":"BBmwoHwQAAAAAXMzMAAAAAAA+g==","count":3},{"data":"BBmw2t1aAAAAAXM2MQAAAAAA+g==","count":3},{"data":"BBmzg317AAAAAXM1AAAAAAAA+Q==","count":1},{"data":"BBmz1WbaAAAAAXM2MQAAAAAA+g==","count":3},{"data":"BBm0UMeNAAAAAXM2MAAAAAAA+g==","count":3},{"data":"BBm0ujuSAAAAAXMzNAAAAAAA+g==","count":2},{"data":"BBm1NoNXAAAAAXM4NgAAAAAA+g==","count":1},{"data":"BBm1xOFtAAAAAXM3MAAAAAAA+g==","count":1},{"data":"BBm2juqXAAAAAXM5OQAAAAAA+g==","count":2},{"data":"BBm4eXG7AAAAAXM0NwAAAAAA+g==","count":3},{"data":"BBm4z2NuAAAAAXM1NQAAAAAA+g==","count":2}],"default_value":0},"fm_sketch":null,"stats_ver":2,"null_count":0,"tot_col_size":0,"last_update_version":464040838219956269,"correlation":0},"idx_c4_c2_26":{"histogram":{"ndv":48,"buckets":[{"count":6,"lower_bound":"BBmvuRhdAAAAA4AAAAAAAAAB","upper_bound":"BBmzJB6vAAAAA4AAAAAAAAAA","repeats":2,"ndv":0},{"count":7,"lower_bound":"BBmzJB6vAAAAA4AAAAAAAAAA","upper_bound":"BBmzjLX4AAAAA4AAAAAAAAAA","repeats":1,"ndv":0},{"count":16,"lower_bound":"BBmzjLX4AAAAA4AAAAAAAAAA","upper_bound":"BBm2uo2iAAAAA4AAAAAAAAAA","repeats":2,"ndv":0},{"count":21,"lower_bound":"BBm2uo2iAAAAA4AAAAAAAAAA","upper_bound":"BBm4CuMqAAAAA4AAAAAAAAAA","repeats":1,"ndv":0},{"count":24,"lower_bound":"BBm4CuMqAAAAA4AAAAAAAAAA","upper_bound":"BBm42MiPAAAAA4AAAAAAAAAA","repeats":2,"ndv":0},{"count":33,"lower_bound":"BBm42MiPAAAAA4AAAAAAAAAA","upper_bound":"BBm7aqPRAAAAA4AAAAAAAAAA","repeats":1,"ndv":0},{"count":34,"lower_bound":"BBm7lV1fAAAAA4AAAAAAAAAA","upper_bound":"BBm7lV1fAAAAA4AAAAAAAAAA","repeats":1,"ndv":0}]},"cm_sketch":{"top_n":[{"data":"BBmwoHwQAAAAA4AAAAAAAAAA","count":3},{"data":"BBmw2t1aAAAAA4AAAAAAAAAA","count":3},{"data":"BBmzg317AAAAA4AAAAAAAAAA","count":1},{"data":"BBmz1WbaAAAAA4AAAAAAAAAA","count":3},{"data":"BBm0UMeNAAAAA4AAAAAAAAAA","count":3},{"data":"BBm0ujuSAAAAA4AAAAAAAAAA","count":2},{"data":"BBm1NoNXAAAAA4AAAAAAAAAA","count":1},{"data":"BBm1xOFtAAAAA4AAAAAAAAAA","count":1},{"data":"BBm2juqXAAAAA4AAAAAAAAAA","count":2},{"data":"BBm4eXG7AAAAA4AAAAAAAAAA","count":3},{"data":"BBm4z2NuAAAAA4AAAAAAAAAA","count":2}],"default_value":0},"fm_sketch":null,"stats_ver":2,"null_count":0,"tot_col_size":0,"last_update_version":464040838298599426,"correlation":0},"idx_c4_c2_c3_27":{"histogram":{"ndv":48,"buckets":[{"count":6,"lower_bound":"BBmvuRhdAAAAA4AAAAAAAAABAXM4MQAAAAAA+g==","upper_bound":"BBmzJB6vAAAAA4AAAAAAAAAAAXM0NAAAAAAA+g==","repeats":2,"ndv":0},{"count":7,"lower_bound":"BBmzJB6vAAAAA4AAAAAAAAAAAXM0NAAAAAAA+g==","upper_bound":"BBmzjLX4AAAAA4AAAAAAAAAAAXM0NAAAAAAA+g==","repeats":1,"ndv":0},{"count":16,"lower_bound":"BBmzjLX4AAAAA4AAAAAAAAAAAXM0NAAAAAAA+g==","upper_bound":"BBm2uo2iAAAAA4AAAAAAAAAAAXM0NAAAAAAA+g==","repeats":2,"ndv":0},{"count":21,"lower_bound":"BBm2uo2iAAAAA4AAAAAAAAAAAXM0NAAAAAAA+g==","upper_bound":"BBm4CuMqAAAAA4AAAAAAAAAAAXM0NAAAAAAA+g==","repeats":1,"ndv":0},{"count":24,"lower_bound":"BBm4CuMqAAAAA4AAAAAAAAAAAXM0NAAAAAAA+g==","upper_bound":"BBm42MiPAAAAA4AAAAAAAAAAAXM0NAAAAAAA+g==","repeats":2,"ndv":0},{"count":33,"lower_bound":"BBm42MiPAAAAA4AAAAAAAAAAAXM0NAAAAAAA+g==","upper_bound":"BBm7aqPRAAAAA4AAAAAAAAAAAXM0NAAAAAAA+g==","repeats":1,"ndv":0},{"count":34,"lower_bound":"BBm7lV1fAAAAA4AAAAAAAAAAAXM5NQAAAAAA+g==","upper_bound":"BBm7lV1fAAAAA4AAAAAAAAAAAXM5NQAAAAAA+g==","repeats":1,"ndv":0}]},"cm_sketch":{"top_n":[{"data":"BBmwoHwQAAAAA4AAAAAAAAAAAXM0NAAAAAAA+g==","count":3},{"data":"BBmw2t1aAAAAA4AAAAAAAAAAAXM0NAAAAAAA+g==","count":3},{"data":"BBmzg317AAAAA4AAAAAAAAAAAXM0NAAAAAAA+g==","count":1},{"data":"BBmz1WbaAAAAA4AAAAAAAAAAAXMxOAAAAAAA+g==","count":3},{"data":"BBm0UMeNAAAAA4AAAAAAAAAAAXM0NAAAAAAA+g==","count":3},{"data":"BBm0ujuSAAAAA4AAAAAAAAAAAXM0NAAAAAAA+g==","count":2},{"data":"BBm1NoNXAAAAA4AAAAAAAAAAAXM0NQAAAAAA+g==","count":1},{"data":"BBm1xOFtAAAAA4AAAAAAAAAAAXM0NAAAAAAA+g==","count":1},{"data":"BBm2juqXAAAAA4AAAAAAAAAAAXMzNgAAAAAA+g==","count":2},{"data":"BBm4eXG7AAAAA4AAAAAAAAAAAXM0NAAAAAAA+g==","count":3},{"data":"BBm4z2NuAAAAA4AAAAAAAAAAAXM0NAAAAAAA+g==","count":2}],"default_value":0},"fm_sketch":null,"stats_ver":2,"null_count":0,"tot_col_size":0,"last_update_version":464040838298599471,"correlation":0},"idx_id_25":{"histogram":{"ndv":48,"buckets":[{"count":2,"lower_bound":"A4AAAAAAAAKI","upper_bound":"A4AAAAAAAAKL","repeats":2,"ndv":0},{"count":6,"lower_bound":"A4AAAAAAAAKL","upper_bound":"A4AAAAAAAAKT","repeats":1,"ndv":0},{"count":9,"lower_bound":"A4AAAAAAAAKU","upper_bound":"A4AAAAAAAAKX","repeats":2,"ndv":0},{"count":15,"lower_bound":"A4AAAAAAAAKX","upper_bound":"A4AAAAAAAAKf","repeats":1,"ndv":0},{"count":18,"lower_bound":"A4AAAAAAAAKg","upper_bound":"A4AAAAAAAAKj","repeats":2,"ndv":0},{"count":24,"lower_bound":"A4AAAAAAAAKj","upper_bound":"A4AAAAAAAAKr","repeats":1,"ndv":0},{"count":27,"lower_bound":"A4AAAAAAAAKs","upper_bound":"A4AAAAAAAAKv","repeats":2,"ndv":0},{"count":33,"lower_bound":"A4AAAAAAAAKv","upper_bound":"A4AAAAAAAAK3","repeats":1,"ndv":0},{"count":34,"lower_bound":"A4AAAAAAAAK4","upper_bound":"A4AAAAAAAAK4","repeats":1,"ndv":0}]},"cm_sketch":{"top_n":[{"data":"A4AAAAAAAAKN","count":4},{"data":"A4AAAAAAAAKR","count":2},{"data":"A4AAAAAAAAKV","count":1},{"data":"A4AAAAAAAAKZ","count":3},{"data":"A4AAAAAAAAKd","count":2},{"data":"A4AAAAAAAAKh","count":1},{"data":"A4AAAAAAAAKl","count":3},{"data":"A4AAAAAAAAKp","count":2},{"data":"A4AAAAAAAAKt","count":1},{"data":"A4AAAAAAAAKx","count":3},{"data":"A4AAAAAAAAK1","count":2}],"default_value":0},"fm_sketch":null,"stats_ver":2,"null_count":0,"tot_col_size":0,"last_update_version":464040838246170681,"correlation":0}},"partitions":null,"database_name":"shiro_fuzz_r5","table_name":"t4","ext_stats":null,"predicate_columns":[{"last_used_at":"2026-02-04 03:17:18","last_analyzed_at":"2026-02-04 03:21:56","id":6},{"last_used_at":"2026-02-04 03:17:19","last_analyzed_at":"2026-02-04 03:21:56","id":1},{"last_used_at":"2026-02-04 03:17:19","last_analyzed_at":"2026-02-04 03:21:56","id":2},{"last_used_at":"2026-02-04 03:17:19","last_analyzed_at":"2026-02-04 03:21:56","id":3},{"last_used_at":"2026-02-04 03:17:19","last_analyzed_at":"2026-02-04 03:21:56","id":4},{"last_used_at":"2026-02-04 03:17:19","last_analyzed_at":"2026-02-04 03:21:56","id":5}],"count":48,"modify_count":0,"version":464040838311706653,"is_historical_stats":false},"p0":{"columns":{"c0":{"histogram":{"ndv":2},"cm_sketch":{"top_n":[{"data":"A4AAAAAAAAAA","count":9},{"data":"A4AAAAAAAAAB","count":4}],"default_value":0},"fm_sketch":{"mask":0,"hashset":[5375346967849578500,10629088178943016945]},"stats_ver":2,"null_count":0,"tot_col_size":104,"last_update_version":464040838154420292,"correlation":0.7747252747252747},"c1":{"histogram":{"ndv":12,"buckets":[{"count":3,"lower_bound":"czE2","upper_bound":"czQ0","repeats":1,"ndv":0},{"count":6,"lower_bound":"czU5","upper_bound":"czcw","repeats":1,"ndv":0},{"count":9,"lower_bound":"czcx","upper_bound":"czky","repeats":1,"ndv":0},{"count":11,"lower_bound":"czk1","upper_bound":"czk5","repeats":1,"ndv":0}]},"cm_sketch":{"top_n":[{"data":"AXM1NQAAAAAA+g==","count":2}],"default_value":0},"fm_sketch":{"mask":0,"hashset":[9434207816570689643,2852086371586596613,1225880374804789315,984392550532366650,4230565328887254140,14201753127241108752,825995212857688699,11696874514838395345,16640967003110736703,13736852424441651938,10697652681865167678,1684599424157951312]},"stats_ver":2,"null_count":0,"tot_col_size":52,"last_update_version":464040838154420292,"correlation":0.038461538461538464},"c2":{"histogram":{"ndv":2},"cm_sketch":{"top_n":[{"data":"A4AAAAAAAAAA","count":12},{"data":"A4AAAAAAAAAB","count":1}],"default_value":0},"fm_sketch":{"mask":0,"hashset":[5375346967849578500,10629088178943016945]},"stats_ver":2,"null_count":0,"tot_col_size":104,"last_update_version":464040838154420292,"correlation":1},"c3":{"histogram":{"ndv":5},"cm_sketch":{"top_n":[{"data":"AXMzMAAAAAAA+g==","count":1},{"data":"AXM0NAAAAAAA+g==","count":9},{"data":"AXM4NQAAAAAA+g==","count":1},{"data":"AXM5MAAAAAAA+g==","count":1},{"data":"AXM5NQAAAAAA+g==","count":1}],"default_value":0},"fm_sketch":{"mask":0,"hashset":[2513005602056075020,10294376053184811887,1684599424157951312,11172642576481716781,984392550532366650]},"stats_ver":2,"null_count":0,"tot_col_size":52,"last_update_version":464040838154420292,"correlation":0.5714285714285714},"c4":{"histogram":{"ndv":13,"buckets":[{"count":3,"lower_bound":"MjAyMy0wNy0wOSAyMDozOTo0OA==","upper_bound":"MjAyNC0wNS0wNSAxOTozODowMA==","repeats":1,"ndv":0},{"count":6,"lower_bound":"MjAyNC0wNi0wNiAxOToyMzo1Ng==","upper_bound":"MjAyNS0wNy0xOCAxNDo0MzowMA==","repeats":1,"ndv":0},{"count":9,"lower_bound":"MjAyNS0xMi0wMyAxNjo1OTo1Nw==","upper_bound":"MjAyNi0wNS0yNCAxNTowNDozOQ==","repeats":1,"ndv":0},{"count":12,"lower_bound":"MjAyNi0wNS0yNyAwODowMjozMQ==","upper_bound":"MjAyNi0xMS0wNiAxMzozMTo1NQ==","repeats":1,"ndv":0},{"count":13,"lower_bound":"MjAyNi0xMi0xMSAwNTo1MzozMQ==","upper_bound":"MjAyNi0xMi0xMSAwNTo1MzozMQ==","repeats":1,"ndv":0}]},"cm_sketch":null,"fm_sketch":{"mask":0,"hashset":[8753560969224638846,5323469534327685059,5343714605287024271,8773745895612426353,8141993709916232686,3751063882239506112,10891450511756755601,1593999169138874815,7879572166045353754,14131519259564314924,5760074078869050449,4727922295689889227,1711903385838121709]},"stats_ver":2,"null_count":0,"tot_col_size":104,"last_update_version":464040838154420292,"correlation":0.5989010989010989},"id":{"histogram":{"ndv":13,"buckets":[{"count":3,"lower_bound":"NjQ4","upper_bound":"NjU2","repeats":1,"ndv":0},{"count":6,"lower_bound":"NjYw","upper_bound":"NjY4","repeats":1,"ndv":0},{"count":9,"lower_bound":"Njcy","upper_bound":"Njgw","repeats":1,"ndv":0},{"count":12,"lower_bound":"Njg0","upper_bound":"Njky","repeats":1,"ndv":0},{"count":13,"lower_bound":"Njk2","upper_bound":"Njk2","repeats":1,"ndv":0}]},"cm_sketch":null,"fm_sketch":{"mask":0,"hashset":[7475760624606488577,16663711156277699730,8648238215115690496,1322219593568755663,12044629308463163848,16737149817709544205,11934976822025591516,6954894471974638881,4381011583958148203,4268749584005615223,10045333958683894946,12099418956294990292,1057464144989775674]},"stats_ver":2,"null_count":0,"tot_col_size":104,"last_update_version":464040838154420292,"correlation":1}},"indices":{"idx_c0_18":{"histogram":{"ndv":2},"cm_sketch":{"top_n":[{"data":"A4AAAAAAAAAA","count":9},{"data":"A4AAAAAAAAAB","count":4}],"default_value":0},"fm_sketch":null,"stats_ver":2,"null_count":0,"tot_col_size":0,"last_update_version":464040838154420292,"correlation":0},"idx_c0_c2_31":{"histogram":{"ndv":3},"cm_sketch":{"top_n":[{"data":"A4AAAAAAAAAAA4AAAAAAAAAA","count":9},{"data":"A4AAAAAAAAABA4AAAAAAAAAA","count":3},{"data":"A4AAAAAAAAABA4AAAAAAAAAB","count":1}],"default_value":0},"fm_sketch":null,"stats_ver":2,"null_count":0,"tot_col_size":0,"last_update_version":464040838154420292,"correlation":0},"idx_c0_c4_33":{"histogram":{"ndv":13,"buckets":[{"count":3,"lower_bound":"A4AAAAAAAAAABBmy4w4cAAAA","upper_bound":"A4AAAAAAAAAABBmzjLX4AAAA","repeats":1,"ndv":0},{"count":6,"lower_bound":"A4AAAAAAAAAABBm51HphAAAA","upper_bound":"A4AAAAAAAAAABBm59gCfAAAA","repeats":1,"ndv":0},{"count":9,"lower_bound":"A4AAAAAAAAAABBm6pDhwAAAA","upper_bound":"A4AAAAAAAAAABBm7lV1fAAAA","repeats":1,"ndv":0},{"count":12,"lower_bound":"A4AAAAAAAAABBBmwksnwAAAA","upper_bound":"A4AAAAAAAAABBBm3JGrAAAAA","repeats":1,"ndv":0},{"count":13,"lower_bound":"A4AAAAAAAAABBBm4Ro75AAAA","upper_bound":"A4AAAAAAAAABBBm4Ro75AAAA","repeats":1,"ndv":0}]},"cm_sketch":null,"fm_sketch":null,"stats_ver":2,"null_count":0,"tot_col_size":0,"last_update_version":464040838154420292,"correlation":0},"idx_c1_17":{"histogram":{"ndv":12,"buckets":[{"count":3,"lower_bound":"AXMxNgAAAAAA+g==","upper_bound":"AXM0NAAAAAAA+g==","repeats":1,"ndv":0},{"count":6,"lower_bound":"AXM1OQAAAAAA+g==","upper_bound":"AXM3MAAAAAAA+g==","repeats":1,"ndv":0},{"count":9,"lower_bound":"AXM3MQAAAAAA+g==","upper_bound":"AXM5MgAAAAAA+g==","repeats":1,"ndv":0},{"count":11,"lower_bound":"AXM5NQAAAAAA+g==","upper_bound":"AXM5OQAAAAAA+g==","repeats":1,"ndv":0}]},"cm_sketch":{"top_n":[{"data":"AXM1NQAAAAAA+g==","count":2}],"default_value":0},"fm_sketch":null,"stats_ver":2,"null_count":0,"tot_col_size":0,"last_update_version":464040838154420292,"correlation":0},"idx_c1_c4_28":{"histogram":{"ndv":13,"buckets":[{"count":3,"lower_bound":"AXMxNgAAAAAA+gQZsuMOHAAAAA==","upper_bound":"AXM0NAAAAAAA+gQZu0xX9wAAAA==","repeats":1,"ndv":0},{"count":6,"lower_bound":"AXM1NQAAAAAA+gQZtyRqwAAAAA==","upper_bound":"AXM1OQAAAAAA+gQZu5VdXwAAAA==","repeats":1,"ndv":0},{"count":9,"lower_bound":"AXM2MgAAAAAA+gQZs0q5gAAAAA==","upper_bound":"AXM3MQAAAAAA+gQZtmlh5AAAAA==","repeats":1,"ndv":0},{"count":12,"lower_bound":"AXM4MgAAAAAA+gQZufYAnwAAAA==","upper_bound":"AXM5NQAAAAAA+gQZufBxJwAAAA==","repeats":1,"ndv":0},{"count":13,"lower_bound":"AXM5OQAAAAAA+gQZudR6YQAAAA==","upper_bound":"AXM5OQAAAAAA+gQZudR6YQAAAA==","repeats":1,"ndv":0}]},"cm_sketch":null,"fm_sketch":null,"stats_ver":2,"null_count":0,"tot_col_size":0,"last_update_version":464040838154420292,"correlation":0},"idx_c2_13":{"histogram":{"ndv":2},"cm_sketch":{"top_n":[{"data":"A4AAAAAAAAAA","count":12},{"data":"A4AAAAAAAAAB","count":1}],"default_value":0},"fm_sketch":null,"stats_ver":2,"null_count":0,"tot_col_size":0,"last_update_version":464040838154420292,"correlation":0},"idx_c2_c1_35":{"histogram":{"ndv":13,"buckets":[{"count":3,"lower_bound":"A4AAAAAAAAAAAXMxNgAAAAAA+g==","upper_bound":"A4AAAAAAAAAAAXM0NAAAAAAA+g==","repeats":1,"ndv":0},{"count":6,"lower_bound":"A4AAAAAAAAAAAXM1NQAAAAAA+g==","upper_bound":"A4AAAAAAAAAAAXM2MgAAAAAA+g==","repeats":1,"ndv":0},{"count":9,"lower_bound":"A4AAAAAAAAAAAXM3MAAAAAAA+g==","upper_bound":"A4AAAAAAAAAAAXM4MgAAAAAA+g==","repeats":1,"ndv":0},{"count":12,"lower_bound":"A4AAAAAAAAAAAXM5MgAAAAAA+g==","upper_bound":"A4AAAAAAAAAAAXM5OQAAAAAA+g==","repeats":1,"ndv":0},{"count":13,"lower_bound":"A4AAAAAAAAABAXM1NQAAAAAA+g==","upper_bound":"A4AAAAAAAAABAXM1NQAAAAAA+g==","repeats":1,"ndv":0}]},"cm_sketch":null,"fm_sketch":null,"stats_ver":2,"null_count":0,"tot_col_size":0,"last_update_version":464040838154420292,"correlation":0},"idx_c2_c1_c0_27":{"histogram":{"ndv":13,"buckets":[{"count":3,"lower_bound":"A4AAAAAAAAAAAXMxNgAAAAAA+gOAAAAAAAAAAA==","upper_bound":"A4AAAAAAAAAAAXM0NAAAAAAA+gOAAAAAAAAAAA==","repeats":1,"ndv":0},{"count":6,"lower_bound":"A4AAAAAAAAAAAXM1NQAAAAAA+gOAAAAAAAAAAQ==","upper_bound":"A4AAAAAAAAAAAXM2MgAAAAAA+gOAAAAAAAAAAA==","repeats":1,"ndv":0},{"count":9,"lower_bound":"A4AAAAAAAAAAAXM3MAAAAAAA+gOAAAAAAAAAAA==","upper_bound":"A4AAAAAAAAAAAXM4MgAAAAAA+gOAAAAAAAAAAA==","repeats":1,"ndv":0},{"count":12,"lower_bound":"A4AAAAAAAAAAAXM5MgAAAAAA+gOAAAAAAAAAAA==","upper_bound":"A4AAAAAAAAAAAXM5OQAAAAAA+gOAAAAAAAAAAA==","repeats":1,"ndv":0},{"count":13,"lower_bound":"A4AAAAAAAAABAXM1NQAAAAAA+gOAAAAAAAAAAQ==","upper_bound":"A4AAAAAAAAABAXM1NQAAAAAA+gOAAAAAAAAAAQ==","repeats":1,"ndv":0}]},"cm_sketch":null,"fm_sketch":null,"stats_ver":2,"null_count":0,"tot_col_size":0,"last_update_version":464040838154420292,"correlation":0},"idx_c3_20":{"histogram":{"ndv":5},"cm_sketch":{"top_n":[{"data":"AXMzMAAAAAAA+g==","count":1},{"data":"AXM0NAAAAAAA+g==","count":9},{"data":"AXM4NQAAAAAA+g==","count":1},{"data":"AXM5MAAAAAAA+g==","count":1},{"data":"AXM5NQAAAAAA+g==","count":1}],"default_value":0},"fm_sketch":null,"stats_ver":2,"null_count":0,"tot_col_size":0,"last_update_version":464040838154420292,"correlation":0},"idx_c3_c4_35":{"histogram":{"ndv":13,"buckets":[{"count":3,"lower_bound":"AXMzMAAAAAAA+gQZtyRqwAAAAA==","upper_bound":"AXM0NAAAAAAA+gQZsuMOHAAAAA==","repeats":1,"ndv":0},{"count":6,"lower_bound":"AXM0NAAAAAAA+gQZs0q5gAAAAA==","upper_bound":"AXM0NAAAAAAA+gQZtmlh5AAAAA==","repeats":1,"ndv":0},{"count":9,"lower_bound":"AXM0NAAAAAAA+gQZuEaO+QAAAA==","upper_bound":"AXM0NAAAAAAA+gQZuqQ4cAAAAA==","repeats":1,"ndv":0},{"count":12,"lower_bound":"AXM0NAAAAAAA+gQZu0xX9wAAAA==","upper_bound":"AXM5MAAAAAAA+gQZufYAnwAAAA==","repeats":1,"ndv":0},{"count":13,"lower_bound":"AXM5NQAAAAAA+gQZu5VdXwAAAA==","upper_bound":"AXM5NQAAAAAA+gQZu5VdXwAAAA==","repeats":1,"ndv":0}]},"cm_sketch":null,"fm_sketch":null,"stats_ver":2,"null_count":0,"tot_col_size":0,"last_update_version":464040838154420292,"correlation":0},"idx_c4":{"histogram":{"ndv":13,"buckets":[{"count":3,"lower_bound":"BBmwksnwAAAA","upper_bound":"BBmzSrmAAAAA","repeats":1,"ndv":0},{"count":6,"lower_bound":"BBmzjLX4AAAA","upper_bound":"BBm3JGrAAAAA","repeats":1,"ndv":0},{"count":9,"lower_bound":"BBm4Ro75AAAA","upper_bound":"BBm58HEnAAAA","repeats":1,"ndv":0},{"count":12,"lower_bound":"BBm59gCfAAAA","upper_bound":"BBm7TFf3AAAA","repeats":1,"ndv":0},{"count":13,"lower_bound":"BBm7lV1fAAAA","upper_bound":"BBm7lV1fAAAA","repeats":1,"ndv":0}]},"cm_sketch":null,"fm_sketch":null,"stats_ver":2,"null_count":0,"tot_col_size":0,"last_update_version":464040838154420292,"correlation":0},"idx_c4_c1_33":{"histogram":{"ndv":13,"buckets":[{"count":3,"lower_bound":"BBmwksnwAAAAAXMzOAAAAAAA+g==","upper_bound":"BBmzSrmAAAAAAXM2MgAAAAAA+g==","repeats":1,"ndv":0},{"count":6,"lower_bound":"BBmzjLX4AAAAAXM5MgAAAAAA+g==","upper_bound":"BBm3JGrAAAAAAXM1NQAAAAAA+g==","repeats":1,"ndv":0},{"count":9,"lower_bound":"BBm4Ro75AAAAAXM1NQAAAAAA+g==","upper_bound":"BBm58HEnAAAAAXM5NQAAAAAA+g==","repeats":1,"ndv":0},{"count":12,"lower_bound":"BBm59gCfAAAAAXM4MgAAAAAA+g==","upper_bound":"BBm7TFf3AAAAAXM0NAAAAAAA+g==","repeats":1,"ndv":0},{"count":13,"lower_bound":"BBm7lV1fAAAAAXM1OQAAAAAA+g==","upper_bound":"BBm7lV1fAAAAAXM1OQAAAAAA+g==","repeats":1,"ndv":0}]},"cm_sketch":null,"fm_sketch":null,"stats_ver":2,"null_count":0,"tot_col_size":0,"last_update_version":464040838154420292,"correlation":0},"idx_c4_c2_26":{"histogram":{"ndv":13,"buckets":[{"count":3,"lower_bound":"BBmwksnwAAAAA4AAAAAAAAAA","upper_bound":"BBmzSrmAAAAAA4AAAAAAAAAA","repeats":1,"ndv":0},{"count":6,"lower_bound":"BBmzjLX4AAAAA4AAAAAAAAAA","upper_bound":"BBm3JGrAAAAAA4AAAAAAAAAB","repeats":1,"ndv":0},{"count":9,"lower_bound":"BBm4Ro75AAAAA4AAAAAAAAAA","upper_bound":"BBm58HEnAAAAA4AAAAAAAAAA","repeats":1,"ndv":0},{"count":12,"lower_bound":"BBm59gCfAAAAA4AAAAAAAAAA","upper_bound":"BBm7TFf3AAAAA4AAAAAAAAAA","repeats":1,"ndv":0},{"count":13,"lower_bound":"BBm7lV1fAAAAA4AAAAAAAAAA","upper_bound":"BBm7lV1fAAAAA4AAAAAAAAAA","repeats":1,"ndv":0}]},"cm_sketch":null,"fm_sketch":null,"stats_ver":2,"null_count":0,"tot_col_size":0,"last_update_version":464040838154420292,"correlation":0},"idx_c4_c2_c3_27":{"histogram":{"ndv":13,"buckets":[{"count":3,"lower_bound":"BBmwksnwAAAAA4AAAAAAAAAAAXM0NAAAAAAA+g==","upper_bound":"BBmzSrmAAAAAA4AAAAAAAAAAAXM0NAAAAAAA+g==","repeats":1,"ndv":0},{"count":6,"lower_bound":"BBmzjLX4AAAAA4AAAAAAAAAAAXM0NAAAAAAA+g==","upper_bound":"BBm3JGrAAAAAA4AAAAAAAAABAXMzMAAAAAAA+g==","repeats":1,"ndv":0},{"count":9,"lower_bound":"BBm4Ro75AAAAA4AAAAAAAAAAAXM0NAAAAAAA+g==","upper_bound":"BBm58HEnAAAAA4AAAAAAAAAAAXM4NQAAAAAA+g==","repeats":1,"ndv":0},{"count":12,"lower_bound":"BBm59gCfAAAAA4AAAAAAAAAAAXM5MAAAAAAA+g==","upper_bound":"BBm7TFf3AAAAA4AAAAAAAAAAAXM0NAAAAAAA+g==","repeats":1,"ndv":0},{"count":13,"lower_bound":"BBm7lV1fAAAAA4AAAAAAAAAAAXM5NQAAAAAA+g==","upper_bound":"BBm7lV1fAAAAA4AAAAAAAAAAAXM5NQAAAAAA+g==","repeats":1,"ndv":0}]},"cm_sketch":null,"fm_sketch":null,"stats_ver":2,"null_count":0,"tot_col_size":0,"last_update_version":464040838154420292,"correlation":0},"idx_id_25":{"histogram":{"ndv":13,"buckets":[{"count":3,"lower_bound":"A4AAAAAAAAKI","upper_bound":"A4AAAAAAAAKQ","repeats":1,"ndv":0},{"count":6,"lower_bound":"A4AAAAAAAAKU","upper_bound":"A4AAAAAAAAKc","repeats":1,"ndv":0},{"count":9,"lower_bound":"A4AAAAAAAAKg","upper_bound":"A4AAAAAAAAKo","repeats":1,"ndv":0},{"count":12,"lower_bound":"A4AAAAAAAAKs","upper_bound":"A4AAAAAAAAK0","repeats":1,"ndv":0},{"count":13,"lower_bound":"A4AAAAAAAAK4","upper_bound":"A4AAAAAAAAK4","repeats":1,"ndv":0}]},"cm_sketch":null,"fm_sketch":null,"stats_ver":2,"null_count":0,"tot_col_size":0,"last_update_version":464040838154420292,"correlation":0}},"partitions":null,"database_name":"shiro_fuzz_r5","table_name":"t4","ext_stats":null,"predicate_columns":[{"last_used_at":null,"last_analyzed_at":"2026-02-04 03:21:56","id":5},{"last_used_at":null,"last_analyzed_at":"2026-02-04 03:21:56","id":6},{"last_used_at":null,"last_analyzed_at":"2026-02-04 03:21:56","id":1},{"last_used_at":null,"last_analyzed_at":"2026-02-04 03:21:56","id":2},{"last_used_at":null,"last_analyzed_at":"2026-02-04 03:21:56","id":3},{"last_used_at":null,"last_analyzed_at":"2026-02-04 03:21:56","id":4}],"count":13,"modify_count":0,"version":464040838154420292,"is_historical_stats":false},"p1":{"columns":{"c0":{"histogram":{"ndv":2},"cm_sketch":{"top_n":[{"data":"A4AAAAAAAAAA","count":9},{"data":"A4AAAAAAAAAB","count":2}],"default_value":0},"fm_sketch":{"mask":0,"hashset":[5375346967849578500,10629088178943016945]},"stats_ver":2,"null_count":0,"tot_col_size":88,"last_update_version":464040838154420289,"correlation":0.8909090909090909},"c1":{"histogram":{"ndv":10},"cm_sketch":{"top_n":[{"data":"AXMzMAAAAAAA+g==","count":1},{"data":"AXMzNAAAAAAA+g==","count":1},{"data":"AXM0NwAAAAAA+g==","count":1},{"data":"AXM1AAAAAAAA+Q==","count":1},{"data":"AXM1NQAAAAAA+g==","count":1},{"data":"AXM2MAAAAAAA+g==","count":1},{"data":"AXM2MQAAAAAA+g==","count":2},{"data":"AXM3MAAAAAAA+g==","count":1},{"data":"AXM4NgAAAAAA+g==","count":1},{"data":"AXM5OQAAAAAA+g==","count":1}],"default_value":0},"fm_sketch":{"mask":0,"hashset":[17613271140216602056,4498469449324145178,13736852424441651938,16640967003110736703,407517174468501100,7534640237856410287,13264687916602426378,14201753127241108752,11172642576481716781,4553349037015841050]},"stats_ver":2,"null_count":0,"tot_col_size":43,"last_update_version":464040838154420289,"correlation":0.7090909090909091},"c2":{"histogram":{"ndv":1},"cm_sketch":{"top_n":[{"data":"A4AAAAAAAAAA","count":11}],"default_value":0},"fm_sketch":{"mask":0,"hashset":[10629088178943016945]},"stats_ver":2,"null_count":0,"tot_col_size":88,"last_update_version":464040838154420289,"correlation":1},"c3":{"histogram":{"ndv":4},"cm_sketch":{"top_n":[{"data":"AXMxOAAAAAAA+g==","count":1},{"data":"AXMzNgAAAAAA+g==","count":1},{"data":"AXM0NAAAAAAA+g==","count":8},{"data":"AXM0NQAAAAAA+g==","count":1}],"default_value":0},"fm_sketch":{"mask":0,"hashset":[984392550532366650,14384817966563999803,9498011743521418036,4429246829709090228]},"stats_ver":2,"null_count":0,"tot_col_size":44,"last_update_version":464040838154420289,"correlation":0.17272727272727273},"c4":{"histogram":{"ndv":11},"cm_sketch":{"top_n":[{"data":"BBmwoHwQAAAA","count":1},{"data":"BBmw2t1aAAAA","count":1},{"data":"BBmzg317AAAA","count":1},{"data":"BBmz1WbaAAAA","count":1},{"data":"BBm0UMeNAAAA","count":1},{"data":"BBm0ujuSAAAA","count":1},{"data":"BBm1NoNXAAAA","count":1},{"data":"BBm1xOFtAAAA","count":1},{"data":"BBm2juqXAAAA","count":1},{"data":"BBm4eXG7AAAA","count":1},{"data":"BBm4z2NuAAAA","count":1}],"default_value":0},"fm_sketch":{"mask":0,"hashset":[7958953450250620280,15857657291054237485,11521564516430356286,15776621964855664211,4343660427363416879,7653022704352067675,12559701951438589672,14909637821170277095,12529029470912493766,16441019334273945326,1421992912735338963]},"stats_ver":2,"null_count":0,"tot_col_size":88,"last_update_version":464040838154420289,"correlation":-0.05454545454545454},"id":{"histogram":{"ndv":11},"cm_sketch":{"top_n":[{"data":"A4AAAAAAAAKN","count":1},{"data":"A4AAAAAAAAKR","count":1},{"data":"A4AAAAAAAAKV","count":1},{"data":"A4AAAAAAAAKZ","count":1},{"data":"A4AAAAAAAAKd","count":1},{"data":"A4AAAAAAAAKh","count":1},{"data":"A4AAAAAAAAKl","count":1},{"data":"A4AAAAAAAAKp","count":1},{"data":"A4AAAAAAAAKt","count":1},{"data":"A4AAAAAAAAKx","count":1},{"data":"A4AAAAAAAAK1","count":1}],"default_value":0},"fm_sketch":{"mask":0,"hashset":[249075034072226232,17311899750644965106,10835586947025273241,10551659930758365471,13909733334998995695,6006722029912261618,11729486312919066371,6013985842035235060,9599280046489053138,16000565772266986838,10888234639828043305]},"stats_ver":2,"null_count":0,"tot_col_size":88,"last_update_version":464040838154420289,"correlation":1}},"indices":{"idx_c0_18":{"histogram":{"ndv":2},"cm_sketch":{"top_n":[{"data":"A4AAAAAAAAAA","count":9},{"data":"A4AAAAAAAAAB","count":2}],"default_value":0},"fm_sketch":null,"stats_ver":2,"null_count":0,"tot_col_size":0,"last_update_version":464040838154420289,"correlation":0},"idx_c0_c2_31":{"histogram":{"ndv":2},"cm_sketch":{"top_n":[{"data":"A4AAAAAAAAAAA4AAAAAAAAAA","count":9},{"data":"A4AAAAAAAAABA4AAAAAAAAAA","count":2}],"default_value":0},"fm_sketch":null,"stats_ver":2,"null_count":0,"tot_col_size":0,"last_update_version":464040838154420289,"correlation":0},"idx_c0_c4_33":{"histogram":{"ndv":11},"cm_sketch":{"top_n":[{"data":"A4AAAAAAAAAABBmwoHwQAAAA","count":1},{"data":"A4AAAAAAAAAABBmw2t1aAAAA","count":1},{"data":"A4AAAAAAAAAABBmzg317AAAA","count":1},{"data":"A4AAAAAAAAAABBmz1WbaAAAA","count":1},{"data":"A4AAAAAAAAAABBm0UMeNAAAA","count":1},{"data":"A4AAAAAAAAAABBm0ujuSAAAA","count":1},{"data":"A4AAAAAAAAAABBm1xOFtAAAA","count":1},{"data":"A4AAAAAAAAAABBm2juqXAAAA","count":1},{"data":"A4AAAAAAAAAABBm4eXG7AAAA","count":1},{"data":"A4AAAAAAAAABBBm1NoNXAAAA","count":1},{"data":"A4AAAAAAAAABBBm4z2NuAAAA","count":1}],"default_value":0},"fm_sketch":null,"stats_ver":2,"null_count":0,"tot_col_size":0,"last_update_version":464040838154420289,"correlation":0},"idx_c1_17":{"histogram":{"ndv":10},"cm_sketch":{"top_n":[{"data":"AXMzMAAAAAAA+g==","count":1},{"data":"AXMzNAAAAAAA+g==","count":1},{"data":"AXM0NwAAAAAA+g==","count":1},{"data":"AXM1AAAAAAAA+Q==","count":1},{"data":"AXM1NQAAAAAA+g==","count":1},{"data":"AXM2MAAAAAAA+g==","count":1},{"data":"AXM2MQAAAAAA+g==","count":2},{"data":"AXM3MAAAAAAA+g==","count":1},{"data":"AXM4NgAAAAAA+g==","count":1},{"data":"AXM5OQAAAAAA+g==","count":1}],"default_value":0},"fm_sketch":null,"stats_ver":2,"null_count":0,"tot_col_size":0,"last_update_version":464040838154420289,"correlation":0},"idx_c1_c4_28":{"histogram":{"ndv":11},"cm_sketch":{"top_n":[{"data":"AXMzMAAAAAAA+gQZsKB8EAAAAA==","count":1},{"data":"AXMzNAAAAAAA+gQZtLo7kgAAAA==","count":1},{"data":"AXM0NwAAAAAA+gQZuHlxuwAAAA==","count":1},{"data":"AXM1AAAAAAAA+QQZs4N9ewAAAA==","count":1},{"data":"AXM1NQAAAAAA+gQZuM9jbgAAAA==","count":1},{"data":"AXM2MAAAAAAA+gQZtFDHjQAAAA==","count":1},{"data":"AXM2MQAAAAAA+gQZsNrdWgAAAA==","count":1},{"data":"AXM2MQAAAAAA+gQZs9Vm2gAAAA==","count":1},{"data":"AXM3MAAAAAAA+gQZtcThbQAAAA==","count":1},{"data":"AXM4NgAAAAAA+gQZtTaDVwAAAA==","count":1},{"data":"AXM5OQAAAAAA+gQZto7qlwAAAA==","count":1}],"default_value":0},"fm_sketch":null,"stats_ver":2,"null_count":0,"tot_col_size":0,"last_update_version":464040838154420289,"correlation":0},"idx_c2_13":{"histogram":{"ndv":1},"cm_sketch":{"top_n":[{"data":"A4AAAAAAAAAA","count":11}],"default_value":0},"fm_sketch":null,"stats_ver":2,"null_count":0,"tot_col_size":0,"last_update_version":464040838154420289,"correlation":0},"idx_c2_c1_35":{"histogram":{"ndv":10},"cm_sketch":{"top_n":[{"data":"A4AAAAAAAAAAAXMzMAAAAAAA+g==","count":1},{"data":"A4AAAAAAAAAAAXMzNAAAAAAA+g==","count":1},{"data":"A4AAAAAAAAAAAXM0NwAAAAAA+g==","count":1},{"data":"A4AAAAAAAAAAAXM1AAAAAAAA+Q==","count":1},{"data":"A4AAAAAAAAAAAXM1NQAAAAAA+g==","count":1},{"data":"A4AAAAAAAAAAAXM2MAAAAAAA+g==","count":1},{"data":"A4AAAAAAAAAAAXM2MQAAAAAA+g==","count":2},{"data":"A4AAAAAAAAAAAXM3MAAAAAAA+g==","count":1},{"data":"A4AAAAAAAAAAAXM4NgAAAAAA+g==","count":1},{"data":"A4AAAAAAAAAAAXM5OQAAAAAA+g==","count":1}],"default_value":0},"fm_sketch":null,"stats_ver":2,"null_count":0,"tot_col_size":0,"last_update_version":464040838154420289,"correlation":0},"idx_c2_c1_c0_27":{"histogram":{"ndv":10},"cm_sketch":{"top_n":[{"data":"A4AAAAAAAAAAAXMzMAAAAAAA+gOAAAAAAAAAAA==","count":1},{"data":"A4AAAAAAAAAAAXMzNAAAAAAA+gOAAAAAAAAAAA==","count":1},{"data":"A4AAAAAAAAAAAXM0NwAAAAAA+gOAAAAAAAAAAA==","count":1},{"data":"A4AAAAAAAAAAAXM1AAAAAAAA+QOAAAAAAAAAAA==","count":1},{"data":"A4AAAAAAAAAAAXM1NQAAAAAA+gOAAAAAAAAAAQ==","count":1},{"data":"A4AAAAAAAAAAAXM2MAAAAAAA+gOAAAAAAAAAAA==","count":1},{"data":"A4AAAAAAAAAAAXM2MQAAAAAA+gOAAAAAAAAAAA==","count":2},{"data":"A4AAAAAAAAAAAXM3MAAAAAAA+gOAAAAAAAAAAA==","count":1},{"data":"A4AAAAAAAAAAAXM4NgAAAAAA+gOAAAAAAAAAAQ==","count":1},{"data":"A4AAAAAAAAAAAXM5OQAAAAAA+gOAAAAAAAAAAA==","count":1}],"default_value":0},"fm_sketch":null,"stats_ver":2,"null_count":0,"tot_col_size":0,"last_update_version":464040838154420289,"correlation":0},"idx_c3_20":{"histogram":{"ndv":4},"cm_sketch":{"top_n":[{"data":"AXMxOAAAAAAA+g==","count":1},{"data":"AXMzNgAAAAAA+g==","count":1},{"data":"AXM0NAAAAAAA+g==","count":8},{"data":"AXM0NQAAAAAA+g==","count":1}],"default_value":0},"fm_sketch":null,"stats_ver":2,"null_count":0,"tot_col_size":0,"last_update_version":464040838154420289,"correlation":0},"idx_c3_c4_35":{"histogram":{"ndv":11},"cm_sketch":{"top_n":[{"data":"AXMxOAAAAAAA+gQZs9Vm2gAAAA==","count":1},{"data":"AXMzNgAAAAAA+gQZto7qlwAAAA==","count":1},{"data":"AXM0NAAAAAAA+gQZsKB8EAAAAA==","count":1},{"data":"AXM0NAAAAAAA+gQZsNrdWgAAAA==","count":1},{"data":"AXM0NAAAAAAA+gQZs4N9ewAAAA==","count":1},{"data":"AXM0NAAAAAAA+gQZtFDHjQAAAA==","count":1},{"data":"AXM0NAAAAAAA+gQZtLo7kgAAAA==","count":1},{"data":"AXM0NAAAAAAA+gQZtcThbQAAAA==","count":1},{"data":"AXM0NAAAAAAA+gQZuHlxuwAAAA==","count":1},{"data":"AXM0NAAAAAAA+gQZuM9jbgAAAA==","count":1},{"data":"AXM0NQAAAAAA+gQZtTaDVwAAAA==","count":1}],"default_value":0},"fm_sketch":null,"stats_ver":2,"null_count":0,"tot_col_size":0,"last_update_version":464040838154420289,"correlation":0},"idx_c4":{"histogram":{"ndv":11},"cm_sketch":{"top_n":[{"data":"BBmwoHwQAAAA","count":1},{"data":"BBmw2t1aAAAA","count":1},{"data":"BBmzg317AAAA","count":1},{"data":"BBmz1WbaAAAA","count":1},{"data":"BBm0UMeNAAAA","count":1},{"data":"BBm0ujuSAAAA","count":1},{"data":"BBm1NoNXAAAA","count":1},{"data":"BBm1xOFtAAAA","count":1},{"data":"BBm2juqXAAAA","count":1},{"data":"BBm4eXG7AAAA","count":1},{"data":"BBm4z2NuAAAA","count":1}],"default_value":0},"fm_sketch":null,"stats_ver":2,"null_count":0,"tot_col_size":0,"last_update_version":464040838154420289,"correlation":0},"idx_c4_c1_33":{"histogram":{"ndv":11},"cm_sketch":{"top_n":[{"data":"BBmwoHwQAAAAAXMzMAAAAAAA+g==","count":1},{"data":"BBmw2t1aAAAAAXM2MQAAAAAA+g==","count":1},{"data":"BBmzg317AAAAAXM1AAAAAAAA+Q==","count":1},{"data":"BBmz1WbaAAAAAXM2MQAAAAAA+g==","count":1},{"data":"BBm0UMeNAAAAAXM2MAAAAAAA+g==","count":1},{"data":"BBm0ujuSAAAAAXMzNAAAAAAA+g==","count":1},{"data":"BBm1NoNXAAAAAXM4NgAAAAAA+g==","count":1},{"data":"BBm1xOFtAAAAAXM3MAAAAAAA+g==","count":1},{"data":"BBm2juqXAAAAAXM5OQAAAAAA+g==","count":1},{"data":"BBm4eXG7AAAAAXM0NwAAAAAA+g==","count":1},{"data":"BBm4z2NuAAAAAXM1NQAAAAAA+g==","count":1}],"default_value":0},"fm_sketch":null,"stats_ver":2,"null_count":0,"tot_col_size":0,"last_update_version":464040838154420289,"correlation":0},"idx_c4_c2_26":{"histogram":{"ndv":11},"cm_sketch":{"top_n":[{"data":"BBmwoHwQAAAAA4AAAAAAAAAA","count":1},{"data":"BBmw2t1aAAAAA4AAAAAAAAAA","count":1},{"data":"BBmzg317AAAAA4AAAAAAAAAA","count":1},{"data":"BBmz1WbaAAAAA4AAAAAAAAAA","count":1},{"data":"BBm0UMeNAAAAA4AAAAAAAAAA","count":1},{"data":"BBm0ujuSAAAAA4AAAAAAAAAA","count":1},{"data":"BBm1NoNXAAAAA4AAAAAAAAAA","count":1},{"data":"BBm1xOFtAAAAA4AAAAAAAAAA","count":1},{"data":"BBm2juqXAAAAA4AAAAAAAAAA","count":1},{"data":"BBm4eXG7AAAAA4AAAAAAAAAA","count":1},{"data":"BBm4z2NuAAAAA4AAAAAAAAAA","count":1}],"default_value":0},"fm_sketch":null,"stats_ver":2,"null_count":0,"tot_col_size":0,"last_update_version":464040838154420289,"correlation":0},"idx_c4_c2_c3_27":{"histogram":{"ndv":11},"cm_sketch":{"top_n":[{"data":"BBmwoHwQAAAAA4AAAAAAAAAAAXM0NAAAAAAA+g==","count":1},{"data":"BBmw2t1aAAAAA4AAAAAAAAAAAXM0NAAAAAAA+g==","count":1},{"data":"BBmzg317AAAAA4AAAAAAAAAAAXM0NAAAAAAA+g==","count":1},{"data":"BBmz1WbaAAAAA4AAAAAAAAAAAXMxOAAAAAAA+g==","count":1},{"data":"BBm0UMeNAAAAA4AAAAAAAAAAAXM0NAAAAAAA+g==","count":1},{"data":"BBm0ujuSAAAAA4AAAAAAAAAAAXM0NAAAAAAA+g==","count":1},{"data":"BBm1NoNXAAAAA4AAAAAAAAAAAXM0NQAAAAAA+g==","count":1},{"data":"BBm1xOFtAAAAA4AAAAAAAAAAAXM0NAAAAAAA+g==","count":1},{"data":"BBm2juqXAAAAA4AAAAAAAAAAAXMzNgAAAAAA+g==","count":1},{"data":"BBm4eXG7AAAAA4AAAAAAAAAAAXM0NAAAAAAA+g==","count":1},{"data":"BBm4z2NuAAAAA4AAAAAAAAAAAXM0NAAAAAAA+g==","count":1}],"default_value":0},"fm_sketch":null,"stats_ver":2,"null_count":0,"tot_col_size":0,"last_update_version":464040838154420289,"correlation":0},"idx_id_25":{"histogram":{"ndv":11},"cm_sketch":{"top_n":[{"data":"A4AAAAAAAAKN","count":1},{"data":"A4AAAAAAAAKR","count":1},{"data":"A4AAAAAAAAKV","count":1},{"data":"A4AAAAAAAAKZ","count":1},{"data":"A4AAAAAAAAKd","count":1},{"data":"A4AAAAAAAAKh","count":1},{"data":"A4AAAAAAAAKl","count":1},{"data":"A4AAAAAAAAKp","count":1},{"data":"A4AAAAAAAAKt","count":1},{"data":"A4AAAAAAAAKx","count":1},{"data":"A4AAAAAAAAK1","count":1}],"default_value":0},"fm_sketch":null,"stats_ver":2,"null_count":0,"tot_col_size":0,"last_update_version":464040838154420289,"correlation":0}},"partitions":null,"database_name":"shiro_fuzz_r5","table_name":"t4","ext_stats":null,"predicate_columns":[{"last_used_at":null,"last_analyzed_at":"2026-02-04 03:21:56","id":1},{"last_used_at":null,"last_analyzed_at":"2026-02-04 03:21:56","id":2},{"last_used_at":null,"last_analyzed_at":"2026-02-04 03:21:56","id":3},{"last_used_at":null,"last_analyzed_at":"2026-02-04 03:21:56","id":4},{"last_used_at":null,"last_analyzed_at":"2026-02-04 03:21:56","id":5},{"last_used_at":null,"last_analyzed_at":"2026-02-04 03:21:56","id":6}],"count":11,"modify_count":0,"version":464040838154420289,"is_historical_stats":false},"p2":{"columns":{"c0":{"histogram":{"ndv":2},"cm_sketch":{"top_n":[{"data":"A4AAAAAAAAAA","count":9},{"data":"A4AAAAAAAAAB","count":3}],"default_value":0},"fm_sketch":{"mask":0,"hashset":[10629088178943016945,5375346967849578500]},"stats_ver":2,"null_count":0,"tot_col_size":96,"last_update_version":464040838180634631,"correlation":0.6923076923076923},"c1":{"histogram":{"ndv":11},"cm_sketch":{"top_n":[{"data":"AXMyMQAAAAAA+g==","count":2},{"data":"AXMyMgAAAAAA+g==","count":1},{"data":"AXMzNwAAAAAA+g==","count":1},{"data":"AXM0NAAAAAAA+g==","count":1},{"data":"AXM0NQAAAAAA+g==","count":1},{"data":"AXM0OAAAAAAA+g==","count":1},{"data":"AXM1MAAAAAAA+g==","count":1},{"data":"AXM1NAAAAAAA+g==","count":1},{"data":"AXM1NgAAAAAA+g==","count":1},{"data":"AXM3MwAAAAAA+g==","count":1},{"data":"AXM4NgAAAAAA+g==","count":1}],"default_value":0},"fm_sketch":{"mask":0,"hashset":[9450578769884616595,14220600042500503803,1110092943179520229,1704996125357272485,2263532876574733504,1957373808978481143,9498011743521418036,10664272280178134032,984392550532366650,7736763298345768771,4498469449324145178]},"stats_ver":2,"null_count":0,"tot_col_size":48,"last_update_version":464040838180634631,"correlation":0.013986013986013986},"c2":{"histogram":{"ndv":1},"cm_sketch":{"top_n":[{"data":"A4AAAAAAAAAA","count":12}],"default_value":0},"fm_sketch":{"mask":0,"hashset":[10629088178943016945]},"stats_ver":2,"null_count":0,"tot_col_size":96,"last_update_version":464040838180634631,"correlation":1},"c3":{"histogram":{"ndv":5},"cm_sketch":{"top_n":[{"data":"AXMyOQAAAAAA+g==","count":1},{"data":"AXM0MgAAAAAA+g==","count":1},{"data":"AXM0NAAAAAAA+g==","count":8},{"data":"AXM1MQAAAAAA+g==","count":1},{"data":"AXM5NQAAAAAA+g==","count":1}],"default_value":0},"fm_sketch":{"mask":0,"hashset":[984392550532366650,5517104553763246778,4228119646749567582,16155054109314588916,1684599424157951312]},"stats_ver":2,"null_count":0,"tot_col_size":48,"last_update_version":464040838180634631,"correlation":0.42657342657342656},"c4":{"histogram":{"ndv":12,"buckets":[{"count":3,"lower_bound":"MjAyMy0wOC0wOCAwMjo1MDo0Ng==","upper_bound":"MjAyNC0wNC0wNyAxOTowODozNg==","repeats":1,"ndv":0},{"count":6,"lower_bound":"MjAyNC0wNC0xOCAwOTo1ODo0Nw==","upper_bound":"MjAyNC0xMS0wNyAxOTo1OTozNA==","repeats":1,"ndv":0},{"count":9,"lower_bound":"MjAyNS0wNC0xNiAwMToyNjoxNg==","upper_bound":"MjAyNS0xMS0wNCAwNjozOTo0MA==","repeats":1,"ndv":0},{"count":12,"lower_bound":"MjAyNS0xMS0wNSAyMjoxMjo0Mg==","upper_bound":"MjAyNi0xMC0xMiAxODowNzo0Nw==","repeats":1,"ndv":0}]},"cm_sketch":null,"fm_sketch":{"mask":0,"hashset":[17918815208562871296,2489547667807637962,2021423100045423011,1296221138993061625,5760457075701231637,11090867689854523488,15824045431816786338,13293734546627785310,17194704184640698572,7967649116687107874,7419223946632032406,17853934103536401217]},"stats_ver":2,"null_count":0,"tot_col_size":96,"last_update_version":464040838180634631,"correlation":0.013986013986013986},"id":{"histogram":{"ndv":12,"buckets":[{"count":3,"lower_bound":"NjUw","upper_bound":"NjU4","repeats":1,"ndv":0},{"count":6,"lower_bound":"NjYy","upper_bound":"Njcw","repeats":1,"ndv":0},{"count":9,"lower_bound":"Njc0","upper_bound":"Njgy","repeats":1,"ndv":0},{"count":12,"lower_bound":"Njg2","upper_bound":"Njk0","repeats":1,"ndv":0}]},"cm_sketch":null,"fm_sketch":{"mask":0,"hashset":[12871436785240191580,7193497795205417375,13004182587347891681,12599879982240962196,10292188254976119103,3659687231897359242,8697529961216665321,7591276419616373074,13019906193434304338,10821115008691232335,927131128325937482,14434769480603153942]},"stats_ver":2,"null_count":0,"tot_col_size":96,"last_update_version":464040838180634631,"correlation":1}},"indices":{"idx_c0_18":{"histogram":{"ndv":2},"cm_sketch":{"top_n":[{"data":"A4AAAAAAAAAA","count":9},{"data":"A4AAAAAAAAAB","count":3}],"default_value":0},"fm_sketch":null,"stats_ver":2,"null_count":0,"tot_col_size":0,"last_update_version":464040838180634631,"correlation":0},"idx_c0_c2_31":{"histogram":{"ndv":2},"cm_sketch":{"top_n":[{"data":"A4AAAAAAAAAAA4AAAAAAAAAA","count":9},{"data":"A4AAAAAAAAABA4AAAAAAAAAA","count":3}],"default_value":0},"fm_sketch":null,"stats_ver":2,"null_count":0,"tot_col_size":0,"last_update_version":464040838180634631,"correlation":0},"idx_c0_c4_33":{"histogram":{"ndv":12,"buckets":[{"count":3,"lower_bound":"A4AAAAAAAAAABBmwzyyuAAAA","upper_bound":"A4AAAAAAAAAABBmzDrIkAAAA","repeats":1,"ndv":0},{"count":6,"lower_bound":"A4AAAAAAAAAABBm0zr7iAAAA","upper_bound":"A4AAAAAAAAAABBm30kcEAAAA","repeats":1,"ndv":0},{"count":9,"lower_bound":"A4AAAAAAAAAABBm4B2noAAAA","upper_bound":"A4AAAAAAAAAABBm7GKHvAAAA","repeats":1,"ndv":0},{"count":12,"lower_bound":"A4AAAAAAAAABBBmzJB6vAAAA","upper_bound":"A4AAAAAAAAABBBm6LGEcAAAA","repeats":1,"ndv":0}]},"cm_sketch":null,"fm_sketch":null,"stats_ver":2,"null_count":0,"tot_col_size":0,"last_update_version":464040838180634631,"correlation":0},"idx_c1_17":{"histogram":{"ndv":11},"cm_sketch":{"top_n":[{"data":"AXMyMQAAAAAA+g==","count":2},{"data":"AXMyMgAAAAAA+g==","count":1},{"data":"AXMzNwAAAAAA+g==","count":1},{"data":"AXM0NAAAAAAA+g==","count":1},{"data":"AXM0NQAAAAAA+g==","count":1},{"data":"AXM0OAAAAAAA+g==","count":1},{"data":"AXM1MAAAAAAA+g==","count":1},{"data":"AXM1NAAAAAAA+g==","count":1},{"data":"AXM1NgAAAAAA+g==","count":1},{"data":"AXM3MwAAAAAA+g==","count":1},{"data":"AXM4NgAAAAAA+g==","count":1}],"default_value":0},"fm_sketch":null,"stats_ver":2,"null_count":0,"tot_col_size":0,"last_update_version":464040838180634631,"correlation":0},"idx_c1_c4_28":{"histogram":{"ndv":12,"buckets":[{"count":3,"lower_bound":"AXMyMQAAAAAA+gQZsyQerwAAAA==","upper_bound":"AXMyMgAAAAAA+gQZtl8WkAAAAA==","repeats":1,"ndv":0},{"count":6,"lower_bound":"AXMzNwAAAAAA+gQZsw6yJAAAAA==","upper_bound":"AXM0NQAAAAAA+gQZsRgoMgAAAA==","repeats":1,"ndv":0},{"count":9,"lower_bound":"AXM0OAAAAAAA+gQZuxih7wAAAA==","upper_bound":"AXM1NAAAAAAA+gQZt9JHBAAAAA==","repeats":1,"ndv":0},{"count":12,"lower_bound":"AXM1NgAAAAAA+gQZtM6+4gAAAA==","upper_bound":"AXM4NgAAAAAA+gQZuixhHAAAAA==","repeats":1,"ndv":0}]},"cm_sketch":null,"fm_sketch":null,"stats_ver":2,"null_count":0,"tot_col_size":0,"last_update_version":464040838180634631,"correlation":0},"idx_c2_13":{"histogram":{"ndv":1},"cm_sketch":{"top_n":[{"data":"A4AAAAAAAAAA","count":12}],"default_value":0},"fm_sketch":null,"stats_ver":2,"null_count":0,"tot_col_size":0,"last_update_version":464040838180634631,"correlation":0},"idx_c2_c1_35":{"histogram":{"ndv":11},"cm_sketch":{"top_n":[{"data":"A4AAAAAAAAAAAXMyMQAAAAAA+g==","count":2},{"data":"A4AAAAAAAAAAAXMyMgAAAAAA+g==","count":1},{"data":"A4AAAAAAAAAAAXMzNwAAAAAA+g==","count":1},{"data":"A4AAAAAAAAAAAXM0NAAAAAAA+g==","count":1},{"data":"A4AAAAAAAAAAAXM0NQAAAAAA+g==","count":1},{"data":"A4AAAAAAAAAAAXM0OAAAAAAA+g==","count":1},{"data":"A4AAAAAAAAAAAXM1MAAAAAAA+g==","count":1},{"data":"A4AAAAAAAAAAAXM1NAAAAAAA+g==","count":1},{"data":"A4AAAAAAAAAAAXM1NgAAAAAA+g==","count":1},{"data":"A4AAAAAAAAAAAXM3MwAAAAAA+g==","count":1},{"data":"A4AAAAAAAAAAAXM4NgAAAAAA+g==","count":1}],"default_value":0},"fm_sketch":null,"stats_ver":2,"null_count":0,"tot_col_size":0,"last_update_version":464040838180634631,"correlation":0},"idx_c2_c1_c0_27":{"histogram":{"ndv":12,"buckets":[{"count":3,"lower_bound":"A4AAAAAAAAAAAXMyMQAAAAAA+gOAAAAAAAAAAA==","upper_bound":"A4AAAAAAAAAAAXMyMgAAAAAA+gOAAAAAAAAAAA==","repeats":1,"ndv":0},{"count":6,"lower_bound":"A4AAAAAAAAAAAXMzNwAAAAAA+gOAAAAAAAAAAA==","upper_bound":"A4AAAAAAAAAAAXM0NQAAAAAA+gOAAAAAAAAAAA==","repeats":1,"ndv":0},{"count":9,"lower_bound":"A4AAAAAAAAAAAXM0OAAAAAAA+gOAAAAAAAAAAA==","upper_bound":"A4AAAAAAAAAAAXM1NAAAAAAA+gOAAAAAAAAAAA==","repeats":1,"ndv":0},{"count":12,"lower_bound":"A4AAAAAAAAAAAXM1NgAAAAAA+gOAAAAAAAAAAA==","upper_bound":"A4AAAAAAAAAAAXM4NgAAAAAA+gOAAAAAAAAAAQ==","repeats":1,"ndv":0}]},"cm_sketch":null,"fm_sketch":null,"stats_ver":2,"null_count":0,"tot_col_size":0,"last_update_version":464040838180634631,"correlation":0},"idx_c3_20":{"histogram":{"ndv":5},"cm_sketch":{"top_n":[{"data":"AXMyOQAAAAAA+g==","count":1},{"data":"AXM0MgAAAAAA+g==","count":1},{"data":"AXM0NAAAAAAA+g==","count":8},{"data":"AXM1MQAAAAAA+g==","count":1},{"data":"AXM5NQAAAAAA+g==","count":1}],"default_value":0},"fm_sketch":null,"stats_ver":2,"null_count":0,"tot_col_size":0,"last_update_version":464040838180634631,"correlation":0},"idx_c3_c4_35":{"histogram":{"ndv":12,"buckets":[{"count":3,"lower_bound":"AXMyOQAAAAAA+gQZuixhHAAAAA==","upper_bound":"AXM0NAAAAAAA+gQZsM8srgAAAA==","repeats":1,"ndv":0},{"count":6,"lower_bound":"AXM0NAAAAAAA+gQZsRgoMgAAAA==","upper_bound":"AXM0NAAAAAAA+gQZs6UMywAAAA==","repeats":1,"ndv":0},{"count":9,"lower_bound":"AXM0NAAAAAAA+gQZtM6+4gAAAA==","upper_bound":"AXM0NAAAAAAA+gQZuArjKgAAAA==","repeats":1,"ndv":0},{"count":12,"lower_bound":"AXM0NAAAAAAA+gQZuxih7wAAAA==","upper_bound":"AXM5NQAAAAAA+gQZt9JHBAAAAA==","repeats":1,"ndv":0}]},"cm_sketch":null,"fm_sketch":null,"stats_ver":2,"null_count":0,"tot_col_size":0,"last_update_version":464040838180634631,"correlation":0},"idx_c4":{"histogram":{"ndv":12,"buckets":[{"count":3,"lower_bound":"BBmwzyyuAAAA","upper_bound":"BBmzDrIkAAAA","repeats":1,"ndv":0},{"count":6,"lower_bound":"BBmzJB6vAAAA","upper_bound":"BBm0zr7iAAAA","repeats":1,"ndv":0},{"count":9,"lower_bound":"BBm2XxaQAAAA","upper_bound":"BBm4B2noAAAA","repeats":1,"ndv":0},{"count":12,"lower_bound":"BBm4CuMqAAAA","upper_bound":"BBm7GKHvAAAA","repeats":1,"ndv":0}]},"cm_sketch":null,"fm_sketch":null,"stats_ver":2,"null_count":0,"tot_col_size":0,"last_update_version":464040838180634631,"correlation":0},"idx_c4_c1_33":{"histogram":{"ndv":12,"buckets":[{"count":3,"lower_bound":"BBmwzyyuAAAAAXM1MAAAAAAA+g==","upper_bound":"BBmzDrIkAAAAAXMzNwAAAAAA+g==","repeats":1,"ndv":0},{"count":6,"lower_bound":"BBmzJB6vAAAAAXMyMQAAAAAA+g==","upper_bound":"BBm0zr7iAAAAAXM1NgAAAAAA+g==","repeats":1,"ndv":0},{"count":9,"lower_bound":"BBm2XxaQAAAAAXMyMgAAAAAA+g==","upper_bound":"BBm4B2noAAAAAXM0NAAAAAAA+g==","repeats":1,"ndv":0},{"count":12,"lower_bound":"BBm4CuMqAAAAAXMyMQAAAAAA+g==","upper_bound":"BBm7GKHvAAAAAXM0OAAAAAAA+g==","repeats":1,"ndv":0}]},"cm_sketch":null,"fm_sketch":null,"stats_ver":2,"null_count":0,"tot_col_size":0,"last_update_version":464040838180634631,"correlation":0},"idx_c4_c2_26":{"histogram":{"ndv":12,"buckets":[{"count":3,"lower_bound":"BBmwzyyuAAAAA4AAAAAAAAAA","upper_bound":"BBmzDrIkAAAAA4AAAAAAAAAA","repeats":1,"ndv":0},{"count":6,"lower_bound":"BBmzJB6vAAAAA4AAAAAAAAAA","upper_bound":"BBm0zr7iAAAAA4AAAAAAAAAA","repeats":1,"ndv":0},{"count":9,"lower_bound":"BBm2XxaQAAAAA4AAAAAAAAAA","upper_bound":"BBm4B2noAAAAA4AAAAAAAAAA","repeats":1,"ndv":0},{"count":12,"lower_bound":"BBm4CuMqAAAAA4AAAAAAAAAA","upper_bound":"BBm7GKHvAAAAA4AAAAAAAAAA","repeats":1,"ndv":0}]},"cm_sketch":null,"fm_sketch":null,"stats_ver":2,"null_count":0,"tot_col_size":0,"last_update_version":464040838180634631,"correlation":0},"idx_c4_c2_c3_27":{"histogram":{"ndv":12,"buckets":[{"count":3,"lower_bound":"BBmwzyyuAAAAA4AAAAAAAAAAAXM0NAAAAAAA+g==","upper_bound":"BBmzDrIkAAAAA4AAAAAAAAAAAXM0MgAAAAAA+g==","repeats":1,"ndv":0},{"count":6,"lower_bound":"BBmzJB6vAAAAA4AAAAAAAAAAAXM0NAAAAAAA+g==","upper_bound":"BBm0zr7iAAAAA4AAAAAAAAAAAXM0NAAAAAAA+g==","repeats":1,"ndv":0},{"count":9,"lower_bound":"BBm2XxaQAAAAA4AAAAAAAAAAAXM0NAAAAAAA+g==","upper_bound":"BBm4B2noAAAAA4AAAAAAAAAAAXM1MQAAAAAA+g==","repeats":1,"ndv":0},{"count":12,"lower_bound":"BBm4CuMqAAAAA4AAAAAAAAAAAXM0NAAAAAAA+g==","upper_bound":"BBm7GKHvAAAAA4AAAAAAAAAAAXM0NAAAAAAA+g==","repeats":1,"ndv":0}]},"cm_sketch":null,"fm_sketch":null,"stats_ver":2,"null_count":0,"tot_col_size":0,"last_update_version":464040838180634631,"correlation":0},"idx_id_25":{"histogram":{"ndv":12,"buckets":[{"count":3,"lower_bound":"A4AAAAAAAAKK","upper_bound":"A4AAAAAAAAKS","repeats":1,"ndv":0},{"count":6,"lower_bound":"A4AAAAAAAAKW","upper_bound":"A4AAAAAAAAKe","repeats":1,"ndv":0},{"count":9,"lower_bound":"A4AAAAAAAAKi","upper_bound":"A4AAAAAAAAKq","repeats":1,"ndv":0},{"count":12,"lower_bound":"A4AAAAAAAAKu","upper_bound":"A4AAAAAAAAK2","repeats":1,"ndv":0}]},"cm_sketch":null,"fm_sketch":null,"stats_ver":2,"null_count":0,"tot_col_size":0,"last_update_version":464040838180634631,"correlation":0}},"partitions":null,"database_name":"shiro_fuzz_r5","table_name":"t4","ext_stats":null,"predicate_columns":[{"last_used_at":null,"last_analyzed_at":"2026-02-04 03:21:56","id":3},{"last_used_at":null,"last_analyzed_at":"2026-02-04 03:21:56","id":4},{"last_used_at":null,"last_analyzed_at":"2026-02-04 03:21:56","id":5},{"last_used_at":null,"last_analyzed_at":"2026-02-04 03:21:56","id":6},{"last_used_at":null,"last_analyzed_at":"2026-02-04 03:21:56","id":1},{"last_used_at":null,"last_analyzed_at":"2026-02-04 03:21:56","id":2}],"count":12,"modify_count":0,"version":464040838180634631,"is_historical_stats":false},"p3":{"columns":{"c0":{"histogram":{"ndv":2},"cm_sketch":{"top_n":[{"data":"A4AAAAAAAAAA","count":11},{"data":"A4AAAAAAAAAB","count":1}],"default_value":0},"fm_sketch":{"mask":0,"hashset":[5375346967849578500,10629088178943016945]},"stats_ver":2,"null_count":0,"tot_col_size":96,"last_update_version":464040838180634639,"correlation":1},"c1":{"histogram":{"ndv":12,"buckets":[{"count":3,"lower_bound":"czE0","upper_bound":"czMw","repeats":1,"ndv":0},{"count":6,"lower_bound":"czM1","upper_bound":"czQz","repeats":1,"ndv":0},{"count":9,"lower_bound":"czQ5","upper_bound":"czc3","repeats":1,"ndv":0},{"count":12,"lower_bound":"czc4","upper_bound":"czk5","repeats":1,"ndv":0}]},"cm_sketch":null,"fm_sketch":{"mask":0,"hashset":[9133870365702773247,2858552048438068400,11172642576481716781,5811893115599920394,5517104553763246778,13736852424441651938,10375003820113512195,8012125507390331790,1270105982609163450,9434207816570689643,8745474937270919323,6896307076984269072]},"stats_ver":2,"null_count":0,"tot_col_size":47,"last_update_version":464040838180634639,"correlation":0.2517482517482518},"c2":{"histogram":{"ndv":2},"cm_sketch":{"top_n":[{"data":"A4AAAAAAAAAA","count":11},{"data":"A4AAAAAAAAAB","count":1}],"default_value":0},"fm_sketch":{"mask":0,"hashset":[10629088178943016945,5375346967849578500]},"stats_ver":2,"null_count":0,"tot_col_size":96,"last_update_version":464040838180634639,"correlation":1},"c3":{"histogram":{"ndv":4},"cm_sketch":{"top_n":[{"data":"AXM0NAAAAAAA+g==","count":9},{"data":"AXM3MQAAAAAA+g==","count":1},{"data":"AXM4MQAAAAAA+g==","count":1},{"data":"AXM5OQAAAAAA+g==","count":1}],"default_value":0},"fm_sketch":{"mask":0,"hashset":[984392550532366650,13736852424441651938,5595639305775578399,10697652681865167678]},"stats_ver":2,"null_count":0,"tot_col_size":48,"last_update_version":464040838180634639,"correlation":0.951048951048951},"c4":{"histogram":{"ndv":12,"buckets":[{"count":3,"lower_bound":"MjAyMy0wMy0yOSAwMTozMzoyOQ==","upper_bound":"MjAyNC0wNS0yOSAwMTozMTo1MA==","repeats":1,"ndv":0},{"count":6,"lower_bound":"MjAyNC0wNi0xNiAxNzo0ODoyMQ==","upper_bound":"MjAyNC0wOS0yNSAwODo0NTo1OA==","repeats":1,"ndv":0},{"count":9,"lower_bound":"MjAyNS0wNS0yOSAxNjo1NDozNA==","upper_bound":"MjAyNS0xMi0zMSAwNDoyODowNQ==","repeats":1,"ndv":0},{"count":12,"lower_bound":"MjAyNi0wMS0xMiAyMDozNDoxNQ==","upper_bound":"MjAyNi0xMS0yMSAxODoxNToxNw==","repeats":1,"ndv":0}]},"cm_sketch":null,"fm_sketch":{"mask":0,"hashset":[16310910862668820233,13002176779919144398,14145542337664967834,15792417150725081074,13611843190829627654,2950687490931017056,12772991900715666093,14896303982620263314,10551903578149484263,16109655018101093226,1698282558403296730,7853542591872779495]},"stats_ver":2,"null_count":0,"tot_col_size":96,"last_update_version":464040838180634639,"correlation":-0.3146853146853147},"id":{"histogram":{"ndv":12,"buckets":[{"count":3,"lower_bound":"NjUx","upper_bound":"NjU5","repeats":1,"ndv":0},{"count":6,"lower_bound":"NjYz","upper_bound":"Njcx","repeats":1,"ndv":0},{"count":9,"lower_bound":"Njc1","upper_bound":"Njgz","repeats":1,"ndv":0},{"count":12,"lower_bound":"Njg3","upper_bound":"Njk1","repeats":1,"ndv":0}]},"cm_sketch":null,"fm_sketch":{"mask":0,"hashset":[13933807573508084956,2552388737052358061,5589331573142690539,1392444623224117703,12394109440791067414,5800598798750927773,9172214802503499402,5891402909270024829,12028485047753308174,18163817409846211951,1227587959399650675,16735703309391728655]},"stats_ver":2,"null_count":0,"tot_col_size":96,"last_update_version":464040838180634639,"correlation":1}},"indices":{"idx_c0_18":{"histogram":{"ndv":2},"cm_sketch":{"top_n":[{"data":"A4AAAAAAAAAA","count":11},{"data":"A4AAAAAAAAAB","count":1}],"default_value":0},"fm_sketch":null,"stats_ver":2,"null_count":0,"tot_col_size":0,"last_update_version":464040838180634639,"correlation":0},"idx_c0_c2_31":{"histogram":{"ndv":2},"cm_sketch":{"top_n":[{"data":"A4AAAAAAAAAAA4AAAAAAAAAA","count":11},{"data":"A4AAAAAAAAABA4AAAAAAAAAB","count":1}],"default_value":0},"fm_sketch":null,"stats_ver":2,"null_count":0,"tot_col_size":0,"last_update_version":464040838180634639,"correlation":0},"idx_c0_c4_33":{"histogram":{"ndv":12,"buckets":[{"count":3,"lower_bound":"A4AAAAAAAAAABBmzKGu7AAAA","upper_bound":"A4AAAAAAAAAABBmzoJwVAAAA","repeats":1,"ndv":0},{"count":6,"lower_bound":"A4AAAAAAAAAABBm0bveeAAAA","upper_bound":"A4AAAAAAAAAABBm2uo2iAAAA","repeats":1,"ndv":0},{"count":9,"lower_bound":"A4AAAAAAAAAABBm3RS1hAAAA","upper_bound":"A4AAAAAAAAAABBm42MiPAAAA","repeats":1,"ndv":0},{"count":12,"lower_bound":"A4AAAAAAAAAABBm6sjd6AAAA","upper_bound":"A4AAAAAAAAABBBmvuRhdAAAA","repeats":1,"ndv":0}]},"cm_sketch":null,"fm_sketch":null,"stats_ver":2,"null_count":0,"tot_col_size":0,"last_update_version":464040838180634639,"correlation":0},"idx_c1_17":{"histogram":{"ndv":12,"buckets":[{"count":3,"lower_bound":"AXMxNAAAAAAA+g==","upper_bound":"AXMzMAAAAAAA+g==","repeats":1,"ndv":0},{"count":6,"lower_bound":"AXMzNQAAAAAA+g==","upper_bound":"AXM0MwAAAAAA+g==","repeats":1,"ndv":0},{"count":9,"lower_bound":"AXM0OQAAAAAA+g==","upper_bound":"AXM3NwAAAAAA+g==","repeats":1,"ndv":0},{"count":12,"lower_bound":"AXM3OAAAAAAA+g==","upper_bound":"AXM5OQAAAAAA+g==","repeats":1,"ndv":0}]},"cm_sketch":null,"fm_sketch":null,"stats_ver":2,"null_count":0,"tot_col_size":0,"last_update_version":464040838180634639,"correlation":0},"idx_c1_c4_28":{"histogram":{"ndv":12,"buckets":[{"count":3,"lower_bound":"AXMxNAAAAAAA+gQZtG73ngAAAA==","upper_bound":"AXMzMAAAAAAA+gQZt0UtYQAAAA==","repeats":1,"ndv":0},{"count":6,"lower_bound":"AXMzNQAAAAAA+gQZurI3egAAAA==","upper_bound":"AXM0MwAAAAAA+gQZu2qj0QAAAA==","repeats":1,"ndv":0},{"count":9,"lower_bound":"AXM0OQAAAAAA+gQZr7kYXQAAAA==","upper_bound":"AXM3NwAAAAAA+gQZuH1HBQAAAA==","repeats":1,"ndv":0},{"count":12,"lower_bound":"AXM3OAAAAAAA+gQZuNjIjwAAAA==","upper_bound":"AXM5OQAAAAAA+gQZsyhruwAAAA==","repeats":1,"ndv":0}]},"cm_sketch":null,"fm_sketch":null,"stats_ver":2,"null_count":0,"tot_col_size":0,"last_update_version":464040838180634639,"correlation":0},"idx_c2_13":{"histogram":{"ndv":2},"cm_sketch":{"top_n":[{"data":"A4AAAAAAAAAA","count":11},{"data":"A4AAAAAAAAAB","count":1}],"default_value":0},"fm_sketch":null,"stats_ver":2,"null_count":0,"tot_col_size":0,"last_update_version":464040838180634639,"correlation":0},"idx_c2_c1_35":{"histogram":{"ndv":12,"buckets":[{"count":3,"lower_bound":"A4AAAAAAAAAAAXMxNAAAAAAA+g==","upper_bound":"A4AAAAAAAAAAAXMzMAAAAAAA+g==","repeats":1,"ndv":0},{"count":6,"lower_bound":"A4AAAAAAAAAAAXMzNQAAAAAA+g==","upper_bound":"A4AAAAAAAAAAAXM0MwAAAAAA+g==","repeats":1,"ndv":0},{"count":9,"lower_bound":"A4AAAAAAAAAAAXM1OQAAAAAA+g==","upper_bound":"A4AAAAAAAAAAAXM3OAAAAAAA+g==","repeats":1,"ndv":0},{"count":12,"lower_bound":"A4AAAAAAAAAAAXM5AAAAAAAA+Q==","upper_bound":"A4AAAAAAAAABAXM0OQAAAAAA+g==","repeats":1,"ndv":0}]},"cm_sketch":null,"fm_sketch":null,"stats_ver":2,"null_count":0,"tot_col_size":0,"last_update_version":464040838180634639,"correlation":0},"idx_c2_c1_c0_27":{"histogram":{"ndv":12,"buckets":[{"count":3,"lower_bound":"A4AAAAAAAAAAAXMxNAAAAAAA+gOAAAAAAAAAAA==","upper_bound":"A4AAAAAAAAAAAXMzMAAAAAAA+gOAAAAAAAAAAA==","repeats":1,"ndv":0},{"count":6,"lower_bound":"A4AAAAAAAAAAAXMzNQAAAAAA+gOAAAAAAAAAAA==","upper_bound":"A4AAAAAAAAAAAXM0MwAAAAAA+gOAAAAAAAAAAA==","repeats":1,"ndv":0},{"count":9,"lower_bound":"A4AAAAAAAAAAAXM1OQAAAAAA+gOAAAAAAAAAAA==","upper_bound":"A4AAAAAAAAAAAXM3OAAAAAAA+gOAAAAAAAAAAA==","repeats":1,"ndv":0},{"count":12,"lower_bound":"A4AAAAAAAAAAAXM5AAAAAAAA+QOAAAAAAAAAAA==","upper_bound":"A4AAAAAAAAABAXM0OQAAAAAA+gOAAAAAAAAAAQ==","repeats":1,"ndv":0}]},"cm_sketch":null,"fm_sketch":null,"stats_ver":2,"null_count":0,"tot_col_size":0,"last_update_version":464040838180634639,"correlation":0},"idx_c3_20":{"histogram":{"ndv":4},"cm_sketch":{"top_n":[{"data":"AXM0NAAAAAAA+g==","count":9},{"data":"AXM3MQAAAAAA+g==","count":1},{"data":"AXM4MQAAAAAA+g==","count":1},{"data":"AXM5OQAAAAAA+g==","count":1}],"default_value":0},"fm_sketch":null,"stats_ver":2,"null_count":0,"tot_col_size":0,"last_update_version":464040838180634639,"correlation":0},"idx_c3_c4_35":{"histogram":{"ndv":12,"buckets":[{"count":3,"lower_bound":"AXM0NAAAAAAA+gQZs3kX8gAAAA==","upper_bound":"AXM0NAAAAAAA+gQZtG73ngAAAA==","repeats":1,"ndv":0},{"count":6,"lower_bound":"AXM0NAAAAAAA+gQZtHILegAAAA==","upper_bound":"AXM0NAAAAAAA+gQZt0UtYQAAAA==","repeats":1,"ndv":0},{"count":9,"lower_bound":"AXM0NAAAAAAA+gQZuH1HBQAAAA==","upper_bound":"AXM0NAAAAAAA+gQZu2qj0QAAAA==","repeats":1,"ndv":0},{"count":12,"lower_bound":"AXM3MQAAAAAA+gQZsyhruwAAAA==","upper_bound":"AXM5OQAAAAAA+gQZurI3egAAAA==","repeats":1,"ndv":0}]},"cm_sketch":null,"fm_sketch":null,"stats_ver":2,"null_count":0,"tot_col_size":0,"last_update_version":464040838180634639,"correlation":0},"idx_c4":{"histogram":{"ndv":12,"buckets":[{"count":3,"lower_bound":"BBmvuRhdAAAA","upper_bound":"BBmzeRfyAAAA","repeats":1,"ndv":0},{"count":6,"lower_bound":"BBmzoJwVAAAA","upper_bound":"BBm0cgt6AAAA","repeats":1,"ndv":0},{"count":9,"lower_bound":"BBm2uo2iAAAA","upper_bound":"BBm4fUcFAAAA","repeats":1,"ndv":0},{"count":12,"lower_bound":"BBm42MiPAAAA","upper_bound":"BBm7aqPRAAAA","repeats":1,"ndv":0}]},"cm_sketch":null,"fm_sketch":null,"stats_ver":2,"null_count":0,"tot_col_size":0,"last_update_version":464040838180634639,"correlation":0},"idx_c4_c1_33":{"histogram":{"ndv":12,"buckets":[{"count":3,"lower_bound":"BBmvuRhdAAAAAXM0OQAAAAAA+g==","upper_bound":"BBmzeRfyAAAAAXM0MgAAAAAA+g==","repeats":1,"ndv":0},{"count":6,"lower_bound":"BBmzoJwVAAAAAXMyNAAAAAAA+g==","upper_bound":"BBm0cgt6AAAAAXM1OQAAAAAA+g==","repeats":1,"ndv":0},{"count":9,"lower_bound":"BBm2uo2iAAAAAXM5AAAAAAAA+Q==","upper_bound":"BBm4fUcFAAAAAXM3NwAAAAAA+g==","repeats":1,"ndv":0},{"count":12,"lower_bound":"BBm42MiPAAAAAXM3OAAAAAAA+g==","upper_bound":"BBm7aqPRAAAAAXM0MwAAAAAA+g==","repeats":1,"ndv":0}]},"cm_sketch":null,"fm_sketch":null,"stats_ver":2,"null_count":0,"tot_col_size":0,"last_update_version":464040838180634639,"correlation":0},"idx_c4_c2_26":{"histogram":{"ndv":12,"buckets":[{"count":3,"lower_bound":"BBmvuRhdAAAAA4AAAAAAAAAB","upper_bound":"BBmzeRfyAAAAA4AAAAAAAAAA","repeats":1,"ndv":0},{"count":6,"lower_bound":"BBmzoJwVAAAAA4AAAAAAAAAA","upper_bound":"BBm0cgt6AAAAA4AAAAAAAAAA","repeats":1,"ndv":0},{"count":9,"lower_bound":"BBm2uo2iAAAAA4AAAAAAAAAA","upper_bound":"BBm4fUcFAAAAA4AAAAAAAAAA","repeats":1,"ndv":0},{"count":12,"lower_bound":"BBm42MiPAAAAA4AAAAAAAAAA","upper_bound":"BBm7aqPRAAAAA4AAAAAAAAAA","repeats":1,"ndv":0}]},"cm_sketch":null,"fm_sketch":null,"stats_ver":2,"null_count":0,"tot_col_size":0,"last_update_version":464040838180634639,"correlation":0},"idx_c4_c2_c3_27":{"histogram":{"ndv":12,"buckets":[{"count":3,"lower_bound":"BBmvuRhdAAAAA4AAAAAAAAABAXM4MQAAAAAA+g==","upper_bound":"BBmzeRfyAAAAA4AAAAAAAAAAAXM0NAAAAAAA+g==","repeats":1,"ndv":0},{"count":6,"lower_bound":"BBmzoJwVAAAAA4AAAAAAAAAAAXM0NAAAAAAA+g==","upper_bound":"BBm0cgt6AAAAA4AAAAAAAAAAAXM0NAAAAAAA+g==","repeats":1,"ndv":0},{"count":9,"lower_bound":"BBm2uo2iAAAAA4AAAAAAAAAAAXM0NAAAAAAA+g==","upper_bound":"BBm4fUcFAAAAA4AAAAAAAAAAAXM0NAAAAAAA+g==","repeats":1,"ndv":0},{"count":12,"lower_bound":"BBm42MiPAAAAA4AAAAAAAAAAAXM0NAAAAAAA+g==","upper_bound":"BBm7aqPRAAAAA4AAAAAAAAAAAXM0NAAAAAAA+g==","repeats":1,"ndv":0}]},"cm_sketch":null,"fm_sketch":null,"stats_ver":2,"null_count":0,"tot_col_size":0,"last_update_version":464040838180634639,"correlation":0},"idx_id_25":{"histogram":{"ndv":12,"buckets":[{"count":3,"lower_bound":"A4AAAAAAAAKL","upper_bound":"A4AAAAAAAAKT","repeats":1,"ndv":0},{"count":6,"lower_bound":"A4AAAAAAAAKX","upper_bound":"A4AAAAAAAAKf","repeats":1,"ndv":0},{"count":9,"lower_bound":"A4AAAAAAAAKj","upper_bound":"A4AAAAAAAAKr","repeats":1,"ndv":0},{"count":12,"lower_bound":"A4AAAAAAAAKv","upper_bound":"A4AAAAAAAAK3","repeats":1,"ndv":0}]},"cm_sketch":null,"fm_sketch":null,"stats_ver":2,"null_count":0,"tot_col_size":0,"last_update_version":464040838180634639,"correlation":0}},"partitions":null,"database_name":"shiro_fuzz_r5","table_name":"t4","ext_stats":null,"predicate_columns":[{"last_used_at":null,"last_analyzed_at":"2026-02-04 03:21:56","id":1},{"last_used_at":null,"last_analyzed_at":"2026-02-04 03:21:56","id":2},{"last_used_at":null,"last_analyzed_at":"2026-02-04 03:21:56","id":3},{"last_used_at":null,"last_analyzed_at":"2026-02-04 03:21:56","id":4},{"last_used_at":null,"last_analyzed_at":"2026-02-04 03:21:56","id":5},{"last_used_at":null,"last_analyzed_at":"2026-02-04 03:21:56","id":6}],"count":12,"modify_count":0,"version":464040838180634639,"is_historical_stats":false}},"database_name":"shiro_fuzz_r5","table_name":"t4","ext_stats":null,"predicate_columns":null,"count":0,"modify_count":0,"version":0,"is_historical_stats":false}