{"columns":{"c0":{"histogram":{"ndv":66,"buckets":[{"count":3,"lower_bound":"MS42Mw==","upper_bound":"Ny4wOA==","repeats":1,"ndv":0},{"count":6,"lower_bound":"MTAuMzE=","upper_bound":"MTEuMTg=","repeats":1,"ndv":0},{"count":9,"lower_bound":"MTIuNw==","upper_bound":"MTMuNTQ=","repeats":1,"ndv":0},{"count":12,"lower_bound":"MTYuMTE=","upper_bound":"MjIuODM=","repeats":1,"ndv":0},{"count":15,"lower_bound":"MjIuOTY=","upper_bound":"MjUuMzI=","repeats":1,"ndv":0},{"count":18,"lower_bound":"MjUuNjU=","upper_bound":"MjYuMw==","repeats":1,"ndv":0},{"count":21,"lower_bound":"MjYuMzg=","upper_bound":"MjcuNjQ=","repeats":1,"ndv":0},{"count":24,"lower_bound":"MjcuNzE=","upper_bound":"MzQuMDQ=","repeats":1,"ndv":0},{"count":27,"lower_bound":"MzYuNTQ=","upper_bound":"NDAuOTU=","repeats":1,"ndv":0},{"count":30,"lower_bound":"NDEuMw==","upper_bound":"NDIuMTc=","repeats":1,"ndv":0},{"count":33,"lower_bound":"NDQuNTE=","upper_bound":"NDkuNzY=","repeats":1,"ndv":0},{"count":36,"lower_bound":"NTEuNzY=","upper_bound":"NTkuMDk=","repeats":1,"ndv":0},{"count":39,"lower_bound":"NjIuNTM=","upper_bound":"NjcuMzE=","repeats":1,"ndv":0},{"count":42,"lower_bound":"NjcuNw==","upper_bound":"NjkuMjc=","repeats":1,"ndv":0},{"count":45,"lower_bound":"NzAuMjg=","upper_bound":"NzEuNTk=","repeats":1,"ndv":0},{"count":48,"lower_bound":"NzQuNDM=","upper_bound":"NzYuMjU=","repeats":1,"ndv":0},{"count":51,"lower_bound":"NzYuNDk=","upper_bound":"ODIuMDU=","repeats":1,"ndv":0},{"count":54,"lower_bound":"ODIuMzk=","upper_bound":"ODIuOTI=","repeats":1,"ndv":0},{"count":57,"lower_bound":"ODMuOTI=","upper_bound":"ODkuNTg=","repeats":1,"ndv":0},{"count":60,"lower_bound":"OTEuOTU=","upper_bound":"OTQuMjY=","repeats":1,"ndv":0},{"count":63,"lower_bound":"OTUuNDE=","upper_bound":"OTcuNzQ=","repeats":1,"ndv":0},{"count":66,"lower_bound":"OTguMzU=","upper_bound":"OTkuOTQ=","repeats":1,"ndv":0}]},"cm_sketch":null,"fm_sketch":null,"stats_ver":2,"null_count":0,"tot_col_size":528,"last_update_version":464040838442778672,"correlation":0.0613923390042793},"c1":{"histogram":{"ndv":2},"cm_sketch":{"top_n":[{"data":"A4AAAAAAAAAA","count":5},{"data":"A4AAAAAAAAAB","count":61}],"default_value":0},"fm_sketch":null,"stats_ver":2,"null_count":0,"tot_col_size":528,"last_update_version":464040838442778672,"correlation":0.5982465295898132},"c2":{"histogram":{"ndv":66,"buckets":[{"count":3,"lower_bound":"MjAyMy0wMi0wMiAyMzozODo0OQ==","upper_bound":"MjAyMy0wMi0yMSAwNjoyNzoyNQ==","repeats":1,"ndv":0},{"count":6,"lower_bound":"MjAyMy0wMy0yMCAyMjoyMTo1Mg==","upper_bound":"MjAyMy0wMy0yOCAwMDowMzowNw==","repeats":1,"ndv":0},{"count":9,"lower_bound":"MjAyMy0wNC0yMSAxMTo1MzoyOQ==","upper_bound":"MjAyMy0wNi0wNSAwMTo1Mzo1Ng==","repeats":1,"ndv":0},{"count":12,"lower_bound":"MjAyMy0wNi0wNSAwMzoyNDoxNA==","upper_bound":"MjAyMy0wNi0yOSAwNjoyMjo1OQ==","repeats":1,"ndv":0},{"count":15,"lower_bound":"MjAyMy0wNy0wMSAyMToyNDowNQ==","upper_bound":"MjAyMy0wOC0wMiAwMTozMTo0NQ==","repeats":1,"ndv":0},{"count":18,"lower_bound":"MjAyMy0wOC0xNSAwODo1MzozMg==","upper_bound":"MjAyMy0xMC0wNSAyMjoxNTo0MA==","repeats":1,"ndv":0},{"count":21,"lower_bound":"MjAyMy0xMi0xMCAxMTo1MDo0OA==","upper_bound":"MjAyNC0wMS0xOSAxMTozNjozNw==","repeats":1,"ndv":0},{"count":24,"lower_bound":"MjAyNC0wMi0xMCAwMjozODowNw==","upper_bound":"MjAyNC0wNC0xNSAwNzozOTo0Nw==","repeats":1,"ndv":0},{"count":27,"lower_bound":"MjAyNC0wNC0yOCAyMjoxNzozMg==","upper_bound":"MjAyNC0wNS0xNiAxNzo1NzowMw==","repeats":1,"ndv":0},{"count":30,"lower_bound":"MjAyNC0wNi0wMSAwODo1ODoyNg==","upper_bound":"MjAyNC0wNy0xNyAwNjoxNDowNQ==","repeats":1,"ndv":0},{"count":33,"lower_bound":"MjAyNC0wOC0yNiAwMzo1NjozOQ==","upper_bound":"MjAyNC0wOS0xMCAxOTowNjoxMw==","repeats":1,"ndv":0},{"count":36,"lower_bound":"MjAyNC0wOS0xOCAxODoxMzoyOQ==","upper_bound":"MjAyNC0xMC0wMyAwMzo1MDowOQ==","repeats":1,"ndv":0},{"count":39,"lower_bound":"MjAyNC0xMC0wNSAwODoxNDozOA==","upper_bound":"MjAyNC0xMS0xOSAwMzo1MTozNg==","repeats":1,"ndv":0},{"count":42,"lower_bound":"MjAyNC0xMi0wMSAwMjo0ODoxNw==","upper_bound":"MjAyNC0xMi0xNCAxMDo0MDowMA==","repeats":1,"ndv":0},{"count":45,"lower_bound":"MjAyNC0xMi0zMCAwNTo0MTowMA==","upper_bound":"MjAyNS0wMi0yMyAxMToyNzo0NA==","repeats":1,"ndv":0},{"count":48,"lower_bound":"MjAyNS0wNi0wOSAyMjoxNTozOQ==","upper_bound":"MjAyNS0wNy0yNCAyMTozNDozOQ==","repeats":1,"ndv":0},{"count":51,"lower_bound":"MjAyNS0wOS0xMCAwMzo0MzoyOA==","upper_bound":"MjAyNi0wMS0yOSAwMzozNjo1Mg==","repeats":1,"ndv":0},{"count":54,"lower_bound":"MjAyNi0wMi0xMiAwOToxNToyMQ==","upper_bound":"MjAyNi0wNC0xOSAwODozNToyMw==","repeats":1,"ndv":0},{"count":57,"lower_bound":"MjAyNi0wNS0xMSAyMjozNjo0Nw==","upper_bound":"MjAyNi0wNy0wMiAyMzo1NTowMw==","repeats":1,"ndv":0},{"count":60,"lower_bound":"MjAyNi0wNy0wNyAxNToyMDo1Mg==","upper_bound":"MjAyNi0wOC0yNyAwNDozNDoyNA==","repeats":1,"ndv":0},{"count":63,"lower_bound":"MjAyNi0wOC0yOCAxMzoyNDo0OA==","upper_bound":"MjAyNi0xMS0xMCAwMzoxNjo1Mw==","repeats":1,"ndv":0},{"count":66,"lower_bound":"MjAyNi0xMS0zMCAwMzo1NTowMA==","upper_bound":"MjAyNi0xMi0xOCAyMToyNDoyNA==","repeats":1,"ndv":0}]},"cm_sketch":null,"fm_sketch":null,"stats_ver":2,"null_count":0,"tot_col_size":528,"last_update_version":464040838442778672,"correlation":-0.1470201440350694},"c3":{"histogram":{"ndv":58,"buckets":[{"count":3,"lower_bound":"MjAyMy0wMS0xMiAxNzozNTo1Nw==","upper_bound":"MjAyMy0wMy0wOCAxNToyMDozMg==","repeats":1,"ndv":0},{"count":6,"lower_bound":"MjAyMy0wNS0xOSAwMDoyNjo0MQ==","upper_bound":"MjAyMy0xMC0wNSAxNDoyMzo1MQ==","repeats":1,"ndv":0},{"count":9,"lower_bound":"MjAyMy0xMC0xMyAxMDoxMzoyOQ==","upper_bound":"MjAyMy0xMS0wNyAwMTo1NjoxNw==","repeats":1,"ndv":0},{"count":12,"lower_bound":"MjAyMy0xMi0xOCAwMjowMDoxMA==","upper_bound":"MjAyNC0wMy0wOCAxMzoxOTowMQ==","repeats":1,"ndv":0},{"count":15,"lower_bound":"MjAyNC0wNC0xNyAwMzowMjoyOA==","upper_bound":"MjAyNC0wNS0wMyAwODozNzo1MA==","repeats":1,"ndv":0},{"count":18,"lower_bound":"MjAyNC0wNS0wOCAwODo0MToxMQ==","upper_bound":"MjAyNC0wNi0xOSAyMDo1OToyMQ==","repeats":1,"ndv":0},{"count":21,"lower_bound":"MjAyNC0wNy0yMCAwMToxNDoxMQ==","upper_bound":"MjAyNC0wOS0yNiAxMTowODozNA==","repeats":1,"ndv":0},{"count":24,"lower_bound":"MjAyNC0xMC0wMSAxNzoxMTowNw==","upper_bound":"MjAyNC0xMC0yMyAxNToyNzo0MA==","repeats":1,"ndv":0},{"count":27,"lower_bound":"MjAyNC0xMS0wNSAwNjo1NDo1MQ==","upper_bound":"MjAyNC0xMS0xMiAxNDoxMTozMQ==","repeats":1,"ndv":0},{"count":30,"lower_bound":"MjAyNC0xMS0xNiAwNTo0MDoxMA==","upper_bound":"MjAyNS0wMi0yNyAwMzo1MTowOA==","repeats":1,"ndv":0},{"count":33,"lower_bound":"MjAyNS0wMy0wNSAyMDoyOTo0NQ==","upper_bound":"MjAyNS0wMy0yMSAwMjowNzo0NQ==","repeats":1,"ndv":0},{"count":36,"lower_bound":"MjAyNS0wMy0yOSAyMToyMzo0Ng==","upper_bound":"MjAyNS0wNS0yNCAxMDoxODowOQ==","repeats":1,"ndv":0},{"count":39,"lower_bound":"MjAyNS0wNi0xNCAxNzowOToxMw==","upper_bound":"MjAyNS0wNy0wNSAwMjoxODoyMg==","repeats":1,"ndv":0},{"count":42,"lower_bound":"MjAyNS0wOC0yOCAxNzoxNjowNQ==","upper_bound":"MjAyNS0wOS0xNyAyMzowNjo1Mg==","repeats":1,"ndv":0},{"count":45,"lower_bound":"MjAyNS0xMS0xNSAxOToyMzozNw==","upper_bound":"MjAyNS0xMi0xNiAwMzo0OToxMg==","repeats":1,"ndv":0},{"count":48,"lower_bound":"MjAyNi0wMS0xOSAwMjozMDo1MA==","upper_bound":"MjAyNi0wNS0wNSAwMjowMjozMA==","repeats":1,"ndv":0},{"count":51,"lower_bound":"MjAyNi0wNS0yMyAxNzoxMDo1OA==","upper_bound":"MjAyNi0wOC0wMiAxMjo0Mzo0Mg==","repeats":1,"ndv":0},{"count":54,"lower_bound":"MjAyNi0wOC0xMCAyMDowMzowNA==","upper_bound":"MjAyNi0wOS0xOCAxNzo0Nzo1MQ==","repeats":1,"ndv":0},{"count":57,"lower_bound":"MjAyNi0xMC0xNCAxMTowNTo0OQ==","upper_bound":"MjAyNi0xMi0xOCAwMzo1MzoyOQ==","repeats":1,"ndv":0}]},"cm_sketch":{"top_n":[{"data":"BBm7t07eAAAA","count":9}],"default_value":0},"fm_sketch":null,"stats_ver":2,"null_count":0,"tot_col_size":528,"last_update_version":464040838442778672,"correlation":-0.3757645339734892},"c4":{"histogram":{"ndv":49,"buckets":[{"count":3,"lower_bound":"MQ==","upper_bound":"Mw==","repeats":1,"ndv":0},{"count":6,"lower_bound":"NQ==","upper_bound":"OQ==","repeats":1,"ndv":0},{"count":9,"lower_bound":"MjM=","upper_bound":"MjU=","repeats":1,"ndv":0},{"count":12,"lower_bound":"MjY=","upper_bound":"MzM=","repeats":1,"ndv":0},{"count":15,"lower_bound":"MzU=","upper_bound":"NDE=","repeats":1,"ndv":0},{"count":18,"lower_bound":"NDM=","upper_bound":"NDY=","repeats":1,"ndv":0},{"count":21,"lower_bound":"NDc=","upper_bound":"NTM=","repeats":1,"ndv":0},{"count":24,"lower_bound":"NTU=","upper_bound":"NjA=","repeats":1,"ndv":0},{"count":27,"lower_bound":"Njc=","upper_bound":"NzI=","repeats":1,"ndv":0},{"count":30,"lower_bound":"Nzg=","upper_bound":"ODI=","repeats":1,"ndv":0},{"count":33,"lower_bound":"ODQ=","upper_bound":"ODc=","repeats":1,"ndv":0},{"count":35,"lower_bound":"OTA=","upper_bound":"OTI=","repeats":1,"ndv":0}]},"cm_sketch":{"top_n":[{"data":"A4AAAAAAAAAE","count":2},{"data":"A4AAAAAAAAAO","count":2},{"data":"A4AAAAAAAAAS","count":2},{"data":"A4AAAAAAAAAU","count":2},{"data":"A4AAAAAAAAAW","count":2},{"data":"A4AAAAAAAAAf","count":2},{"data":"A4AAAAAAAAAm","count":2},{"data":"A4AAAAAAAAA2","count":2},{"data":"A4AAAAAAAAA/","count":4},{"data":"A4AAAAAAAABH","count":2},{"data":"A4AAAAAAAABK","count":2},{"data":"A4AAAAAAAABN","count":3},{"data":"A4AAAAAAAABY","count":2},{"data":"A4AAAAAAAABd","count":2}],"default_value":0},"fm_sketch":null,"stats_ver":2,"null_count":0,"tot_col_size":528,"last_update_version":464040838442778672,"correlation":0.0024840830810980066},"c5":{"histogram":{"ndv":2},"cm_sketch":{"top_n":[{"data":"A4AAAAAAAAAA","count":31},{"data":"A4AAAAAAAAAB","count":35}],"default_value":0},"fm_sketch":null,"stats_ver":2,"null_count":0,"tot_col_size":528,"last_update_version":464040838442778672,"correlation":0.23001774345057927},"c6":{"histogram":{"ndv":64,"buckets":[{"count":3,"lower_bound":"MjAyMy0wMS0yMA==","upper_bound":"MjAyMy0wNS0xMw==","repeats":1,"ndv":0},{"count":6,"lower_bound":"MjAyMy0wNS0yNQ==","upper_bound":"MjAyMy0wNi0xNg==","repeats":1,"ndv":0},{"count":9,"lower_bound":"MjAyMy0wNy0wNQ==","upper_bound":"MjAyMy0wOC0wMQ==","repeats":1,"ndv":0},{"count":12,"lower_bound":"MjAyMy0wOS0wMg==","upper_bound":"MjAyMy0xMS0yNQ==","repeats":1,"ndv":0},{"count":15,"lower_bound":"MjAyMy0xMi0xOA==","upper_bound":"MjAyNC0wMS0wNw==","repeats":1,"ndv":0},{"count":18,"lower_bound":"MjAyNC0wMS0xMA==","upper_bound":"MjAyNC0wNC0wMw==","repeats":1,"ndv":0},{"count":21,"lower_bound":"MjAyNC0wNC0wNg==","upper_bound":"MjAyNC0wNC0yMA==","repeats":1,"ndv":0},{"count":24,"lower_bound":"MjAyNC0wNi0xMg==","upper_bound":"MjAyNC0wOC0yOQ==","repeats":1,"ndv":0},{"count":27,"lower_bound":"MjAyNC0xMC0yOQ==","upper_bound":"MjAyNC0xMi0wMg==","repeats":1,"ndv":0},{"count":30,"lower_bound":"MjAyNC0xMi0xNg==","upper_bound":"MjAyNS0wMS0yOQ==","repeats":1,"ndv":0},{"count":33,"lower_bound":"MjAyNS0wMi0xNQ==","upper_bound":"MjAyNS0wNC0xNg==","repeats":1,"ndv":0},{"count":36,"lower_bound":"MjAyNS0wNS0zMQ==","upper_bound":"MjAyNS0wOS0wMQ==","repeats":1,"ndv":0},{"count":39,"lower_bound":"MjAyNS0wOS0wNQ==","upper_bound":"MjAyNS0wOS0zMA==","repeats":1,"ndv":0},{"count":42,"lower_bound":"MjAyNS0xMC0xMQ==","upper_bound":"MjAyNS0xMS0xOQ==","repeats":1,"ndv":0},{"count":45,"lower_bound":"MjAyNS0xMS0yNg==","upper_bound":"MjAyNS0xMi0wOA==","repeats":1,"ndv":0},{"count":48,"lower_bound":"MjAyNS0xMi0xMQ==","upper_bound":"MjAyNi0wMi0xNQ==","repeats":1,"ndv":0},{"count":51,"lower_bound":"MjAyNi0wMi0yOA==","upper_bound":"MjAyNi0wNC0yMg==","repeats":1,"ndv":0},{"count":54,"lower_bound":"MjAyNi0wNS0wMQ==","upper_bound":"MjAyNi0wNi0wMw==","repeats":1,"ndv":0},{"count":57,"lower_bound":"MjAyNi0wNi0yNg==","upper_bound":"MjAyNi0wOC0wMw==","repeats":1,"ndv":0},{"count":60,"lower_bound":"MjAyNi0wOC0wOA==","upper_bound":"MjAyNi0xMC0xMg==","repeats":1,"ndv":0},{"count":62,"lower_bound":"MjAyNi0xMC0yMw==","upper_bound":"MjAyNi0xMS0wNg==","repeats":1,"ndv":0}]},"cm_sketch":{"top_n":[{"data":"BBmxxgAAAAAA","count":2},{"data":"BBm0lgAAAAAA","count":2}],"default_value":0},"fm_sketch":null,"stats_ver":2,"null_count":0,"tot_col_size":528,"last_update_version":464040838442778672,"correlation":-0.06218557561841144},"id":{"histogram":{"ndv":66,"buckets":[{"count":3,"lower_bound":"NTQy","upper_bound":"NTQ3","repeats":1,"ndv":0},{"count":6,"lower_bound":"NTQ4","upper_bound":"NTUw","repeats":1,"ndv":0},{"count":9,"lower_bound":"NTUx","upper_bound":"NTUz","repeats":1,"ndv":0},{"count":12,"lower_bound":"NTU0","upper_bound":"NTU2","repeats":1,"ndv":0},{"count":15,"lower_bound":"NTU4","upper_bound":"NTYx","repeats":1,"ndv":0},{"count":18,"lower_bound":"NTYy","upper_bound":"NTY1","repeats":1,"ndv":0},{"count":21,"lower_bound":"NTY2","upper_bound":"NTcx","repeats":1,"ndv":0},{"count":24,"lower_bound":"NTcy","upper_bound":"NTc1","repeats":1,"ndv":0},{"count":27,"lower_bound":"NTc2","upper_bound":"NTgw","repeats":1,"ndv":0},{"count":30,"lower_bound":"NTgx","upper_bound":"NTgz","repeats":1,"ndv":0},{"count":33,"lower_bound":"NTg0","upper_bound":"NTg2","repeats":1,"ndv":0},{"count":36,"lower_bound":"NTg3","upper_bound":"NTg5","repeats":1,"ndv":0},{"count":39,"lower_bound":"NTkw","upper_bound":"NTky","repeats":1,"ndv":0},{"count":42,"lower_bound":"NTkz","upper_bound":"NTk1","repeats":1,"ndv":0},{"count":45,"lower_bound":"NTk2","upper_bound":"NTk4","repeats":1,"ndv":0},{"count":48,"lower_bound":"NTk5","upper_bound":"NjAx","repeats":1,"ndv":0},{"count":51,"lower_bound":"NjAy","upper_bound":"NjA0","repeats":1,"ndv":0},{"count":54,"lower_bound":"NjA1","upper_bound":"NjA3","repeats":1,"ndv":0},{"count":57,"lower_bound":"NjA4","upper_bound":"NjEw","repeats":1,"ndv":0},{"count":60,"lower_bound":"NjEx","upper_bound":"NjEz","repeats":1,"ndv":0},{"count":63,"lower_bound":"NjE0","upper_bound":"NjE2","repeats":1,"ndv":0},{"count":66,"lower_bound":"NjE3","upper_bound":"NjE5","repeats":1,"ndv":0}]},"cm_sketch":null,"fm_sketch":null,"stats_ver":2,"null_count":0,"tot_col_size":528,"last_update_version":464040838442778672,"correlation":1}},"indices":{"idx_c0_14":{"histogram":{"ndv":66,"buckets":[{"count":3,"lower_bound":"Bb/6FHrgAAAA","upper_bound":"BcAcUeuAAAAA","repeats":1,"ndv":0},{"count":6,"lower_bound":"BcAknrhgAAAA","upper_bound":"BcAmXCkAAAAA","repeats":1,"ndv":0},{"count":9,"lower_bound":"BcApZmZgAAAA","upper_bound":"BcArFHrgAAAA","repeats":1,"ndv":0},{"count":12,"lower_bound":"BcAwHCkAAAAA","upper_bound":"BcA21HrgAAAA","repeats":1,"ndv":0},{"count":15,"lower_bound":"BcA29cKAAAAA","upper_bound":"BcA5UeuAAAAA","repeats":1,"ndv":0},{"count":18,"lower_bound":"BcA5pmZgAAAA","upper_bound":"BcA6TMzAAAAA","repeats":1,"ndv":0},{"count":21,"lower_bound":"BcA6YUegAAAA","upper_bound":"BcA7o9cAAAAA","repeats":1,"ndv":0},{"count":24,"lower_bound":"BcA7tcKAAAAA","upper_bound":"BcBBBR7AAAAA","repeats":1,"ndv":0},{"count":27,"lower_bound":"BcBCRR7AAAAA","upper_bound":"BcBEeZmgAAAA","repeats":1,"ndv":0},{"count":30,"lower_bound":"BcBEpmZgAAAA","upper_bound":"BcBFFcKAAAAA","repeats":1,"ndv":0},{"count":33,"lower_bound":"BcBGQUegAAAA","upper_bound":"BcBI4UegAAAA","repeats":1,"ndv":0},{"count":36,"lower_bound":"BcBJ4UegAAAA","upper_bound":"BcBNi4UgAAAA","repeats":1,"ndv":0},{"count":39,"lower_bound":"BcBPQ9cAAAAA","upper_bound":"BcBQ09cAAAAA","repeats":1,"ndv":0},{"count":42,"lower_bound":"BcBQ7MzAAAAA","upper_bound":"BcBRUUegAAAA","repeats":1,"ndv":0},{"count":45,"lower_bound":"BcBRkeuAAAAA","upper_bound":"BcBR5cKAAAAA","repeats":1,"ndv":0},{"count":48,"lower_bound":"BcBSm4UgAAAA","upper_bound":"BcBTEAAAAAAA","repeats":1,"ndv":0},{"count":51,"lower_bound":"BcBTH1wgAAAA","upper_bound":"BcBUgzNAAAAA","repeats":1,"ndv":0},{"count":54,"lower_bound":"BcBUmPXAAAAA","upper_bound":"BcBUuuFAAAAA","repeats":1,"ndv":0},{"count":57,"lower_bound":"BcBU+uFAAAAA","upper_bound":"BcBWZR7AAAAA","repeats":1,"ndv":0},{"count":60,"lower_bound":"BcBW/MzAAAAA","upper_bound":"BcBXkKPgAAAA","repeats":1,"ndv":0},{"count":63,"lower_bound":"BcBX2j2AAAAA","upper_bound":"BcBYb1wgAAAA","repeats":1,"ndv":0},{"count":66,"lower_bound":"BcBYlmZgAAAA","upper_bound":"BcBY/CkAAAAA","repeats":1,"ndv":0}]},"cm_sketch":null,"fm_sketch":null,"stats_ver":2,"null_count":0,"tot_col_size":0,"last_update_version":464040838442778672,"correlation":0},"idx_c1_3":{"histogram":{"ndv":2},"cm_sketch":{"top_n":[{"data":"A4AAAAAAAAAA","count":5},{"data":"A4AAAAAAAAAB","count":61}],"default_value":0},"fm_sketch":null,"stats_ver":2,"null_count":0,"tot_col_size":0,"last_update_version":464040838442778672,"correlation":0},"idx_c1_c6_35":{"histogram":{"ndv":65,"buckets":[{"count":3,"lower_bound":"A4AAAAAAAAAABBmwqAAAAAAA","upper_bound":"A4AAAAAAAAAABBm37gAAAAAA","repeats":1,"ndv":0},{"count":6,"lower_bound":"A4AAAAAAAAAABBm4JgAAAAAA","upper_bound":"A4AAAAAAAAABBBmvKAAAAAAA","repeats":1,"ndv":0},{"count":9,"lower_bound":"A4AAAAAAAAABBBmv8AAAAAAA","upper_bound":"A4AAAAAAAAABBBmwMgAAAAAA","repeats":1,"ndv":0},{"count":12,"lower_bound":"A4AAAAAAAAABBBmwXAAAAAAA","upper_bound":"A4AAAAAAAAABBBmwigAAAAAA","repeats":1,"ndv":0},{"count":15,"lower_bound":"A4AAAAAAAAABBBmwwgAAAAAA","upper_bound":"A4AAAAAAAAABBBmxPAAAAAAA","repeats":1,"ndv":0},{"count":18,"lower_bound":"A4AAAAAAAAABBBmxsgAAAAAA","upper_bound":"A4AAAAAAAAABBBmx5AAAAAAA","repeats":1,"ndv":0},{"count":21,"lower_bound":"A4AAAAAAAAABBBmx+AAAAAAA","upper_bound":"A4AAAAAAAAABBBmyVAAAAAAA","repeats":1,"ndv":0},{"count":24,"lower_bound":"A4AAAAAAAAABBBmy0AAAAAAA","upper_bound":"A4AAAAAAAAABBBmzDAAAAAAA","repeats":1,"ndv":0},{"count":27,"lower_bound":"A4AAAAAAAAABBBmzJgAAAAAA","upper_bound":"A4AAAAAAAAABBBmzmAAAAAAA","repeats":1,"ndv":0},{"count":30,"lower_bound":"A4AAAAAAAAABBBmzuAAAAAAA","upper_bound":"A4AAAAAAAAABBBm0ugAAAAAA","repeats":1,"ndv":0},{"count":33,"lower_bound":"A4AAAAAAAAABBBm0ygAAAAAA","upper_bound":"A4AAAAAAAAABBBm1IAAAAAAA","repeats":1,"ndv":0},{"count":36,"lower_bound":"A4AAAAAAAAABBBm1iAAAAAAA","upper_bound":"A4AAAAAAAAABBBm13gAAAAAA","repeats":1,"ndv":0},{"count":39,"lower_bound":"A4AAAAAAAAABBBm2UAAAAAAA","upper_bound":"A4AAAAAAAAABBBm2vgAAAAAA","repeats":1,"ndv":0},{"count":42,"lower_bound":"A4AAAAAAAAABBBm3SgAAAAAA","upper_bound":"A4AAAAAAAAABBBm3igAAAAAA","repeats":1,"ndv":0},{"count":45,"lower_bound":"A4AAAAAAAAABBBm3ugAAAAAA","upper_bound":"A4AAAAAAAAABBBm31gAAAAAA","repeats":1,"ndv":0},{"count":48,"lower_bound":"A4AAAAAAAAABBBm4NAAAAAAA","upper_bound":"A4AAAAAAAAABBBm4VgAAAAAA","repeats":1,"ndv":0},{"count":51,"lower_bound":"A4AAAAAAAAABBBm44AAAAAAA","upper_bound":"A4AAAAAAAAABBBm5OAAAAAAA","repeats":1,"ndv":0},{"count":54,"lower_bound":"A4AAAAAAAAABBBm5oAAAAAAA","upper_bound":"A4AAAAAAAAABBBm5wgAAAAAA","repeats":1,"ndv":0},{"count":57,"lower_bound":"A4AAAAAAAAABBBm6AgAAAAAA","upper_bound":"A4AAAAAAAAABBBm6NAAAAAAA","repeats":1,"ndv":0},{"count":60,"lower_bound":"A4AAAAAAAAABBBm6XgAAAAAA","upper_bound":"A4AAAAAAAAABBBm6kAAAAAAA","repeats":1,"ndv":0},{"count":63,"lower_bound":"A4AAAAAAAAABBBm6xAAAAAAA","upper_bound":"A4AAAAAAAAABBBm7LgAAAAAA","repeats":1,"ndv":0},{"count":64,"lower_bound":"A4AAAAAAAAABBBm7TAAAAAAA","upper_bound":"A4AAAAAAAAABBBm7TAAAAAAA","repeats":1,"ndv":0}]},"cm_sketch":{"top_n":[{"data":"A4AAAAAAAAABBBm0lgAAAAAA","count":2}],"default_value":0},"fm_sketch":null,"stats_ver":2,"null_count":0,"tot_col_size":0,"last_update_version":464040838442778672,"correlation":0},"idx_c2":{"histogram":{"ndv":66,"buckets":[{"count":3,"lower_bound":"BBmvRXmxAAAA","upper_bound":"BBmvambZAAAA","repeats":1,"ndv":0},{"count":6,"lower_bound":"BBmvqWV0AAAA","upper_bound":"BBmvuADHAAAA","repeats":1,"ndv":0},{"count":9,"lower_bound":"BBmv6r1dAAAA","upper_bound":"BBmwSh14AAAA","repeats":1,"ndv":0},{"count":12,"lower_bound":"BBmwSjYOAAAA","upper_bound":"BBmwemW7AAAA","repeats":1,"ndv":0},{"count":15,"lower_bound":"BBmwg1YFAAAA","upper_bound":"BBmwxBftAAAA","repeats":1,"ndv":0},{"count":18,"lower_bound":"BBmw3o1gAAAA","upper_bound":"BBmxS2PoAAAA","repeats":1,"ndv":0},{"count":21,"lower_bound":"BBmx1LywAAAA","upper_bound":"BBmyZrklAAAA","repeats":1,"ndv":0},{"count":24,"lower_bound":"BBmylCmHAAAA","upper_bound":"BBmzHnnvAAAA","repeats":1,"ndv":0},{"count":27,"lower_bound":"BBmzOWRgAAAA","upper_bound":"BBmzYR5DAAAA","repeats":1,"ndv":0},{"count":30,"lower_bound":"BBmzgo6aAAAA","upper_bound":"BBmz4mOFAAAA","repeats":1,"ndv":0},{"count":33,"lower_bound":"BBm0ND4nAAAA","upper_bound":"BBm0VTGNAAAA","repeats":1,"ndv":0},{"count":36,"lower_bound":"BBm0ZSNdAAAA","upper_bound":"BBm0hjyJAAAA","repeats":1,"ndv":0},{"count":39,"lower_bound":"BBm0ioOmAAAA","upper_bound":"BBm05jzkAAAA","repeats":1,"ndv":0},{"count":42,"lower_bound":"BBm1AiwRAAAA","upper_bound":"BBm1HKoAAAAA","repeats":1,"ndv":0},{"count":45,"lower_bound":"BBm1PFpAAAAA","upper_bound":"BBm17rbsAAAA","repeats":1,"ndv":0},{"count":48,"lower_bound":"BBm202PnAAAA","upper_bound":"BBm3MVinAAAA","repeats":1,"ndv":0},{"count":51,"lower_bound":"BBm3lDrcAAAA","upper_bound":"BBm4+jk0AAAA","repeats":1,"ndv":0},{"count":54,"lower_bound":"BBm5GJPVAAAA","upper_bound":"BBm5pojXAAAA","repeats":1,"ndv":0},{"count":57,"lower_bound":"BBm512kvAAAA","upper_bound":"BBm6RX3DAAAA","repeats":1,"ndv":0},{"count":60,"lower_bound":"BBm6TvU0AAAA","upper_bound":"BBm6tkiYAAAA","repeats":1,"ndv":0},{"count":63,"lower_bound":"BBm6uNYwAAAA","upper_bound":"BBm7VDQ1AAAA","repeats":1,"ndv":0},{"count":66,"lower_bound":"BBm7fD3AAAAA","upper_bound":"BBm7pVYYAAAA","repeats":1,"ndv":0}]},"cm_sketch":null,"fm_sketch":null,"stats_ver":2,"null_count":0,"tot_col_size":0,"last_update_version":464040838442778672,"correlation":0},"idx_c2_c0_c5_30":{"histogram":{"ndv":66,"buckets":[{"count":3,"lower_bound":"BBmvRXmxAAAABcBQRmZgAAAAA4AAAAAAAAAB","upper_bound":"BBmvambZAAAABb/6FHrgAAAAA4AAAAAAAAAB","repeats":1,"ndv":0},{"count":6,"lower_bound":"BBmvqWV0AAAABcBWZR7AAAAAA4AAAAAAAAAB","upper_bound":"BBmvuADHAAAABcBPQ9cAAAAAA4AAAAAAAAAA","repeats":1,"ndv":0},{"count":9,"lower_bound":"BBmv6r1dAAAABcBR5cKAAAAAA4AAAAAAAAAA","upper_bound":"BBmwSh14AAAABcBYlmZgAAAAA4AAAAAAAAAA","repeats":1,"ndv":0},{"count":12,"lower_bound":"BBmwSjYOAAAABcAcUeuAAAAAA4AAAAAAAAAB","upper_bound":"BBmwemW7AAAABcBXhR7AAAAAA4AAAAAAAAAA","repeats":1,"ndv":0},{"count":15,"lower_bound":"BBmwg1YFAAAABcBKh64gAAAAA4AAAAAAAAAB","upper_bound":"BBmwxBftAAAABcBUgzNAAAAAA4AAAAAAAAAA","repeats":1,"ndv":0},{"count":18,"lower_bound":"BBmw3o1gAAAABcBRmZmgAAAAA4AAAAAAAAAB","upper_bound":"BBmxS2PoAAAABcA6YUegAAAAA4AAAAAAAAAA","repeats":1,"ndv":0},{"count":21,"lower_bound":"BBmx1LywAAAABcBTH1wgAAAAA4AAAAAAAAAB","upper_bound":"BBmyZrklAAAABcBE0euAAAAAA4AAAAAAAAAA","repeats":1,"ndv":0},{"count":24,"lower_bound":"BBmylCmHAAAABcA7EeuAAAAAA4AAAAAAAAAB","upper_bound":"BBmzHnnvAAAABcA7o9cAAAAAA4AAAAAAAAAA","repeats":1,"ndv":0},{"count":27,"lower_bound":"BBmzOWRgAAAABcBFFcKAAAAAA4AAAAAAAAAB","upper_bound":"BBmzYR5DAAAABcBU+uFAAAAAA4AAAAAAAAAA","repeats":1,"ndv":0},{"count":30,"lower_bound":"BBmzgo6aAAAABcAXzMzAAAAAA4AAAAAAAAAA","upper_bound":"BBmz4mOFAAAABcA5pmZgAAAAA4AAAAAAAAAA","repeats":1,"ndv":0},{"count":33,"lower_bound":"BBm0ND4nAAAABcBDeZmgAAAAA4AAAAAAAAAB","upper_bound":"BBm0VTGNAAAABcBW/MzAAAAAA4AAAAAAAAAB","repeats":1,"ndv":0},{"count":36,"lower_bound":"BBm0ZSNdAAAABcAqij2AAAAAA4AAAAAAAAAB","upper_bound":"BBm0hjyJAAAABcA7tcKAAAAAA4AAAAAAAAAA","repeats":1,"ndv":0},{"count":39,"lower_bound":"BBm0ioOmAAAABcBRUUegAAAAA4AAAAAAAAAB","upper_bound":"BBm05jzkAAAABcBQ7MzAAAAAA4AAAAAAAAAA","repeats":1,"ndv":0},{"count":42,"lower_bound":"BBm1AiwRAAAABcBGQUegAAAAA4AAAAAAAAAB","upper_bound":"BBm1HKoAAAAABcA5UeuAAAAAA4AAAAAAAAAB","repeats":1,"ndv":0},{"count":45,"lower_bound":"BBm1PFpAAAAABcA6TMzAAAAAA4AAAAAAAAAB","upper_bound":"BBm17rbsAAAABcAkuFHgAAAAA4AAAAAAAAAB","repeats":1,"ndv":0},{"count":48,"lower_bound":"BBm202PnAAAABcAmXCkAAAAAA4AAAAAAAAAB","upper_bound":"BBm3MVinAAAABcBTKuFAAAAAA4AAAAAAAAAA","repeats":1,"ndv":0},{"count":51,"lower_bound":"BBm3lDrcAAAABcApZmZgAAAAA4AAAAAAAAAB","upper_bound":"BBm4+jk0AAAABcBUszNAAAAAA4AAAAAAAAAA","repeats":1,"ndv":0},{"count":54,"lower_bound":"BBm5GJPVAAAABcBXkKPgAAAAA4AAAAAAAAAA","upper_bound":"BBm5pojXAAAABcBTEAAAAAAAA4AAAAAAAAAA","repeats":1,"ndv":0},{"count":57,"lower_bound":"BBm512kvAAAABcBEpmZgAAAAA4AAAAAAAAAB","upper_bound":"BBm6RX3DAAAABcBUuuFAAAAAA4AAAAAAAAAA","repeats":1,"ndv":0},{"count":60,"lower_bound":"BBm6TvU0AAAABcBWQeuAAAAAA4AAAAAAAAAB","upper_bound":"BBm6tkiYAAAABcA29cKAAAAAA4AAAAAAAAAB","repeats":1,"ndv":0},{"count":63,"lower_bound":"BBm6uNYwAAAABcBS564gAAAAA4AAAAAAAAAB","upper_bound":"BBm7VDQ1AAAABcBGYo9gAAAAA4AAAAAAAAAB","repeats":1,"ndv":0},{"count":66,"lower_bound":"BBm7fD3AAAAABcBYb1wgAAAAA4AAAAAAAAAB","upper_bound":"BBm7pVYYAAAABcBCRR7AAAAAA4AAAAAAAAAA","repeats":1,"ndv":0}]},"cm_sketch":null,"fm_sketch":null,"stats_ver":2,"null_count":0,"tot_col_size":0,"last_update_version":464040838442778672,"correlation":0},"idx_c2_c3_c6_25":{"histogram":{"ndv":66,"buckets":[{"count":3,"lower_bound":"BBmvRXmxAAAABBmxSuXzAAAABBmzDAAAAAAA","upper_bound":"BBmvambZAAAABBm3eRQFAAAABBm6hgAAAAAA","repeats":1,"ndv":0},{"count":6,"lower_bound":"BBmvqWV0AAAABBmvkPUgAAAABBmxPAAAAAAA","upper_bound":"BBmvuADHAAAABBm57xK6AAAABBmxxgAAAAAA","repeats":1,"ndv":0},{"count":9,"lower_bound":"BBmv6r1dAAAABBmyVscrAAAABBmzBgAAAAAA","upper_bound":"BBmwSh14AAAABBm2C0dtAAAABBmvKAAAAAAA","repeats":1,"ndv":0},{"count":12,"lower_bound":"BBmwSjYOAAAABBm25qCfAAAABBm6XgAAAAAA","upper_bound":"BBmwemW7AAAABBm6lUDEAAAABBm4VgAAAAAA","repeats":1,"ndv":0},{"count":15,"lower_bound":"BBmwg1YFAAAABBmxjh4RAAAABBm6AgAAAAAA","upper_bound":"BBmwxBftAAAABBm002JNAAAABBmwqAAAAAAA","repeats":1,"ndv":0},{"count":18,"lower_bound":"BBmw3o1gAAAABBmxWqNdAAAABBm5HgAAAAAA","upper_bound":"BBmxS2PoAAAABBmzUIpLAAAABBmx5AAAAAAA","repeats":1,"ndv":0},{"count":21,"lower_bound":"BBmx1LywAAAABBm04FoKAAAABBm5wgAAAAAA","upper_bound":"BBmyZrklAAAABBm2KiHtAAAABBmwMgAAAAAA","repeats":1,"ndv":0},{"count":24,"lower_bound":"BBmylCmHAAAABBm0rvboAAAABBm6NAAAAAAA","upper_bound":"BBmzHnnvAAAABBm0ym2zAAAABBm2YAAAAAAA","repeats":1,"ndv":0},{"count":27,"lower_bound":"BBmzOWRgAAAABBm5/2mIAAAABBm3igAAAAAA","upper_bound":"BBmzYR5DAAAABBm4QqHRAAAABBm6xAAAAAAA","repeats":1,"ndv":0},{"count":30,"lower_bound":"BBmzgo6aAAAABBmy0NTBAAAABBmzmAAAAAAA","upper_bound":"BBmz4mOFAAAABBm3o3G0AAAABBm0OgAAAAAA","repeats":1,"ndv":0},{"count":33,"lower_bound":"BBm0ND4nAAAABBmzNDucAAAABBm6kAAAAAAA","upper_bound":"BBm0VTGNAAAABBm5yiCeAAAABBmxsgAAAAAA","repeats":1,"ndv":0},{"count":36,"lower_bound":"BBm0ZSNdAAAABBm7t07eAAAABBm1IAAAAAAA","upper_bound":"BBm0hjyJAAAABBmwrIwxAAAABBmzuAAAAAAA","repeats":1,"ndv":0},{"count":39,"lower_bound":"BBm0ioOmAAAABBm0gxLHAAAABBmxBAAAAAAA","upper_bound":"BBm05jzkAAAABBm6rV66AAAABBmwYAAAAAAA","repeats":1,"ndv":0},{"count":42,"lower_bound":"BBm1AiwRAAAABBmwJgapAAAABBm7GAAAAAAA","upper_bound":"BBm1HKoAAAAABBm0MoPgAAAABBmwwgAAAAAA","repeats":1,"ndv":0},{"count":45,"lower_bound":"BBm1PFpAAAAABBm5apgPAAAABBm7LgAAAAAA","upper_bound":"BBm17rbsAAAABBm7t07eAAAABBm1ugAAAAAA","repeats":1,"ndv":0},{"count":48,"lower_bound":"BBm202PnAAAABBm02OLfAAAABBm31gAAAAAA","upper_bound":"BBm3MVinAAAABBm0dLIiAAAABBm3SgAAAAAA","repeats":1,"ndv":0},{"count":51,"lower_bound":"BBm3lDrcAAAABBm7t07eAAAABBm13gAAAAAA","upper_bound":"BBm4+jk0AAAABBm2O1XuAAAABBm1BAAAAAAA","repeats":1,"ndv":0},{"count":54,"lower_bound":"BBm5GJPVAAAABBm6hMrqAAAABBm5oAAAAAAA","upper_bound":"BBm5pojXAAAABBm3CiSWAAAABBm44AAAAAAA","repeats":1,"ndv":0},{"count":57,"lower_bound":"BBm512kvAAAABBm7t07eAAAABBm4TgAAAAAA","upper_bound":"BBm6RX3DAAAABBm19jzIAAAABBmwGgAAAAAA","repeats":1,"ndv":0},{"count":60,"lower_bound":"BBm6TvU0AAAABBm4YDxMAAAABBm4NAAAAAAA","upper_bound":"BBm6tkiYAAAABBmvGRj5AAAABBm0lgAAAAAA","repeats":1,"ndv":0},{"count":63,"lower_bound":"BBm6uNYwAAAABBm7HLFxAAAABBmzKAAAAAAA","upper_bound":"BBm7VDQ1AAAABBm65RvzAAAABBmwXAAAAAAA","repeats":1,"ndv":0},{"count":66,"lower_bound":"BBm7fD3AAAAABBm7t07eAAAABBm6BgAAAAAA","upper_bound":"BBm7pVYYAAAABBmzp07VAAAABBmxxgAAAAAA","repeats":1,"ndv":0}]},"cm_sketch":null,"fm_sketch":null,"stats_ver":2,"null_count":0,"tot_col_size":0,"last_update_version":464040838442778672,"correlation":0},"idx_c3_2":{"histogram":{"ndv":58,"buckets":[{"count":3,"lower_bound":"BBmvGRj5AAAA","upper_bound":"BBmvkPUgAAAA","repeats":1,"ndv":0},{"count":6,"lower_bound":"BBmwJgapAAAA","upper_bound":"BBmxSuXzAAAA","repeats":1,"ndv":0},{"count":9,"lower_bound":"BBmxWqNdAAAA","upper_bound":"BBmxjh4RAAAA","repeats":1,"ndv":0},{"count":12,"lower_bound":"BBmx5CAKAAAA","upper_bound":"BBmy0NTBAAAA","repeats":1,"ndv":0},{"count":15,"lower_bound":"BBmzIjCcAAAA","upper_bound":"BBmzRolyAAAA","repeats":1,"ndv":0},{"count":18,"lower_bound":"BBmzUIpLAAAA","upper_bound":"BBmzp07VAAAA","repeats":1,"ndv":0},{"count":21,"lower_bound":"BBmz6BOLAAAA","upper_bound":"BBm0dLIiAAAA","repeats":1,"ndv":0},{"count":24,"lower_bound":"BBm0gxLHAAAA","upper_bound":"BBm0rvboAAAA","repeats":1,"ndv":0},{"count":27,"lower_bound":"BBm0ym2zAAAA","upper_bound":"BBm02OLfAAAA","repeats":1,"ndv":0},{"count":30,"lower_bound":"BBm04FoKAAAA","upper_bound":"BBm19jzIAAAA","repeats":1,"ndv":0},{"count":33,"lower_bound":"BBm2C0dtAAAA","upper_bound":"BBm2KiHtAAAA","repeats":1,"ndv":0},{"count":36,"lower_bound":"BBm2O1XuAAAA","upper_bound":"BBm2sKSJAAAA","repeats":1,"ndv":0},{"count":39,"lower_bound":"BBm23RJNAAAA","upper_bound":"BBm3CiSWAAAA","repeats":1,"ndv":0},{"count":42,"lower_bound":"BBm3eRQFAAAA","upper_bound":"BBm3o3G0AAAA","repeats":1,"ndv":0},{"count":45,"lower_bound":"BBm4HzXlAAAA","upper_bound":"BBm4YDxMAAAA","repeats":1,"ndv":0},{"count":48,"lower_bound":"BBm45ieyAAAA","upper_bound":"BBm5yiCeAAAA","repeats":1,"ndv":0},{"count":51,"lower_bound":"BBm57xK6AAAA","upper_bound":"BBm6hMrqAAAA","repeats":1,"ndv":0},{"count":54,"lower_bound":"BBm6lUDEAAAA","upper_bound":"BBm65RvzAAAA","repeats":1,"ndv":0},{"count":57,"lower_bound":"BBm7HLFxAAAA","upper_bound":"BBm7pD1dAAAA","repeats":1,"ndv":0}]},"cm_sketch":{"top_n":[{"data":"BBm7t07eAAAA","count":9}],"default_value":0},"fm_sketch":null,"stats_ver":2,"null_count":0,"tot_col_size":0,"last_update_version":464040838442778672,"correlation":0},"idx_c3_c6_c1_35":{"histogram":{"ndv":66,"buckets":[{"count":3,"lower_bound":"BBmvGRj5AAAABBm0lgAAAAAAA4AAAAAAAAAB","upper_bound":"BBmvkPUgAAAABBmxPAAAAAAAA4AAAAAAAAAB","repeats":1,"ndv":0},{"count":6,"lower_bound":"BBmwJgapAAAABBm7GAAAAAAAA4AAAAAAAAAB","upper_bound":"BBmxSuXzAAAABBmzDAAAAAAAA4AAAAAAAAAB","repeats":1,"ndv":0},{"count":9,"lower_bound":"BBmxWqNdAAAABBm5HgAAAAAAA4AAAAAAAAAB","upper_bound":"BBmxjh4RAAAABBm6AgAAAAAAA4AAAAAAAAAB","repeats":1,"ndv":0},{"count":12,"lower_bound":"BBmx5CAKAAAABBm4JgAAAAAAA4AAAAAAAAAA","upper_bound":"BBmy0NTBAAAABBmzmAAAAAAAA4AAAAAAAAAB","repeats":1,"ndv":0},{"count":15,"lower_bound":"BBmzIjCcAAAABBm3ggAAAAAAA4AAAAAAAAAB","upper_bound":"BBmzRolyAAAABBm1iAAAAAAAA4AAAAAAAAAB","repeats":1,"ndv":0},{"count":18,"lower_bound":"BBmzUIpLAAAABBmx5AAAAAAAA4AAAAAAAAAB","upper_bound":"BBmzp07VAAAABBmxxgAAAAAAA4AAAAAAAAAA","repeats":1,"ndv":0},{"count":21,"lower_bound":"BBmz6BOLAAAABBm0ygAAAAAAA4AAAAAAAAAB","upper_bound":"BBm0dLIiAAAABBm3SgAAAAAAA4AAAAAAAAAB","repeats":1,"ndv":0},{"count":24,"lower_bound":"BBm0gxLHAAAABBmxBAAAAAAAA4AAAAAAAAAB","upper_bound":"BBm0rvboAAAABBm6NAAAAAAAA4AAAAAAAAAB","repeats":1,"ndv":0},{"count":27,"lower_bound":"BBm0ym2zAAAABBm2YAAAAAAAA4AAAAAAAAAB","upper_bound":"BBm02OLfAAAABBm31gAAAAAAA4AAAAAAAAAB","repeats":1,"ndv":0},{"count":30,"lower_bound":"BBm04FoKAAAABBm5wgAAAAAAA4AAAAAAAAAB","upper_bound":"BBm19jzIAAAABBmwGgAAAAAAA4AAAAAAAAAB","repeats":1,"ndv":0},{"count":33,"lower_bound":"BBm2C0dtAAAABBmvKAAAAAAAA4AAAAAAAAAB","upper_bound":"BBm2KiHtAAAABBmwMgAAAAAAA4AAAAAAAAAB","repeats":1,"ndv":0},{"count":36,"lower_bound":"BBm2O1XuAAAABBm1BAAAAAAAA4AAAAAAAAAB","upper_bound":"BBm2sKSJAAAABBm37gAAAAAAA4AAAAAAAAAA","repeats":1,"ndv":0},{"count":39,"lower_bound":"BBm23RJNAAAABBmyTgAAAAAAA4AAAAAAAAAB","upper_bound":"BBm3CiSWAAAABBm44AAAAAAAA4AAAAAAAAAB","repeats":1,"ndv":0},{"count":42,"lower_bound":"BBm3eRQFAAAABBm6hgAAAAAAA4AAAAAAAAAB","upper_bound":"BBm3o3G0AAAABBm0OgAAAAAAA4AAAAAAAAAB","repeats":1,"ndv":0},{"count":45,"lower_bound":"BBm4HzXlAAAABBmzJgAAAAAAA4AAAAAAAAAB","upper_bound":"BBm4YDxMAAAABBm4NAAAAAAAA4AAAAAAAAAB","repeats":1,"ndv":0},{"count":48,"lower_bound":"BBm45ieyAAAABBm2vgAAAAAAA4AAAAAAAAAB","upper_bound":"BBm5yiCeAAAABBmxsgAAAAAAA4AAAAAAAAAB","repeats":1,"ndv":0},{"count":51,"lower_bound":"BBm57xK6AAAABBmxxgAAAAAAA4AAAAAAAAAB","upper_bound":"BBm6hMrqAAAABBm5oAAAAAAAA4AAAAAAAAAB","repeats":1,"ndv":0},{"count":54,"lower_bound":"BBm6lUDEAAAABBm4VgAAAAAAA4AAAAAAAAAB","upper_bound":"BBm65RvzAAAABBmwXAAAAAAAA4AAAAAAAAAB","repeats":1,"ndv":0},{"count":57,"lower_bound":"BBm7HLFxAAAABBmzKAAAAAAAA4AAAAAAAAAB","upper_bound":"BBm7pD1dAAAABBmy0AAAAAAAA4AAAAAAAAAB","repeats":1,"ndv":0},{"count":60,"lower_bound":"BBm7t07eAAAABBmwigAAAAAAA4AAAAAAAAAB","upper_bound":"BBm7t07eAAAABBmyVAAAAAAAA4AAAAAAAAAB","repeats":1,"ndv":0},{"count":63,"lower_bound":"BBm7t07eAAAABBm1IAAAAAAAA4AAAAAAAAAB","upper_bound":"BBm7t07eAAAABBm13gAAAAAAA4AAAAAAAAAB","repeats":1,"ndv":0},{"count":66,"lower_bound":"BBm7t07eAAAABBm2UAAAAAAAA4AAAAAAAAAB","upper_bound":"BBm7t07eAAAABBm6BgAAAAAAA4AAAAAAAAAB","repeats":1,"ndv":0}]},"cm_sketch":null,"fm_sketch":null,"stats_ver":2,"null_count":0,"tot_col_size":0,"last_update_version":464040838442778672,"correlation":0},"idx_c4_12":{"histogram":{"ndv":49,"buckets":[{"count":3,"lower_bound":"A4AAAAAAAAAB","upper_bound":"A4AAAAAAAAAD","repeats":1,"ndv":0},{"count":6,"lower_bound":"A4AAAAAAAAAF","upper_bound":"A4AAAAAAAAAJ","repeats":1,"ndv":0},{"count":9,"lower_bound":"A4AAAAAAAAAX","upper_bound":"A4AAAAAAAAAZ","repeats":1,"ndv":0},{"count":12,"lower_bound":"A4AAAAAAAAAa","upper_bound":"A4AAAAAAAAAh","repeats":1,"ndv":0},{"count":15,"lower_bound":"A4AAAAAAAAAj","upper_bound":"A4AAAAAAAAAp","repeats":1,"ndv":0},{"count":18,"lower_bound":"A4AAAAAAAAAr","upper_bound":"A4AAAAAAAAAu","repeats":1,"ndv":0},{"count":21,"lower_bound":"A4AAAAAAAAAv","upper_bound":"A4AAAAAAAAA1","repeats":1,"ndv":0},{"count":24,"lower_bound":"A4AAAAAAAAA3","upper_bound":"A4AAAAAAAAA8","repeats":1,"ndv":0},{"count":27,"lower_bound":"A4AAAAAAAABD","upper_bound":"A4AAAAAAAABI","repeats":1,"ndv":0},{"count":30,"lower_bound":"A4AAAAAAAABO","upper_bound":"A4AAAAAAAABS","repeats":1,"ndv":0},{"count":33,"lower_bound":"A4AAAAAAAABU","upper_bound":"A4AAAAAAAABX","repeats":1,"ndv":0},{"count":35,"lower_bound":"A4AAAAAAAABa","upper_bound":"A4AAAAAAAABc","repeats":1,"ndv":0}]},"cm_sketch":{"top_n":[{"data":"A4AAAAAAAAAE","count":2},{"data":"A4AAAAAAAAAO","count":2},{"data":"A4AAAAAAAAAS","count":2},{"data":"A4AAAAAAAAAU","count":2},{"data":"A4AAAAAAAAAW","count":2},{"data":"A4AAAAAAAAAf","count":2},{"data":"A4AAAAAAAAAm","count":2},{"data":"A4AAAAAAAAA2","count":2},{"data":"A4AAAAAAAAA/","count":4},{"data":"A4AAAAAAAABH","count":2},{"data":"A4AAAAAAAABK","count":2},{"data":"A4AAAAAAAABN","count":3},{"data":"A4AAAAAAAABY","count":2},{"data":"A4AAAAAAAABd","count":2}],"default_value":0},"fm_sketch":null,"stats_ver":2,"null_count":0,"tot_col_size":0,"last_update_version":464040838442778672,"correlation":0},"idx_c5":{"histogram":{"ndv":2},"cm_sketch":{"top_n":[{"data":"A4AAAAAAAAAA","count":31},{"data":"A4AAAAAAAAAB","count":35}],"default_value":0},"fm_sketch":null,"stats_ver":2,"null_count":0,"tot_col_size":0,"last_update_version":464040838442778672,"correlation":0},"idx_c5_c1_c6_28":{"histogram":{"ndv":65,"buckets":[{"count":3,"lower_bound":"A4AAAAAAAAAAA4AAAAAAAAAABBmwqAAAAAAA","upper_bound":"A4AAAAAAAAAAA4AAAAAAAAAABBm4UAAAAAAA","repeats":1,"ndv":0},{"count":6,"lower_bound":"A4AAAAAAAAAAA4AAAAAAAAABBBmvKAAAAAAA","upper_bound":"A4AAAAAAAAAAA4AAAAAAAAABBBmwGgAAAAAA","repeats":1,"ndv":0},{"count":9,"lower_bound":"A4AAAAAAAAAAA4AAAAAAAAABBBmwMgAAAAAA","upper_bound":"A4AAAAAAAAAAA4AAAAAAAAABBBmxxgAAAAAA","repeats":1,"ndv":0},{"count":12,"lower_bound":"A4AAAAAAAAAAA4AAAAAAAAABBBmx5AAAAAAA","upper_bound":"A4AAAAAAAAAAA4AAAAAAAAABBBmyTgAAAAAA","repeats":1,"ndv":0},{"count":15,"lower_bound":"A4AAAAAAAAAAA4AAAAAAAAABBBmy0AAAAAAA","upper_bound":"A4AAAAAAAAAAA4AAAAAAAAABBBmzJgAAAAAA","repeats":1,"ndv":0},{"count":18,"lower_bound":"A4AAAAAAAAAAA4AAAAAAAAABBBmzmAAAAAAA","upper_bound":"A4AAAAAAAAAAA4AAAAAAAAABBBm0OgAAAAAA","repeats":1,"ndv":0},{"count":21,"lower_bound":"A4AAAAAAAAAAA4AAAAAAAAABBBm0ugAAAAAA","upper_bound":"A4AAAAAAAAAAA4AAAAAAAAABBBm1BAAAAAAA","repeats":1,"ndv":0},{"count":24,"lower_bound":"A4AAAAAAAAAAA4AAAAAAAAABBBm2YAAAAAAA","upper_bound":"A4AAAAAAAAAAA4AAAAAAAAABBBm3ggAAAAAA","repeats":1,"ndv":0},{"count":27,"lower_bound":"A4AAAAAAAAAAA4AAAAAAAAABBBm3ugAAAAAA","upper_bound":"A4AAAAAAAAAAA4AAAAAAAAABBBm44AAAAAAA","repeats":1,"ndv":0},{"count":30,"lower_bound":"A4AAAAAAAAAAA4AAAAAAAAABBBm5OAAAAAAA","upper_bound":"A4AAAAAAAAAAA4AAAAAAAAABBBm5rAAAAAAA","repeats":1,"ndv":0},{"count":33,"lower_bound":"A4AAAAAAAAAAA4AAAAAAAAABBBm6xAAAAAAA","upper_bound":"A4AAAAAAAAABA4AAAAAAAAAABBm4JgAAAAAA","repeats":1,"ndv":0},{"count":36,"lower_bound":"A4AAAAAAAAABA4AAAAAAAAABBBmwXAAAAAAA","upper_bound":"A4AAAAAAAAABA4AAAAAAAAABBBmwwgAAAAAA","repeats":1,"ndv":0},{"count":39,"lower_bound":"A4AAAAAAAAABA4AAAAAAAAABBBmxBAAAAAAA","upper_bound":"A4AAAAAAAAABA4AAAAAAAAABBBmxsgAAAAAA","repeats":1,"ndv":0},{"count":42,"lower_bound":"A4AAAAAAAAABA4AAAAAAAAABBBmyVAAAAAAA","upper_bound":"A4AAAAAAAAABA4AAAAAAAAABBBmzKAAAAAAA","repeats":1,"ndv":0},{"count":45,"lower_bound":"A4AAAAAAAAABA4AAAAAAAAABBBm1IAAAAAAA","upper_bound":"A4AAAAAAAAABA4AAAAAAAAABBBm1ugAAAAAA","repeats":1,"ndv":0},{"count":48,"lower_bound":"A4AAAAAAAAABA4AAAAAAAAABBBm13gAAAAAA","upper_bound":"A4AAAAAAAAABA4AAAAAAAAABBBm2vgAAAAAA","repeats":1,"ndv":0},{"count":51,"lower_bound":"A4AAAAAAAAABA4AAAAAAAAABBBm3igAAAAAA","upper_bound":"A4AAAAAAAAABA4AAAAAAAAABBBm31gAAAAAA","repeats":1,"ndv":0},{"count":54,"lower_bound":"A4AAAAAAAAABA4AAAAAAAAABBBm4NAAAAAAA","upper_bound":"A4AAAAAAAAABA4AAAAAAAAABBBm5HgAAAAAA","repeats":1,"ndv":0},{"count":57,"lower_bound":"A4AAAAAAAAABA4AAAAAAAAABBBm5wgAAAAAA","upper_bound":"A4AAAAAAAAABA4AAAAAAAAABBBm6BgAAAAAA","repeats":1,"ndv":0},{"count":60,"lower_bound":"A4AAAAAAAAABA4AAAAAAAAABBBm6NAAAAAAA","upper_bound":"A4AAAAAAAAABA4AAAAAAAAABBBm6hgAAAAAA","repeats":1,"ndv":0},{"count":63,"lower_bound":"A4AAAAAAAAABA4AAAAAAAAABBBm6kAAAAAAA","upper_bound":"A4AAAAAAAAABA4AAAAAAAAABBBm7LgAAAAAA","repeats":1,"ndv":0},{"count":64,"lower_bound":"A4AAAAAAAAABA4AAAAAAAAABBBm7TAAAAAAA","upper_bound":"A4AAAAAAAAABA4AAAAAAAAABBBm7TAAAAAAA","repeats":1,"ndv":0}]},"cm_sketch":{"top_n":[{"data":"A4AAAAAAAAABA4AAAAAAAAABBBm0lgAAAAAA","count":2}],"default_value":0},"fm_sketch":null,"stats_ver":2,"null_count":0,"tot_col_size":0,"last_update_version":464040838442778672,"correlation":0},"idx_c6":{"histogram":{"ndv":64,"buckets":[{"count":3,"lower_bound":"BBmvKAAAAAAA","upper_bound":"BBmwGgAAAAAA","repeats":1,"ndv":0},{"count":6,"lower_bound":"BBmwMgAAAAAA","upper_bound":"BBmwYAAAAAAA","repeats":1,"ndv":0},{"count":9,"lower_bound":"BBmwigAAAAAA","upper_bound":"BBmwwgAAAAAA","repeats":1,"ndv":0},{"count":12,"lower_bound":"BBmxBAAAAAAA","upper_bound":"BBmxsgAAAAAA","repeats":1,"ndv":0},{"count":15,"lower_bound":"BBmx5AAAAAAA","upper_bound":"BBmyTgAAAAAA","repeats":1,"ndv":0},{"count":18,"lower_bound":"BBmyVAAAAAAA","upper_bound":"BBmzBgAAAAAA","repeats":1,"ndv":0},{"count":21,"lower_bound":"BBmzDAAAAAAA","upper_bound":"BBmzKAAAAAAA","repeats":1,"ndv":0},{"count":24,"lower_bound":"BBmzmAAAAAAA","upper_bound":"BBm0OgAAAAAA","repeats":1,"ndv":0},{"count":27,"lower_bound":"BBm0ugAAAAAA","upper_bound":"BBm1BAAAAAAA","repeats":1,"ndv":0},{"count":30,"lower_bound":"BBm1IAAAAAAA","upper_bound":"BBm1ugAAAAAA","repeats":1,"ndv":0},{"count":33,"lower_bound":"BBm13gAAAAAA","upper_bound":"BBm2YAAAAAAA","repeats":1,"ndv":0},{"count":36,"lower_bound":"BBm2vgAAAAAA","upper_bound":"BBm3ggAAAAAA","repeats":1,"ndv":0},{"count":39,"lower_bound":"BBm3igAAAAAA","upper_bound":"BBm3vAAAAAAA","repeats":1,"ndv":0},{"count":42,"lower_bound":"BBm31gAAAAAA","upper_bound":"BBm4JgAAAAAA","repeats":1,"ndv":0},{"count":45,"lower_bound":"BBm4NAAAAAAA","upper_bound":"BBm4UAAAAAAA","repeats":1,"ndv":0},{"count":48,"lower_bound":"BBm4VgAAAAAA","upper_bound":"BBm5HgAAAAAA","repeats":1,"ndv":0},{"count":51,"lower_bound":"BBm5OAAAAAAA","upper_bound":"BBm5rAAAAAAA","repeats":1,"ndv":0},{"count":54,"lower_bound":"BBm5wgAAAAAA","upper_bound":"BBm6BgAAAAAA","repeats":1,"ndv":0},{"count":57,"lower_bound":"BBm6NAAAAAAA","upper_bound":"BBm6hgAAAAAA","repeats":1,"ndv":0},{"count":60,"lower_bound":"BBm6kAAAAAAA","upper_bound":"BBm7GAAAAAAA","repeats":1,"ndv":0},{"count":62,"lower_bound":"BBm7LgAAAAAA","upper_bound":"BBm7TAAAAAAA","repeats":1,"ndv":0}]},"cm_sketch":{"top_n":[{"data":"BBmxxgAAAAAA","count":2},{"data":"BBm0lgAAAAAA","count":2}],"default_value":0},"fm_sketch":null,"stats_ver":2,"null_count":0,"tot_col_size":0,"last_update_version":464040838442778672,"correlation":0},"idx_c6_c2_33":{"histogram":{"ndv":66,"buckets":[{"count":3,"lower_bound":"BBmvKAAAAAAABBmwSh14AAAA","upper_bound":"BBmwGgAAAAAABBm6RX3DAAAA","repeats":1,"ndv":0},{"count":6,"lower_bound":"BBmwMgAAAAAABBmyZrklAAAA","upper_bound":"BBmwYAAAAAAABBm05jzkAAAA","repeats":1,"ndv":0},{"count":9,"lower_bound":"BBmwigAAAAAABBm6QpPBAAAA","upper_bound":"BBmwwgAAAAAABBm1HKoAAAAA","repeats":1,"ndv":0},{"count":12,"lower_bound":"BBmxBAAAAAAABBm0ioOmAAAA","upper_bound":"BBmxsgAAAAAABBm0VTGNAAAA","repeats":1,"ndv":0},{"count":15,"lower_bound":"BBmxxgAAAAAABBmvuADHAAAA","upper_bound":"BBmx5AAAAAAABBmxS2PoAAAA","repeats":1,"ndv":0},{"count":18,"lower_bound":"BBmx+AAAAAAABBm3sigeAAAA","upper_bound":"BBmyVAAAAAAABBm0nQ1HAAAA","repeats":1,"ndv":0},{"count":21,"lower_bound":"BBmy0AAAAAAABBmwZjf2AAAA","upper_bound":"BBmzDAAAAAAABBmvRXmxAAAA","repeats":1,"ndv":0},{"count":24,"lower_bound":"BBmzJgAAAAAABBm1CtCpAAAA","upper_bound":"BBmzmAAAAAAABBmzgo6aAAAA","repeats":1,"ndv":0},{"count":27,"lower_bound":"BBmzuAAAAAAABBm0hjyJAAAA","upper_bound":"BBm0lgAAAAAABBm6jmyZAAAA","repeats":1,"ndv":0},{"count":30,"lower_bound":"BBm0lgAAAAAABBm6tkiYAAAA","upper_bound":"BBm0ygAAAAAABBmvskMxAAAA","repeats":1,"ndv":0},{"count":33,"lower_bound":"BBm1BAAAAAAABBm4+jk0AAAA","upper_bound":"BBm1iAAAAAAABBmymDUJAAAA","repeats":1,"ndv":0},{"count":36,"lower_bound":"BBm1ugAAAAAABBm17rbsAAAA","upper_bound":"BBm2UAAAAAAABBmvTPjmAAAA","repeats":1,"ndv":0},{"count":39,"lower_bound":"BBm2YAAAAAAABBmzHnnvAAAA","upper_bound":"BBm3SgAAAAAABBm3MVinAAAA","repeats":1,"ndv":0},{"count":42,"lower_bound":"BBm3ggAAAAAABBm7nLoLAAAA","upper_bound":"BBm3ugAAAAAABBmwiK1mAAAA","repeats":1,"ndv":0},{"count":45,"lower_bound":"BBm3vAAAAAAABBm7HKTAAAAA","upper_bound":"BBm37gAAAAAABBm0P1C2AAAA","repeats":1,"ndv":0},{"count":48,"lower_bound":"BBm4JgAAAAAABBm1okYKAAAA","upper_bound":"BBm4TgAAAAAABBm512kvAAAA","repeats":1,"ndv":0},{"count":51,"lower_bound":"BBm4UAAAAAAABBmzUVa7AAAA","upper_bound":"BBm44AAAAAAABBm5pojXAAAA","repeats":1,"ndv":0},{"count":54,"lower_bound":"BBm5HgAAAAAABBmw3o1gAAAA","upper_bound":"BBm5oAAAAAAABBm5GJPVAAAA","repeats":1,"ndv":0},{"count":57,"lower_bound":"BBm5rAAAAAAABBm5MlX4AAAA","upper_bound":"BBm6AgAAAAAABBmwg1YFAAAA","repeats":1,"ndv":0},{"count":60,"lower_bound":"BBm6BgAAAAAABBm7fD3AAAAA","upper_bound":"BBm6XgAAAAAABBmwSjYOAAAA","repeats":1,"ndv":0},{"count":63,"lower_bound":"BBm6hgAAAAAABBmvambZAAAA","upper_bound":"BBm6xAAAAAAABBmzYR5DAAAA","repeats":1,"ndv":0},{"count":66,"lower_bound":"BBm7GAAAAAAABBm1AiwRAAAA","upper_bound":"BBm7TAAAAAAABBmwSIIvAAAA","repeats":1,"ndv":0}]},"cm_sketch":null,"fm_sketch":null,"stats_ver":2,"null_count":0,"tot_col_size":0,"last_update_version":464040838442778672,"correlation":0},"idx_c6_c3_c1_27":{"histogram":{"ndv":66,"buckets":[{"count":3,"lower_bound":"BBmvKAAAAAAABBm2C0dtAAAAA4AAAAAAAAAB","upper_bound":"BBmwGgAAAAAABBm19jzIAAAAA4AAAAAAAAAB","repeats":1,"ndv":0},{"count":6,"lower_bound":"BBmwMgAAAAAABBm2KiHtAAAAA4AAAAAAAAAB","upper_bound":"BBmwYAAAAAAABBm6rV66AAAAA4AAAAAAAAAB","repeats":1,"ndv":0},{"count":9,"lower_bound":"BBmwigAAAAAABBm7t07eAAAAA4AAAAAAAAAB","upper_bound":"BBmwwgAAAAAABBm0MoPgAAAAA4AAAAAAAAAB","repeats":1,"ndv":0},{"count":12,"lower_bound":"BBmxBAAAAAAABBm0gxLHAAAAA4AAAAAAAAAB","upper_bound":"BBmxsgAAAAAABBm5yiCeAAAAA4AAAAAAAAAB","repeats":1,"ndv":0},{"count":15,"lower_bound":"BBmxxgAAAAAABBmzp07VAAAAA4AAAAAAAAAA","upper_bound":"BBmx5AAAAAAABBmzUIpLAAAAA4AAAAAAAAAB","repeats":1,"ndv":0},{"count":18,"lower_bound":"BBmx+AAAAAAABBm7t07eAAAAA4AAAAAAAAAB","upper_bound":"BBmyVAAAAAAABBm7t07eAAAAA4AAAAAAAAAB","repeats":1,"ndv":0},{"count":21,"lower_bound":"BBmy0AAAAAAABBm7pD1dAAAAA4AAAAAAAAAB","upper_bound":"BBmzDAAAAAAABBmxSuXzAAAAA4AAAAAAAAAB","repeats":1,"ndv":0},{"count":24,"lower_bound":"BBmzJgAAAAAABBm4HzXlAAAAA4AAAAAAAAAB","upper_bound":"BBmzmAAAAAAABBmy0NTBAAAAA4AAAAAAAAAB","repeats":1,"ndv":0},{"count":27,"lower_bound":"BBmzuAAAAAAABBmwrIwxAAAAA4AAAAAAAAAB","upper_bound":"BBm0lgAAAAAABBmvGRj5AAAAA4AAAAAAAAAB","repeats":1,"ndv":0},{"count":30,"lower_bound":"BBm0lgAAAAAABBm2ijbzAAAAA4AAAAAAAAAB","upper_bound":"BBm0ygAAAAAABBmz6BOLAAAAA4AAAAAAAAAB","repeats":1,"ndv":0},{"count":33,"lower_bound":"BBm1BAAAAAAABBm2O1XuAAAAA4AAAAAAAAAB","upper_bound":"BBm1iAAAAAAABBmzRolyAAAAA4AAAAAAAAAB","repeats":1,"ndv":0},{"count":36,"lower_bound":"BBm1ugAAAAAABBm7t07eAAAAA4AAAAAAAAAB","upper_bound":"BBm2UAAAAAAABBm7t07eAAAAA4AAAAAAAAAB","repeats":1,"ndv":0},{"count":39,"lower_bound":"BBm2YAAAAAAABBm0ym2zAAAAA4AAAAAAAAAB","upper_bound":"BBm3SgAAAAAABBm0dLIiAAAAA4AAAAAAAAAB","repeats":1,"ndv":0},{"count":42,"lower_bound":"BBm3ggAAAAAABBmzIjCcAAAAA4AAAAAAAAAB","upper_bound":"BBm3ugAAAAAABBm7Ov6BAAAAA4AAAAAAAAAB","repeats":1,"ndv":0},{"count":45,"lower_bound":"BBm3vAAAAAAABBm3osAVAAAAA4AAAAAAAAAB","upper_bound":"BBm37gAAAAAABBm2sKSJAAAAA4AAAAAAAAAA","repeats":1,"ndv":0},{"count":48,"lower_bound":"BBm4JgAAAAAABBmx5CAKAAAAA4AAAAAAAAAA","upper_bound":"BBm4TgAAAAAABBm7t07eAAAAA4AAAAAAAAAB","repeats":1,"ndv":0},{"count":51,"lower_bound":"BBm4UAAAAAAABBmxbv7CAAAAA4AAAAAAAAAA","upper_bound":"BBm44AAAAAAABBm3CiSWAAAAA4AAAAAAAAAB","repeats":1,"ndv":0},{"count":54,"lower_bound":"BBm5HgAAAAAABBmxWqNdAAAAA4AAAAAAAAAB","upper_bound":"BBm5oAAAAAAABBm6hMrqAAAAA4AAAAAAAAAB","repeats":1,"ndv":0},{"count":57,"lower_bound":"BBm5rAAAAAAABBm0rKBAAAAAA4AAAAAAAAAB","upper_bound":"BBm6AgAAAAAABBmxjh4RAAAAA4AAAAAAAAAB","repeats":1,"ndv":0},{"count":60,"lower_bound":"BBm6BgAAAAAABBm7t07eAAAAA4AAAAAAAAAB","upper_bound":"BBm6XgAAAAAABBm25qCfAAAAA4AAAAAAAAAB","repeats":1,"ndv":0},{"count":63,"lower_bound":"BBm6hgAAAAAABBm3eRQFAAAAA4AAAAAAAAAB","upper_bound":"BBm6xAAAAAAABBm4QqHRAAAAA4AAAAAAAAAB","repeats":1,"ndv":0},{"count":66,"lower_bound":"BBm7GAAAAAAABBmwJgapAAAAA4AAAAAAAAAB","upper_bound":"BBm7TAAAAAAABBm1y0FTAAAAA4AAAAAAAAAB","repeats":1,"ndv":0}]},"cm_sketch":null,"fm_sketch":null,"stats_ver":2,"null_count":0,"tot_col_size":0,"last_update_version":464040838442778672,"correlation":0},"idx_c6_c5_35":{"histogram":{"ndv":64,"buckets":[{"count":3,"lower_bound":"BBmvKAAAAAAAA4AAAAAAAAAA","upper_bound":"BBmwGgAAAAAAA4AAAAAAAAAA","repeats":1,"ndv":0},{"count":6,"lower_bound":"BBmwMgAAAAAAA4AAAAAAAAAA","upper_bound":"BBmwYAAAAAAAA4AAAAAAAAAA","repeats":1,"ndv":0},{"count":9,"lower_bound":"BBmwigAAAAAAA4AAAAAAAAAB","upper_bound":"BBmwwgAAAAAAA4AAAAAAAAAB","repeats":1,"ndv":0},{"count":12,"lower_bound":"BBmxBAAAAAAAA4AAAAAAAAAB","upper_bound":"BBmxsgAAAAAAA4AAAAAAAAAB","repeats":1,"ndv":0},{"count":15,"lower_bound":"BBmx5AAAAAAAA4AAAAAAAAAA","upper_bound":"BBmyTgAAAAAAA4AAAAAAAAAA","repeats":1,"ndv":0},{"count":18,"lower_bound":"BBmyVAAAAAAAA4AAAAAAAAAB","upper_bound":"BBmzBgAAAAAAA4AAAAAAAAAA","repeats":1,"ndv":0},{"count":21,"lower_bound":"BBmzDAAAAAAAA4AAAAAAAAAB","upper_bound":"BBmzKAAAAAAAA4AAAAAAAAAB","repeats":1,"ndv":0},{"count":24,"lower_bound":"BBmzmAAAAAAAA4AAAAAAAAAA","upper_bound":"BBm0OgAAAAAAA4AAAAAAAAAA","repeats":1,"ndv":0},{"count":27,"lower_bound":"BBm0ugAAAAAAA4AAAAAAAAAA","upper_bound":"BBm1BAAAAAAAA4AAAAAAAAAA","repeats":1,"ndv":0},{"count":30,"lower_bound":"BBm1IAAAAAAAA4AAAAAAAAAB","upper_bound":"BBm1ugAAAAAAA4AAAAAAAAAB","repeats":1,"ndv":0},{"count":33,"lower_bound":"BBm13gAAAAAAA4AAAAAAAAAB","upper_bound":"BBm2YAAAAAAAA4AAAAAAAAAA","repeats":1,"ndv":0},{"count":36,"lower_bound":"BBm2vgAAAAAAA4AAAAAAAAAB","upper_bound":"BBm3ggAAAAAAA4AAAAAAAAAA","repeats":1,"ndv":0},{"count":39,"lower_bound":"BBm3igAAAAAAA4AAAAAAAAAB","upper_bound":"BBm3vAAAAAAAA4AAAAAAAAAB","repeats":1,"ndv":0},{"count":42,"lower_bound":"BBm31gAAAAAAA4AAAAAAAAAB","upper_bound":"BBm4JgAAAAAAA4AAAAAAAAAB","repeats":1,"ndv":0},{"count":45,"lower_bound":"BBm4NAAAAAAAA4AAAAAAAAAB","upper_bound":"BBm4UAAAAAAAA4AAAAAAAAAA","repeats":1,"ndv":0},{"count":48,"lower_bound":"BBm4VgAAAAAAA4AAAAAAAAAA","upper_bound":"BBm5HgAAAAAAA4AAAAAAAAAB","repeats":1,"ndv":0},{"count":51,"lower_bound":"BBm5OAAAAAAAA4AAAAAAAAAA","upper_bound":"BBm5rAAAAAAAA4AAAAAAAAAA","repeats":1,"ndv":0},{"count":54,"lower_bound":"BBm5wgAAAAAAA4AAAAAAAAAB","upper_bound":"BBm6BgAAAAAAA4AAAAAAAAAB","repeats":1,"ndv":0},{"count":57,"lower_bound":"BBm6NAAAAAAAA4AAAAAAAAAB","upper_bound":"BBm6hgAAAAAAA4AAAAAAAAAB","repeats":1,"ndv":0},{"count":60,"lower_bound":"BBm6kAAAAAAAA4AAAAAAAAAB","upper_bound":"BBm7GAAAAAAAA4AAAAAAAAAB","repeats":1,"ndv":0},{"count":62,"lower_bound":"BBm7LgAAAAAAA4AAAAAAAAAB","upper_bound":"BBm7TAAAAAAAA4AAAAAAAAAB","repeats":1,"ndv":0}]},"cm_sketch":{"top_n":[{"data":"BBmxxgAAAAAAA4AAAAAAAAAA","count":2},{"data":"BBm0lgAAAAAAA4AAAAAAAAAB","count":2}],"default_value":0},"fm_sketch":null,"stats_ver":2,"null_count":0,"tot_col_size":0,"last_update_version":464040838442778672,"correlation":0},"idx_c6_c5_c3_35":{"histogram":{"ndv":66,"buckets":[{"count":3,"lower_bound":"BBmvKAAAAAAAA4AAAAAAAAAABBm2C0dtAAAA","upper_bound":"BBmwGgAAAAAAA4AAAAAAAAAABBm19jzIAAAA","repeats":1,"ndv":0},{"count":6,"lower_bound":"BBmwMgAAAAAAA4AAAAAAAAAABBm2KiHtAAAA","upper_bound":"BBmwYAAAAAAAA4AAAAAAAAAABBm6rV66AAAA","repeats":1,"ndv":0},{"count":9,"lower_bound":"BBmwigAAAAAAA4AAAAAAAAABBBm7t07eAAAA","upper_bound":"BBmwwgAAAAAAA4AAAAAAAAABBBm0MoPgAAAA","repeats":1,"ndv":0},{"count":12,"lower_bound":"BBmxBAAAAAAAA4AAAAAAAAABBBm0gxLHAAAA","upper_bound":"BBmxsgAAAAAAA4AAAAAAAAABBBm5yiCeAAAA","repeats":1,"ndv":0},{"count":15,"lower_bound":"BBmxxgAAAAAAA4AAAAAAAAAABBmzp07VAAAA","upper_bound":"BBmx5AAAAAAAA4AAAAAAAAAABBmzUIpLAAAA","repeats":1,"ndv":0},{"count":18,"lower_bound":"BBmx+AAAAAAAA4AAAAAAAAAABBm7t07eAAAA","upper_bound":"BBmyVAAAAAAAA4AAAAAAAAABBBm7t07eAAAA","repeats":1,"ndv":0},{"count":21,"lower_bound":"BBmy0AAAAAAAA4AAAAAAAAAABBm7pD1dAAAA","upper_bound":"BBmzDAAAAAAAA4AAAAAAAAABBBmxSuXzAAAA","repeats":1,"ndv":0},{"count":24,"lower_bound":"BBmzJgAAAAAAA4AAAAAAAAAABBm4HzXlAAAA","upper_bound":"BBmzmAAAAAAAA4AAAAAAAAAABBmy0NTBAAAA","repeats":1,"ndv":0},{"count":27,"lower_bound":"BBmzuAAAAAAAA4AAAAAAAAAABBmwrIwxAAAA","upper_bound":"BBm0lgAAAAAAA4AAAAAAAAABBBmvGRj5AAAA","repeats":1,"ndv":0},{"count":30,"lower_bound":"BBm0lgAAAAAAA4AAAAAAAAABBBm2ijbzAAAA","upper_bound":"BBm0ygAAAAAAA4AAAAAAAAAABBmz6BOLAAAA","repeats":1,"ndv":0},{"count":33,"lower_bound":"BBm1BAAAAAAAA4AAAAAAAAAABBm2O1XuAAAA","upper_bound":"BBm1iAAAAAAAA4AAAAAAAAABBBmzRolyAAAA","repeats":1,"ndv":0},{"count":36,"lower_bound":"BBm1ugAAAAAAA4AAAAAAAAABBBm7t07eAAAA","upper_bound":"BBm2UAAAAAAAA4AAAAAAAAABBBm7t07eAAAA","repeats":1,"ndv":0},{"count":39,"lower_bound":"BBm2YAAAAAAAA4AAAAAAAAAABBm0ym2zAAAA","upper_bound":"BBm3SgAAAAAAA4AAAAAAAAAABBm0dLIiAAAA","repeats":1,"ndv":0},{"count":42,"lower_bound":"BBm3ggAAAAAAA4AAAAAAAAAABBmzIjCcAAAA","upper_bound":"BBm3ugAAAAAAA4AAAAAAAAAABBm7Ov6BAAAA","repeats":1,"ndv":0},{"count":45,"lower_bound":"BBm3vAAAAAAAA4AAAAAAAAABBBm3osAVAAAA","upper_bound":"BBm37gAAAAAAA4AAAAAAAAABBBm2sKSJAAAA","repeats":1,"ndv":0},{"count":48,"lower_bound":"BBm4JgAAAAAAA4AAAAAAAAABBBmx5CAKAAAA","upper_bound":"BBm4TgAAAAAAA4AAAAAAAAABBBm7t07eAAAA","repeats":1,"ndv":0},{"count":51,"lower_bound":"BBm4UAAAAAAAA4AAAAAAAAAABBmxbv7CAAAA","upper_bound":"BBm44AAAAAAAA4AAAAAAAAAABBm3CiSWAAAA","repeats":1,"ndv":0},{"count":54,"lower_bound":"BBm5HgAAAAAAA4AAAAAAAAABBBmxWqNdAAAA","upper_bound":"BBm5oAAAAAAAA4AAAAAAAAAABBm6hMrqAAAA","repeats":1,"ndv":0},{"count":57,"lower_bound":"BBm5rAAAAAAAA4AAAAAAAAAABBm0rKBAAAAA","upper_bound":"BBm6AgAAAAAAA4AAAAAAAAABBBmxjh4RAAAA","repeats":1,"ndv":0},{"count":60,"lower_bound":"BBm6BgAAAAAAA4AAAAAAAAABBBm7t07eAAAA","upper_bound":"BBm6XgAAAAAAA4AAAAAAAAABBBm25qCfAAAA","repeats":1,"ndv":0},{"count":63,"lower_bound":"BBm6hgAAAAAAA4AAAAAAAAABBBm3eRQFAAAA","upper_bound":"BBm6xAAAAAAAA4AAAAAAAAAABBm4QqHRAAAA","repeats":1,"ndv":0},{"count":66,"lower_bound":"BBm7GAAAAAAAA4AAAAAAAAABBBmwJgapAAAA","upper_bound":"BBm7TAAAAAAAA4AAAAAAAAABBBm1y0FTAAAA","repeats":1,"ndv":0}]},"cm_sketch":null,"fm_sketch":null,"stats_ver":2,"null_count":0,"tot_col_size":0,"last_update_version":464040838442778672,"correlation":0},"idx_id_6":{"histogram":{"ndv":66,"buckets":[{"count":3,"lower_bound":"A4AAAAAAAAIe","upper_bound":"A4AAAAAAAAIj","repeats":1,"ndv":0},{"count":6,"lower_bound":"A4AAAAAAAAIk","upper_bound":"A4AAAAAAAAIm","repeats":1,"ndv":0},{"count":9,"lower_bound":"A4AAAAAAAAIn","upper_bound":"A4AAAAAAAAIp","repeats":1,"ndv":0},{"count":12,"lower_bound":"A4AAAAAAAAIq","upper_bound":"A4AAAAAAAAIs","repeats":1,"ndv":0},{"count":15,"lower_bound":"A4AAAAAAAAIu","upper_bound":"A4AAAAAAAAIx","repeats":1,"ndv":0},{"count":18,"lower_bound":"A4AAAAAAAAIy","upper_bound":"A4AAAAAAAAI1","repeats":1,"ndv":0},{"count":21,"lower_bound":"A4AAAAAAAAI2","upper_bound":"A4AAAAAAAAI7","repeats":1,"ndv":0},{"count":24,"lower_bound":"A4AAAAAAAAI8","upper_bound":"A4AAAAAAAAI/","repeats":1,"ndv":0},{"count":27,"lower_bound":"A4AAAAAAAAJA","upper_bound":"A4AAAAAAAAJE","repeats":1,"ndv":0},{"count":30,"lower_bound":"A4AAAAAAAAJF","upper_bound":"A4AAAAAAAAJH","repeats":1,"ndv":0},{"count":33,"lower_bound":"A4AAAAAAAAJI","upper_bound":"A4AAAAAAAAJK","repeats":1,"ndv":0},{"count":36,"lower_bound":"A4AAAAAAAAJL","upper_bound":"A4AAAAAAAAJN","repeats":1,"ndv":0},{"count":39,"lower_bound":"A4AAAAAAAAJO","upper_bound":"A4AAAAAAAAJQ","repeats":1,"ndv":0},{"count":42,"lower_bound":"A4AAAAAAAAJR","upper_bound":"A4AAAAAAAAJT","repeats":1,"ndv":0},{"count":45,"lower_bound":"A4AAAAAAAAJU","upper_bound":"A4AAAAAAAAJW","repeats":1,"ndv":0},{"count":48,"lower_bound":"A4AAAAAAAAJX","upper_bound":"A4AAAAAAAAJZ","repeats":1,"ndv":0},{"count":51,"lower_bound":"A4AAAAAAAAJa","upper_bound":"A4AAAAAAAAJc","repeats":1,"ndv":0},{"count":54,"lower_bound":"A4AAAAAAAAJd","upper_bound":"A4AAAAAAAAJf","repeats":1,"ndv":0},{"count":57,"lower_bound":"A4AAAAAAAAJg","upper_bound":"A4AAAAAAAAJi","repeats":1,"ndv":0},{"count":60,"lower_bound":"A4AAAAAAAAJj","upper_bound":"A4AAAAAAAAJl","repeats":1,"ndv":0},{"count":63,"lower_bound":"A4AAAAAAAAJm","upper_bound":"A4AAAAAAAAJo","repeats":1,"ndv":0},{"count":66,"lower_bound":"A4AAAAAAAAJp","upper_bound":"A4AAAAAAAAJr","repeats":1,"ndv":0}]},"cm_sketch":null,"fm_sketch":null,"stats_ver":2,"null_count":0,"tot_col_size":0,"last_update_version":464040838442778672,"correlation":0}},"partitions":null,"database_name":"shiro_fuzz_r5","table_name":"t3","ext_stats":null,"predicate_columns":[{"last_used_at":"2026-02-04 03:17:19","last_analyzed_at":"2026-02-04 03:21:57","id":1},{"last_used_at":"2026-02-04 03:17:19","last_analyzed_at":"2026-02-04 03:21:57","id":2},{"last_used_at":"2026-02-04 03:17:19","last_analyzed_at":"2026-02-04 03:21:57","id":3},{"last_used_at":"2026-02-04 03:17:19","last_analyzed_at":"2026-02-04 03:21:57","id":4},{"last_used_at":"2026-02-04 03:17:19","last_analyzed_at":"2026-02-04 03:21:57","id":5},{"last_used_at":"2026-02-04 03:17:18","last_analyzed_at":"2026-02-04 03:21:57","id":6},{"last_used_at":"2026-02-04 03:17:19","last_analyzed_at":"2026-02-04 03:21:57","id":7},{"last_used_at":"2026-02-04 03:17:19","last_analyzed_at":"2026-02-04 03:21:57","id":8}],"count":66,"modify_count":0,"version":464040838442778672,"is_historical_stats":false}