{"columns":{"c0":{"histogram":{"ndv":0},"cm_sketch":null,"fm_sketch":null,"stats_ver":2,"null_count":0,"tot_col_size":0,"last_update_version":464040838482100230,"correlation":0},"c1":{"histogram":{"ndv":0},"cm_sketch":null,"fm_sketch":null,"stats_ver":2,"null_count":0,"tot_col_size":0,"last_update_version":464040838482100230,"correlation":0},"id":{"histogram":{"ndv":0},"cm_sketch":null,"fm_sketch":null,"stats_ver":2,"null_count":0,"tot_col_size":0,"last_update_version":464040838482100230,"correlation":0}},"indices":{"idx_c0_7":{"histogram":{"ndv":0},"cm_sketch":null,"fm_sketch":null,"stats_ver":2,"null_count":0,"tot_col_size":0,"last_update_version":464040838482100230,"correlation":0},"idx_c0_c1_28":{"histogram":{"ndv":0},"cm_sketch":null,"fm_sketch":null,"stats_ver":2,"null_count":0,"tot_col_size":0,"last_update_version":464040838482100230,"correlation":0},"idx_c1_5":{"histogram":{"ndv":0},"cm_sketch":null,"fm_sketch":null,"stats_ver":2,"null_count":0,"tot_col_size":0,"last_update_version":464040838482100230,"correlation":0},"idx_c1_c0_23":{"histogram":{"ndv":0},"cm_sketch":null,"fm_sketch":null,"stats_ver":2,"null_count":0,"tot_col_size":0,"last_update_version":464040838482100230,"correlation":0},"idx_id_9":{"histogram":{"ndv":0},"cm_sketch":null,"fm_sketch":null,"stats_ver":2,"null_count":0,"tot_col_size":0,"last_update_version":464040838482100230,"correlation":0}},"partitions":null,"database_name":"shiro_fuzz_r5","table_name":"t5","ext_stats":null,"predicate_columns":[{"last_used_at":"2026-02-04 03:17:18","last_analyzed_at":"2026-02-04 03:21:57","id":3},{"last_used_at":"2026-02-04 03:17:19","last_analyzed_at":"2026-02-04 03:21:57","id":1},{"last_used_at":"2026-02-04 03:17:19","last_analyzed_at":"2026-02-04 03:21:57","id":2}],"count":0,"modify_count":0,"version":464040838482100230,"is_historical_stats":false}