{"is_historical_stats":false,"database_name":"planreplayer","table_name":"t","columns":{"a":{"histogram":{"ndv":4},"cm_sketch":{"top_n":[{"data":"A4AAAAAAAAAB","count":1},{"data":"A4AAAAAAAAAC","count":1},{"data":"A4AAAAAAAAAD","count":1},{"data":"A4AAAAAAAAAE","count":1}],"default_value":0},"fm_sketch":null,"null_count":0,"tot_col_size":8,"last_update_version":453857559778164738,"correlation":1,"stats_ver":2}},"indices":{},"ext_stats":null,"count":8,"modify_count":4,"partitions":null,"version":453857559780261888}