{"columns":{"d0":{"histogram":{"ndv":10},"cm_sketch":{"top_n":[{"data":"BBmvqgAAAAAA","count":1},{"data":"BBmvxAAAAAAA","count":1},{"data":"BBmywgAAAAAA","count":1},{"data":"BBm1GAAAAAAA","count":1},{"data":"BBm1uAAAAAAA","count":1},{"data":"BBm3aAAAAAAA","count":1},{"data":"BBm4+AAAAAAA","count":1},{"data":"BBm5hAAAAAAA","count":1},{"data":"BBm51AAAAAAA","count":1},{"data":"BBm6JgAAAAAA","count":1}],"default_value":0},"fm_sketch":null,"stats_ver":2,"null_count":0,"tot_col_size":80,"last_update_version":464040997710725154,"correlation":-0.34545454545454546},"d1":{"histogram":{"ndv":10},"cm_sketch":{"top_n":[{"data":"BcBFczMzMzMz","count":1},{"data":"BcBFg9cKPXCk","count":1},{"data":"BcBJpmZmZmZm","count":1},{"data":"BcBPWFHrhR64","count":1},{"data":"BcBShmZmZmZm","count":1},{"data":"BcBTePXCj1wp","count":1},{"data":"BcBUFmZmZmZm","count":1},{"data":"BcBUgzMzMzMz","count":1},{"data":"BcBYSFHrhR64","count":1},{"data":"BcBYUzMzMzMz","count":1}],"default_value":0},"fm_sketch":null,"stats_ver":2,"null_count":0,"tot_col_size":80,"last_update_version":464040997710725154,"correlation":0.41818181818181815},"id":{"histogram":{"ndv":10},"cm_sketch":{"top_n":[{"data":"A4AAAAAAAAAB","count":1},{"data":"A4AAAAAAAAAC","count":1},{"data":"A4AAAAAAAAAD","count":1},{"data":"A4AAAAAAAAAE","count":1},{"data":"A4AAAAAAAAAF","count":1},{"data":"A4AAAAAAAAAG","count":1},{"data":"A4AAAAAAAAAH","count":1},{"data":"A4AAAAAAAAAI","count":1},{"data":"A4AAAAAAAAAJ","count":1},{"data":"A4AAAAAAAAAK","count":1}],"default_value":0},"fm_sketch":null,"stats_ver":2,"null_count":0,"tot_col_size":80,"last_update_version":464040997710725154,"correlation":1},"k0":{"histogram":{"ndv":6},"cm_sketch":{"top_n":[{"data":"A3/////////D","count":2},{"data":"A3/////////0","count":2},{"data":"A3/////////8","count":1},{"data":"A4AAAAAAAAAL","count":2},{"data":"A4AAAAAAAABD","count":1},{"data":"A4AAAAAAAABX","count":2}],"default_value":0},"fm_sketch":null,"stats_ver":2,"null_count":0,"tot_col_size":80,"last_update_version":464040997710725154,"correlation":0.17575757575757575},"k2":{"histogram":{"ndv":10},"cm_sketch":{"top_n":[{"data":"A4AAAAAAAABg","count":1},{"data":"A4AAAAAAAADn","count":1},{"data":"A4AAAAAAAAEB","count":1},{"data":"A4AAAAAAAAEj","count":1},{"data":"A4AAAAAAAAF2","count":1},{"data":"A4AAAAAAAAGr","count":1},{"data":"A4AAAAAAAAJe","count":1},{"data":"A4AAAAAAAAKp","count":1},{"data":"A4AAAAAAAAMp","count":1},{"data":"A4AAAAAAAANH","count":1}],"default_value":0},"fm_sketch":null,"stats_ver":2,"null_count":0,"tot_col_size":80,"last_update_version":464040997710725154,"correlation":0.04242424242424243}},"indices":{},"partitions":null,"database_name":"shiro_fuzz_r8","table_name":"t3","ext_stats":null,"predicate_columns":[{"last_used_at":null,"last_analyzed_at":"2026-02-04 03:32:05","id":2},{"last_used_at":null,"last_analyzed_at":"2026-02-04 03:32:05","id":3},{"last_used_at":null,"last_analyzed_at":"2026-02-04 03:32:05","id":4},{"last_used_at":null,"last_analyzed_at":"2026-02-04 03:32:05","id":5},{"last_used_at":null,"last_analyzed_at":"2026-02-04 03:32:05","id":1}],"count":10,"modify_count":0,"version":464040997710725154,"is_historical_stats":false}