{"columns":{"d0":{"histogram":{"ndv":10},"cm_sketch":{"top_n":[{"data":"BgwCgAAAAAAb","count":1},{"data":"BgwCgAAAAAVK","count":1},{"data":"BgwCgAAAAAZA","count":1},{"data":"BgwCgAAAABgo","count":1},{"data":"BgwCgAAAACck","count":1},{"data":"BgwCgAAAADQh","count":1},{"data":"BgwCgAAAAD8B","count":1},{"data":"BgwCgAAAAD9a","count":1},{"data":"BgwCgAAAAEUP","count":1},{"data":"BgwCgAAAAEob","count":1}],"default_value":0},"fm_sketch":null,"stats_ver":2,"null_count":0,"tot_col_size":80,"last_update_version":464041002717937667,"correlation":0.3212121212121212},"d1":{"histogram":{"ndv":10},"cm_sketch":{"top_n":[{"data":"BcAuXCj1wo9c","count":1},{"data":"BcA2NcKPXCj2","count":1},{"data":"BcA7LhR64Ueu","count":1},{"data":"BcA85mZmZmZm","count":1},{"data":"BcBNhmZmZmZm","count":1},{"data":"BcBOJmZmZmZm","count":1},{"data":"BcBOuuFHrhR7","count":1},{"data":"BcBUwo9cKPXD","count":1},{"data":"BcBVBcKPXCj2","count":1},{"data":"BcBWV64UeuFI","count":1}],"default_value":0},"fm_sketch":null,"stats_ver":2,"null_count":0,"tot_col_size":80,"last_update_version":464041002717937667,"correlation":-0.09090909090909091},"id":{"histogram":{"ndv":10},"cm_sketch":{"top_n":[{"data":"A4AAAAAAAAAB","count":1},{"data":"A4AAAAAAAAAC","count":1},{"data":"A4AAAAAAAAAD","count":1},{"data":"A4AAAAAAAAAE","count":1},{"data":"A4AAAAAAAAAF","count":1},{"data":"A4AAAAAAAAAG","count":1},{"data":"A4AAAAAAAAAH","count":1},{"data":"A4AAAAAAAAAI","count":1},{"data":"A4AAAAAAAAAJ","count":1},{"data":"A4AAAAAAAAAK","count":1}],"default_value":0},"fm_sketch":null,"stats_ver":2,"null_count":0,"tot_col_size":80,"last_update_version":464041002717937667,"correlation":1},"k0":{"histogram":{"ndv":10},"cm_sketch":{"top_n":[{"data":"A3/////////D","count":1},{"data":"A3/////////s","count":1},{"data":"A3/////////0","count":1},{"data":"A3/////////8","count":1},{"data":"A4AAAAAAAAAL","count":1},{"data":"A4AAAAAAAAAO","count":1},{"data":"A4AAAAAAAAAl","count":1},{"data":"A4AAAAAAAAAx","count":1},{"data":"A4AAAAAAAABD","count":1},{"data":"A4AAAAAAAABX","count":1}],"default_value":0},"fm_sketch":null,"stats_ver":2,"null_count":0,"tot_col_size":80,"last_update_version":464041002717937667,"correlation":0.47878787878787876}},"indices":{"idx_d1_5":{"histogram":{"ndv":10},"cm_sketch":{"top_n":[{"data":"BcAuXCj1wo9c","count":1},{"data":"BcA2NcKPXCj2","count":1},{"data":"BcA7LhR64Ueu","count":1},{"data":"BcA85mZmZmZm","count":1},{"data":"BcBNhmZmZmZm","count":1},{"data":"BcBOJmZmZmZm","count":1},{"data":"BcBOuuFHrhR7","count":1},{"data":"BcBUwo9cKPXD","count":1},{"data":"BcBVBcKPXCj2","count":1},{"data":"BcBWV64UeuFI","count":1}],"default_value":0},"fm_sketch":null,"stats_ver":2,"null_count":0,"tot_col_size":0,"last_update_version":464041002717937667,"correlation":0},"idx_id_4":{"histogram":{"ndv":10},"cm_sketch":{"top_n":[{"data":"A4AAAAAAAAAB","count":1},{"data":"A4AAAAAAAAAC","count":1},{"data":"A4AAAAAAAAAD","count":1},{"data":"A4AAAAAAAAAE","count":1},{"data":"A4AAAAAAAAAF","count":1},{"data":"A4AAAAAAAAAG","count":1},{"data":"A4AAAAAAAAAH","count":1},{"data":"A4AAAAAAAAAI","count":1},{"data":"A4AAAAAAAAAJ","count":1},{"data":"A4AAAAAAAAAK","count":1}],"default_value":0},"fm_sketch":null,"stats_ver":2,"null_count":0,"tot_col_size":0,"last_update_version":464041002717937667,"correlation":0},"idx_k0_3":{"histogram":{"ndv":10},"cm_sketch":{"top_n":[{"data":"A3/////////D","count":1},{"data":"A3/////////s","count":1},{"data":"A3/////////0","count":1},{"data":"A3/////////8","count":1},{"data":"A4AAAAAAAAAL","count":1},{"data":"A4AAAAAAAAAO","count":1},{"data":"A4AAAAAAAAAl","count":1},{"data":"A4AAAAAAAAAx","count":1},{"data":"A4AAAAAAAABD","count":1},{"data":"A4AAAAAAAABX","count":1}],"default_value":0},"fm_sketch":null,"stats_ver":2,"null_count":0,"tot_col_size":0,"last_update_version":464041002717937667,"correlation":0}},"partitions":null,"database_name":"shiro_fuzz_r8","table_name":"t1","ext_stats":null,"predicate_columns":[{"last_used_at":null,"last_analyzed_at":"2026-02-04 03:32:24","id":1},{"last_used_at":null,"last_analyzed_at":"2026-02-04 03:32:24","id":2},{"last_used_at":null,"last_analyzed_at":"2026-02-04 03:32:24","id":3},{"last_used_at":null,"last_analyzed_at":"2026-02-04 03:32:24","id":4}],"count":10,"modify_count":0,"version":464041002717937667,"is_historical_stats":false}