{"columns":{"id":{"histogram":{"ndv":0},"cm_sketch":null,"fm_sketch":null,"stats_ver":0,"null_count":0,"tot_col_size":0,"last_update_version":464040980225458181,"correlation":0},"k0":{"histogram":{"ndv":0},"cm_sketch":null,"fm_sketch":null,"stats_ver":0,"null_count":0,"tot_col_size":0,"last_update_version":464040980225458181,"correlation":0},"k1":{"histogram":{"ndv":0},"cm_sketch":null,"fm_sketch":null,"stats_ver":0,"null_count":0,"tot_col_size":0,"last_update_version":464040980225458181,"correlation":0},"k2":{"histogram":{"ndv":0},"cm_sketch":null,"fm_sketch":null,"stats_ver":0,"null_count":0,"tot_col_size":0,"last_update_version":464040980225458181,"correlation":0},"k3":{"histogram":{"ndv":0},"cm_sketch":null,"fm_sketch":null,"stats_ver":0,"null_count":0,"tot_col_size":0,"last_update_version":464040980225458181,"correlation":0},"p0":{"histogram":{"ndv":0},"cm_sketch":null,"fm_sketch":null,"stats_ver":0,"null_count":0,"tot_col_size":0,"last_update_version":464040980225458181,"correlation":0},"p1":{"histogram":{"ndv":0},"cm_sketch":null,"fm_sketch":null,"stats_ver":0,"null_count":0,"tot_col_size":0,"last_update_version":464040980225458181,"correlation":0}},"indices":{},"partitions":null,"database_name":"shiro_fuzz_r8","table_name":"t0","ext_stats":null,"predicate_columns":[],"count":80,"modify_count":80,"version":464040990685003783,"is_historical_stats":false}