{"columns":{"d0":{"histogram":{"ndv":2},"cm_sketch":{"top_n":[{"data":"A4AAAAAAAAAA","count":6},{"data":"A4AAAAAAAAAB","count":4}],"default_value":0},"fm_sketch":null,"stats_ver":2,"null_count":0,"tot_col_size":80,"last_update_version":464041006086225946,"correlation":-0.24848484848484848},"d1":{"histogram":{"ndv":9},"cm_sketch":{"top_n":[{"data":"A3////////+4","count":1},{"data":"A3////////+8","count":1},{"data":"A3/////////W","count":1},{"data":"A3/////////a","count":1},{"data":"A3/////////3","count":1},{"data":"A4AAAAAAAAAP","count":1},{"data":"A4AAAAAAAAAQ","count":1},{"data":"A4AAAAAAAAAp","count":2},{"data":"A4AAAAAAAAA6","count":1}],"default_value":0},"fm_sketch":null,"stats_ver":2,"null_count":0,"tot_col_size":80,"last_update_version":464041006086225946,"correlation":0.22424242424242424},"id":{"histogram":{"ndv":10},"cm_sketch":{"top_n":[{"data":"A4AAAAAAAAAB","count":1},{"data":"A4AAAAAAAAAC","count":1},{"data":"A4AAAAAAAAAD","count":1},{"data":"A4AAAAAAAAAE","count":1},{"data":"A4AAAAAAAAAF","count":1},{"data":"A4AAAAAAAAAG","count":1},{"data":"A4AAAAAAAAAH","count":1},{"data":"A4AAAAAAAAAI","count":1},{"data":"A4AAAAAAAAAJ","count":1},{"data":"A4AAAAAAAAAK","count":1}],"default_value":0},"fm_sketch":null,"stats_ver":2,"null_count":0,"tot_col_size":80,"last_update_version":464041006086225946,"correlation":1},"k0":{"histogram":{"ndv":8},"cm_sketch":{"top_n":[{"data":"A3/////////D","count":2},{"data":"A3/////////s","count":2},{"data":"A3/////////0","count":1},{"data":"A3/////////8","count":1},{"data":"A4AAAAAAAAAL","count":1},{"data":"A4AAAAAAAAAO","count":1},{"data":"A4AAAAAAAABD","count":1},{"data":"A4AAAAAAAABX","count":1}],"default_value":0},"fm_sketch":null,"stats_ver":2,"null_count":0,"tot_col_size":80,"last_update_version":464041006086225946,"correlation":-0.05454545454545454},"k1":{"histogram":{"ndv":10},"cm_sketch":{"top_n":[{"data":"A3/////////Y","count":1},{"data":"A3/////////4","count":1},{"data":"A4AAAAAAAAAM","count":1},{"data":"A4AAAAAAAAAQ","count":1},{"data":"A4AAAAAAAAAt","count":1},{"data":"A4AAAAAAAAAv","count":1},{"data":"A4AAAAAAAABJ","count":1},{"data":"A4AAAAAAAABR","count":1},{"data":"A4AAAAAAAABa","count":1},{"data":"A4AAAAAAAABb","count":1}],"default_value":0},"fm_sketch":null,"stats_ver":2,"null_count":0,"tot_col_size":80,"last_update_version":464041006086225946,"correlation":-0.04242424242424243}},"indices":{"idx_d0_11":{"histogram":{"ndv":2},"cm_sketch":{"top_n":[{"data":"A4AAAAAAAAAA","count":6},{"data":"A4AAAAAAAAAB","count":4}],"default_value":0},"fm_sketch":null,"stats_ver":2,"null_count":0,"tot_col_size":0,"last_update_version":464041006086225946,"correlation":0},"idx_d1_13":{"histogram":{"ndv":9},"cm_sketch":{"top_n":[{"data":"A3////////+4","count":1},{"data":"A3////////+8","count":1},{"data":"A3/////////W","count":1},{"data":"A3/////////a","count":1},{"data":"A3/////////3","count":1},{"data":"A4AAAAAAAAAP","count":1},{"data":"A4AAAAAAAAAQ","count":1},{"data":"A4AAAAAAAAAp","count":2},{"data":"A4AAAAAAAAA6","count":1}],"default_value":0},"fm_sketch":null,"stats_ver":2,"null_count":0,"tot_col_size":0,"last_update_version":464041006086225946,"correlation":0},"idx_k0_12":{"histogram":{"ndv":8},"cm_sketch":{"top_n":[{"data":"A3/////////D","count":2},{"data":"A3/////////s","count":2},{"data":"A3/////////0","count":1},{"data":"A3/////////8","count":1},{"data":"A4AAAAAAAAAL","count":1},{"data":"A4AAAAAAAAAO","count":1},{"data":"A4AAAAAAAABD","count":1},{"data":"A4AAAAAAAABX","count":1}],"default_value":0},"fm_sketch":null,"stats_ver":2,"null_count":0,"tot_col_size":0,"last_update_version":464041006086225946,"correlation":0}},"partitions":null,"database_name":"shiro_fuzz_r8","table_name":"t2","ext_stats":null,"predicate_columns":[{"last_used_at":null,"last_analyzed_at":"2026-02-04 03:32:37","id":2},{"last_used_at":null,"last_analyzed_at":"2026-02-04 03:32:37","id":3},{"last_used_at":null,"last_analyzed_at":"2026-02-04 03:32:37","id":4},{"last_used_at":null,"last_analyzed_at":"2026-02-04 03:32:37","id":5},{"last_used_at":null,"last_analyzed_at":"2026-02-04 03:32:37","id":1}],"count":10,"modify_count":0,"version":464041006086225946,"is_historical_stats":false}