{"columns":{"d0":{"histogram":{"ndv":10},"cm_sketch":{"top_n":[{"data":"BcAShR7AAAAA","count":1},{"data":"BcAo0euAAAAA","count":1},{"data":"BcAy64UgAAAA","count":1},{"data":"BcA1NcKAAAAA","count":1},{"data":"BcA1czNAAAAA","count":1},{"data":"BcA6euFAAAAA","count":1},{"data":"BcBCEzNAAAAA","count":1},{"data":"BcBM4o9gAAAA","count":1},{"data":"BcBO2FHgAAAA","count":1},{"data":"BcBWrCkAAAAA","count":1}],"default_value":0},"fm_sketch":null,"stats_ver":2,"null_count":0,"tot_col_size":80,"last_update_version":464041006361477150,"correlation":-0.5393939393939394},"d1":{"histogram":{"ndv":10},"cm_sketch":{"top_n":[{"data":"A3////////+d","count":1},{"data":"A3////////+o","count":1},{"data":"A3////////+8","count":1},{"data":"A3////////+9","count":1},{"data":"A3/////////F","count":1},{"data":"A4AAAAAAAAAU","count":1},{"data":"A4AAAAAAAAAW","count":1},{"data":"A4AAAAAAAAAd","count":1},{"data":"A4AAAAAAAAAk","count":1},{"data":"A4AAAAAAAABe","count":1}],"default_value":0},"fm_sketch":null,"stats_ver":2,"null_count":0,"tot_col_size":80,"last_update_version":464041006361477150,"correlation":-0.7090909090909091},"id":{"histogram":{"ndv":10},"cm_sketch":{"top_n":[{"data":"A4AAAAAAAAAB","count":1},{"data":"A4AAAAAAAAAC","count":1},{"data":"A4AAAAAAAAAD","count":1},{"data":"A4AAAAAAAAAE","count":1},{"data":"A4AAAAAAAAAF","count":1},{"data":"A4AAAAAAAAAG","count":1},{"data":"A4AAAAAAAAAH","count":1},{"data":"A4AAAAAAAAAI","count":1},{"data":"A4AAAAAAAAAJ","count":1},{"data":"A4AAAAAAAAAK","count":1}],"default_value":0},"fm_sketch":null,"stats_ver":2,"null_count":0,"tot_col_size":80,"last_update_version":464041006361477150,"correlation":1},"k0":{"histogram":{"ndv":6},"cm_sketch":{"top_n":[{"data":"A3/////////D","count":1},{"data":"A3/////////s","count":1},{"data":"A3/////////0","count":2},{"data":"A4AAAAAAAAAL","count":1},{"data":"A4AAAAAAAAAx","count":3},{"data":"A4AAAAAAAABD","count":2}],"default_value":0},"fm_sketch":null,"stats_ver":2,"null_count":0,"tot_col_size":80,"last_update_version":464041006361477150,"correlation":0.28484848484848485},"k3":{"histogram":{"ndv":10},"cm_sketch":{"top_n":[{"data":"A3////////+5","count":1},{"data":"A3/////////U","count":1},{"data":"A3/////////h","count":1},{"data":"A3/////////m","count":1},{"data":"A3/////////v","count":1},{"data":"A4AAAAAAAAAN","count":1},{"data":"A4AAAAAAAAAZ","count":1},{"data":"A4AAAAAAAAAz","count":1},{"data":"A4AAAAAAAABC","count":1},{"data":"A4AAAAAAAABG","count":1}],"default_value":0},"fm_sketch":null,"stats_ver":2,"null_count":0,"tot_col_size":80,"last_update_version":464041006361477150,"correlation":0.030303030303030304}},"indices":{},"partitions":null,"database_name":"shiro_fuzz_r8","table_name":"t4","ext_stats":null,"predicate_columns":[{"last_used_at":null,"last_analyzed_at":"2026-02-04 03:32:38","id":3},{"last_used_at":null,"last_analyzed_at":"2026-02-04 03:32:38","id":4},{"last_used_at":null,"last_analyzed_at":"2026-02-04 03:32:38","id":5},{"last_used_at":null,"last_analyzed_at":"2026-02-04 03:32:38","id":1},{"last_used_at":null,"last_analyzed_at":"2026-02-04 03:32:38","id":2}],"count":10,"modify_count":0,"version":464041006361477150,"is_historical_stats":false}