{
 "database_name": "imdbload",
 "table_name": "link_type",
 "columns": {
  "id": {
   "histogram": {
    "ndv": 18
   },
   "cm_sketch": {
    "top_n": [
     {
      "data": "A4AAAAAAAAAB",
      "count": 1
     },
     {
      "data": "A4AAAAAAAAAC",
      "count": 1
     },
     {
      "data": "A4AAAAAAAAAD",
      "count": 1
     },
     {
      "data": "A4AAAAAAAAAE",
      "count": 1
     },
     {
      "data": "A4AAAAAAAAAF",
      "count": 1
     },
     {
      "data": "A4AAAAAAAAAG",
      "count": 1
     },
     {
      "data": "A4AAAAAAAAAH",
      "count": 1
     },
     {
      "data": "A4AAAAAAAAAI",
      "count": 1
     },
     {
      "data": "A4AAAAAAAAAJ",
      "count": 1
     },
     {
      "data": "A4AAAAAAAAAK",
      "count": 1
     },
     {
      "data": "A4AAAAAAAAAL",
      "count": 1
     },
     {
      "data": "A4AAAAAAAAAM",
      "count": 1
     },
     {
      "data": "A4AAAAAAAAAN",
      "count": 1
     },
     {
      "data": "A4AAAAAAAAAO",
      "count": 1
     },
     {
      "data": "A4AAAAAAAAAP",
      "count": 1
     },
     {
      "data": "A4AAAAAAAAAQ",
      "count": 1
     },
     {
      "data": "A4AAAAAAAAAR",
      "count": 1
     },
     {
      "data": "A4AAAAAAAAAS",
      "count": 1
     }
    ],
    "default_value": 0
   },
   "fm_sketch": null,
   "null_count": 0,
   "tot_col_size": 162,
   "last_update_version": 431373025407664132,
   "correlation": 1,
   "stats_ver": 2
  },
  "link": {
   "histogram": {
    "ndv": 18
   },
   "cm_sketch": {
    "top_n": [
     {
      "data": "AWFsdGVybmF0/2UgbGFuZ3Vh/2dlIHZlcnNp/29uIG9mAAAA/A==",
      "count": 1
     },
     {
      "data": "AWVkaXRlZCBm/3JvbQAAAAAA+g==",
      "count": 1
     },
     {
      "data": "AWVkaXRlZCBp/250bwAAAAAA+g==",
      "count": 1
     },
     {
      "data": "AWZlYXR1cmVk/yBpbgAAAAAA+g==",
      "count": 1
     },
     {
      "data": "AWZlYXR1cmVz/wAAAAAAAAAA9w==",
      "count": 1
     },
     {
      "data": "AWZvbGxvd2Vk/yBieQAAAAAA+g==",
      "count": 1
     },
     {
      "data": "AWZvbGxvd3MA/g==",
      "count": 1
     },
     {
      "data": "AXJlZmVyZW5j/2VkIGluAAAA/A==",
      "count": 1
     },
     {
      "data": "AXJlZmVyZW5j/2VzAAAAAAAA+Q==",
      "count": 1
     },
     {
      "data": "AXJlbWFkZSBh/3MAAAAAAAAA+A==",
      "count": 1
     },
     {
      "data": "AXJlbWFrZSBv/2YAAAAAAAAA+A==",
      "count": 1
     },
     {
      "data": "AXNpbWlsYXIg/3RvAAAAAAAA+Q==",
      "count": 1
     },
     {
      "data": "AXNwaW4gb2Zm/wAAAAAAAAAA9w==",
      "count": 1
     },
     {
      "data": "AXNwaW4gb2Zm/yBmcm9tAAAA/A==",
      "count": 1
     },
     {
      "data": "AXNwb29mZWQg/2luAAAAAAAA+Q==",
      "count": 1
     },
     {
      "data": "AXNwb29mcwAA/Q==",
      "count": 1
     },
     {
      "data": "AXVua25vd24g/2xpbmsAAAAA+w==",
      "count": 1
     },
     {
      "data": "AXZlcnNpb24g/29mAAAAAAAA+Q==",
      "count": 1
     }
    ],
    "default_value": 0
   },
   "fm_sketch": null,
   "null_count": 0,
   "tot_col_size": 234,
   "last_update_version": 431373025407664132,
   "correlation": -0.021671826625386997,
   "stats_ver": 2
  }
 },
 "indices": {
  "link_type_link": {
   "histogram": {
    "ndv": 12
   },
   "cm_sketch": {
    "top_n": [
     {
      "data": "AWFsdGVyAAAA/A==",
      "count": 1
     },
     {
      "data": "AWVkaXRlAAAA/A==",
      "count": 2
     },
     {
      "data": "AWZlYXR1AAAA/A==",
      "count": 2
     },
     {
      "data": "AWZvbGxvAAAA/A==",
      "count": 2
     },
     {
      "data": "AXJlZmVyAAAA/A==",
      "count": 2
     },
     {
      "data": "AXJlbWFkAAAA/A==",
      "count": 1
     },
     {
      "data": "AXJlbWFrAAAA/A==",
      "count": 1
     },
     {
      "data": "AXNpbWlsAAAA/A==",
      "count": 1
     },
     {
      "data": "AXNwaW4gAAAA/A==",
      "count": 2
     },
     {
      "data": "AXNwb29mAAAA/A==",
      "count": 2
     },
     {
      "data": "AXVua25vAAAA/A==",
      "count": 1
     },
     {
      "data": "AXZlcnNpAAAA/A==",
      "count": 1
     }
    ],
    "default_value": 0
   },
   "fm_sketch": null,
   "null_count": 0,
   "tot_col_size": 0,
   "last_update_version": 431373025407664132,
   "correlation": 0,
   "stats_ver": 2
  }
 },
 "ext_stats": null,
 "count": 18,
 "modify_count": 0,
 "partitions": null
}