{"columns":{"c0":{"histogram":{"ndv":0},"cm_sketch":null,"fm_sketch":null,"stats_ver":2,"null_count":0,"tot_col_size":0,"last_update_version":464045800112259077,"correlation":0},"c1":{"histogram":{"ndv":0},"cm_sketch":null,"fm_sketch":null,"stats_ver":2,"null_count":0,"tot_col_size":0,"last_update_version":464045800112259077,"correlation":0},"c2":{"histogram":{"ndv":0},"cm_sketch":null,"fm_sketch":null,"stats_ver":2,"null_count":0,"tot_col_size":0,"last_update_version":464045800112259077,"correlation":0},"c3":{"histogram":{"ndv":0},"cm_sketch":null,"fm_sketch":null,"stats_ver":2,"null_count":0,"tot_col_size":0,"last_update_version":464045800112259077,"correlation":0},"id":{"histogram":{"ndv":0},"cm_sketch":null,"fm_sketch":null,"stats_ver":2,"null_count":0,"tot_col_size":0,"last_update_version":464045800112259077,"correlation":0}},"indices":{"idx_c0_10":{"histogram":{"ndv":0},"cm_sketch":null,"fm_sketch":null,"stats_ver":2,"null_count":0,"tot_col_size":0,"last_update_version":464045800112259077,"correlation":0},"idx_c0_c2_30":{"histogram":{"ndv":0},"cm_sketch":null,"fm_sketch":null,"stats_ver":2,"null_count":0,"tot_col_size":0,"last_update_version":464045800112259077,"correlation":0},"idx_c1_19":{"histogram":{"ndv":0},"cm_sketch":null,"fm_sketch":null,"stats_ver":2,"null_count":0,"tot_col_size":0,"last_update_version":464045800112259077,"correlation":0},"idx_c1_c0_28":{"histogram":{"ndv":0},"cm_sketch":null,"fm_sketch":null,"stats_ver":2,"null_count":0,"tot_col_size":0,"last_update_version":464045800112259077,"correlation":0},"idx_c2":{"histogram":{"ndv":0},"cm_sketch":null,"fm_sketch":null,"stats_ver":2,"null_count":0,"tot_col_size":0,"last_update_version":464045800112259077,"correlation":0},"idx_c3":{"histogram":{"ndv":0},"cm_sketch":null,"fm_sketch":null,"stats_ver":2,"null_count":0,"tot_col_size":0,"last_update_version":464045800112259077,"correlation":0},"idx_id_25":{"histogram":{"ndv":0},"cm_sketch":null,"fm_sketch":null,"stats_ver":2,"null_count":0,"tot_col_size":0,"last_update_version":464045800112259077,"correlation":0}},"partitions":null,"database_name":"shiro_fuzz_r1","table_name":"t5","ext_stats":null,"predicate_columns":[{"last_used_at":null,"last_analyzed_at":"2026-02-04 08:37:24","id":5},{"last_used_at":null,"last_analyzed_at":"2026-02-04 08:37:24","id":1},{"last_used_at":null,"last_analyzed_at":"2026-02-04 08:37:24","id":2},{"last_used_at":null,"last_analyzed_at":"2026-02-04 08:37:24","id":3},{"last_used_at":null,"last_analyzed_at":"2026-02-04 08:37:24","id":4}],"count":0,"modify_count":0,"version":464045800112259077,"is_historical_stats":false}