CREATE TABLE `t0` (
  `id` bigint NOT NULL,
  `c0` datetime NOT NULL,
  `c1` datetime NOT NULL,
  `c2` datetime NOT NULL,
  `c3` date DEFAULT NULL,
  `c4` datetime DEFAULT NULL,
  `c5` decimal(12,2) NOT NULL,
  PRIMARY KEY (`id`) /*T![clustered_index] CLUSTERED */,
  KEY `idx_c1` (`c1`),
  KEY `idx_c2_1` (`c2`),
  KEY `idx_c3_8` (`c3`)
) ENGINE=InnoDB DEFAULT CHARSET=utf8mb4 COLLATE=utf8mb4_bin;
CREATE TABLE `t1` (
  `id` bigint NOT NULL,
  `c0` decimal(12,2) NOT NULL,
  `c1` date NOT NULL,
  PRIMARY KEY (`id`) /*T![clustered_index] CLUSTERED */,
  KEY `idx_c0` (`c0`),
  KEY `idx_c1_0` (`c1`),
  KEY `fk_1` (`id`),
  KEY `idx_c0_c1_4` (`c0`,`c1`),
  KEY `idx_id_11` (`id`),
  CONSTRAINT `fk_1` FOREIGN KEY (`id`) REFERENCES `t0` (`id`)
) ENGINE=InnoDB DEFAULT CHARSET=utf8mb4 COLLATE=utf8mb4_bin;
CREATE TABLE `t3` (
  `id` bigint NOT NULL,
  `c0` bigint NOT NULL,
  `c1` date DEFAULT NULL,
  PRIMARY KEY (`id`) /*T![clustered_index] CLUSTERED */,
  KEY `idx_id_5` (`id`),
  KEY `idx_c1_13` (`c1`),
  KEY `idx_c0_14` (`c0`)
) ENGINE=InnoDB DEFAULT CHARSET=utf8mb4 COLLATE=utf8mb4_bin
PARTITION BY HASH (`id`) PARTITIONS 3;
CREATE TABLE `t4` (
  `id` bigint NOT NULL,
  `c0` decimal(12,2) NOT NULL,
  `c1` datetime DEFAULT NULL,
  `c2` double NOT NULL,
  PRIMARY KEY (`id`) /*T![clustered_index] CLUSTERED */,
  KEY `idx_c0` (`c0`),
  KEY `idx_c1` (`c1`),
  KEY `idx_id_9` (`id`)
) ENGINE=InnoDB DEFAULT CHARSET=utf8mb4 COLLATE=utf8mb4_bin
PARTITION BY HASH (`id`) PARTITIONS 3;
CREATE TABLE `t5` (
  `id` bigint NOT NULL,
  `c0` datetime NOT NULL,
  `c1` timestamp NOT NULL,
  `c2` date NOT NULL,
  PRIMARY KEY (`id`) /*T![clustered_index] CLUSTERED */,
  KEY `idx_c1` (`c1`),
  KEY `idx_c2` (`c2`),
  KEY `idx_id_6` (`id`),
  KEY `idx_c0_10` (`c0`)
) ENGINE=InnoDB DEFAULT CHARSET=utf8mb4 COLLATE=utf8mb4_bin;
INSERT INTO t1 (id, c0, c1) VALUES (1, 22.89, '2026-07-23'), (2, 14.16, '2023-10-25'), (3, 56.14, '2023-09-17'), (4, 86.89, '2024-01-10'), (5, 19.03, '2024-09-21'), (6, 80.58, '2026-11-04'), (7, 14.44, '2023-08-29'), (8, 35.58, '2025-10-06'), (9, 14.15, '2023-01-15'), (10, 33.47, '2026-08-31'), (11, 67.88, '2024-11-10'), (12, 63.16, '2026-04-08'), (13, 65.92, '2023-08-18'), (14, 1.1, '2023-05-24'), (15, 58.76, '2025-04-18'), (16, 77.73, '2026-03-17'), (17, 92.25, '2024-05-03'), (18, 34.32, '2024-02-22'), (19, 56.98, '2025-08-15'), (20, 89.76, '2023-08-20'), (21, 46.34, '2024-01-23'), (22, 64.14, '2024-07-16'), (23, 55.23, '2026-08-31'), (24, 28.33, '2025-03-25'), (25, 67.35, '2023-11-20'), (26, 3.62, '2024-08-27'), (27, 22.36, '2024-01-19'), (28, 16.58, '2023-12-10'), (29, 68.08, '2024-02-11'), (30, 28.42, '2023-01-18'), (31, 74, '2025-09-02'), (32, 78.76, '2026-03-13'), (33, 95.84, '2023-12-07'), (34, 38.4, '2023-09-11'), (35, 23.75, '2025-09-29'), (36, 95.63, '2025-12-31'), (37, 90.78, '2024-06-11'), (38, 46.26, '2023-12-21'), (39, 26.75, '2026-11-11'), (40, 29.85, '2026-10-05'), (41, 91.54, '2024-11-10'), (42, 49.46, '2026-02-18'), (43, 51.44, '2025-01-27'), (44, 45.93, '2023-10-17'), (45, 82.46, '2026-10-08'), (46, 63.29, '2024-10-01'), (47, 2.3, '2025-05-14'), (48, 4.94, '2025-09-16'), (49, 12.49, '2023-01-10'), (50, 24.25, '2026-01-13'), (51, 25.48, '2025-02-11'), (52, 71.08, '2026-08-08'), (53, 18.16, '2023-02-24'), (54, 42.43, '2025-01-24'), (55, 47.5, '2025-08-10'), (56, 36.69, '2026-07-19'), (57, 85.01, '2024-03-30'), (58, 80.18, '2026-03-19'), (59, 51.21, '2023-12-13'), (60, 89.72, '2026-03-18'), (61, 74.81, '2026-06-03'), (62, 56.72, '2025-06-26'), (63, 7.33, '2024-12-06'), (64, 96.34, '2026-04-27'), (65, 61.94, '2025-11-27'), (66, 9.04, '2026-01-13'), (67, 56.81, '2025-10-11'), (68, 78.03, '2024-08-17'), (69, 88.09, '2024-05-25'), (70, 72.64, '2025-05-10'), (71, 71.63, '2023-10-28'), (72, 15.02, '2024-11-03'), (73, 27.05, '2025-11-23'), (74, 83.24, '2023-10-08'), (75, 34.95, '2023-03-24');
INSERT INTO t3 (id, c0, c1) VALUES (1, 64, '2023-06-08'), (2, 6, '2026-04-04'), (3, 72, '2023-07-26'), (4, 18, '2023-10-12'), (5, 28, '2026-09-22'), (6, 51, '2026-06-06'), (7, 48, '2023-08-28'), (8, 28, '2023-07-21'), (9, 26, '2024-10-27'), (10, 33, '2026-06-23'), (11, 28, '2025-08-10'), (12, 75, '2026-10-02'), (13, 86, '2025-02-28'), (14, 13, '2026-07-19'), (15, 6, '2026-11-11'), (16, 18, '2024-11-11'), (17, 13, '2026-02-28'), (18, 25, '2023-11-14'), (19, 14, '2026-01-05'), (20, 56, '2025-12-20'), (21, 38, '2025-12-18'), (22, 44, '2024-08-06');
INSERT INTO t4 (id, c0, c1, c2) VALUES (1, 50.06, '2024-06-01 13:37:48', 89.44), (2, 65.23, '2023-09-22 23:46:51', 87.5), (3, 32.5, '2023-06-05 13:00:31', 54.81), (4, 72.46, '2024-06-05 13:45:04', 58.19), (5, 44.19, '2024-01-08 09:51:22', 45.2), (6, 49.76, '2023-12-27 21:17:00', 27.85), (7, 29.41, '2024-04-01 21:51:19', 45.88), (8, 63.51, '2023-05-23 17:01:08', 63.43), (9, 84.7, '2024-10-13 16:23:48', 71.06), (10, 60.21, '2025-01-15 01:14:02', 89.26), (11, 99.66, '2026-12-20 23:34:06', 48.15);
INSERT INTO t5 (id, c0, c1, c2) VALUES (1, '2024-10-07 04:48:54', '2023-03-16 04:12:17', '2024-05-13'), (2, '2025-08-10 08:01:46', '2026-06-24 13:02:40', '2024-04-10'), (3, '2023-10-03 22:42:18', '2023-12-17 14:13:49', '2024-10-05'), (4, '2026-03-27 22:19:12', '2026-03-30 15:18:13', '2026-06-27'), (5, '2025-11-09 04:48:08', '2024-05-29 04:08:49', '2026-05-14'), (6, '2026-03-29 16:47:05', '2023-06-23 19:49:47', '2023-06-26'), (7, '2023-08-26 16:58:17', '2025-11-26 13:47:28', '2024-03-29'), (8, '2025-07-07 04:10:41', '2023-10-28 09:16:27', '2023-03-03'), (9, '2025-10-15 19:20:18', '2026-08-29 05:24:04', '2024-12-19'), (10, '2024-03-09 03:09:48', '2025-07-14 21:55:45', '2026-07-04'), (11, '2025-04-30 05:17:25', '2024-12-01 22:07:25', '2024-09-10'), (12, '2025-12-23 14:38:42', '2025-09-04 14:03:17', '2025-10-07'), (13, '2023-06-25 05:53:28', '2025-09-08 04:40:05', '2026-06-04'), (14, '2024-06-01 15:02:19', '2025-03-03 03:51:34', '2023-02-25'), (15, '2026-12-21 14:01:30', '2024-03-09 13:54:10', '2026-12-28'), (16, '2026-10-31 04:02:30', '2025-01-07 12:50:59', '2023-04-15'), (17, '2024-03-04 11:35:37', '2026-11-01 08:17:33', '2023-09-22'), (18, '2024-08-04 11:43:45', '2024-11-04 16:13:52', '2023-03-08'), (19, '2026-08-24 09:09:09', '2025-03-31 05:19:07', '2026-03-18'), (20, '2026-10-28 15:45:35', '2025-11-15 01:58:48', '2026-05-07'), (21, '2025-04-28 08:54:50', '2025-12-17 04:55:57', '2026-08-28'), (22, '2023-10-13 11:08:34', '2026-08-25 07:11:20', '2026-05-11'), (23, '2023-07-25 15:30:25', '2026-03-01 14:03:04', '2023-12-15'), (24, '2023-02-13 16:16:55', '2023-06-17 00:50:40', '2024-11-10'), (25, '2025-11-02 03:46:08', '2023-10-02 07:10:56', '2024-12-06'), (26, '2023-12-14 09:43:03', '2023-04-02 03:46:54', '2023-01-28'), (27, '2026-05-14 22:14:19', '2024-03-31 18:53:19', '2025-04-16'), (28, '2023-09-10 01:38:33', '2025-02-11 23:47:17', '2025-11-28'), (29, '2025-04-27 18:16:33', '2024-03-08 14:23:21', '2024-06-09'), (30, '2023-02-03 06:16:02', '2025-05-14 21:52:12', '2025-02-14'), (31, '2026-06-16 07:09:58', '2026-12-01 10:52:55', '2024-03-10'), (32, '2023-09-21 09:23:58', '2023-07-23 16:16:44', '2026-02-05'), (33, '2024-11-03 02:43:10', '2023-08-26 20:20:14', '2024-04-18'), (34, '2025-11-06 00:15:23', '2023-12-05 07:09:32', '2025-09-11');
INSERT INTO t0 (id, c0, c1, c2, c3, c4, c5) VALUES (1, '2024-11-02 05:27:14', '2023-05-17 07:30:32', '2023-05-08 05:26:49', '2024-01-07', '2023-10-20 18:59:13', 26.04), (2, '2025-08-19 16:45:05', '2025-03-10 08:52:33', '2024-11-19 07:59:15', '2024-08-21', '2024-01-18 15:00:41', 77.52), (3, '2025-03-27 02:14:10', '2025-05-23 04:04:17', '2024-01-21 19:30:53', '2024-01-08', '2025-10-05 20:21:07', 75.18), (4, '2025-05-04 20:26:23', '2026-04-16 00:07:19', '2024-06-02 16:12:21', '2025-11-20', '2026-09-23 19:11:44', 41.5), (5, '2023-10-14 23:47:50', '2023-12-10 18:14:06', '2026-08-01 16:45:05', '2023-07-11', '2026-12-27 19:49:23', 3.37), (6, '2023-01-07 05:14:46', '2026-03-17 16:05:50', '2026-06-02 21:16:37', '2023-03-12', '2026-12-08 09:03:44', 37.48), (7, '2026-09-14 20:16:30', '2023-04-18 13:02:38', '2025-12-30 08:19:53', '2023-11-30', '2025-11-03 23:51:08', 54.93), (8, '2023-11-25 18:09:21', '2024-04-14 01:35:05', '2025-03-03 18:37:42', '2025-06-04', '2026-09-24 04:55:21', 8.31), (9, '2024-03-27 04:46:20', '2026-03-27 15:28:40', '2025-08-25 00:51:07', '2026-10-20', '2024-08-23 07:36:19', 47.04), (10, '2024-06-16 12:45:20', '2025-08-25 02:13:04', '2023-08-23 11:19:31', '2023-01-07', '2024-06-21 04:57:34', 60.97), (11, '2024-01-03 02:00:23', '2025-01-13 04:22:08', '2023-04-11 20:25:47', '2026-01-09', '2024-11-18 18:01:47', 33.16), (12, '2024-02-01 09:39:28', '2024-02-15 13:11:09', '2023-09-17 23:10:50', '2025-11-28', '2024-02-03 06:48:41', 39.37), (13, '2023-09-30 02:23:41', '2025-10-12 03:10:31', '2025-12-25 23:31:07', '2024-04-14', '2026-11-23 14:29:46', 3.27), (14, '2024-04-13 14:18:43', '2025-02-09 02:29:15', '2026-06-18 20:31:12', '2026-10-25', '2025-08-04 11:01:50', 48.31), (15, '2025-04-15 20:28:18', '2026-01-14 01:52:26', '2023-01-10 12:15:46', '2025-05-29', '2026-11-21 10:29:44', 11.95), (16, '2025-02-13 13:07:51', '2026-02-12 09:32:41', '2024-12-30 21:48:44', '2023-10-24', '2024-03-04 04:05:53', 81.21), (17, '2026-10-21 02:15:12', '2025-01-02 16:06:00', '2025-04-23 05:39:04', '2023-11-21', '2025-07-20 20:37:44', 77.41), (18, '2026-09-10 23:56:16', '2025-11-11 21:45:47', '2023-07-14 16:34:33', '2024-12-02', '2023-08-30 22:52:42', 1.41), (19, '2026-09-16 18:40:38', '2026-01-31 05:41:48', '2023-03-02 19:59:23', '2026-03-31', '2023-10-11 22:14:53', 46.45), (20, '2025-03-25 17:25:34', '2024-11-14 04:37:31', '2024-02-10 05:36:51', '2023-11-28', '2023-07-18 03:40:57', 11.51), (21, '2024-06-25 01:27:07', '2023-04-15 02:21:46', '2023-07-17 19:49:42', '2024-04-20', '2023-02-11 13:52:37', 38.54), (22, '2023-04-16 17:21:49', '2024-07-15 10:41:19', '2025-01-21 23:29:22', '2024-09-26', '2025-07-26 23:17:52', 4.4), (23, '2025-05-25 20:14:02', '2024-10-27 01:05:13', '2026-08-21 23:51:41', '2023-12-15', '2023-02-27 03:37:45', 80.54), (24, '2025-05-07 13:45:31', '2023-03-20 14:33:53', '2025-05-08 03:30:06', '2024-05-06', '2024-12-22 08:51:24', 55.52), (25, '2024-05-06 22:12:54', '2023-04-27 05:38:54', '2026-08-01 11:46:55', '2025-01-27', '2023-02-19 06:15:31', 57.41), (26, '2024-04-02 17:35:56', '2023-12-02 23:25:59', '2026-12-12 10:49:31', '2023-09-05', '2026-12-12 19:38:51', 89.84), (27, '2023-03-12 01:39:46', '2023-08-02 07:59:38', '2025-05-02 12:58:55', '2023-09-10', '2026-09-01 07:25:15', 23.48), (28, '2024-02-04 00:43:01', '2026-11-19 11:57:21', '2023-11-21 15:15:43', '2023-09-19', '2024-07-16 17:28:34', 62.91), (29, '2026-09-25 10:31:22', '2026-12-02 21:11:57', '2023-04-16 20:13:14', '2026-06-23', '2024-09-26 20:57:12', 58.92), (30, '2023-09-08 11:19:40', '2026-09-06 13:21:35', '2026-07-17 18:31:20', '2025-10-25', '2026-08-08 23:46:25', 7.4), (31, '2024-01-03 11:33:11', '2023-07-12 02:34:30', '2025-07-10 14:17:54', '2024-12-22', '2024-09-14 09:36:18', 66.9), (32, '2023-08-05 19:37:21', '2026-05-11 21:07:17', '2024-05-08 07:41:35', '2023-04-04', '2025-06-23 17:15:25', 54.08), (33, '2023-02-23 11:50:35', '2023-02-07 22:24:06', '2025-03-29 05:03:22', '2023-05-07', '2024-09-10 08:42:22', 21.2), (34, '2026-01-06 14:48:05', '2025-10-23 10:12:47', '2025-11-04 07:19:27', '2023-10-29', '2025-04-20 05:41:40', 41.99), (35, '2024-02-27 23:46:36', '2026-02-11 05:44:36', '2025-03-12 10:44:46', '2023-03-21', '2024-10-17 07:12:08', 99.68), (36, '2026-02-25 18:56:56', '2023-08-13 21:30:11', '2026-10-28 01:25:12', '2024-03-09', '2024-02-24 11:08:01', 35.26), (37, '2024-09-13 10:11:06', '2024-08-03 00:22:16', '2023-02-28 22:58:48', '2024-10-16', '2024-06-02 14:57:54', 26.12), (38, '2024-01-14 05:50:34', '2025-08-01 18:14:41', '2025-10-15 19:04:57', '2025-06-29', '2025-05-05 18:23:56', 0.02), (39, '2025-06-17 14:04:29', '2026-03-06 20:17:20', '2025-06-08 00:33:13', '2025-12-12', '2024-10-03 23:25:03', 31), (40, '2025-11-03 21:48:44', '2026-01-08 00:02:31', '2023-11-13 13:53:31', '2026-08-19', '2026-02-27 08:07:18', 90.16), (41, '2023-10-11 21:38:38', '2024-05-12 05:17:33', '2026-03-29 17:16:42', '2026-10-01', '2026-08-15 16:55:41', 62.12), (42, '2023-06-04 03:11:41', '2025-12-04 22:42:50', '2026-11-23 09:16:41', '2026-02-23', '2026-12-04 05:13:18', 5.79), (43, '2024-07-28 17:11:30', '2025-11-14 03:53:55', '2025-11-23 14:54:51', '2024-07-07', '2024-01-21 10:51:26', 75.13), (44, '2023-06-26 10:13:14', '2024-01-12 07:28:58', '2025-10-20 13:44:14', '2025-09-06', '2024-06-14 03:21:00', 1.26), (45, '2024-03-28 13:44:48', '2025-05-23 22:59:09', '2026-05-23 12:40:39', '2024-04-09', '2025-04-26 12:43:20', 29.64), (46, '2023-06-01 07:51:04', '2023-06-21 10:00:52', '2025-07-30 12:09:03', '2026-01-20', '2025-02-02 06:43:10', 42.5), (47, '2023-03-25 05:31:06', '2024-08-24 16:05:07', '2024-02-16 22:12:26', '2024-01-02', '2025-02-19 01:11:27', 26.04), (48, '2024-02-15 04:20:49', '2024-06-03 21:28:10', '2024-01-02 08:21:59', '2025-04-21', '2025-03-29 03:43:30', 64.41), (49, '2024-01-05 15:31:30', '2025-04-06 07:31:48', '2026-03-15 09:29:14', '2024-07-15', '2024-09-15 02:49:57', 93.72), (50, '2026-06-15 05:42:26', '2025-12-23 03:59:24', '2024-02-13 11:25:25', '2026-12-23', '2024-11-23 20:43:28', 85.66), (51, '2025-02-13 09:33:50', '2023-12-17 06:35:53', '2026-10-20 04:58:30', '2026-05-24', '2026-07-28 06:10:40', 31.39), (52, '2026-09-02 12:56:34', '2024-04-14 06:24:25', '2024-05-21 18:59:52', '2024-08-15', '2025-06-27 06:01:29', 65.01), (53, '2026-01-31 08:52:30', '2024-05-10 01:37:20', '2025-01-16 13:06:00', '2026-02-18', '2025-09-25 18:27:33', 74.63), (54, '2025-12-25 18:45:05', '2026-08-10 22:48:22', '2025-04-21 18:01:27', '2023-11-19', '2025-02-20 06:53:58', 27.7), (55, '2024-05-10 23:43:14', '2026-09-04 22:48:45', '2025-10-17 14:49:49', '2024-02-28', '2026-11-08 09:52:01', 30.39), (56, '2025-09-18 12:03:41', '2023-06-15 19:46:46', '2024-07-05 15:30:42', '2023-07-05', '2026-01-22 07:52:42', 50.04), (57, '2023-09-07 15:50:00', '2024-10-28 22:57:14', '2023-05-18 03:16:59', '2023-01-24', '2023-09-08 03:42:38', 82.09), (58, '2026-07-02 09:36:48', '2024-01-24 01:36:21', '2026-03-27 11:56:42', '2025-01-17', '2024-05-10 15:18:56', 70.05), (59, '2024-02-06 20:25:22', '2025-05-23 09:10:37', '2024-11-19 06:26:45', '2024-06-16', '2026-12-17 14:10:54', 53.92), (60, '2026-02-23 14:35:00', '2026-05-16 14:38:01', '2026-12-15 20:15:15', '2026-12-01', '2026-03-15 15:16:42', 81.98), (61, '2025-11-23 23:28:51', '2024-12-01 14:29:54', '2023-05-23 05:25:01', '2025-04-28', '2026-12-16 06:28:32', 69.17), (62, '2023-05-12 15:12:56', '2025-07-08 21:50:39', '2023-04-29 14:47:46', '2023-07-06', '2024-07-26 21:20:17', 26.03), (63, '2025-11-07 12:24:03', '2024-04-19 13:08:29', '2026-08-02 11:11:04', '2026-08-01', '2023-01-07 14:33:44', 70.57), (64, '2025-12-01 17:44:52', '2024-04-10 05:56:16', '2025-10-13 21:26:26', '2023-05-24', '2025-09-10 01:59:44', 86.49), (65, '2026-11-01 14:32:59', '2023-11-22 07:33:22', '2026-08-23 01:21:51', '2025-10-31', '2026-08-31 22:09:48', 11.18), (66, '2026-09-19 01:37:46', '2023-01-20 14:41:30', '2025-11-16 06:44:47', '2026-03-10', '2026-07-15 19:58:29', 65.79), (67, '2025-08-08 04:47:22', '2026-12-04 04:07:36', '2025-10-20 17:45:35', '2023-07-26', '2026-05-19 05:01:16', 4.44), (68, '2023-08-13 12:07:00', '2024-12-12 16:54:09', '2026-05-12 10:41:36', '2024-04-09', '2023-01-16 02:00:01', 55.45), (69, '2024-04-24 18:01:28', '2023-11-15 11:34:32', '2023-12-21 14:18:57', '2023-09-28', '2025-03-10 12:59:24', 60.39), (70, '2026-02-27 17:23:19', '2023-03-25 13:05:03', '2024-03-03 12:36:24', '2025-11-28', '2024-10-21 04:07:06', 19.6), (71, '2026-08-05 23:33:42', '2024-05-22 11:11:03', '2026-08-18 04:15:57', '2026-07-27', '2024-09-23 19:52:44', 20.05), (72, '2024-02-16 18:33:03', '2025-01-29 21:26:01', '2023-09-28 14:13:26', '2023-05-06', '2024-10-18 06:18:24', 24.1), (73, '2026-06-13 20:25:18', '2024-11-14 01:24:29', '2024-02-02 11:48:44', '2026-07-27', '2025-03-09 18:36:17', 56), (74, '2026-03-29 05:05:50', '2023-04-30 07:16:21', '2023-07-05 18:29:40', '2025-06-03', '2024-11-03 19:17:21', 29.79), (75, '2023-05-04 02:06:27', '2023-04-11 15:48:46', '2023-06-27 04:08:22', '2024-09-18', '2023-12-24 16:06:56', 31.3), (76, '2025-02-03 02:16:24', '2023-12-03 12:04:38', '2024-07-24 01:57:56', '2024-01-07', '2026-10-15 23:07:42', 77.61), (77, '2025-07-26 00:12:17', '2024-11-09 02:36:51', '2026-11-22 15:14:37', '2023-09-02', '2026-08-17 07:20:09', 75.52), (78, '2026-10-26 02:52:52', '2025-01-15 16:01:58', '2025-02-08 15:13:56', '2026-12-22', '2023-07-12 21:30:16', 83.62), (79, '2026-08-02 23:05:53', '2023-01-05 09:12:09', '2026-11-03 12:46:37', '2024-07-16', '2025-07-06 16:28:08', 1.78), (80, '2023-06-05 10:45:01', '2023-07-05 05:46:40', '2024-12-29 15:52:37', '2024-06-05', '2024-09-07 00:45:14', 94.92), (81, '2025-06-23 19:08:18', '2024-07-24 23:54:19', '2023-05-07 23:56:40', '2024-09-09', '2024-04-07 22:15:23', 53.27), (82, '2023-08-08 13:37:34', '2026-03-14 09:01:56', '2026-09-17 22:31:32', '2023-08-29', '2025-09-18 17:59:22', 2.27), (83, '2026-02-28 11:46:26', '2025-02-28 21:42:55', '2023-06-27 06:11:37', '2026-02-09', '2024-08-07 12:33:15', 19.12), (84, '2023-11-22 19:24:35', '2024-11-15 07:52:32', '2024-07-23 20:12:52', '2026-01-20', '2025-08-19 22:39:40', 92.82), (85, '2026-04-09 02:59:42', '2026-01-05 23:27:54', '2025-08-29 18:54:42', '2026-06-02', '2026-02-16 08:25:50', 65.07), (86, '2025-05-02 04:36:47', '2024-04-05 11:57:59', '2025-12-23 14:21:51', '2024-08-03', '2023-06-09 04:24:49', 46.41), (87, '2026-03-24 21:06:01', '2023-09-23 08:43:36', '2024-01-22 06:44:02', '2024-09-13', '2026-07-01 17:20:14', 41.75), (88, '2024-06-23 13:58:43', '2026-03-17 01:19:09', '2025-03-08 15:17:13', '2024-05-09', '2024-08-29 19:48:30', 97.24), (89, '2023-12-19 01:57:31', '2025-11-26 00:57:35', '2024-03-05 15:26:55', '2023-09-17', '2023-09-19 09:38:33', 4.72), (90, '2025-06-13 21:12:12', '2024-07-22 10:31:59', '2023-07-18 15:21:13', '2025-04-20', '2024-05-02 02:35:01', 44.65), (91, '2025-11-06 11:13:50', '2025-09-10 16:43:33', '2025-02-23 01:30:47', '2025-07-12', '2025-06-01 04:52:20', 22.95), (92, '2024-09-20 02:40:32', '2024-06-17 14:59:56', '2026-10-14 16:32:36', '2024-09-16', '2026-12-16 21:33:47', 30.14), (93, '2025-04-01 17:11:46', '2023-09-02 22:46:08', '2024-10-13 17:10:12', '2026-06-15', '2024-07-22 16:02:16', 85.05), (94, '2025-06-29 16:55:20', '2024-04-09 16:06:39', '2026-02-25 07:05:55', '2024-03-25', '2025-09-22 06:09:14', 47.79), (95, '2023-04-10 17:04:04', '2023-02-28 15:18:24', '2024-12-02 21:18:11', '2026-07-29', '2026-08-05 16:23:55', 24.7), (96, '2024-06-11 20:44:28', '2025-07-22 01:19:48', '2023-03-25 10:21:10', '2023-11-23', '2025-12-23 04:27:19', 96.25), (97, '2024-10-12 03:55:56', '2026-05-04 00:57:16', '2026-08-09 16:40:18', '2026-06-06', '2023-04-04 01:34:41', 41.43), (98, '2023-07-16 09:57:03', '2025-12-05 21:38:55', '2023-03-24 15:30:48', '2025-06-04', '2023-02-24 21:56:08', 58.55), (99, '2023-10-21 22:30:14', '2024-01-25 04:46:26', '2023-03-20 01:50:06', '2026-07-01', '2026-12-09 11:09:36', 97.58), (100, '2024-07-31 03:02:41', '2026-05-02 20:08:09', '2026-10-17 06:03:52', '2024-04-26', '2026-06-28 16:29:18', 42.35);
WITH cte_0 AS (SELECT t5.c1 AS c0, t5.c0 AS c1, t5.c2 AS c2 FROM t5 WHERE (((t5.c1 > t5.c0) AND (t5.c1 >= t5.c0)) OR (t5.c2 < t5.c1)) ORDER BY t5.id LIMIT 8), cte_1 AS (SELECT t5.c2 AS c0, t5.c1 AS c1, t5.id AS c2 FROM t5 WHERE NOT (t5.id IN (70, 74, 98)) ORDER BY t5.id LIMIT 7), cte_2 AS (SELECT cte_1.c1 AS c0, cte_1.c2 AS c1, cte_1.c0 AS c2 FROM cte_1 WHERE (cte_1.c2 IN (32, 16)) ORDER BY cte_1.c0 LIMIT 1) SELECT (t3.id - 38) AS c0, SUM(t4.c0) OVER (ORDER BY cte_0.c2 DESC) AS c1 FROM t0 LEFT JOIN t5 ON (1 = 0) RIGHT JOIN t1 ON (1 = 0) RIGHT JOIN t4 ON (1 = 0) LEFT JOIN t3 ON (1 = 0) LEFT JOIN cte_0 ON (1 = 0) LEFT JOIN cte_1 ON (1 = 0) RIGHT JOIN cte_2 ON (1 = 0) WHERE ((NOT EXISTS (SELECT t0.c5 AS c0 FROM t0 WHERE NOT EXISTS (SELECT COUNT(1) AS cnt FROM v0 WHERE ((v0.cnt != v0.sum1) OR (v0.cnt <= v0.sum1)))) AND NOT EXISTS (SELECT t0.c0 AS c0 FROM t0 WHERE ((t0.c5 <=> t0.id) OR (t0.c1 <=> t0.c3)))) AND NOT (t4.c1 IN ((SELECT v4.g1 AS c0 FROM v4 WHERE NOT EXISTS (SELECT v2.sum1 AS c0 FROM v2 WHERE (v2.cnt <=> v2.sum1)) ORDER BY v4.g1, v4.g0 LIMIT 6))));
