{"columns":{"c0":{"histogram":{"ndv":0},"cm_sketch":null,"fm_sketch":null,"stats_ver":0,"null_count":0,"tot_col_size":0,"last_update_version":464051475974193168,"correlation":0},"c1":{"histogram":{"ndv":0},"cm_sketch":null,"fm_sketch":null,"stats_ver":0,"null_count":0,"tot_col_size":0,"last_update_version":464051475974193168,"correlation":0},"id":{"histogram":{"ndv":0},"cm_sketch":null,"fm_sketch":null,"stats_ver":0,"null_count":0,"tot_col_size":0,"last_update_version":464051475974193168,"correlation":0}},"indices":{"idx_c0":{"histogram":{"ndv":0},"cm_sketch":null,"fm_sketch":null,"stats_ver":0,"null_count":0,"tot_col_size":0,"last_update_version":464051475974193168,"correlation":0}},"partitions":null,"database_name":"shiro_fuzz_r3","table_name":"t1","ext_stats":null,"predicate_columns":[],"count":0,"modify_count":0,"version":464051475974193168,"is_historical_stats":false}