{"columns":{"c0":{"histogram":{"ndv":0},"cm_sketch":null,"fm_sketch":null,"stats_ver":2,"null_count":0,"tot_col_size":0,"last_update_version":464041054151114780,"correlation":0},"c1":{"histogram":{"ndv":0},"cm_sketch":null,"fm_sketch":null,"stats_ver":2,"null_count":0,"tot_col_size":0,"last_update_version":464041054151114780,"correlation":0},"c2":{"histogram":{"ndv":0},"cm_sketch":null,"fm_sketch":null,"stats_ver":2,"null_count":0,"tot_col_size":0,"last_update_version":464041054151114780,"correlation":0},"id":{"histogram":{"ndv":0},"cm_sketch":null,"fm_sketch":null,"stats_ver":2,"null_count":0,"tot_col_size":0,"last_update_version":464041054151114780,"correlation":0}},"indices":{"idx_c0_5":{"histogram":{"ndv":0},"cm_sketch":null,"fm_sketch":null,"stats_ver":2,"null_count":0,"tot_col_size":0,"last_update_version":464041054151114780,"correlation":0},"idx_c1_25":{"histogram":{"ndv":0},"cm_sketch":null,"fm_sketch":null,"stats_ver":2,"null_count":0,"tot_col_size":0,"last_update_version":464041054151114780,"correlation":0},"idx_c1_c0_28":{"histogram":{"ndv":0},"cm_sketch":null,"fm_sketch":null,"stats_ver":2,"null_count":0,"tot_col_size":0,"last_update_version":464041054151114780,"correlation":0},"idx_c1_c0_c2_9":{"histogram":{"ndv":0},"cm_sketch":null,"fm_sketch":null,"stats_ver":2,"null_count":0,"tot_col_size":0,"last_update_version":464041054151114780,"correlation":0},"idx_c2_9":{"histogram":{"ndv":0},"cm_sketch":null,"fm_sketch":null,"stats_ver":2,"null_count":0,"tot_col_size":0,"last_update_version":464041054151114780,"correlation":0},"idx_id_4":{"histogram":{"ndv":0},"cm_sketch":null,"fm_sketch":null,"stats_ver":2,"null_count":0,"tot_col_size":0,"last_update_version":464041054151114780,"correlation":0}},"partitions":null,"database_name":"shiro_fuzz_r9","table_name":"t1","ext_stats":null,"predicate_columns":[{"last_used_at":null,"last_analyzed_at":"2026-02-04 03:35:40","id":1},{"last_used_at":null,"last_analyzed_at":"2026-02-04 03:35:40","id":2},{"last_used_at":null,"last_analyzed_at":"2026-02-04 03:35:40","id":3},{"last_used_at":null,"last_analyzed_at":"2026-02-04 03:35:40","id":4}],"count":0,"modify_count":482,"version":464041056798769194,"is_historical_stats":false}