{"columns":{"c0":{"histogram":{"ndv":0},"cm_sketch":null,"fm_sketch":null,"stats_ver":2,"null_count":0,"tot_col_size":0,"last_update_version":464041053941399565,"correlation":0},"c1":{"histogram":{"ndv":0},"cm_sketch":null,"fm_sketch":null,"stats_ver":2,"null_count":0,"tot_col_size":0,"last_update_version":464041053941399565,"correlation":0},"c2":{"histogram":{"ndv":0},"cm_sketch":null,"fm_sketch":null,"stats_ver":2,"null_count":0,"tot_col_size":0,"last_update_version":464041053941399565,"correlation":0},"c3":{"histogram":{"ndv":0},"cm_sketch":null,"fm_sketch":null,"stats_ver":2,"null_count":0,"tot_col_size":0,"last_update_version":464041053941399565,"correlation":0},"id":{"histogram":{"ndv":0},"cm_sketch":null,"fm_sketch":null,"stats_ver":2,"null_count":0,"tot_col_size":0,"last_update_version":464041053941399565,"correlation":0}},"indices":{"fk_20":{"histogram":{"ndv":0},"cm_sketch":null,"fm_sketch":null,"stats_ver":2,"null_count":0,"tot_col_size":0,"last_update_version":464041053941399565,"correlation":0},"idx_c0_13":{"histogram":{"ndv":0},"cm_sketch":null,"fm_sketch":null,"stats_ver":2,"null_count":0,"tot_col_size":0,"last_update_version":464041053941399565,"correlation":0},"idx_c1_27":{"histogram":{"ndv":0},"cm_sketch":null,"fm_sketch":null,"stats_ver":2,"null_count":0,"tot_col_size":0,"last_update_version":464041053941399565,"correlation":0},"idx_c2_2":{"histogram":{"ndv":0},"cm_sketch":null,"fm_sketch":null,"stats_ver":2,"null_count":0,"tot_col_size":0,"last_update_version":464041053941399565,"correlation":0},"idx_c3_26":{"histogram":{"ndv":0},"cm_sketch":null,"fm_sketch":null,"stats_ver":2,"null_count":0,"tot_col_size":0,"last_update_version":464041053941399565,"correlation":0},"idx_id_28":{"histogram":{"ndv":0},"cm_sketch":null,"fm_sketch":null,"stats_ver":2,"null_count":0,"tot_col_size":0,"last_update_version":464041053941399565,"correlation":0}},"partitions":null,"database_name":"shiro_fuzz_r9","table_name":"t5","ext_stats":null,"predicate_columns":[{"last_used_at":null,"last_analyzed_at":"2026-02-04 03:35:39","id":1},{"last_used_at":null,"last_analyzed_at":"2026-02-04 03:35:39","id":2},{"last_used_at":null,"last_analyzed_at":"2026-02-04 03:35:39","id":3},{"last_used_at":null,"last_analyzed_at":"2026-02-04 03:35:39","id":4},{"last_used_at":null,"last_analyzed_at":"2026-02-04 03:35:39","id":5}],"count":0,"modify_count":17,"version":464041056798769194,"is_historical_stats":false}