{"columns":{"c0":{"histogram":{"ndv":0},"cm_sketch":null,"fm_sketch":null,"stats_ver":2,"null_count":0,"tot_col_size":0,"last_update_version":464041054557437963,"correlation":0},"c1":{"histogram":{"ndv":0},"cm_sketch":null,"fm_sketch":null,"stats_ver":2,"null_count":0,"tot_col_size":0,"last_update_version":464041054557437963,"correlation":0},"c2":{"histogram":{"ndv":0},"cm_sketch":null,"fm_sketch":null,"stats_ver":2,"null_count":0,"tot_col_size":0,"last_update_version":464041054557437963,"correlation":0},"c3":{"histogram":{"ndv":0},"cm_sketch":null,"fm_sketch":null,"stats_ver":2,"null_count":0,"tot_col_size":0,"last_update_version":464041054557437963,"correlation":0},"c4":{"histogram":{"ndv":0},"cm_sketch":null,"fm_sketch":null,"stats_ver":2,"null_count":0,"tot_col_size":0,"last_update_version":464041054557437963,"correlation":0},"c5":{"histogram":{"ndv":0},"cm_sketch":null,"fm_sketch":null,"stats_ver":2,"null_count":0,"tot_col_size":0,"last_update_version":464041054557437963,"correlation":0},"c6":{"histogram":{"ndv":0},"cm_sketch":null,"fm_sketch":null,"stats_ver":2,"null_count":0,"tot_col_size":0,"last_update_version":464041054557437963,"correlation":0},"id":{"histogram":{"ndv":0},"cm_sketch":null,"fm_sketch":null,"stats_ver":2,"null_count":0,"tot_col_size":0,"last_update_version":464041054557437963,"correlation":0}},"indices":{"idx_c0_19":{"histogram":{"ndv":0},"cm_sketch":null,"fm_sketch":null,"stats_ver":2,"null_count":0,"tot_col_size":0,"last_update_version":464041054557437963,"correlation":0},"idx_c1_17":{"histogram":{"ndv":0},"cm_sketch":null,"fm_sketch":null,"stats_ver":2,"null_count":0,"tot_col_size":0,"last_update_version":464041054557437963,"correlation":0},"idx_c2_15":{"histogram":{"ndv":0},"cm_sketch":null,"fm_sketch":null,"stats_ver":2,"null_count":0,"tot_col_size":0,"last_update_version":464041054557437963,"correlation":0},"idx_c3":{"histogram":{"ndv":0},"cm_sketch":null,"fm_sketch":null,"stats_ver":2,"null_count":0,"tot_col_size":0,"last_update_version":464041054557437963,"correlation":0},"idx_c3_c1_31":{"histogram":{"ndv":0},"cm_sketch":null,"fm_sketch":null,"stats_ver":2,"null_count":0,"tot_col_size":0,"last_update_version":464041054557437963,"correlation":0},"idx_c4":{"histogram":{"ndv":0},"cm_sketch":null,"fm_sketch":null,"stats_ver":2,"null_count":0,"tot_col_size":0,"last_update_version":464041054557437963,"correlation":0},"idx_c4_c6_c5_1":{"histogram":{"ndv":0},"cm_sketch":null,"fm_sketch":null,"stats_ver":2,"null_count":0,"tot_col_size":0,"last_update_version":464041054557437963,"correlation":0},"idx_c5":{"histogram":{"ndv":0},"cm_sketch":null,"fm_sketch":null,"stats_ver":2,"null_count":0,"tot_col_size":0,"last_update_version":464041054557437963,"correlation":0},"idx_c6_8":{"histogram":{"ndv":0},"cm_sketch":null,"fm_sketch":null,"stats_ver":2,"null_count":0,"tot_col_size":0,"last_update_version":464041054557437963,"correlation":0},"idx_id_22":{"histogram":{"ndv":0},"cm_sketch":null,"fm_sketch":null,"stats_ver":2,"null_count":0,"tot_col_size":0,"last_update_version":464041054557437963,"correlation":0}},"partitions":null,"database_name":"shiro_fuzz_r9","table_name":"t0","ext_stats":null,"predicate_columns":[{"last_used_at":null,"last_analyzed_at":"2026-02-04 03:35:41","id":7},{"last_used_at":null,"last_analyzed_at":"2026-02-04 03:35:41","id":8},{"last_used_at":null,"last_analyzed_at":"2026-02-04 03:35:41","id":1},{"last_used_at":null,"last_analyzed_at":"2026-02-04 03:35:41","id":2},{"last_used_at":null,"last_analyzed_at":"2026-02-04 03:35:41","id":3},{"last_used_at":null,"last_analyzed_at":"2026-02-04 03:35:41","id":4},{"last_used_at":null,"last_analyzed_at":"2026-02-04 03:35:41","id":5},{"last_used_at":null,"last_analyzed_at":"2026-02-04 03:35:41","id":6}],"count":0,"modify_count":37,"version":464041056798769194,"is_historical_stats":false}