{"columns":{"c0":{"histogram":{"ndv":0},"cm_sketch":null,"fm_sketch":null,"stats_ver":2,"null_count":0,"tot_col_size":0,"last_update_version":464040662436675625,"correlation":0},"c1":{"histogram":{"ndv":0},"cm_sketch":null,"fm_sketch":null,"stats_ver":2,"null_count":0,"tot_col_size":0,"last_update_version":464040662436675625,"correlation":0},"id":{"histogram":{"ndv":0},"cm_sketch":null,"fm_sketch":null,"stats_ver":2,"null_count":0,"tot_col_size":0,"last_update_version":464040662436675625,"correlation":0}},"indices":{"idx_c0":{"histogram":{"ndv":0},"cm_sketch":null,"fm_sketch":null,"stats_ver":2,"null_count":0,"tot_col_size":0,"last_update_version":464040662436675625,"correlation":0},"idx_c1_1":{"histogram":{"ndv":0},"cm_sketch":null,"fm_sketch":null,"stats_ver":2,"null_count":0,"tot_col_size":0,"last_update_version":464040662436675625,"correlation":0},"idx_id_5":{"histogram":{"ndv":0},"cm_sketch":null,"fm_sketch":null,"stats_ver":2,"null_count":0,"tot_col_size":0,"last_update_version":464040662436675625,"correlation":0}},"partitions":null,"database_name":"shiro_fuzz_r3","table_name":"t1","ext_stats":null,"predicate_columns":[{"last_used_at":null,"last_analyzed_at":"2026-02-04 03:10:46","id":1},{"last_used_at":null,"last_analyzed_at":"2026-02-04 03:10:46","id":2},{"last_used_at":null,"last_analyzed_at":"2026-02-04 03:10:46","id":3}],"count":0,"modify_count":0,"version":464040662436675625,"is_historical_stats":false}