{"columns":null,"indices":null,"partitions":{"global":{"columns":{"c0":{"histogram":{"ndv":2},"cm_sketch":{"top_n":[{"data":"A4AAAAAAAAAA","count":8},{"data":"A4AAAAAAAAAB","count":2}],"default_value":0},"fm_sketch":null,"stats_ver":2,"null_count":0,"tot_col_size":80,"last_update_version":464040670340317215,"correlation":0},"c1":{"histogram":{"ndv":10},"cm_sketch":{"top_n":[{"data":"BcApmZmZmZma","count":1},{"data":"BcAyvXCj1wo9","count":1},{"data":"BcA18KPXCj1x","count":1},{"data":"BcBKDMzMzMzN","count":1},{"data":"BcBNXXCj1wo9","count":1},{"data":"BcBQ7hR64Ueu","count":1},{"data":"BcBSpHrhR64U","count":1},{"data":"BcBTTrhR64Uf","count":1},{"data":"BcBWmuFHrhR7","count":1},{"data":"BcBXiuFHrhR7","count":1}],"default_value":0},"fm_sketch":null,"stats_ver":2,"null_count":0,"tot_col_size":80,"last_update_version":464040670340317221,"correlation":0},"c2":{"histogram":{"ndv":2},"cm_sketch":{"top_n":[{"data":"A4AAAAAAAAAA","count":8},{"data":"A4AAAAAAAAAB","count":2}],"default_value":0},"fm_sketch":null,"stats_ver":2,"null_count":0,"tot_col_size":80,"last_update_version":464040670340317227,"correlation":0},"c3":{"histogram":{"ndv":10},"cm_sketch":{"top_n":[{"data":"BcBAlHrhR64U","count":1},{"data":"BcBCOFHrhR64","count":1},{"data":"BcBDw9cKPXCk","count":1},{"data":"BcBD9HrhR64U","count":1},{"data":"BcBKmZmZmZma","count":1},{"data":"BcBO4AAAAAAA","count":1},{"data":"BcBQ9R64UeuF","count":1},{"data":"BcBU1R64UeuF","count":1},{"data":"BcBXAUeuFHrh","count":1},{"data":"BcBYbrhR64Uf","count":1}],"default_value":0},"fm_sketch":null,"stats_ver":2,"null_count":0,"tot_col_size":80,"last_update_version":464040670340317233,"correlation":0},"c4":{"histogram":{"ndv":10},"cm_sketch":{"top_n":[{"data":"BBmxOKBtAAAA","count":1},{"data":"BBmzc3LxAAAA","count":1},{"data":"BBm1Nzm5AAAA","count":1},{"data":"BBm13TlMAAAA","count":1},{"data":"BBm1+XYMAAAA","count":1},{"data":"BBm2Is6kAAAA","count":1},{"data":"BBm2xmbqAAAA","count":1},{"data":"BBm31qODAAAA","count":1},{"data":"BBm40TWBAAAA","count":1},{"data":"BBm59koOAAAA","count":1}],"default_value":0},"fm_sketch":null,"stats_ver":2,"null_count":0,"tot_col_size":80,"last_update_version":464040670340317239,"correlation":0},"c5":{"histogram":{"ndv":10},"cm_sketch":{"top_n":[{"data":"BBmvCzS6AAAA","count":1},{"data":"BBmvKIeuAAAA","count":1},{"data":"BBmyzFnDAAAA","count":1},{"data":"BBm0Twn5AAAA","count":1},{"data":"BBm19TYtAAAA","count":1},{"data":"BBm19rECAAAA","count":1},{"data":"BBm3EFcKAAAA","count":1},{"data":"BBm5JTRgAAAA","count":1},{"data":"BBm5fxgqAAAA","count":1},{"data":"BBm6/ApaAAAA","count":1}],"default_value":0},"fm_sketch":null,"stats_ver":2,"null_count":0,"tot_col_size":80,"last_update_version":464040670353424386,"correlation":0},"c6":{"histogram":{"ndv":10},"cm_sketch":{"top_n":[{"data":"BcAvx64gAAAA","count":1},{"data":"BcAyGZmgAAAA","count":1},{"data":"BcA4lwpAAAAA","count":1},{"data":"BcA9Sj2AAAAA","count":1},{"data":"BcBEkeuAAAAA","count":1},{"data":"BcBEuZmgAAAA","count":1},{"data":"BcBJfCkAAAAA","count":1},{"data":"BcBJvrhgAAAA","count":1},{"data":"BcBNThSAAAAA","count":1},{"data":"BcBVnCkAAAAA","count":1}],"default_value":0},"fm_sketch":null,"stats_ver":2,"null_count":0,"tot_col_size":80,"last_update_version":464040670353424394,"correlation":0},"id":{"histogram":{"ndv":10},"cm_sketch":{"top_n":[{"data":"A4AAAAAAAADz","count":1},{"data":"A4AAAAAAAAD0","count":1},{"data":"A4AAAAAAAAD1","count":1},{"data":"A4AAAAAAAAD2","count":1},{"data":"A4AAAAAAAAD3","count":1},{"data":"A4AAAAAAAAD4","count":1},{"data":"A4AAAAAAAAD5","count":1},{"data":"A4AAAAAAAAD6","count":1},{"data":"A4AAAAAAAAD7","count":1},{"data":"A4AAAAAAAAD8","count":1}],"default_value":0},"fm_sketch":null,"stats_ver":2,"null_count":0,"tot_col_size":80,"last_update_version":464040670340317209,"correlation":0}},"indices":{"idx_c0_15":{"histogram":{"ndv":2},"cm_sketch":{"top_n":[{"data":"A4AAAAAAAAAA","count":8},{"data":"A4AAAAAAAAAB","count":2}],"default_value":0},"fm_sketch":null,"stats_ver":2,"null_count":0,"tot_col_size":0,"last_update_version":464040670314102797,"correlation":0},"idx_c0_c5_23":{"histogram":{"ndv":10},"cm_sketch":{"top_n":[{"data":"A4AAAAAAAAAABBmvCzS6AAAA","count":1},{"data":"A4AAAAAAAAAABBmyzFnDAAAA","count":1},{"data":"A4AAAAAAAAAABBm0Twn5AAAA","count":1},{"data":"A4AAAAAAAAAABBm19TYtAAAA","count":1},{"data":"A4AAAAAAAAAABBm19rECAAAA","count":1},{"data":"A4AAAAAAAAAABBm3EFcKAAAA","count":1},{"data":"A4AAAAAAAAAABBm5JTRgAAAA","count":1},{"data":"A4AAAAAAAAAABBm5fxgqAAAA","count":1},{"data":"A4AAAAAAAAABBBmvKIeuAAAA","count":1},{"data":"A4AAAAAAAAABBBm6/ApaAAAA","count":1}],"default_value":0},"fm_sketch":null,"stats_ver":2,"null_count":0,"tot_col_size":0,"last_update_version":464040670314102826,"correlation":0},"idx_c1_19":{"histogram":{"ndv":10},"cm_sketch":{"top_n":[{"data":"BcApmZmZmZma","count":1},{"data":"BcAyvXCj1wo9","count":1},{"data":"BcA18KPXCj1x","count":1},{"data":"BcBKDMzMzMzN","count":1},{"data":"BcBNXXCj1wo9","count":1},{"data":"BcBQ7hR64Ueu","count":1},{"data":"BcBSpHrhR64U","count":1},{"data":"BcBTTrhR64Uf","count":1},{"data":"BcBWmuFHrhR7","count":1},{"data":"BcBXiuFHrhR7","count":1}],"default_value":0},"fm_sketch":null,"stats_ver":2,"null_count":0,"tot_col_size":0,"last_update_version":464040670366531614,"correlation":0},"idx_c1_c2_c3_29":{"histogram":{"ndv":10},"cm_sketch":{"top_n":[{"data":"BcApmZmZmZmaA4AAAAAAAAAABcBXAUeuFHrh","count":1},{"data":"BcAyvXCj1wo9A4AAAAAAAAAABcBU1R64UeuF","count":1},{"data":"BcA18KPXCj1xA4AAAAAAAAAABcBAlHrhR64U","count":1},{"data":"BcBKDMzMzMzNA4AAAAAAAAAABcBKmZmZmZma","count":1},{"data":"BcBNXXCj1wo9A4AAAAAAAAAABcBO4AAAAAAA","count":1},{"data":"BcBQ7hR64UeuA4AAAAAAAAABBcBDw9cKPXCk","count":1},{"data":"BcBSpHrhR64UA4AAAAAAAAAABcBQ9R64UeuF","count":1},{"data":"BcBTTrhR64UfA4AAAAAAAAAABcBCOFHrhR64","count":1},{"data":"BcBWmuFHrhR7A4AAAAAAAAAABcBYbrhR64Uf","count":1},{"data":"BcBXiuFHrhR7A4AAAAAAAAABBcBD9HrhR64U","count":1}],"default_value":0},"fm_sketch":null,"stats_ver":2,"null_count":0,"tot_col_size":0,"last_update_version":464040670392745986,"correlation":0},"idx_c2":{"histogram":{"ndv":2},"cm_sketch":{"top_n":[{"data":"A4AAAAAAAAAA","count":8},{"data":"A4AAAAAAAAAB","count":2}],"default_value":0},"fm_sketch":null,"stats_ver":2,"null_count":0,"tot_col_size":0,"last_update_version":464040670287888412,"correlation":0},"idx_c3_12":{"histogram":{"ndv":10},"cm_sketch":{"top_n":[{"data":"BcBAlHrhR64U","count":1},{"data":"BcBCOFHrhR64","count":1},{"data":"BcBDw9cKPXCk","count":1},{"data":"BcBD9HrhR64U","count":1},{"data":"BcBKmZmZmZma","count":1},{"data":"BcBO4AAAAAAA","count":1},{"data":"BcBQ9R64UeuF","count":1},{"data":"BcBU1R64UeuF","count":1},{"data":"BcBXAUeuFHrh","count":1},{"data":"BcBYbrhR64Uf","count":1}],"default_value":0},"fm_sketch":null,"stats_ver":2,"null_count":0,"tot_col_size":0,"last_update_version":464040670300995653,"correlation":0},"idx_c4":{"histogram":{"ndv":10},"cm_sketch":{"top_n":[{"data":"BBmxOKBtAAAA","count":1},{"data":"BBmzc3LxAAAA","count":1},{"data":"BBm1Nzm5AAAA","count":1},{"data":"BBm13TlMAAAA","count":1},{"data":"BBm1+XYMAAAA","count":1},{"data":"BBm2Is6kAAAA","count":1},{"data":"BBm2xmbqAAAA","count":1},{"data":"BBm31qODAAAA","count":1},{"data":"BBm40TWBAAAA","count":1},{"data":"BBm59koOAAAA","count":1}],"default_value":0},"fm_sketch":null,"stats_ver":2,"null_count":0,"tot_col_size":0,"last_update_version":464040670300995595,"correlation":0},"idx_c5_22":{"histogram":{"ndv":10},"cm_sketch":{"top_n":[{"data":"BBmvCzS6AAAA","count":1},{"data":"BBmvKIeuAAAA","count":1},{"data":"BBmyzFnDAAAA","count":1},{"data":"BBm0Twn5AAAA","count":1},{"data":"BBm19TYtAAAA","count":1},{"data":"BBm19rECAAAA","count":1},{"data":"BBm3EFcKAAAA","count":1},{"data":"BBm5JTRgAAAA","count":1},{"data":"BBm5fxgqAAAA","count":1},{"data":"BBm6/ApaAAAA","count":1}],"default_value":0},"fm_sketch":null,"stats_ver":2,"null_count":0,"tot_col_size":0,"last_update_version":464040670379638808,"correlation":0},"idx_c5_c0_6":{"histogram":{"ndv":10},"cm_sketch":{"top_n":[{"data":"BBmvCzS6AAAAA4AAAAAAAAAA","count":1},{"data":"BBmvKIeuAAAAA4AAAAAAAAAB","count":1},{"data":"BBmyzFnDAAAAA4AAAAAAAAAA","count":1},{"data":"BBm0Twn5AAAAA4AAAAAAAAAA","count":1},{"data":"BBm19TYtAAAAA4AAAAAAAAAA","count":1},{"data":"BBm19rECAAAAA4AAAAAAAAAA","count":1},{"data":"BBm3EFcKAAAAA4AAAAAAAAAA","count":1},{"data":"BBm5JTRgAAAAA4AAAAAAAAAA","count":1},{"data":"BBm5fxgqAAAAA4AAAAAAAAAA","count":1},{"data":"BBm6/ApaAAAAA4AAAAAAAAAB","count":1}],"default_value":0},"fm_sketch":null,"stats_ver":2,"null_count":0,"tot_col_size":0,"last_update_version":464040670353424424,"correlation":0},"idx_c5_c0_c1_7":{"histogram":{"ndv":10},"cm_sketch":{"top_n":[{"data":"BBmvCzS6AAAAA4AAAAAAAAAABcAyvXCj1wo9","count":1},{"data":"BBmvKIeuAAAAA4AAAAAAAAABBcBXiuFHrhR7","count":1},{"data":"BBmyzFnDAAAAA4AAAAAAAAAABcBQ7hR64Ueu","count":1},{"data":"BBm0Twn5AAAAA4AAAAAAAAAABcA18KPXCj1x","count":1},{"data":"BBm19TYtAAAAA4AAAAAAAAAABcBTTrhR64Uf","count":1},{"data":"BBm19rECAAAAA4AAAAAAAAAABcApmZmZmZma","count":1},{"data":"BBm3EFcKAAAAA4AAAAAAAAAABcBWmuFHrhR7","count":1},{"data":"BBm5JTRgAAAAA4AAAAAAAAAABcBNXXCj1wo9","count":1},{"data":"BBm5fxgqAAAAA4AAAAAAAAAABcBSpHrhR64U","count":1},{"data":"BBm6/ApaAAAAA4AAAAAAAAABBcBKDMzMzMzN","count":1}],"default_value":0},"fm_sketch":null,"stats_ver":2,"null_count":0,"tot_col_size":0,"last_update_version":464040670300995624,"correlation":0},"idx_c6_24":{"histogram":{"ndv":10},"cm_sketch":{"top_n":[{"data":"BcAvx64gAAAA","count":1},{"data":"BcAyGZmgAAAA","count":1},{"data":"BcA4lwpAAAAA","count":1},{"data":"BcA9Sj2AAAAA","count":1},{"data":"BcBEkeuAAAAA","count":1},{"data":"BcBEuZmgAAAA","count":1},{"data":"BcBJfCkAAAAA","count":1},{"data":"BcBJvrhgAAAA","count":1},{"data":"BcBNThSAAAAA","count":1},{"data":"BcBVnCkAAAAA","count":1}],"default_value":0},"fm_sketch":null,"stats_ver":2,"null_count":0,"tot_col_size":0,"last_update_version":464040670314102856,"correlation":0},"idx_c6_c5_31":{"histogram":{"ndv":10},"cm_sketch":{"top_n":[{"data":"BcAvx64gAAAABBmvCzS6AAAA","count":1},{"data":"BcAyGZmgAAAABBmvKIeuAAAA","count":1},{"data":"BcA4lwpAAAAABBm5fxgqAAAA","count":1},{"data":"BcA9Sj2AAAAABBm19rECAAAA","count":1},{"data":"BcBEkeuAAAAABBm6/ApaAAAA","count":1},{"data":"BcBEuZmgAAAABBm19TYtAAAA","count":1},{"data":"BcBJfCkAAAAABBm3EFcKAAAA","count":1},{"data":"BcBJvrhgAAAABBmyzFnDAAAA","count":1},{"data":"BcBNThSAAAAABBm5JTRgAAAA","count":1},{"data":"BcBVnCkAAAAABBm0Twn5AAAA","count":1}],"default_value":0},"fm_sketch":null,"stats_ver":2,"null_count":0,"tot_col_size":0,"last_update_version":464040670392746016,"correlation":0},"idx_id_26":{"histogram":{"ndv":10},"cm_sketch":{"top_n":[{"data":"A4AAAAAAAADz","count":1},{"data":"A4AAAAAAAAD0","count":1},{"data":"A4AAAAAAAAD1","count":1},{"data":"A4AAAAAAAAD2","count":1},{"data":"A4AAAAAAAAD3","count":1},{"data":"A4AAAAAAAAD4","count":1},{"data":"A4AAAAAAAAD5","count":1},{"data":"A4AAAAAAAAD6","count":1},{"data":"A4AAAAAAAAD7","count":1},{"data":"A4AAAAAAAAD8","count":1}],"default_value":0},"fm_sketch":null,"stats_ver":2,"null_count":0,"tot_col_size":0,"last_update_version":464040670327210008,"correlation":0}},"partitions":null,"database_name":"shiro_fuzz_r3","table_name":"t3","ext_stats":null,"predicate_columns":[{"last_used_at":null,"last_analyzed_at":"2026-02-04 03:11:16","id":4},{"last_used_at":null,"last_analyzed_at":"2026-02-04 03:11:16","id":5},{"last_used_at":null,"last_analyzed_at":"2026-02-04 03:11:16","id":6},{"last_used_at":null,"last_analyzed_at":"2026-02-04 03:11:16","id":7},{"last_used_at":null,"last_analyzed_at":"2026-02-04 03:11:16","id":8},{"last_used_at":null,"last_analyzed_at":"2026-02-04 03:11:16","id":1},{"last_used_at":null,"last_analyzed_at":"2026-02-04 03:11:16","id":2},{"last_used_at":null,"last_analyzed_at":"2026-02-04 03:11:16","id":3}],"count":10,"modify_count":0,"version":464040670392746016,"is_historical_stats":false},"p0":{"columns":{"c0":{"histogram":{"ndv":2},"cm_sketch":{"top_n":[{"data":"A4AAAAAAAAAA","count":4},{"data":"A4AAAAAAAAAB","count":1}],"default_value":0},"fm_sketch":{"mask":0,"hashset":[10629088178943016945,5375346967849578500]},"stats_ver":2,"null_count":0,"tot_col_size":40,"last_update_version":464040670248566807,"correlation":0},"c1":{"histogram":{"ndv":5},"cm_sketch":{"top_n":[{"data":"BcA18KPXCj1x","count":1},{"data":"BcBNXXCj1wo9","count":1},{"data":"BcBSpHrhR64U","count":1},{"data":"BcBWmuFHrhR7","count":1},{"data":"BcBXiuFHrhR7","count":1}],"default_value":0},"fm_sketch":{"mask":0,"hashset":[8556508202494669571,10993828394235132650,7667088701751721569,16110655577369331122,331697215234298499]},"stats_ver":2,"null_count":0,"tot_col_size":40,"last_update_version":464040670248566807,"correlation":-0.2},"c2":{"histogram":{"ndv":2},"cm_sketch":{"top_n":[{"data":"A4AAAAAAAAAA","count":4},{"data":"A4AAAAAAAAAB","count":1}],"default_value":0},"fm_sketch":{"mask":0,"hashset":[10629088178943016945,5375346967849578500]},"stats_ver":2,"null_count":0,"tot_col_size":40,"last_update_version":464040670248566807,"correlation":0},"c3":{"histogram":{"ndv":5},"cm_sketch":{"top_n":[{"data":"BcBAlHrhR64U","count":1},{"data":"BcBD9HrhR64U","count":1},{"data":"BcBO4AAAAAAA","count":1},{"data":"BcBQ9R64UeuF","count":1},{"data":"BcBYbrhR64Uf","count":1}],"default_value":0},"fm_sketch":{"mask":0,"hashset":[11330948718258063666,15361952025914746594,16371292924746794054,7431962990436178350,8625491811941692837]},"stats_ver":2,"null_count":0,"tot_col_size":40,"last_update_version":464040670248566807,"correlation":0.6},"c4":{"histogram":{"ndv":5},"cm_sketch":{"top_n":[{"data":"BBmxOKBtAAAA","count":1},{"data":"BBmzc3LxAAAA","count":1},{"data":"BBm1Nzm5AAAA","count":1},{"data":"BBm2xmbqAAAA","count":1},{"data":"BBm31qODAAAA","count":1}],"default_value":0},"fm_sketch":{"mask":0,"hashset":[415426677927938242,5687886560316480602,18029559506785334013,7063675674386705940,15240353392017076506]},"stats_ver":2,"null_count":0,"tot_col_size":40,"last_update_version":464040670248566807,"correlation":-0.6},"c5":{"histogram":{"ndv":5},"cm_sketch":{"top_n":[{"data":"BBmvKIeuAAAA","count":1},{"data":"BBm0Twn5AAAA","count":1},{"data":"BBm3EFcKAAAA","count":1},{"data":"BBm5JTRgAAAA","count":1},{"data":"BBm5fxgqAAAA","count":1}],"default_value":0},"fm_sketch":{"mask":0,"hashset":[4586326278751778427,5385892423527840097,4094993290331767203,5626987137870917342,2778035820521474200]},"stats_ver":2,"null_count":0,"tot_col_size":40,"last_update_version":464040670248566807,"correlation":0.7},"c6":{"histogram":{"ndv":5},"cm_sketch":{"top_n":[{"data":"BcAyGZmgAAAA","count":1},{"data":"BcA4lwpAAAAA","count":1},{"data":"BcBJfCkAAAAA","count":1},{"data":"BcBNThSAAAAA","count":1},{"data":"BcBVnCkAAAAA","count":1}],"default_value":0},"fm_sketch":{"mask":0,"hashset":[18377254634634721484,10509869072121300273,4830767715703976059,12569418744151110415,10680087119561278162]},"stats_ver":2,"null_count":0,"tot_col_size":40,"last_update_version":464040670248566807,"correlation":0.1},"id":{"histogram":{"ndv":5},"cm_sketch":{"top_n":[{"data":"A4AAAAAAAAD0","count":1},{"data":"A4AAAAAAAAD2","count":1},{"data":"A4AAAAAAAAD4","count":1},{"data":"A4AAAAAAAAD6","count":1},{"data":"A4AAAAAAAAD8","count":1}],"default_value":0},"fm_sketch":{"mask":0,"hashset":[13176790399669418449,16182024955848219742,15591689925590427558,18331369063490310719,7875107543897341141]},"stats_ver":2,"null_count":0,"tot_col_size":40,"last_update_version":464040670248566807,"correlation":1}},"indices":{"idx_c0_15":{"histogram":{"ndv":2},"cm_sketch":{"top_n":[{"data":"A4AAAAAAAAAA","count":4},{"data":"A4AAAAAAAAAB","count":1}],"default_value":0},"fm_sketch":null,"stats_ver":2,"null_count":0,"tot_col_size":0,"last_update_version":464040670248566807,"correlation":0},"idx_c0_c5_23":{"histogram":{"ndv":5},"cm_sketch":{"top_n":[{"data":"A4AAAAAAAAAABBm0Twn5AAAA","count":1},{"data":"A4AAAAAAAAAABBm3EFcKAAAA","count":1},{"data":"A4AAAAAAAAAABBm5JTRgAAAA","count":1},{"data":"A4AAAAAAAAAABBm5fxgqAAAA","count":1},{"data":"A4AAAAAAAAABBBmvKIeuAAAA","count":1}],"default_value":0},"fm_sketch":null,"stats_ver":2,"null_count":0,"tot_col_size":0,"last_update_version":464040670248566807,"correlation":0},"idx_c1_19":{"histogram":{"ndv":5},"cm_sketch":{"top_n":[{"data":"BcA18KPXCj1x","count":1},{"data":"BcBNXXCj1wo9","count":1},{"data":"BcBSpHrhR64U","count":1},{"data":"BcBWmuFHrhR7","count":1},{"data":"BcBXiuFHrhR7","count":1}],"default_value":0},"fm_sketch":null,"stats_ver":2,"null_count":0,"tot_col_size":0,"last_update_version":464040670248566807,"correlation":0},"idx_c1_c2_c3_29":{"histogram":{"ndv":5},"cm_sketch":{"top_n":[{"data":"BcA18KPXCj1xA4AAAAAAAAAABcBAlHrhR64U","count":1},{"data":"BcBNXXCj1wo9A4AAAAAAAAAABcBO4AAAAAAA","count":1},{"data":"BcBSpHrhR64UA4AAAAAAAAAABcBQ9R64UeuF","count":1},{"data":"BcBWmuFHrhR7A4AAAAAAAAAABcBYbrhR64Uf","count":1},{"data":"BcBXiuFHrhR7A4AAAAAAAAABBcBD9HrhR64U","count":1}],"default_value":0},"fm_sketch":null,"stats_ver":2,"null_count":0,"tot_col_size":0,"last_update_version":464040670248566807,"correlation":0},"idx_c2":{"histogram":{"ndv":2},"cm_sketch":{"top_n":[{"data":"A4AAAAAAAAAA","count":4},{"data":"A4AAAAAAAAAB","count":1}],"default_value":0},"fm_sketch":null,"stats_ver":2,"null_count":0,"tot_col_size":0,"last_update_version":464040670248566807,"correlation":0},"idx_c3_12":{"histogram":{"ndv":5},"cm_sketch":{"top_n":[{"data":"BcBAlHrhR64U","count":1},{"data":"BcBD9HrhR64U","count":1},{"data":"BcBO4AAAAAAA","count":1},{"data":"BcBQ9R64UeuF","count":1},{"data":"BcBYbrhR64Uf","count":1}],"default_value":0},"fm_sketch":null,"stats_ver":2,"null_count":0,"tot_col_size":0,"last_update_version":464040670248566807,"correlation":0},"idx_c4":{"histogram":{"ndv":5},"cm_sketch":{"top_n":[{"data":"BBmxOKBtAAAA","count":1},{"data":"BBmzc3LxAAAA","count":1},{"data":"BBm1Nzm5AAAA","count":1},{"data":"BBm2xmbqAAAA","count":1},{"data":"BBm31qODAAAA","count":1}],"default_value":0},"fm_sketch":null,"stats_ver":2,"null_count":0,"tot_col_size":0,"last_update_version":464040670248566807,"correlation":0},"idx_c5_22":{"histogram":{"ndv":5},"cm_sketch":{"top_n":[{"data":"BBmvKIeuAAAA","count":1},{"data":"BBm0Twn5AAAA","count":1},{"data":"BBm3EFcKAAAA","count":1},{"data":"BBm5JTRgAAAA","count":1},{"data":"BBm5fxgqAAAA","count":1}],"default_value":0},"fm_sketch":null,"stats_ver":2,"null_count":0,"tot_col_size":0,"last_update_version":464040670248566807,"correlation":0},"idx_c5_c0_6":{"histogram":{"ndv":5},"cm_sketch":{"top_n":[{"data":"BBmvKIeuAAAAA4AAAAAAAAAB","count":1},{"data":"BBm0Twn5AAAAA4AAAAAAAAAA","count":1},{"data":"BBm3EFcKAAAAA4AAAAAAAAAA","count":1},{"data":"BBm5JTRgAAAAA4AAAAAAAAAA","count":1},{"data":"BBm5fxgqAAAAA4AAAAAAAAAA","count":1}],"default_value":0},"fm_sketch":null,"stats_ver":2,"null_count":0,"tot_col_size":0,"last_update_version":464040670248566807,"correlation":0},"idx_c5_c0_c1_7":{"histogram":{"ndv":5},"cm_sketch":{"top_n":[{"data":"BBmvKIeuAAAAA4AAAAAAAAABBcBXiuFHrhR7","count":1},{"data":"BBm0Twn5AAAAA4AAAAAAAAAABcA18KPXCj1x","count":1},{"data":"BBm3EFcKAAAAA4AAAAAAAAAABcBWmuFHrhR7","count":1},{"data":"BBm5JTRgAAAAA4AAAAAAAAAABcBNXXCj1wo9","count":1},{"data":"BBm5fxgqAAAAA4AAAAAAAAAABcBSpHrhR64U","count":1}],"default_value":0},"fm_sketch":null,"stats_ver":2,"null_count":0,"tot_col_size":0,"last_update_version":464040670248566807,"correlation":0},"idx_c6_24":{"histogram":{"ndv":5},"cm_sketch":{"top_n":[{"data":"BcAyGZmgAAAA","count":1},{"data":"BcA4lwpAAAAA","count":1},{"data":"BcBJfCkAAAAA","count":1},{"data":"BcBNThSAAAAA","count":1},{"data":"BcBVnCkAAAAA","count":1}],"default_value":0},"fm_sketch":null,"stats_ver":2,"null_count":0,"tot_col_size":0,"last_update_version":464040670248566807,"correlation":0},"idx_c6_c5_31":{"histogram":{"ndv":5},"cm_sketch":{"top_n":[{"data":"BcAyGZmgAAAABBmvKIeuAAAA","count":1},{"data":"BcA4lwpAAAAABBm5fxgqAAAA","count":1},{"data":"BcBJfCkAAAAABBm3EFcKAAAA","count":1},{"data":"BcBNThSAAAAABBm5JTRgAAAA","count":1},{"data":"BcBVnCkAAAAABBm0Twn5AAAA","count":1}],"default_value":0},"fm_sketch":null,"stats_ver":2,"null_count":0,"tot_col_size":0,"last_update_version":464040670248566807,"correlation":0},"idx_id_26":{"histogram":{"ndv":5},"cm_sketch":{"top_n":[{"data":"A4AAAAAAAAD0","count":1},{"data":"A4AAAAAAAAD2","count":1},{"data":"A4AAAAAAAAD4","count":1},{"data":"A4AAAAAAAAD6","count":1},{"data":"A4AAAAAAAAD8","count":1}],"default_value":0},"fm_sketch":null,"stats_ver":2,"null_count":0,"tot_col_size":0,"last_update_version":464040670248566807,"correlation":0}},"partitions":null,"database_name":"shiro_fuzz_r3","table_name":"t3","ext_stats":null,"predicate_columns":[{"last_used_at":null,"last_analyzed_at":"2026-02-04 03:11:15","id":5},{"last_used_at":null,"last_analyzed_at":"2026-02-04 03:11:16","id":6},{"last_used_at":null,"last_analyzed_at":"2026-02-04 03:11:16","id":7},{"last_used_at":null,"last_analyzed_at":"2026-02-04 03:11:16","id":8},{"last_used_at":null,"last_analyzed_at":"2026-02-04 03:11:15","id":1},{"last_used_at":null,"last_analyzed_at":"2026-02-04 03:11:15","id":2},{"last_used_at":null,"last_analyzed_at":"2026-02-04 03:11:15","id":3},{"last_used_at":null,"last_analyzed_at":"2026-02-04 03:11:15","id":4}],"count":5,"modify_count":0,"version":464040670248566807,"is_historical_stats":false},"p1":{"columns":{"c0":{"histogram":{"ndv":2},"cm_sketch":{"top_n":[{"data":"A4AAAAAAAAAA","count":4},{"data":"A4AAAAAAAAAB","count":1}],"default_value":0},"fm_sketch":{"mask":0,"hashset":[10629088178943016945,5375346967849578500]},"stats_ver":2,"null_count":0,"tot_col_size":40,"last_update_version":464040670248566806,"correlation":0.4},"c1":{"histogram":{"ndv":5},"cm_sketch":{"top_n":[{"data":"BcApmZmZmZma","count":1},{"data":"BcAyvXCj1wo9","count":1},{"data":"BcBKDMzMzMzN","count":1},{"data":"BcBQ7hR64Ueu","count":1},{"data":"BcBTTrhR64Uf","count":1}],"default_value":0},"fm_sketch":{"mask":0,"hashset":[1280409100792482766,10650490643461332387,6775422568785269562,14633969068413606199,11022525088130739720]},"stats_ver":2,"null_count":0,"tot_col_size":40,"last_update_version":464040670248566806,"correlation":-0.3},"c2":{"histogram":{"ndv":2},"cm_sketch":{"top_n":[{"data":"A4AAAAAAAAAA","count":4},{"data":"A4AAAAAAAAAB","count":1}],"default_value":0},"fm_sketch":{"mask":0,"hashset":[10629088178943016945,5375346967849578500]},"stats_ver":2,"null_count":0,"tot_col_size":40,"last_update_version":464040670248566806,"correlation":1},"c3":{"histogram":{"ndv":5},"cm_sketch":{"top_n":[{"data":"BcBCOFHrhR64","count":1},{"data":"BcBDw9cKPXCk","count":1},{"data":"BcBKmZmZmZma","count":1},{"data":"BcBU1R64UeuF","count":1},{"data":"BcBXAUeuFHrh","count":1}],"default_value":0},"fm_sketch":{"mask":0,"hashset":[11568418526004266036,14544577051621127941,11212994507153216152,4126763493213393615,17544566494745743513]},"stats_ver":2,"null_count":0,"tot_col_size":40,"last_update_version":464040670248566806,"correlation":0.3},"c4":{"histogram":{"ndv":5},"cm_sketch":{"top_n":[{"data":"BBm13TlMAAAA","count":1},{"data":"BBm1+XYMAAAA","count":1},{"data":"BBm2Is6kAAAA","count":1},{"data":"BBm40TWBAAAA","count":1},{"data":"BBm59koOAAAA","count":1}],"default_value":0},"fm_sketch":{"mask":0,"hashset":[14449974450665561933,4249777151746401804,14004617183080956485,11178514194417343854,13823588648415645449]},"stats_ver":2,"null_count":0,"tot_col_size":40,"last_update_version":464040670248566806,"correlation":0.5},"c5":{"histogram":{"ndv":5},"cm_sketch":{"top_n":[{"data":"BBmvCzS6AAAA","count":1},{"data":"BBmyzFnDAAAA","count":1},{"data":"BBm19TYtAAAA","count":1},{"data":"BBm19rECAAAA","count":1},{"data":"BBm6/ApaAAAA","count":1}],"default_value":0},"fm_sketch":{"mask":0,"hashset":[8644723545138217862,17554010744239129116,15555482202086303356,11988781133087078878,6940362159976685973]},"stats_ver":2,"null_count":0,"tot_col_size":40,"last_update_version":464040670248566806,"correlation":-0.6},"c6":{"histogram":{"ndv":5},"cm_sketch":{"top_n":[{"data":"BcAvx64gAAAA","count":1},{"data":"BcA9Sj2AAAAA","count":1},{"data":"BcBEkeuAAAAA","count":1},{"data":"BcBEuZmgAAAA","count":1},{"data":"BcBJvrhgAAAA","count":1}],"default_value":0},"fm_sketch":{"mask":0,"hashset":[13622643678781310869,959871928486034600,1870836759732617800,15803396395680955110,3768835604693882378]},"stats_ver":2,"null_count":0,"tot_col_size":40,"last_update_version":464040670248566806,"correlation":0},"id":{"histogram":{"ndv":5},"cm_sketch":{"top_n":[{"data":"A4AAAAAAAADz","count":1},{"data":"A4AAAAAAAAD1","count":1},{"data":"A4AAAAAAAAD3","count":1},{"data":"A4AAAAAAAAD5","count":1},{"data":"A4AAAAAAAAD7","count":1}],"default_value":0},"fm_sketch":{"mask":0,"hashset":[6415167098262000400,1809791241684934620,14270629687416449012,12024155077610287632,2475308361197242619]},"stats_ver":2,"null_count":0,"tot_col_size":40,"last_update_version":464040670248566806,"correlation":1}},"indices":{"idx_c0_15":{"histogram":{"ndv":2},"cm_sketch":{"top_n":[{"data":"A4AAAAAAAAAA","count":4},{"data":"A4AAAAAAAAAB","count":1}],"default_value":0},"fm_sketch":null,"stats_ver":2,"null_count":0,"tot_col_size":0,"last_update_version":464040670248566806,"correlation":0},"idx_c0_c5_23":{"histogram":{"ndv":5},"cm_sketch":{"top_n":[{"data":"A4AAAAAAAAAABBmvCzS6AAAA","count":1},{"data":"A4AAAAAAAAAABBmyzFnDAAAA","count":1},{"data":"A4AAAAAAAAAABBm19TYtAAAA","count":1},{"data":"A4AAAAAAAAAABBm19rECAAAA","count":1},{"data":"A4AAAAAAAAABBBm6/ApaAAAA","count":1}],"default_value":0},"fm_sketch":null,"stats_ver":2,"null_count":0,"tot_col_size":0,"last_update_version":464040670248566806,"correlation":0},"idx_c1_19":{"histogram":{"ndv":5},"cm_sketch":{"top_n":[{"data":"BcApmZmZmZma","count":1},{"data":"BcAyvXCj1wo9","count":1},{"data":"BcBKDMzMzMzN","count":1},{"data":"BcBQ7hR64Ueu","count":1},{"data":"BcBTTrhR64Uf","count":1}],"default_value":0},"fm_sketch":null,"stats_ver":2,"null_count":0,"tot_col_size":0,"last_update_version":464040670248566806,"correlation":0},"idx_c1_c2_c3_29":{"histogram":{"ndv":5},"cm_sketch":{"top_n":[{"data":"BcApmZmZmZmaA4AAAAAAAAAABcBXAUeuFHrh","count":1},{"data":"BcAyvXCj1wo9A4AAAAAAAAAABcBU1R64UeuF","count":1},{"data":"BcBKDMzMzMzNA4AAAAAAAAAABcBKmZmZmZma","count":1},{"data":"BcBQ7hR64UeuA4AAAAAAAAABBcBDw9cKPXCk","count":1},{"data":"BcBTTrhR64UfA4AAAAAAAAAABcBCOFHrhR64","count":1}],"default_value":0},"fm_sketch":null,"stats_ver":2,"null_count":0,"tot_col_size":0,"last_update_version":464040670248566806,"correlation":0},"idx_c2":{"histogram":{"ndv":2},"cm_sketch":{"top_n":[{"data":"A4AAAAAAAAAA","count":4},{"data":"A4AAAAAAAAAB","count":1}],"default_value":0},"fm_sketch":null,"stats_ver":2,"null_count":0,"tot_col_size":0,"last_update_version":464040670248566806,"correlation":0},"idx_c3_12":{"histogram":{"ndv":5},"cm_sketch":{"top_n":[{"data":"BcBCOFHrhR64","count":1},{"data":"BcBDw9cKPXCk","count":1},{"data":"BcBKmZmZmZma","count":1},{"data":"BcBU1R64UeuF","count":1},{"data":"BcBXAUeuFHrh","count":1}],"default_value":0},"fm_sketch":null,"stats_ver":2,"null_count":0,"tot_col_size":0,"last_update_version":464040670248566806,"correlation":0},"idx_c4":{"histogram":{"ndv":5},"cm_sketch":{"top_n":[{"data":"BBm13TlMAAAA","count":1},{"data":"BBm1+XYMAAAA","count":1},{"data":"BBm2Is6kAAAA","count":1},{"data":"BBm40TWBAAAA","count":1},{"data":"BBm59koOAAAA","count":1}],"default_value":0},"fm_sketch":null,"stats_ver":2,"null_count":0,"tot_col_size":0,"last_update_version":464040670248566806,"correlation":0},"idx_c5_22":{"histogram":{"ndv":5},"cm_sketch":{"top_n":[{"data":"BBmvCzS6AAAA","count":1},{"data":"BBmyzFnDAAAA","count":1},{"data":"BBm19TYtAAAA","count":1},{"data":"BBm19rECAAAA","count":1},{"data":"BBm6/ApaAAAA","count":1}],"default_value":0},"fm_sketch":null,"stats_ver":2,"null_count":0,"tot_col_size":0,"last_update_version":464040670248566806,"correlation":0},"idx_c5_c0_6":{"histogram":{"ndv":5},"cm_sketch":{"top_n":[{"data":"BBmvCzS6AAAAA4AAAAAAAAAA","count":1},{"data":"BBmyzFnDAAAAA4AAAAAAAAAA","count":1},{"data":"BBm19TYtAAAAA4AAAAAAAAAA","count":1},{"data":"BBm19rECAAAAA4AAAAAAAAAA","count":1},{"data":"BBm6/ApaAAAAA4AAAAAAAAAB","count":1}],"default_value":0},"fm_sketch":null,"stats_ver":2,"null_count":0,"tot_col_size":0,"last_update_version":464040670248566806,"correlation":0},"idx_c5_c0_c1_7":{"histogram":{"ndv":5},"cm_sketch":{"top_n":[{"data":"BBmvCzS6AAAAA4AAAAAAAAAABcAyvXCj1wo9","count":1},{"data":"BBmyzFnDAAAAA4AAAAAAAAAABcBQ7hR64Ueu","count":1},{"data":"BBm19TYtAAAAA4AAAAAAAAAABcBTTrhR64Uf","count":1},{"data":"BBm19rECAAAAA4AAAAAAAAAABcApmZmZmZma","count":1},{"data":"BBm6/ApaAAAAA4AAAAAAAAABBcBKDMzMzMzN","count":1}],"default_value":0},"fm_sketch":null,"stats_ver":2,"null_count":0,"tot_col_size":0,"last_update_version":464040670248566806,"correlation":0},"idx_c6_24":{"histogram":{"ndv":5},"cm_sketch":{"top_n":[{"data":"BcAvx64gAAAA","count":1},{"data":"BcA9Sj2AAAAA","count":1},{"data":"BcBEkeuAAAAA","count":1},{"data":"BcBEuZmgAAAA","count":1},{"data":"BcBJvrhgAAAA","count":1}],"default_value":0},"fm_sketch":null,"stats_ver":2,"null_count":0,"tot_col_size":0,"last_update_version":464040670248566806,"correlation":0},"idx_c6_c5_31":{"histogram":{"ndv":5},"cm_sketch":{"top_n":[{"data":"BcAvx64gAAAABBmvCzS6AAAA","count":1},{"data":"BcA9Sj2AAAAABBm19rECAAAA","count":1},{"data":"BcBEkeuAAAAABBm6/ApaAAAA","count":1},{"data":"BcBEuZmgAAAABBm19TYtAAAA","count":1},{"data":"BcBJvrhgAAAABBmyzFnDAAAA","count":1}],"default_value":0},"fm_sketch":null,"stats_ver":2,"null_count":0,"tot_col_size":0,"last_update_version":464040670248566806,"correlation":0},"idx_id_26":{"histogram":{"ndv":5},"cm_sketch":{"top_n":[{"data":"A4AAAAAAAADz","count":1},{"data":"A4AAAAAAAAD1","count":1},{"data":"A4AAAAAAAAD3","count":1},{"data":"A4AAAAAAAAD5","count":1},{"data":"A4AAAAAAAAD7","count":1}],"default_value":0},"fm_sketch":null,"stats_ver":2,"null_count":0,"tot_col_size":0,"last_update_version":464040670248566806,"correlation":0}},"partitions":null,"database_name":"shiro_fuzz_r3","table_name":"t3","ext_stats":null,"predicate_columns":[{"last_used_at":null,"last_analyzed_at":"2026-02-04 03:11:15","id":2},{"last_used_at":null,"last_analyzed_at":"2026-02-04 03:11:15","id":3},{"last_used_at":null,"last_analyzed_at":"2026-02-04 03:11:15","id":4},{"last_used_at":null,"last_analyzed_at":"2026-02-04 03:11:15","id":5},{"last_used_at":null,"last_analyzed_at":"2026-02-04 03:11:16","id":6},{"last_used_at":null,"last_analyzed_at":"2026-02-04 03:11:16","id":7},{"last_used_at":null,"last_analyzed_at":"2026-02-04 03:11:16","id":8},{"last_used_at":null,"last_analyzed_at":"2026-02-04 03:11:15","id":1}],"count":5,"modify_count":0,"version":464040670248566806,"is_historical_stats":false}},"database_name":"shiro_fuzz_r3","table_name":"t3","ext_stats":null,"predicate_columns":null,"count":0,"modify_count":0,"version":0,"is_historical_stats":false}