{"columns":null,"indices":null,"partitions":{"global":{"columns":{"c0":{"histogram":{"ndv":1},"cm_sketch":{"top_n":[{"data":"AXM4OQAAAAAA+g==","count":1}],"default_value":0},"fm_sketch":null,"stats_ver":2,"null_count":0,"tot_col_size":4,"last_update_version":464040676946345988,"correlation":0},"c1":{"histogram":{"ndv":1},"cm_sketch":{"top_n":[{"data":"A4AAAAAAAAAA","count":1}],"default_value":0},"fm_sketch":null,"stats_ver":2,"null_count":0,"tot_col_size":8,"last_update_version":464040676946345994,"correlation":0},"id":{"histogram":{"ndv":1},"cm_sketch":{"top_n":[{"data":"A4AAAAAAAAEg","count":1}],"default_value":0},"fm_sketch":null,"stats_ver":2,"null_count":0,"tot_col_size":8,"last_update_version":464040676933500979,"correlation":0}},"indices":{"idx_c0_10":{"histogram":{"ndv":1},"cm_sketch":{"top_n":[{"data":"AXM4OQAAAAAA+g==","count":1}],"default_value":0},"fm_sketch":null,"stats_ver":2,"null_count":0,"tot_col_size":0,"last_update_version":464040676907024430,"correlation":0},"idx_c0_c1_29":{"histogram":{"ndv":1},"cm_sketch":{"top_n":[{"data":"AXM4OQAAAAAA+gOAAAAAAAAAAA==","count":1}],"default_value":0},"fm_sketch":null,"stats_ver":2,"null_count":0,"tot_col_size":0,"last_update_version":464040676920131605,"correlation":0},"idx_c1":{"histogram":{"ndv":1},"cm_sketch":{"top_n":[{"data":"A4AAAAAAAAAA","count":1}],"default_value":0},"fm_sketch":null,"stats_ver":2,"null_count":0,"tot_col_size":0,"last_update_version":464040676907024401,"correlation":0},"idx_c1_c0_29":{"histogram":{"ndv":1},"cm_sketch":{"top_n":[{"data":"A4AAAAAAAAAAAXM4OQAAAAAA+g==","count":1}],"default_value":0},"fm_sketch":null,"stats_ver":2,"null_count":0,"tot_col_size":0,"last_update_version":464040676920131638,"correlation":0},"idx_id_18":{"histogram":{"ndv":1},"cm_sketch":{"top_n":[{"data":"A4AAAAAAAAEg","count":1}],"default_value":0},"fm_sketch":null,"stats_ver":2,"null_count":0,"tot_col_size":0,"last_update_version":464040676907024462,"correlation":0}},"partitions":null,"database_name":"shiro_fuzz_r3","table_name":"t5","ext_stats":null,"predicate_columns":[{"last_used_at":null,"last_analyzed_at":"2026-02-04 03:11:41","id":1},{"last_used_at":null,"last_analyzed_at":"2026-02-04 03:11:41","id":2},{"last_used_at":null,"last_analyzed_at":"2026-02-04 03:11:41","id":3}],"count":1,"modify_count":0,"version":464040676946345994,"is_historical_stats":false},"p0":{"columns":{"c0":{"histogram":{"ndv":1},"cm_sketch":{"top_n":[{"data":"AXM4OQAAAAAA+g==","count":1}],"default_value":0},"fm_sketch":{"mask":0,"hashset":[3381127847896736614]},"stats_ver":2,"null_count":0,"tot_col_size":4,"last_update_version":464040676893917200,"correlation":1},"c1":{"histogram":{"ndv":1},"cm_sketch":{"top_n":[{"data":"A4AAAAAAAAAA","count":1}],"default_value":0},"fm_sketch":{"mask":0,"hashset":[10629088178943016945]},"stats_ver":2,"null_count":0,"tot_col_size":8,"last_update_version":464040676893917200,"correlation":1},"id":{"histogram":{"ndv":1},"cm_sketch":{"top_n":[{"data":"A4AAAAAAAAEg","count":1}],"default_value":0},"fm_sketch":{"mask":0,"hashset":[9893336587198281632]},"stats_ver":2,"null_count":0,"tot_col_size":8,"last_update_version":464040676893917200,"correlation":1}},"indices":{"idx_c0_10":{"histogram":{"ndv":1},"cm_sketch":{"top_n":[{"data":"AXM4OQAAAAAA+g==","count":1}],"default_value":0},"fm_sketch":null,"stats_ver":2,"null_count":0,"tot_col_size":0,"last_update_version":464040676893917200,"correlation":0},"idx_c0_c1_29":{"histogram":{"ndv":1},"cm_sketch":{"top_n":[{"data":"AXM4OQAAAAAA+gOAAAAAAAAAAA==","count":1}],"default_value":0},"fm_sketch":null,"stats_ver":2,"null_count":0,"tot_col_size":0,"last_update_version":464040676893917200,"correlation":0},"idx_c1":{"histogram":{"ndv":1},"cm_sketch":{"top_n":[{"data":"A4AAAAAAAAAA","count":1}],"default_value":0},"fm_sketch":null,"stats_ver":2,"null_count":0,"tot_col_size":0,"last_update_version":464040676893917200,"correlation":0},"idx_c1_c0_29":{"histogram":{"ndv":1},"cm_sketch":{"top_n":[{"data":"A4AAAAAAAAAAAXM4OQAAAAAA+g==","count":1}],"default_value":0},"fm_sketch":null,"stats_ver":2,"null_count":0,"tot_col_size":0,"last_update_version":464040676893917200,"correlation":0},"idx_id_18":{"histogram":{"ndv":1},"cm_sketch":{"top_n":[{"data":"A4AAAAAAAAEg","count":1}],"default_value":0},"fm_sketch":null,"stats_ver":2,"null_count":0,"tot_col_size":0,"last_update_version":464040676893917200,"correlation":0}},"partitions":null,"database_name":"shiro_fuzz_r3","table_name":"t5","ext_stats":null,"predicate_columns":[{"last_used_at":null,"last_analyzed_at":"2026-02-04 03:11:41","id":3},{"last_used_at":null,"last_analyzed_at":"2026-02-04 03:11:41","id":1},{"last_used_at":null,"last_analyzed_at":"2026-02-04 03:11:41","id":2}],"count":1,"modify_count":0,"version":464040676893917200,"is_historical_stats":false},"p1":{"columns":{"c0":{"histogram":{"ndv":0},"cm_sketch":null,"fm_sketch":{"mask":0},"stats_ver":2,"null_count":0,"tot_col_size":0,"last_update_version":464040676893917199,"correlation":0},"c1":{"histogram":{"ndv":0},"cm_sketch":null,"fm_sketch":{"mask":0},"stats_ver":2,"null_count":0,"tot_col_size":0,"last_update_version":464040676893917199,"correlation":0},"id":{"histogram":{"ndv":0},"cm_sketch":null,"fm_sketch":{"mask":0},"stats_ver":2,"null_count":0,"tot_col_size":0,"last_update_version":464040676893917199,"correlation":0}},"indices":{"idx_c0_10":{"histogram":{"ndv":0},"cm_sketch":null,"fm_sketch":null,"stats_ver":2,"null_count":0,"tot_col_size":0,"last_update_version":464040676893917199,"correlation":0},"idx_c0_c1_29":{"histogram":{"ndv":0},"cm_sketch":null,"fm_sketch":null,"stats_ver":2,"null_count":0,"tot_col_size":0,"last_update_version":464040676893917199,"correlation":0},"idx_c1":{"histogram":{"ndv":0},"cm_sketch":null,"fm_sketch":null,"stats_ver":2,"null_count":0,"tot_col_size":0,"last_update_version":464040676893917199,"correlation":0},"idx_c1_c0_29":{"histogram":{"ndv":0},"cm_sketch":null,"fm_sketch":null,"stats_ver":2,"null_count":0,"tot_col_size":0,"last_update_version":464040676893917199,"correlation":0},"idx_id_18":{"histogram":{"ndv":0},"cm_sketch":null,"fm_sketch":null,"stats_ver":2,"null_count":0,"tot_col_size":0,"last_update_version":464040676893917199,"correlation":0}},"partitions":null,"database_name":"shiro_fuzz_r3","table_name":"t5","ext_stats":null,"predicate_columns":[{"last_used_at":null,"last_analyzed_at":"2026-02-04 03:11:41","id":1},{"last_used_at":null,"last_analyzed_at":"2026-02-04 03:11:41","id":2},{"last_used_at":null,"last_analyzed_at":"2026-02-04 03:11:41","id":3}],"count":0,"modify_count":0,"version":464040676893917199,"is_historical_stats":false}},"database_name":"shiro_fuzz_r3","table_name":"t5","ext_stats":null,"predicate_columns":null,"count":0,"modify_count":0,"version":0,"is_historical_stats":false}