{"columns":{"c0":{"histogram":{"ndv":0},"cm_sketch":null,"fm_sketch":null,"stats_ver":2,"null_count":0,"tot_col_size":0,"last_update_version":464040679214153760,"correlation":0},"c1":{"histogram":{"ndv":0},"cm_sketch":null,"fm_sketch":null,"stats_ver":2,"null_count":0,"tot_col_size":0,"last_update_version":464040679214153760,"correlation":0},"c2":{"histogram":{"ndv":0},"cm_sketch":null,"fm_sketch":null,"stats_ver":2,"null_count":0,"tot_col_size":0,"last_update_version":464040679214153760,"correlation":0},"c3":{"histogram":{"ndv":0},"cm_sketch":null,"fm_sketch":null,"stats_ver":2,"null_count":0,"tot_col_size":0,"last_update_version":464040679214153760,"correlation":0},"c4":{"histogram":{"ndv":0},"cm_sketch":null,"fm_sketch":null,"stats_ver":2,"null_count":0,"tot_col_size":0,"last_update_version":464040679214153760,"correlation":0},"c5":{"histogram":{"ndv":0},"cm_sketch":null,"fm_sketch":null,"stats_ver":2,"null_count":0,"tot_col_size":0,"last_update_version":464040679214153760,"correlation":0},"id":{"histogram":{"ndv":0},"cm_sketch":null,"fm_sketch":null,"stats_ver":2,"null_count":0,"tot_col_size":0,"last_update_version":464040679214153760,"correlation":0}},"indices":{"fk_3":{"histogram":{"ndv":0},"cm_sketch":null,"fm_sketch":null,"stats_ver":2,"null_count":0,"tot_col_size":0,"last_update_version":464040679214153760,"correlation":0},"idx_c0_13":{"histogram":{"ndv":0},"cm_sketch":null,"fm_sketch":null,"stats_ver":2,"null_count":0,"tot_col_size":0,"last_update_version":464040679214153760,"correlation":0},"idx_c0_c2_c5_29":{"histogram":{"ndv":0},"cm_sketch":null,"fm_sketch":null,"stats_ver":2,"null_count":0,"tot_col_size":0,"last_update_version":464040679214153760,"correlation":0},"idx_c1":{"histogram":{"ndv":0},"cm_sketch":null,"fm_sketch":null,"stats_ver":2,"null_count":0,"tot_col_size":0,"last_update_version":464040679214153760,"correlation":0},"idx_c1_c4_33":{"histogram":{"ndv":0},"cm_sketch":null,"fm_sketch":null,"stats_ver":2,"null_count":0,"tot_col_size":0,"last_update_version":464040679214153760,"correlation":0},"idx_c2_14":{"histogram":{"ndv":0},"cm_sketch":null,"fm_sketch":null,"stats_ver":2,"null_count":0,"tot_col_size":0,"last_update_version":464040679214153760,"correlation":0},"idx_c2_c5_c0_36":{"histogram":{"ndv":0},"cm_sketch":null,"fm_sketch":null,"stats_ver":2,"null_count":0,"tot_col_size":0,"last_update_version":464040679214153760,"correlation":0},"idx_c3_8":{"histogram":{"ndv":0},"cm_sketch":null,"fm_sketch":null,"stats_ver":2,"null_count":0,"tot_col_size":0,"last_update_version":464040679214153760,"correlation":0},"idx_c4_0":{"histogram":{"ndv":0},"cm_sketch":null,"fm_sketch":null,"stats_ver":2,"null_count":0,"tot_col_size":0,"last_update_version":464040679214153760,"correlation":0},"idx_c4_c1_c2_29":{"histogram":{"ndv":0},"cm_sketch":null,"fm_sketch":null,"stats_ver":2,"null_count":0,"tot_col_size":0,"last_update_version":464040679214153760,"correlation":0},"idx_c4_c3_c2_36":{"histogram":{"ndv":0},"cm_sketch":null,"fm_sketch":null,"stats_ver":2,"null_count":0,"tot_col_size":0,"last_update_version":464040679214153760,"correlation":0},"idx_c5_9":{"histogram":{"ndv":0},"cm_sketch":null,"fm_sketch":null,"stats_ver":2,"null_count":0,"tot_col_size":0,"last_update_version":464040679214153760,"correlation":0},"idx_c5_c4_30":{"histogram":{"ndv":0},"cm_sketch":null,"fm_sketch":null,"stats_ver":2,"null_count":0,"tot_col_size":0,"last_update_version":464040679214153760,"correlation":0},"idx_id_2":{"histogram":{"ndv":0},"cm_sketch":null,"fm_sketch":null,"stats_ver":2,"null_count":0,"tot_col_size":0,"last_update_version":464040679214153760,"correlation":0}},"partitions":null,"database_name":"shiro_fuzz_r3","table_name":"t0","ext_stats":null,"predicate_columns":[{"last_used_at":null,"last_analyzed_at":"2026-02-04 03:11:50","id":4},{"last_used_at":null,"last_analyzed_at":"2026-02-04 03:11:50","id":5},{"last_used_at":null,"last_analyzed_at":"2026-02-04 03:11:50","id":6},{"last_used_at":null,"last_analyzed_at":"2026-02-04 03:11:50","id":7},{"last_used_at":null,"last_analyzed_at":"2026-02-04 03:11:50","id":1},{"last_used_at":null,"last_analyzed_at":"2026-02-04 03:11:50","id":2},{"last_used_at":null,"last_analyzed_at":"2026-02-04 03:11:50","id":3}],"count":0,"modify_count":0,"version":464040679214153760,"is_historical_stats":false}