{"columns":{"id":{"histogram":{"ndv":80,"buckets":[{"count":3,"lower_bound":"MQ==","upper_bound":"Mw==","repeats":1,"ndv":0},{"count":6,"lower_bound":"NA==","upper_bound":"Ng==","repeats":1,"ndv":0},{"count":9,"lower_bound":"Nw==","upper_bound":"OQ==","repeats":1,"ndv":0},{"count":12,"lower_bound":"MTA=","upper_bound":"MTI=","repeats":1,"ndv":0},{"count":15,"lower_bound":"MTM=","upper_bound":"MTU=","repeats":1,"ndv":0},{"count":18,"lower_bound":"MTY=","upper_bound":"MTg=","repeats":1,"ndv":0},{"count":21,"lower_bound":"MTk=","upper_bound":"MjE=","repeats":1,"ndv":0},{"count":24,"lower_bound":"MjI=","upper_bound":"MjQ=","repeats":1,"ndv":0},{"count":27,"lower_bound":"MjU=","upper_bound":"Mjc=","repeats":1,"ndv":0},{"count":30,"lower_bound":"Mjg=","upper_bound":"MzA=","repeats":1,"ndv":0},{"count":33,"lower_bound":"MzE=","upper_bound":"MzM=","repeats":1,"ndv":0},{"count":36,"lower_bound":"MzQ=","upper_bound":"MzY=","repeats":1,"ndv":0},{"count":39,"lower_bound":"Mzc=","upper_bound":"Mzk=","repeats":1,"ndv":0},{"count":42,"lower_bound":"NDA=","upper_bound":"NDI=","repeats":1,"ndv":0},{"count":45,"lower_bound":"NDM=","upper_bound":"NDU=","repeats":1,"ndv":0},{"count":48,"lower_bound":"NDY=","upper_bound":"NDg=","repeats":1,"ndv":0},{"count":51,"lower_bound":"NDk=","upper_bound":"NTE=","repeats":1,"ndv":0},{"count":54,"lower_bound":"NTI=","upper_bound":"NTQ=","repeats":1,"ndv":0},{"count":57,"lower_bound":"NTU=","upper_bound":"NTc=","repeats":1,"ndv":0},{"count":60,"lower_bound":"NTg=","upper_bound":"NjA=","repeats":1,"ndv":0},{"count":63,"lower_bound":"NjE=","upper_bound":"NjM=","repeats":1,"ndv":0},{"count":66,"lower_bound":"NjQ=","upper_bound":"NjY=","repeats":1,"ndv":0},{"count":69,"lower_bound":"Njc=","upper_bound":"Njk=","repeats":1,"ndv":0},{"count":72,"lower_bound":"NzA=","upper_bound":"NzI=","repeats":1,"ndv":0},{"count":75,"lower_bound":"NzM=","upper_bound":"NzU=","repeats":1,"ndv":0},{"count":78,"lower_bound":"NzY=","upper_bound":"Nzg=","repeats":1,"ndv":0},{"count":80,"lower_bound":"Nzk=","upper_bound":"ODA=","repeats":1,"ndv":0}]},"cm_sketch":null,"fm_sketch":null,"stats_ver":2,"null_count":0,"tot_col_size":640,"last_update_version":464045818881769496,"correlation":1},"k0":{"histogram":{"ndv":10},"cm_sketch":{"top_n":[{"data":"AXMxNTcAAAAA+w==","count":8},{"data":"AXMzNQAAAAAA+g==","count":9},{"data":"AXM1MDYAAAAA+w==","count":6},{"data":"AXM1NzgAAAAA+w==","count":6},{"data":"AXM2NDkAAAAA+w==","count":7},{"data":"AXM2NjQAAAAA+w==","count":12},{"data":"AXM2NzYAAAAA+w==","count":9},{"data":"AXM3MzMAAAAA+w==","count":9},{"data":"AXM4MjcAAAAA+w==","count":7},{"data":"AXM5NjYAAAAA+w==","count":7}],"default_value":0},"fm_sketch":null,"stats_ver":2,"null_count":0,"tot_col_size":391,"last_update_version":464045818881769496,"correlation":0.3179324894514768},"k1":{"histogram":{"ndv":10},"cm_sketch":{"top_n":[{"data":"AXMxNTYAAAAA+w==","count":15},{"data":"AXMxNjkAAAAA+w==","count":5},{"data":"AXMyNDgAAAAA+w==","count":11},{"data":"AXMyNjcAAAAA+w==","count":4},{"data":"AXMyNzcAAAAA+w==","count":6},{"data":"AXM3MzMAAAAA+w==","count":5},{"data":"AXM3NjkAAAAA+w==","count":6},{"data":"AXM4NDQAAAAA+w==","count":6},{"data":"AXM5MgAAAAAA+g==","count":12},{"data":"AXM5OTEAAAAA+w==","count":10}],"default_value":0},"fm_sketch":null,"stats_ver":2,"null_count":0,"tot_col_size":388,"last_update_version":464045818881769496,"correlation":0.3186357243319269},"k2":{"histogram":{"ndv":10},"cm_sketch":{"top_n":[{"data":"A3////////+v","count":8},{"data":"A3////////+0","count":11},{"data":"A3////////+9","count":9},{"data":"A3/////////c","count":3},{"data":"A3/////////m","count":11},{"data":"A3/////////w","count":8},{"data":"A4AAAAAAAAA2","count":8},{"data":"A4AAAAAAAABD","count":8},{"data":"A4AAAAAAAABK","count":9},{"data":"A4AAAAAAAABj","count":5}],"default_value":0},"fm_sketch":null,"stats_ver":2,"null_count":0,"tot_col_size":640,"last_update_version":464045818881769496,"correlation":0.08359118612283169},"k3":{"histogram":{"ndv":10},"cm_sketch":{"top_n":[{"data":"A3////////+g","count":11},{"data":"A3/////////D","count":6},{"data":"A3/////////c","count":9},{"data":"A3/////////h","count":7},{"data":"A3/////////3","count":4},{"data":"A3/////////4","count":12},{"data":"A4AAAAAAAAAB","count":9},{"data":"A4AAAAAAAAAT","count":9},{"data":"A4AAAAAAAAAl","count":6},{"data":"A4AAAAAAAABQ","count":7}],"default_value":0},"fm_sketch":null,"stats_ver":2,"null_count":0,"tot_col_size":640,"last_update_version":464045818881769496,"correlation":0.20557899671823723},"p0":{"histogram":{"ndv":80,"buckets":[{"count":3,"lower_bound":"MC4wNA==","upper_bound":"MS41Ng==","repeats":1,"ndv":0},{"count":6,"lower_bound":"Mi4yNg==","upper_bound":"NS44NQ==","repeats":1,"ndv":0},{"count":9,"lower_bound":"OC4xMw==","upper_bound":"MTEuMDU=","repeats":1,"ndv":0},{"count":12,"lower_bound":"MTIuMzc=","upper_bound":"MTYuODk=","repeats":1,"ndv":0},{"count":15,"lower_bound":"MTkuNjg=","upper_bound":"MjEuMTM=","repeats":1,"ndv":0},{"count":18,"lower_bound":"MjIuNDE=","upper_bound":"MjUuMTU=","repeats":1,"ndv":0},{"count":21,"lower_bound":"MjUuMjU=","upper_bound":"MjYuNDI=","repeats":1,"ndv":0},{"count":24,"lower_bound":"MjguNzk=","upper_bound":"MzMuMDQ=","repeats":1,"ndv":0},{"count":27,"lower_bound":"MzY=","upper_bound":"MzguNDI=","repeats":1,"ndv":0},{"count":30,"lower_bound":"MzguNzM=","upper_bound":"NDAuMzM=","repeats":1,"ndv":0},{"count":33,"lower_bound":"NDEuMDQ=","upper_bound":"NDUuMTE=","repeats":1,"ndv":0},{"count":36,"lower_bound":"NDcuMTI=","upper_bound":"NTAuMTU=","repeats":1,"ndv":0},{"count":39,"lower_bound":"NTIuNjE=","upper_bound":"NTMuMTk=","repeats":1,"ndv":0},{"count":42,"lower_bound":"NTMuNzc=","upper_bound":"NTQuNjc=","repeats":1,"ndv":0},{"count":45,"lower_bound":"NTYuMjI=","upper_bound":"NTcuODg=","repeats":1,"ndv":0},{"count":48,"lower_bound":"NjEuMTY=","upper_bound":"NjIuMDc=","repeats":1,"ndv":0},{"count":51,"lower_bound":"NjIuMzQ=","upper_bound":"NjYuNzY=","repeats":1,"ndv":0},{"count":54,"lower_bound":"NjYuOTQ=","upper_bound":"NzEuMjQ=","repeats":1,"ndv":0},{"count":57,"lower_bound":"NzEuMzg=","upper_bound":"NzEuNzc=","repeats":1,"ndv":0},{"count":60,"lower_bound":"NzEuOTE=","upper_bound":"NzIuMw==","repeats":1,"ndv":0},{"count":63,"lower_bound":"NzMuNDY=","upper_bound":"ODAuNTI=","repeats":1,"ndv":0},{"count":66,"lower_bound":"ODEuODg=","upper_bound":"ODMuMTY=","repeats":1,"ndv":0},{"count":69,"lower_bound":"ODMuMjM=","upper_bound":"ODYuMTM=","repeats":1,"ndv":0},{"count":72,"lower_bound":"ODguNTI=","upper_bound":"ODkuNzc=","repeats":1,"ndv":0},{"count":75,"lower_bound":"OTEuOQ==","upper_bound":"OTYuNjU=","repeats":1,"ndv":0},{"count":78,"lower_bound":"OTc=","upper_bound":"OTguNA==","repeats":1,"ndv":0},{"count":80,"lower_bound":"OTguNjI=","upper_bound":"OTkuNTU=","repeats":1,"ndv":0}]},"cm_sketch":null,"fm_sketch":null,"stats_ver":2,"null_count":0,"tot_col_size":640,"last_update_version":464045818881769496,"correlation":-0.033567744960150026},"p1":{"histogram":{"ndv":2},"cm_sketch":{"top_n":[{"data":"A4AAAAAAAAAA","count":42},{"data":"A4AAAAAAAAAB","count":38}],"default_value":0},"fm_sketch":null,"stats_ver":2,"null_count":0,"tot_col_size":640,"last_update_version":464045818881769496,"correlation":0.46842475386779187}},"indices":{},"partitions":null,"database_name":"shiro_fuzz_r2","table_name":"t0","ext_stats":null,"predicate_columns":[{"last_used_at":null,"last_analyzed_at":"2026-02-04 08:38:36","id":7},{"last_used_at":null,"last_analyzed_at":"2026-02-04 08:38:36","id":1},{"last_used_at":null,"last_analyzed_at":"2026-02-04 08:38:36","id":2},{"last_used_at":null,"last_analyzed_at":"2026-02-04 08:38:36","id":3},{"last_used_at":null,"last_analyzed_at":"2026-02-04 08:38:36","id":4},{"last_used_at":null,"last_analyzed_at":"2026-02-04 08:38:36","id":5},{"last_used_at":null,"last_analyzed_at":"2026-02-04 08:38:36","id":6}],"count":80,"modify_count":0,"version":464045818881769496,"is_historical_stats":false}