{"columns":{"d0":{"histogram":{"ndv":10},"cm_sketch":{"top_n":[{"data":"A4AAAAAAAAAB","count":1},{"data":"A4AAAAAAAAAL","count":1},{"data":"A4AAAAAAAAAX","count":1},{"data":"A4AAAAAAAABU","count":1},{"data":"A4AAAAAAAABz","count":1},{"data":"A4AAAAAAAAHG","count":1},{"data":"A4AAAAAAAAIw","count":1},{"data":"A4AAAAAAAAMk","count":1},{"data":"A4AAAAAAAAM9","count":1},{"data":"A4AAAAAAAANF","count":1}],"default_value":0},"fm_sketch":null,"stats_ver":2,"null_count":0,"tot_col_size":80,"last_update_version":464045818855555142,"correlation":-0.2727272727272727},"d1":{"histogram":{"ndv":10},"cm_sketch":{"top_n":[{"data":"BcABR64UeuFI","count":1},{"data":"BcAGAAAAAAAA","count":1},{"data":"BcAgrhR64Ueu","count":1},{"data":"BcAi3Cj1wo9c","count":1},{"data":"BcAwR64UeuFI","count":1},{"data":"BcA87hR64Ueu","count":1},{"data":"BcA9lwo9cKPX","count":1},{"data":"BcBDhR64UeuF","count":1},{"data":"BcBSOZmZmZma","count":1},{"data":"BcBXYo9cKPXD","count":1}],"default_value":0},"fm_sketch":null,"stats_ver":2,"null_count":0,"tot_col_size":80,"last_update_version":464045818855555142,"correlation":0.01818181818181818},"id":{"histogram":{"ndv":10},"cm_sketch":{"top_n":[{"data":"A4AAAAAAAAAB","count":1},{"data":"A4AAAAAAAAAC","count":1},{"data":"A4AAAAAAAAAD","count":1},{"data":"A4AAAAAAAAAE","count":1},{"data":"A4AAAAAAAAAF","count":1},{"data":"A4AAAAAAAAAG","count":1},{"data":"A4AAAAAAAAAH","count":1},{"data":"A4AAAAAAAAAI","count":1},{"data":"A4AAAAAAAAAJ","count":1},{"data":"A4AAAAAAAAAK","count":1}],"default_value":0},"fm_sketch":null,"stats_ver":2,"null_count":0,"tot_col_size":80,"last_update_version":464045818855555142,"correlation":1},"k0":{"histogram":{"ndv":10},"cm_sketch":{"top_n":[{"data":"AXMxNTcAAAAA+w==","count":1},{"data":"AXMzNQAAAAAA+g==","count":1},{"data":"AXM1MDYAAAAA+w==","count":1},{"data":"AXM1NzgAAAAA+w==","count":1},{"data":"AXM2NDkAAAAA+w==","count":1},{"data":"AXM2NjQAAAAA+w==","count":1},{"data":"AXM2NzYAAAAA+w==","count":1},{"data":"AXM3MzMAAAAA+w==","count":1},{"data":"AXM4MjcAAAAA+w==","count":1},{"data":"AXM5NjYAAAAA+w==","count":1}],"default_value":0},"fm_sketch":null,"stats_ver":2,"null_count":0,"tot_col_size":49,"last_update_version":464045818855555142,"correlation":0.45454545454545453}},"indices":{},"partitions":null,"database_name":"shiro_fuzz_r2","table_name":"t1","ext_stats":null,"predicate_columns":[{"last_used_at":null,"last_analyzed_at":"2026-02-04 08:38:36","id":1},{"last_used_at":null,"last_analyzed_at":"2026-02-04 08:38:36","id":2},{"last_used_at":null,"last_analyzed_at":"2026-02-04 08:38:36","id":3},{"last_used_at":null,"last_analyzed_at":"2026-02-04 08:38:36","id":4}],"count":10,"modify_count":0,"version":464045818855555142,"is_historical_stats":false}