{"columns":{"d0":{"histogram":{"ndv":10},"cm_sketch":{"top_n":[{"data":"BcA3MKPgAAAA","count":1},{"data":"BcA4z1wgAAAA","count":1},{"data":"BcBGdcKAAAAA","count":1},{"data":"BcBIrhSAAAAA","count":1},{"data":"BcBLmZmgAAAA","count":1},{"data":"BcBRR64gAAAA","count":1},{"data":"BcBTmPXAAAAA","count":1},{"data":"BcBWHMzAAAAA","count":1},{"data":"BcBWlR7AAAAA","count":1},{"data":"BcBYnhSAAAAA","count":1}],"default_value":0},"fm_sketch":null,"stats_ver":2,"null_count":0,"tot_col_size":80,"last_update_version":464045818409910332,"correlation":-0.030303030303030304},"d1":{"histogram":{"ndv":10},"cm_sketch":{"top_n":[{"data":"BBmvTAAAAAAA","count":1},{"data":"BBmwlAAAAAAA","count":1},{"data":"BBmwoAAAAAAA","count":1},{"data":"BBmxCgAAAAAA","count":1},{"data":"BBmz6AAAAAAA","count":1},{"data":"BBmz9AAAAAAA","count":1},{"data":"BBm1sgAAAAAA","count":1},{"data":"BBm2wgAAAAAA","count":1},{"data":"BBm6zgAAAAAA","count":1},{"data":"BBm64gAAAAAA","count":1}],"default_value":0},"fm_sketch":null,"stats_ver":2,"null_count":0,"tot_col_size":80,"last_update_version":464045818409910332,"correlation":0.2727272727272727},"id":{"histogram":{"ndv":10},"cm_sketch":{"top_n":[{"data":"A4AAAAAAAAAB","count":1},{"data":"A4AAAAAAAAAC","count":1},{"data":"A4AAAAAAAAAD","count":1},{"data":"A4AAAAAAAAAE","count":1},{"data":"A4AAAAAAAAAF","count":1},{"data":"A4AAAAAAAAAG","count":1},{"data":"A4AAAAAAAAAH","count":1},{"data":"A4AAAAAAAAAI","count":1},{"data":"A4AAAAAAAAAJ","count":1},{"data":"A4AAAAAAAAAK","count":1}],"default_value":0},"fm_sketch":null,"stats_ver":2,"null_count":0,"tot_col_size":80,"last_update_version":464045818409910332,"correlation":1},"k0":{"histogram":{"ndv":6},"cm_sketch":{"top_n":[{"data":"AXMxNTcAAAAA+w==","count":2},{"data":"AXMzNQAAAAAA+g==","count":2},{"data":"AXM1NzgAAAAA+w==","count":2},{"data":"AXM2NDkAAAAA+w==","count":2},{"data":"AXM2NjQAAAAA+w==","count":1},{"data":"AXM2NzYAAAAA+w==","count":1}],"default_value":0},"fm_sketch":null,"stats_ver":2,"null_count":0,"tot_col_size":48,"last_update_version":464045818409910332,"correlation":0.006060606060606061},"k2":{"histogram":{"ndv":10},"cm_sketch":{"top_n":[{"data":"A3////////+v","count":1},{"data":"A3////////+0","count":1},{"data":"A3////////+9","count":1},{"data":"A3/////////c","count":1},{"data":"A3/////////m","count":1},{"data":"A3/////////w","count":1},{"data":"A4AAAAAAAAA2","count":1},{"data":"A4AAAAAAAABD","count":1},{"data":"A4AAAAAAAABK","count":1},{"data":"A4AAAAAAAABj","count":1}],"default_value":0},"fm_sketch":null,"stats_ver":2,"null_count":0,"tot_col_size":80,"last_update_version":464045818409910332,"correlation":-0.10303030303030303}},"indices":{},"partitions":null,"database_name":"shiro_fuzz_r2","table_name":"t3","ext_stats":null,"predicate_columns":[{"last_used_at":null,"last_analyzed_at":"2026-02-04 08:38:34","id":1},{"last_used_at":null,"last_analyzed_at":"2026-02-04 08:38:34","id":2},{"last_used_at":null,"last_analyzed_at":"2026-02-04 08:38:34","id":3},{"last_used_at":null,"last_analyzed_at":"2026-02-04 08:38:34","id":4},{"last_used_at":null,"last_analyzed_at":"2026-02-04 08:38:34","id":5}],"count":10,"modify_count":0,"version":464045818409910332,"is_historical_stats":false}