{"columns":{"d0":{"histogram":{"ndv":10},"cm_sketch":{"top_n":[{"data":"BBmvvtxyAAAA","count":1},{"data":"BBmxGu4kAAAA","count":1},{"data":"BBmy4wTOAAAA","count":1},{"data":"BBmzHRdcAAAA","count":1},{"data":"BBm0MHeBAAAA","count":1},{"data":"BBm0WlLMAAAA","count":1},{"data":"BBm2OxwtAAAA","count":1},{"data":"BBm2RAz6AAAA","count":1},{"data":"BBm3JKDZAAAA","count":1},{"data":"BBm7pgDGAAAA","count":1}],"default_value":0},"fm_sketch":null,"stats_ver":2,"null_count":0,"tot_col_size":80,"last_update_version":464051426703704065,"correlation":-0.030303030303030304},"d1":{"histogram":{"ndv":10},"cm_sketch":{"top_n":[{"data":"AXMxMDcAAAAA+w==","count":1},{"data":"AXMyMTMAAAAA+w==","count":1},{"data":"AXMyMzUAAAAA+w==","count":1},{"data":"AXMyNDQAAAAA+w==","count":1},{"data":"AXMyNjEAAAAA+w==","count":1},{"data":"AXM1MgAAAAAA+g==","count":1},{"data":"AXM1NTgAAAAA+w==","count":1},{"data":"AXM4MzcAAAAA+w==","count":1},{"data":"AXM4OQAAAAAA+g==","count":1},{"data":"AXM5OTgAAAAA+w==","count":1}],"default_value":0},"fm_sketch":null,"stats_ver":2,"null_count":0,"tot_col_size":48,"last_update_version":464051426703704065,"correlation":-0.01818181818181818},"id":{"histogram":{"ndv":10},"cm_sketch":{"top_n":[{"data":"A4AAAAAAAAAB","count":1},{"data":"A4AAAAAAAAAC","count":1},{"data":"A4AAAAAAAAAD","count":1},{"data":"A4AAAAAAAAAE","count":1},{"data":"A4AAAAAAAAAF","count":1},{"data":"A4AAAAAAAAAG","count":1},{"data":"A4AAAAAAAAAH","count":1},{"data":"A4AAAAAAAAAI","count":1},{"data":"A4AAAAAAAAAJ","count":1},{"data":"A4AAAAAAAAAK","count":1}],"default_value":0},"fm_sketch":null,"stats_ver":2,"null_count":0,"tot_col_size":80,"last_update_version":464051426703704065,"correlation":1},"k0":{"histogram":{"ndv":10},"cm_sketch":{"top_n":[{"data":"AXMxMTMAAAAA+w==","count":1},{"data":"AXMxMzcAAAAA+w==","count":1},{"data":"AXMxNzUAAAAA+w==","count":1},{"data":"AXMyOTUAAAAA+w==","count":1},{"data":"AXM0AAAAAAAA+Q==","count":1},{"data":"AXM1NzEAAAAA+w==","count":1},{"data":"AXM2NDMAAAAA+w==","count":1},{"data":"AXM3ODAAAAAA+w==","count":1},{"data":"AXM4MDcAAAAA+w==","count":1},{"data":"AXM4OTcAAAAA+w==","count":1}],"default_value":0},"fm_sketch":null,"stats_ver":2,"null_count":0,"tot_col_size":48,"last_update_version":464051426703704065,"correlation":-0.2727272727272727}},"indices":{},"partitions":null,"database_name":"shiro_fuzz","table_name":"t1","ext_stats":null,"predicate_columns":[{"last_used_at":"2026-02-04 14:33:56","last_analyzed_at":"2026-02-04 14:35:08","id":4},{"last_used_at":"2026-02-04 14:33:56","last_analyzed_at":"2026-02-04 14:35:08","id":1},{"last_used_at":"2026-02-04 14:33:57","last_analyzed_at":"2026-02-04 14:35:08","id":2},{"last_used_at":"2026-02-04 14:33:56","last_analyzed_at":"2026-02-04 14:35:08","id":3}],"count":10,"modify_count":0,"version":464051426703704065,"is_historical_stats":false}