{"columns":{"d0":{"histogram":{"ndv":9},"cm_sketch":{"top_n":[{"data":"BBmwAgAAAAAA","count":1},{"data":"BBmxSAAAAAAA","count":1},{"data":"BBmy1gAAAAAA","count":1},{"data":"BBmzXAAAAAAA","count":1},{"data":"BBmz1AAAAAAA","count":1},{"data":"BBm4MgAAAAAA","count":2},{"data":"BBm5hAAAAAAA","count":1},{"data":"BBm5qAAAAAAA","count":1},{"data":"BBm62gAAAAAA","count":1}],"default_value":0},"fm_sketch":null,"stats_ver":2,"null_count":0,"tot_col_size":80,"last_update_version":464051431579582511,"correlation":0.18787878787878787},"d1":{"histogram":{"ndv":10},"cm_sketch":{"top_n":[{"data":"Bb/6ZmZmZmZm","count":1},{"data":"BcA3LhR64Ueu","count":1},{"data":"BcBD1cKPXCj2","count":1},{"data":"BcBOjMzMzMzN","count":1},{"data":"BcBQAUeuFHrh","count":1},{"data":"BcBRxwo9cKPX","count":1},{"data":"BcBS4zMzMzMz","count":1},{"data":"BcBS+ZmZmZma","count":1},{"data":"BcBWgo9cKPXD","count":1},{"data":"BcBX4zMzMzMz","count":1}],"default_value":0},"fm_sketch":null,"stats_ver":2,"null_count":0,"tot_col_size":80,"last_update_version":464051431579582511,"correlation":-0.21212121212121213},"id":{"histogram":{"ndv":10},"cm_sketch":{"top_n":[{"data":"A4AAAAAAAAAB","count":1},{"data":"A4AAAAAAAAAC","count":1},{"data":"A4AAAAAAAAAD","count":1},{"data":"A4AAAAAAAAAE","count":1},{"data":"A4AAAAAAAAAF","count":1},{"data":"A4AAAAAAAAAG","count":1},{"data":"A4AAAAAAAAAH","count":1},{"data":"A4AAAAAAAAAI","count":1},{"data":"A4AAAAAAAAAJ","count":1},{"data":"A4AAAAAAAAAK","count":1}],"default_value":0},"fm_sketch":null,"stats_ver":2,"null_count":0,"tot_col_size":80,"last_update_version":464051431579582511,"correlation":1},"k0":{"histogram":{"ndv":7},"cm_sketch":{"top_n":[{"data":"AXMxMTMAAAAA+w==","count":1},{"data":"AXMxMzcAAAAA+w==","count":2},{"data":"AXMxNzUAAAAA+w==","count":1},{"data":"AXM1NzEAAAAA+w==","count":3},{"data":"AXM3ODAAAAAA+w==","count":1},{"data":"AXM4MDcAAAAA+w==","count":1},{"data":"AXM4OTcAAAAA+w==","count":1}],"default_value":0},"fm_sketch":null,"stats_ver":2,"null_count":0,"tot_col_size":50,"last_update_version":464051431579582511,"correlation":0.5515151515151515},"k3":{"histogram":{"ndv":10},"cm_sketch":{"top_n":[{"data":"A4AAAAAAAACs","count":1},{"data":"A4AAAAAAAAEP","count":1},{"data":"A4AAAAAAAAE3","count":1},{"data":"A4AAAAAAAAE/","count":1},{"data":"A4AAAAAAAAJM","count":1},{"data":"A4AAAAAAAAJt","count":1},{"data":"A4AAAAAAAAK0","count":1},{"data":"A4AAAAAAAAMA","count":1},{"data":"A4AAAAAAAAMV","count":1},{"data":"A4AAAAAAAANy","count":1}],"default_value":0},"fm_sketch":null,"stats_ver":2,"null_count":0,"tot_col_size":80,"last_update_version":464051431579582511,"correlation":0.10303030303030303}},"indices":{"idx_d0_k0_k3_11":{"histogram":{"ndv":10},"cm_sketch":{"top_n":[{"data":"BBmwAgAAAAAAAXMxMTMAAAAA+wOAAAAAAAADcg==","count":1},{"data":"BBmxSAAAAAAAAXM1NzEAAAAA+wOAAAAAAAABDw==","count":1},{"data":"BBmy1gAAAAAAAXM1NzEAAAAA+wOAAAAAAAABNw==","count":1},{"data":"BBmzXAAAAAAAAXMxMzcAAAAA+wOAAAAAAAADAA==","count":1},{"data":"BBmz1AAAAAAAAXM4OTcAAAAA+wOAAAAAAAAArA==","count":1},{"data":"BBm4MgAAAAAAAXM1NzEAAAAA+wOAAAAAAAACTA==","count":1},{"data":"BBm4MgAAAAAAAXM3ODAAAAAA+wOAAAAAAAACbQ==","count":1},{"data":"BBm5hAAAAAAAAXM4MDcAAAAA+wOAAAAAAAADFQ==","count":1},{"data":"BBm5qAAAAAAAAXMxNzUAAAAA+wOAAAAAAAACtA==","count":1},{"data":"BBm62gAAAAAAAXMxMzcAAAAA+wOAAAAAAAABPw==","count":1}],"default_value":0},"fm_sketch":null,"stats_ver":2,"null_count":0,"tot_col_size":0,"last_update_version":464051431579582511,"correlation":0},"idx_d1_11":{"histogram":{"ndv":10},"cm_sketch":{"top_n":[{"data":"Bb/6ZmZmZmZm","count":1},{"data":"BcA3LhR64Ueu","count":1},{"data":"BcBD1cKPXCj2","count":1},{"data":"BcBOjMzMzMzN","count":1},{"data":"BcBQAUeuFHrh","count":1},{"data":"BcBRxwo9cKPX","count":1},{"data":"BcBS4zMzMzMz","count":1},{"data":"BcBS+ZmZmZma","count":1},{"data":"BcBWgo9cKPXD","count":1},{"data":"BcBX4zMzMzMz","count":1}],"default_value":0},"fm_sketch":null,"stats_ver":2,"null_count":0,"tot_col_size":0,"last_update_version":464051431579582511,"correlation":0},"idx_id_2":{"histogram":{"ndv":10},"cm_sketch":{"top_n":[{"data":"A4AAAAAAAAAB","count":1},{"data":"A4AAAAAAAAAC","count":1},{"data":"A4AAAAAAAAAD","count":1},{"data":"A4AAAAAAAAAE","count":1},{"data":"A4AAAAAAAAAF","count":1},{"data":"A4AAAAAAAAAG","count":1},{"data":"A4AAAAAAAAAH","count":1},{"data":"A4AAAAAAAAAI","count":1},{"data":"A4AAAAAAAAAJ","count":1},{"data":"A4AAAAAAAAAK","count":1}],"default_value":0},"fm_sketch":null,"stats_ver":2,"null_count":0,"tot_col_size":0,"last_update_version":464051431579582511,"correlation":0},"idx_k0_1":{"histogram":{"ndv":7},"cm_sketch":{"top_n":[{"data":"AXMxMTMAAAAA+w==","count":1},{"data":"AXMxMzcAAAAA+w==","count":2},{"data":"AXMxNzUAAAAA+w==","count":1},{"data":"AXM1NzEAAAAA+w==","count":3},{"data":"AXM3ODAAAAAA+w==","count":1},{"data":"AXM4MDcAAAAA+w==","count":1},{"data":"AXM4OTcAAAAA+w==","count":1}],"default_value":0},"fm_sketch":null,"stats_ver":2,"null_count":0,"tot_col_size":0,"last_update_version":464051431579582511,"correlation":0}},"partitions":null,"database_name":"shiro_fuzz","table_name":"t4","ext_stats":null,"predicate_columns":[{"last_used_at":"2026-02-04 14:33:56","last_analyzed_at":"2026-02-04 14:35:27","id":5},{"last_used_at":"2026-02-04 14:33:56","last_analyzed_at":"2026-02-04 14:35:27","id":1},{"last_used_at":"2026-02-04 14:33:56","last_analyzed_at":"2026-02-04 14:35:27","id":2},{"last_used_at":"2026-02-04 14:33:57","last_analyzed_at":"2026-02-04 14:35:27","id":3},{"last_used_at":"2026-02-04 14:33:48","last_analyzed_at":"2026-02-04 14:35:27","id":4}],"count":10,"modify_count":0,"version":464051431579582511,"is_historical_stats":false}