{"columns":{"id":{"histogram":{"ndv":80,"buckets":[{"count":3,"lower_bound":"MQ==","upper_bound":"Mw==","repeats":1,"ndv":0},{"count":6,"lower_bound":"NA==","upper_bound":"Ng==","repeats":1,"ndv":0},{"count":9,"lower_bound":"Nw==","upper_bound":"OQ==","repeats":1,"ndv":0},{"count":12,"lower_bound":"MTA=","upper_bound":"MTI=","repeats":1,"ndv":0},{"count":15,"lower_bound":"MTM=","upper_bound":"MTU=","repeats":1,"ndv":0},{"count":18,"lower_bound":"MTY=","upper_bound":"MTg=","repeats":1,"ndv":0},{"count":21,"lower_bound":"MTk=","upper_bound":"MjE=","repeats":1,"ndv":0},{"count":24,"lower_bound":"MjI=","upper_bound":"MjQ=","repeats":1,"ndv":0},{"count":27,"lower_bound":"MjU=","upper_bound":"Mjc=","repeats":1,"ndv":0},{"count":30,"lower_bound":"Mjg=","upper_bound":"MzA=","repeats":1,"ndv":0},{"count":33,"lower_bound":"MzE=","upper_bound":"MzM=","repeats":1,"ndv":0},{"count":36,"lower_bound":"MzQ=","upper_bound":"MzY=","repeats":1,"ndv":0},{"count":39,"lower_bound":"Mzc=","upper_bound":"Mzk=","repeats":1,"ndv":0},{"count":42,"lower_bound":"NDA=","upper_bound":"NDI=","repeats":1,"ndv":0},{"count":45,"lower_bound":"NDM=","upper_bound":"NDU=","repeats":1,"ndv":0},{"count":48,"lower_bound":"NDY=","upper_bound":"NDg=","repeats":1,"ndv":0},{"count":51,"lower_bound":"NDk=","upper_bound":"NTE=","repeats":1,"ndv":0},{"count":54,"lower_bound":"NTI=","upper_bound":"NTQ=","repeats":1,"ndv":0},{"count":57,"lower_bound":"NTU=","upper_bound":"NTc=","repeats":1,"ndv":0},{"count":60,"lower_bound":"NTg=","upper_bound":"NjA=","repeats":1,"ndv":0},{"count":63,"lower_bound":"NjE=","upper_bound":"NjM=","repeats":1,"ndv":0},{"count":66,"lower_bound":"NjQ=","upper_bound":"NjY=","repeats":1,"ndv":0},{"count":69,"lower_bound":"Njc=","upper_bound":"Njk=","repeats":1,"ndv":0},{"count":72,"lower_bound":"NzA=","upper_bound":"NzI=","repeats":1,"ndv":0},{"count":75,"lower_bound":"NzM=","upper_bound":"NzU=","repeats":1,"ndv":0},{"count":78,"lower_bound":"NzY=","upper_bound":"Nzg=","repeats":1,"ndv":0},{"count":80,"lower_bound":"Nzk=","upper_bound":"ODA=","repeats":1,"ndv":0}]},"cm_sketch":null,"fm_sketch":null,"stats_ver":2,"null_count":0,"tot_col_size":640,"last_update_version":464051429928075283,"correlation":1},"k0":{"histogram":{"ndv":10},"cm_sketch":{"top_n":[{"data":"AXMxMTMAAAAA+w==","count":14},{"data":"AXMxMzcAAAAA+w==","count":15},{"data":"AXMxNzUAAAAA+w==","count":6},{"data":"AXMyOTUAAAAA+w==","count":8},{"data":"AXM0AAAAAAAA+Q==","count":7},{"data":"AXM1NzEAAAAA+w==","count":2},{"data":"AXM2NDMAAAAA+w==","count":7},{"data":"AXM3ODAAAAAA+w==","count":3},{"data":"AXM4MDcAAAAA+w==","count":14},{"data":"AXM4OTcAAAAA+w==","count":4}],"default_value":0},"fm_sketch":null,"stats_ver":2,"null_count":0,"tot_col_size":386,"last_update_version":464051429928075283,"correlation":0.15707923112986405},"k1":{"histogram":{"ndv":10},"cm_sketch":{"top_n":[{"data":"AXMyMjMAAAAA+w==","count":6},{"data":"AXMyNTIAAAAA+w==","count":10},{"data":"AXMzODQAAAAA+w==","count":6},{"data":"AXM0MTUAAAAA+w==","count":7},{"data":"AXM0MzIAAAAA+w==","count":9},{"data":"AXM1ODAAAAAA+w==","count":8},{"data":"AXM2MTgAAAAA+w==","count":12},{"data":"AXM3MQAAAAAA+g==","count":10},{"data":"AXM3NzUAAAAA+w==","count":5},{"data":"AXM5MDMAAAAA+w==","count":7}],"default_value":0},"fm_sketch":null,"stats_ver":2,"null_count":0,"tot_col_size":390,"last_update_version":464051429928075283,"correlation":0.0310126582278481},"k2":{"histogram":{"ndv":10},"cm_sketch":{"top_n":[{"data":"BBmxFgAAAAAA","count":4},{"data":"BBmx2gAAAAAA","count":6},{"data":"BBmyYAAAAAAA","count":10},{"data":"BBmzigAAAAAA","count":7},{"data":"BBm02gAAAAAA","count":12},{"data":"BBm1IAAAAAAA","count":8},{"data":"BBm1yAAAAAAA","count":9},{"data":"BBm4cAAAAAAA","count":6},{"data":"BBm7cgAAAAAA","count":8},{"data":"BBm7nAAAAAAA","count":10}],"default_value":0},"fm_sketch":null,"stats_ver":2,"null_count":0,"tot_col_size":640,"last_update_version":464051429928075283,"correlation":0.18157524613220816},"k3":{"histogram":{"ndv":10},"cm_sketch":{"top_n":[{"data":"A4AAAAAAAACs","count":7},{"data":"A4AAAAAAAAEP","count":12},{"data":"A4AAAAAAAAE3","count":7},{"data":"A4AAAAAAAAE/","count":13},{"data":"A4AAAAAAAAJM","count":9},{"data":"A4AAAAAAAAJt","count":13},{"data":"A4AAAAAAAAK0","count":5},{"data":"A4AAAAAAAAMA","count":3},{"data":"A4AAAAAAAAMV","count":5},{"data":"A4AAAAAAAANy","count":6}],"default_value":0},"fm_sketch":null,"stats_ver":2,"null_count":0,"tot_col_size":640,"last_update_version":464051429928075283,"correlation":-0.02721518987341772},"p0":{"histogram":{"ndv":80,"buckets":[{"count":3,"lower_bound":"MC4yMQ==","upper_bound":"Mi45MQ==","repeats":1,"ndv":0},{"count":6,"lower_bound":"My4yNg==","upper_bound":"NC40OA==","repeats":1,"ndv":0},{"count":9,"lower_bound":"NS4z","upper_bound":"Ni4xNA==","repeats":1,"ndv":0},{"count":12,"lower_bound":"Ny45MQ==","upper_bound":"MTIuMTc=","repeats":1,"ndv":0},{"count":15,"lower_bound":"MTIuNDk=","upper_bound":"MTQuMDk=","repeats":1,"ndv":0},{"count":18,"lower_bound":"MTQuMzc=","upper_bound":"MTYuNjc=","repeats":1,"ndv":0},{"count":21,"lower_bound":"MTcuMDY=","upper_bound":"MTguMjY=","repeats":1,"ndv":0},{"count":24,"lower_bound":"MTkuNzE=","upper_bound":"MjEuMTc=","repeats":1,"ndv":0},{"count":27,"lower_bound":"MjEuNjI=","upper_bound":"MjMuNjI=","repeats":1,"ndv":0},{"count":30,"lower_bound":"MjQuMzc=","upper_bound":"MjguMDc=","repeats":1,"ndv":0},{"count":33,"lower_bound":"MzMuNTY=","upper_bound":"MzUuNDI=","repeats":1,"ndv":0},{"count":36,"lower_bound":"MzYuNjk=","upper_bound":"MzcuOTM=","repeats":1,"ndv":0},{"count":39,"lower_bound":"NDAuNzk=","upper_bound":"NDYuMTU=","repeats":1,"ndv":0},{"count":42,"lower_bound":"NDcuNA==","upper_bound":"NTUuMzI=","repeats":1,"ndv":0},{"count":45,"lower_bound":"NTYuNTE=","upper_bound":"NjAuMTc=","repeats":1,"ndv":0},{"count":48,"lower_bound":"NjAuNzU=","upper_bound":"NjEuNTQ=","repeats":1,"ndv":0},{"count":51,"lower_bound":"NjIuOQ==","upper_bound":"NjQuMzc=","repeats":1,"ndv":0},{"count":54,"lower_bound":"NjQuNjg=","upper_bound":"NjguMTU=","repeats":1,"ndv":0},{"count":57,"lower_bound":"NjkuNDM=","upper_bound":"NzAuNTM=","repeats":1,"ndv":0},{"count":60,"lower_bound":"NzAuOQ==","upper_bound":"NzMuMDM=","repeats":1,"ndv":0},{"count":63,"lower_bound":"NzQuMjM=","upper_bound":"NzYuNjI=","repeats":1,"ndv":0},{"count":66,"lower_bound":"NzguMTI=","upper_bound":"NzguNzY=","repeats":1,"ndv":0},{"count":69,"lower_bound":"ODAuMDI=","upper_bound":"ODcuMjI=","repeats":1,"ndv":0},{"count":72,"lower_bound":"ODkuMzY=","upper_bound":"OTMuMzU=","repeats":1,"ndv":0},{"count":75,"lower_bound":"OTMuOQ==","upper_bound":"OTQuNTk=","repeats":1,"ndv":0},{"count":78,"lower_bound":"OTQuOA==","upper_bound":"OTUuODM=","repeats":1,"ndv":0},{"count":80,"lower_bound":"OTYuNg==","upper_bound":"OTkuNjg=","repeats":1,"ndv":0}]},"cm_sketch":null,"fm_sketch":null,"stats_ver":2,"null_count":0,"tot_col_size":640,"last_update_version":464051429928075283,"correlation":0.12620721987810596},"p1":{"histogram":{"ndv":2},"cm_sketch":{"top_n":[{"data":"A4AAAAAAAAAA","count":44},{"data":"A4AAAAAAAAAB","count":36}],"default_value":0},"fm_sketch":null,"stats_ver":2,"null_count":0,"tot_col_size":640,"last_update_version":464051429928075283,"correlation":0.51699484294421}},"indices":{"idx_k2_4":{"histogram":{"ndv":10},"cm_sketch":{"top_n":[{"data":"BBmxFgAAAAAA","count":4},{"data":"BBmx2gAAAAAA","count":6},{"data":"BBmyYAAAAAAA","count":10},{"data":"BBmzigAAAAAA","count":7},{"data":"BBm02gAAAAAA","count":12},{"data":"BBm1IAAAAAAA","count":8},{"data":"BBm1yAAAAAAA","count":9},{"data":"BBm4cAAAAAAA","count":6},{"data":"BBm7cgAAAAAA","count":8},{"data":"BBm7nAAAAAAA","count":10}],"default_value":0},"fm_sketch":null,"stats_ver":2,"null_count":0,"tot_col_size":0,"last_update_version":464051429928075283,"correlation":0}},"partitions":null,"database_name":"shiro_fuzz","table_name":"t0","ext_stats":null,"predicate_columns":[{"last_used_at":"2026-02-04 14:33:46","last_analyzed_at":"2026-02-04 14:35:20","id":3},{"last_used_at":"2026-02-04 14:33:54","last_analyzed_at":"2026-02-04 14:35:20","id":4},{"last_used_at":"2026-02-04 14:33:48","last_analyzed_at":"2026-02-04 14:35:20","id":5},{"last_used_at":"2026-02-04 14:33:45","last_analyzed_at":"2026-02-04 14:35:20","id":6},{"last_used_at":"2026-02-04 14:33:56","last_analyzed_at":"2026-02-04 14:35:20","id":7},{"last_used_at":"2026-02-04 14:33:53","last_analyzed_at":"2026-02-04 14:35:20","id":1},{"last_used_at":"2026-02-04 14:33:57","last_analyzed_at":"2026-02-04 14:35:20","id":2}],"count":80,"modify_count":0,"version":464051429928075283,"is_historical_stats":false}