{"columns":{"d0":{"histogram":{"ndv":10},"cm_sketch":{"top_n":[{"data":"BBmv9gAAAAAA","count":1},{"data":"BBmx3AAAAAAA","count":1},{"data":"BBmymgAAAAAA","count":1},{"data":"BBmy/gAAAAAA","count":1},{"data":"BBm1CAAAAAAA","count":1},{"data":"BBm3ggAAAAAA","count":1},{"data":"BBm44gAAAAAA","count":1},{"data":"BBm6IgAAAAAA","count":1},{"data":"BBm6ggAAAAAA","count":1},{"data":"BBm7RgAAAAAA","count":1}],"default_value":0},"fm_sketch":null,"stats_ver":2,"null_count":0,"tot_col_size":80,"last_update_version":464051427477028903,"correlation":-0.296969696969697},"d1":{"histogram":{"ndv":10},"cm_sketch":{"top_n":[{"data":"BcAuYUeuFHrh","count":1},{"data":"BcAyij1wo9cK","count":1},{"data":"BcA8x64UeuFI","count":1},{"data":"BcBCS4UeuFHs","count":1},{"data":"BcBFuuFHrhR7","count":1},{"data":"BcBKzMzMzMzN","count":1},{"data":"BcBOPXCj1wo9","count":1},{"data":"BcBQWZmZmZma","count":1},{"data":"BcBYkKPXCj1x","count":1},{"data":"BcBYwo9cKPXD","count":1}],"default_value":0},"fm_sketch":null,"stats_ver":2,"null_count":0,"tot_col_size":80,"last_update_version":464051427477028903,"correlation":-0.23636363636363636},"id":{"histogram":{"ndv":10},"cm_sketch":{"top_n":[{"data":"A4AAAAAAAAAB","count":1},{"data":"A4AAAAAAAAAC","count":1},{"data":"A4AAAAAAAAAD","count":1},{"data":"A4AAAAAAAAAE","count":1},{"data":"A4AAAAAAAAAF","count":1},{"data":"A4AAAAAAAAAG","count":1},{"data":"A4AAAAAAAAAH","count":1},{"data":"A4AAAAAAAAAI","count":1},{"data":"A4AAAAAAAAAJ","count":1},{"data":"A4AAAAAAAAAK","count":1}],"default_value":0},"fm_sketch":null,"stats_ver":2,"null_count":0,"tot_col_size":80,"last_update_version":464051427477028903,"correlation":1},"k0":{"histogram":{"ndv":7},"cm_sketch":{"top_n":[{"data":"AXMxMTMAAAAA+w==","count":1},{"data":"AXMxMzcAAAAA+w==","count":2},{"data":"AXMxNzUAAAAA+w==","count":2},{"data":"AXMyOTUAAAAA+w==","count":2},{"data":"AXM0AAAAAAAA+Q==","count":1},{"data":"AXM2NDMAAAAA+w==","count":1},{"data":"AXM4MDcAAAAA+w==","count":1}],"default_value":0},"fm_sketch":null,"stats_ver":2,"null_count":0,"tot_col_size":48,"last_update_version":464051427477028903,"correlation":0.18787878787878787},"k2":{"histogram":{"ndv":10},"cm_sketch":{"top_n":[{"data":"BBmxFgAAAAAA","count":1},{"data":"BBmx2gAAAAAA","count":1},{"data":"BBmyYAAAAAAA","count":1},{"data":"BBmzigAAAAAA","count":1},{"data":"BBm02gAAAAAA","count":1},{"data":"BBm1IAAAAAAA","count":1},{"data":"BBm1yAAAAAAA","count":1},{"data":"BBm4cAAAAAAA","count":1},{"data":"BBm7cgAAAAAA","count":1},{"data":"BBm7nAAAAAAA","count":1}],"default_value":0},"fm_sketch":null,"stats_ver":2,"null_count":0,"tot_col_size":80,"last_update_version":464051427477028903,"correlation":-0.23636363636363636}},"indices":{"idx_k2_7":{"histogram":{"ndv":10},"cm_sketch":{"top_n":[{"data":"BBmxFgAAAAAA","count":1},{"data":"BBmx2gAAAAAA","count":1},{"data":"BBmyYAAAAAAA","count":1},{"data":"BBmzigAAAAAA","count":1},{"data":"BBm02gAAAAAA","count":1},{"data":"BBm1IAAAAAAA","count":1},{"data":"BBm1yAAAAAAA","count":1},{"data":"BBm4cAAAAAAA","count":1},{"data":"BBm7cgAAAAAA","count":1},{"data":"BBm7nAAAAAAA","count":1}],"default_value":0},"fm_sketch":null,"stats_ver":2,"null_count":0,"tot_col_size":0,"last_update_version":464051427477028903,"correlation":0}},"partitions":null,"database_name":"shiro_fuzz","table_name":"t3","ext_stats":null,"predicate_columns":[{"last_used_at":"2026-02-04 14:33:54","last_analyzed_at":"2026-02-04 14:35:11","id":1},{"last_used_at":"2026-02-04 14:33:56","last_analyzed_at":"2026-02-04 14:35:11","id":2},{"last_used_at":"2026-02-04 14:33:57","last_analyzed_at":"2026-02-04 14:35:11","id":3},{"last_used_at":"2026-02-04 14:33:49","last_analyzed_at":"2026-02-04 14:35:11","id":4},{"last_used_at":"2026-02-04 14:33:56","last_analyzed_at":"2026-02-04 14:35:11","id":5}],"count":10,"modify_count":0,"version":464051427477028903,"is_historical_stats":false}