{"columns":{"d0":{"histogram":{"ndv":10},"cm_sketch":{"top_n":[{"data":"BcAnLhSAAAAA","count":1},{"data":"BcAu0euAAAAA","count":1},{"data":"BcA9keuAAAAA","count":1},{"data":"BcBAHCkAAAAA","count":1},{"data":"BcBNwAAAAAAA","count":1},{"data":"BcBN564gAAAA","count":1},{"data":"BcBTJHrgAAAA","count":1},{"data":"BcBUU9cAAAAA","count":1},{"data":"BcBVpcKAAAAA","count":1},{"data":"BcBWfMzAAAAA","count":1}],"default_value":0},"fm_sketch":null,"stats_ver":2,"null_count":0,"tot_col_size":80,"last_update_version":464051431474724900,"correlation":0.22424242424242424},"d1":{"histogram":{"ndv":10},"cm_sketch":{"top_n":[{"data":"BcATuFHgAAAA","count":1},{"data":"BcAxOFHgAAAA","count":1},{"data":"BcAzgo9gAAAA","count":1},{"data":"BcA0DMzAAAAA","count":1},{"data":"BcBAkeuAAAAA","count":1},{"data":"BcBOCPXAAAAA","count":1},{"data":"BcBQHMzAAAAA","count":1},{"data":"BcBSXMzAAAAA","count":1},{"data":"BcBYI9cAAAAA","count":1},{"data":"BcBYPCkAAAAA","count":1}],"default_value":0},"fm_sketch":null,"stats_ver":2,"null_count":0,"tot_col_size":80,"last_update_version":464051431474724900,"correlation":-0.23636363636363636},"id":{"histogram":{"ndv":10},"cm_sketch":{"top_n":[{"data":"A4AAAAAAAAAB","count":1},{"data":"A4AAAAAAAAAC","count":1},{"data":"A4AAAAAAAAAD","count":1},{"data":"A4AAAAAAAAAE","count":1},{"data":"A4AAAAAAAAAF","count":1},{"data":"A4AAAAAAAAAG","count":1},{"data":"A4AAAAAAAAAH","count":1},{"data":"A4AAAAAAAAAI","count":1},{"data":"A4AAAAAAAAAJ","count":1},{"data":"A4AAAAAAAAAK","count":1}],"default_value":0},"fm_sketch":null,"stats_ver":2,"null_count":0,"tot_col_size":80,"last_update_version":464051431474724900,"correlation":1},"k0":{"histogram":{"ndv":7},"cm_sketch":{"top_n":[{"data":"AXMxMTMAAAAA+w==","count":2},{"data":"AXMxMzcAAAAA+w==","count":1},{"data":"AXMxNzUAAAAA+w==","count":1},{"data":"AXMyOTUAAAAA+w==","count":2},{"data":"AXM0AAAAAAAA+Q==","count":1},{"data":"AXM1NzEAAAAA+w==","count":2},{"data":"AXM2NDMAAAAA+w==","count":1}],"default_value":0},"fm_sketch":null,"stats_ver":2,"null_count":0,"tot_col_size":48,"last_update_version":464051431474724900,"correlation":0.04242424242424243},"k1":{"histogram":{"ndv":10},"cm_sketch":{"top_n":[{"data":"AXMyMjMAAAAA+w==","count":1},{"data":"AXMyNTIAAAAA+w==","count":1},{"data":"AXMzODQAAAAA+w==","count":1},{"data":"AXM0MTUAAAAA+w==","count":1},{"data":"AXM0MzIAAAAA+w==","count":1},{"data":"AXM1ODAAAAAA+w==","count":1},{"data":"AXM2MTgAAAAA+w==","count":1},{"data":"AXM3MQAAAAAA+g==","count":1},{"data":"AXM3NzUAAAAA+w==","count":1},{"data":"AXM5MDMAAAAA+w==","count":1}],"default_value":0},"fm_sketch":null,"stats_ver":2,"null_count":0,"tot_col_size":49,"last_update_version":464051431474724900,"correlation":-0.6606060606060606}},"indices":{},"partitions":null,"database_name":"shiro_fuzz","table_name":"t2","ext_stats":null,"predicate_columns":[{"last_used_at":"2026-02-04 14:33:57","last_analyzed_at":"2026-02-04 14:35:26","id":1},{"last_used_at":"2026-02-04 14:33:54","last_analyzed_at":"2026-02-04 14:35:26","id":2},{"last_used_at":"2026-02-04 14:33:57","last_analyzed_at":"2026-02-04 14:35:26","id":3},{"last_used_at":"2026-02-04 14:33:54","last_analyzed_at":"2026-02-04 14:35:26","id":4},{"last_used_at":"2026-02-04 14:33:56","last_analyzed_at":"2026-02-04 14:35:26","id":5}],"count":10,"modify_count":0,"version":464051431474724900,"is_historical_stats":false}