{"columns":null,"indices":null,"partitions":{"global":{"columns":{"c0":{"histogram":{"ndv":0},"cm_sketch":null,"fm_sketch":null,"stats_ver":0,"null_count":0,"tot_col_size":0,"last_update_version":464045837612482574,"correlation":0},"c1":{"histogram":{"ndv":0},"cm_sketch":null,"fm_sketch":null,"stats_ver":0,"null_count":0,"tot_col_size":0,"last_update_version":464045837612482574,"correlation":0},"id":{"histogram":{"ndv":0},"cm_sketch":null,"fm_sketch":null,"stats_ver":0,"null_count":0,"tot_col_size":0,"last_update_version":464045837612482574,"correlation":0}},"indices":{},"partitions":null,"database_name":"shiro_fuzz_r3","table_name":"t3","ext_stats":null,"predicate_columns":[],"count":2,"modify_count":46,"version":464045846944808961,"is_historical_stats":false},"p0":{"columns":{"c0":{"histogram":{"ndv":0},"cm_sketch":null,"fm_sketch":null,"stats_ver":0,"null_count":0,"tot_col_size":0,"last_update_version":464045837612482574,"correlation":0},"c1":{"histogram":{"ndv":0},"cm_sketch":null,"fm_sketch":null,"stats_ver":0,"null_count":0,"tot_col_size":0,"last_update_version":464045837612482574,"correlation":0},"id":{"histogram":{"ndv":0},"cm_sketch":null,"fm_sketch":null,"stats_ver":0,"null_count":0,"tot_col_size":0,"last_update_version":464045837612482574,"correlation":0}},"indices":{},"partitions":null,"database_name":"shiro_fuzz_r3","table_name":"t3","ext_stats":null,"predicate_columns":[],"count":1,"modify_count":14,"version":464045846944808961,"is_historical_stats":false},"p1":{"columns":{"c0":{"histogram":{"ndv":0},"cm_sketch":null,"fm_sketch":null,"stats_ver":0,"null_count":0,"tot_col_size":0,"last_update_version":464045837612482574,"correlation":0},"c1":{"histogram":{"ndv":0},"cm_sketch":null,"fm_sketch":null,"stats_ver":0,"null_count":0,"tot_col_size":0,"last_update_version":464045837612482574,"correlation":0},"id":{"histogram":{"ndv":0},"cm_sketch":null,"fm_sketch":null,"stats_ver":0,"null_count":0,"tot_col_size":0,"last_update_version":464045837612482574,"correlation":0}},"indices":{},"partitions":null,"database_name":"shiro_fuzz_r3","table_name":"t3","ext_stats":null,"predicate_columns":[],"count":1,"modify_count":16,"version":464045846944808961,"is_historical_stats":false},"p2":{"columns":{"c0":{"histogram":{"ndv":0},"cm_sketch":null,"fm_sketch":null,"stats_ver":0,"null_count":0,"tot_col_size":0,"last_update_version":464045837612482574,"correlation":0},"c1":{"histogram":{"ndv":0},"cm_sketch":null,"fm_sketch":null,"stats_ver":0,"null_count":0,"tot_col_size":0,"last_update_version":464045837612482574,"correlation":0},"id":{"histogram":{"ndv":0},"cm_sketch":null,"fm_sketch":null,"stats_ver":0,"null_count":0,"tot_col_size":0,"last_update_version":464045837612482574,"correlation":0}},"indices":{},"partitions":null,"database_name":"shiro_fuzz_r3","table_name":"t3","ext_stats":null,"predicate_columns":[],"count":0,"modify_count":16,"version":464045846944808961,"is_historical_stats":false}},"database_name":"shiro_fuzz_r3","table_name":"t3","ext_stats":null,"predicate_columns":null,"count":0,"modify_count":0,"version":0,"is_historical_stats":false}