{"columns":{"d0":{"histogram":{"ndv":10},"cm_sketch":{"top_n":[{"data":"BBmxxAAAAAAA","count":1},{"data":"BBmzogAAAAAA","count":1},{"data":"BBm0RAAAAAAA","count":1},{"data":"BBm3JAAAAAAA","count":1},{"data":"BBm3vAAAAAAA","count":1},{"data":"BBm3zgAAAAAA","count":1},{"data":"BBm4JAAAAAAA","count":1},{"data":"BBm5RAAAAAAA","count":1},{"data":"BBm6pgAAAAAA","count":1},{"data":"BBm7BgAAAAAA","count":1}],"default_value":0},"fm_sketch":null,"stats_ver":2,"null_count":0,"tot_col_size":80,"last_update_version":464045736882077698,"correlation":-0.21212121212121213},"d1":{"histogram":{"ndv":10},"cm_sketch":{"top_n":[{"data":"BBmvCgAAAAAA","count":1},{"data":"BBmvFAAAAAAA","count":1},{"data":"BBmwvgAAAAAA","count":1},{"data":"BBmxpAAAAAAA","count":1},{"data":"BBmytAAAAAAA","count":1},{"data":"BBm0OgAAAAAA","count":1},{"data":"BBm2egAAAAAA","count":1},{"data":"BBm3kgAAAAAA","count":1},{"data":"BBm4TAAAAAAA","count":1},{"data":"BBm6QgAAAAAA","count":1}],"default_value":0},"fm_sketch":null,"stats_ver":2,"null_count":0,"tot_col_size":80,"last_update_version":464045736882077698,"correlation":0.15151515151515152},"id":{"histogram":{"ndv":10},"cm_sketch":{"top_n":[{"data":"A4AAAAAAAAAB","count":1},{"data":"A4AAAAAAAAAC","count":1},{"data":"A4AAAAAAAAAD","count":1},{"data":"A4AAAAAAAAAE","count":1},{"data":"A4AAAAAAAAAF","count":1},{"data":"A4AAAAAAAAAG","count":1},{"data":"A4AAAAAAAAAH","count":1},{"data":"A4AAAAAAAAAI","count":1},{"data":"A4AAAAAAAAAJ","count":1},{"data":"A4AAAAAAAAAK","count":1}],"default_value":0},"fm_sketch":null,"stats_ver":2,"null_count":0,"tot_col_size":80,"last_update_version":464045736882077698,"correlation":1},"k0":{"histogram":{"ndv":5},"cm_sketch":{"top_n":[{"data":"BBmvRgAAAAAA","count":1},{"data":"BBmyhAAAAAAA","count":2},{"data":"BBm0HAAAAAAA","count":3},{"data":"BBm3sAAAAAAA","count":1},{"data":"BBm7kAAAAAAA","count":3}],"default_value":0},"fm_sketch":null,"stats_ver":2,"null_count":0,"tot_col_size":80,"last_update_version":464045736882077698,"correlation":0.07878787878787878},"k2":{"histogram":{"ndv":10},"cm_sketch":{"top_n":[{"data":"BBmw0gAAAAAA","count":1},{"data":"BBmx7AAAAAAA","count":1},{"data":"BBmzNgAAAAAA","count":1},{"data":"BBm0hgAAAAAA","count":1},{"data":"BBm1HAAAAAAA","count":1},{"data":"BBm5MgAAAAAA","count":1},{"data":"BBm6FAAAAAAA","count":1},{"data":"BBm6YgAAAAAA","count":1},{"data":"BBm7CAAAAAAA","count":1},{"data":"BBm7tAAAAAAA","count":1}],"default_value":0},"fm_sketch":null,"stats_ver":2,"null_count":0,"tot_col_size":80,"last_update_version":464045736882077698,"correlation":-0.16363636363636364}},"indices":{"idx_d0_17":{"histogram":{"ndv":10},"cm_sketch":{"top_n":[{"data":"BBmxxAAAAAAA","count":1},{"data":"BBmzogAAAAAA","count":1},{"data":"BBm0RAAAAAAA","count":1},{"data":"BBm3JAAAAAAA","count":1},{"data":"BBm3vAAAAAAA","count":1},{"data":"BBm3zgAAAAAA","count":1},{"data":"BBm4JAAAAAAA","count":1},{"data":"BBm5RAAAAAAA","count":1},{"data":"BBm6pgAAAAAA","count":1},{"data":"BBm7BgAAAAAA","count":1}],"default_value":0},"fm_sketch":null,"stats_ver":2,"null_count":0,"tot_col_size":0,"last_update_version":464045736882077698,"correlation":0},"idx_d1_12":{"histogram":{"ndv":10},"cm_sketch":{"top_n":[{"data":"BBmvCgAAAAAA","count":1},{"data":"BBmvFAAAAAAA","count":1},{"data":"BBmwvgAAAAAA","count":1},{"data":"BBmxpAAAAAAA","count":1},{"data":"BBmytAAAAAAA","count":1},{"data":"BBm0OgAAAAAA","count":1},{"data":"BBm2egAAAAAA","count":1},{"data":"BBm3kgAAAAAA","count":1},{"data":"BBm4TAAAAAAA","count":1},{"data":"BBm6QgAAAAAA","count":1}],"default_value":0},"fm_sketch":null,"stats_ver":2,"null_count":0,"tot_col_size":0,"last_update_version":464045736882077698,"correlation":0},"idx_id_11":{"histogram":{"ndv":10},"cm_sketch":{"top_n":[{"data":"A4AAAAAAAAAB","count":1},{"data":"A4AAAAAAAAAC","count":1},{"data":"A4AAAAAAAAAD","count":1},{"data":"A4AAAAAAAAAE","count":1},{"data":"A4AAAAAAAAAF","count":1},{"data":"A4AAAAAAAAAG","count":1},{"data":"A4AAAAAAAAAH","count":1},{"data":"A4AAAAAAAAAI","count":1},{"data":"A4AAAAAAAAAJ","count":1},{"data":"A4AAAAAAAAAK","count":1}],"default_value":0},"fm_sketch":null,"stats_ver":2,"null_count":0,"tot_col_size":0,"last_update_version":464045736882077698,"correlation":0},"idx_k0_7":{"histogram":{"ndv":5},"cm_sketch":{"top_n":[{"data":"BBmvRgAAAAAA","count":1},{"data":"BBmyhAAAAAAA","count":2},{"data":"BBm0HAAAAAAA","count":3},{"data":"BBm3sAAAAAAA","count":1},{"data":"BBm7kAAAAAAA","count":3}],"default_value":0},"fm_sketch":null,"stats_ver":2,"null_count":0,"tot_col_size":0,"last_update_version":464045736882077698,"correlation":0},"idx_k0_k2_d1_23":{"histogram":{"ndv":10},"cm_sketch":{"top_n":[{"data":"BBmvRgAAAAAABBm6YgAAAAAABBm6QgAAAAAA","count":1},{"data":"BBmyhAAAAAAABBm0hgAAAAAABBmytAAAAAAA","count":1},{"data":"BBmyhAAAAAAABBm7CAAAAAAABBm3kgAAAAAA","count":1},{"data":"BBm0HAAAAAAABBmx7AAAAAAABBmvCgAAAAAA","count":1},{"data":"BBm0HAAAAAAABBm5MgAAAAAABBm4TAAAAAAA","count":1},{"data":"BBm0HAAAAAAABBm7tAAAAAAABBm0OgAAAAAA","count":1},{"data":"BBm3sAAAAAAABBmzNgAAAAAABBmwvgAAAAAA","count":1},{"data":"BBm7kAAAAAAABBmw0gAAAAAABBmvFAAAAAAA","count":1},{"data":"BBm7kAAAAAAABBm1HAAAAAAABBm2egAAAAAA","count":1},{"data":"BBm7kAAAAAAABBm6FAAAAAAABBmxpAAAAAAA","count":1}],"default_value":0},"fm_sketch":null,"stats_ver":2,"null_count":0,"tot_col_size":0,"last_update_version":464045736882077698,"correlation":0},"idx_k2_2":{"histogram":{"ndv":10},"cm_sketch":{"top_n":[{"data":"BBmw0gAAAAAA","count":1},{"data":"BBmx7AAAAAAA","count":1},{"data":"BBmzNgAAAAAA","count":1},{"data":"BBm0hgAAAAAA","count":1},{"data":"BBm1HAAAAAAA","count":1},{"data":"BBm5MgAAAAAA","count":1},{"data":"BBm6FAAAAAAA","count":1},{"data":"BBm6YgAAAAAA","count":1},{"data":"BBm7CAAAAAAA","count":1},{"data":"BBm7tAAAAAAA","count":1}],"default_value":0},"fm_sketch":null,"stats_ver":2,"null_count":0,"tot_col_size":0,"last_update_version":464045736882077698,"correlation":0}},"partitions":null,"database_name":"shiro_fuzz","table_name":"t3","ext_stats":null,"predicate_columns":[{"last_used_at":"2026-02-04 08:32:18","last_analyzed_at":"2026-02-04 08:33:23","id":1},{"last_used_at":"2026-02-04 08:32:19","last_analyzed_at":"2026-02-04 08:33:23","id":2},{"last_used_at":"2026-02-04 08:32:19","last_analyzed_at":"2026-02-04 08:33:23","id":3},{"last_used_at":"2026-02-04 08:32:18","last_analyzed_at":"2026-02-04 08:33:23","id":4},{"last_used_at":"2026-02-04 08:32:16","last_analyzed_at":"2026-02-04 08:33:23","id":5}],"count":10,"modify_count":0,"version":464045736882077698,"is_historical_stats":false}