{"columns":{"d0":{"histogram":{"ndv":10},"cm_sketch":{"top_n":[{"data":"BBmvnAAAAAAA","count":1},{"data":"BBmzyAAAAAAA","count":1},{"data":"BBm0ZgAAAAAA","count":1},{"data":"BBm2ygAAAAAA","count":1},{"data":"BBm3jAAAAAAA","count":1},{"data":"BBm4aAAAAAAA","count":1},{"data":"BBm5AgAAAAAA","count":1},{"data":"BBm5pgAAAAAA","count":1},{"data":"BBm6LgAAAAAA","count":1},{"data":"BBm69gAAAAAA","count":1}],"default_value":0},"fm_sketch":null,"stats_ver":2,"null_count":0,"tot_col_size":80,"last_update_version":464045736279146526,"correlation":0.6484848484848484},"d1":{"histogram":{"ndv":10},"cm_sketch":{"top_n":[{"data":"A4AAAAAAAAAt","count":1},{"data":"A4AAAAAAAABC","count":1},{"data":"A4AAAAAAAABy","count":1},{"data":"A4AAAAAAAADC","count":1},{"data":"A4AAAAAAAAGY","count":1},{"data":"A4AAAAAAAAIE","count":1},{"data":"A4AAAAAAAAIY","count":1},{"data":"A4AAAAAAAAJW","count":1},{"data":"A4AAAAAAAAL0","count":1},{"data":"A4AAAAAAAAOs","count":1}],"default_value":0},"fm_sketch":null,"stats_ver":2,"null_count":0,"tot_col_size":80,"last_update_version":464045736279146526,"correlation":-0.4666666666666667},"id":{"histogram":{"ndv":10},"cm_sketch":{"top_n":[{"data":"A4AAAAAAAAAB","count":1},{"data":"A4AAAAAAAAAC","count":1},{"data":"A4AAAAAAAAAD","count":1},{"data":"A4AAAAAAAAAE","count":1},{"data":"A4AAAAAAAAAF","count":1},{"data":"A4AAAAAAAAAG","count":1},{"data":"A4AAAAAAAAAH","count":1},{"data":"A4AAAAAAAAAI","count":1},{"data":"A4AAAAAAAAAJ","count":1},{"data":"A4AAAAAAAAAK","count":1}],"default_value":0},"fm_sketch":null,"stats_ver":2,"null_count":0,"tot_col_size":80,"last_update_version":464045736279146526,"correlation":1},"k0":{"histogram":{"ndv":7},"cm_sketch":{"top_n":[{"data":"BBmvRgAAAAAA","count":3},{"data":"BBmw7AAAAAAA","count":1},{"data":"BBmxKgAAAAAA","count":1},{"data":"BBm3mAAAAAAA","count":1},{"data":"BBm3sAAAAAAA","count":2},{"data":"BBm7XgAAAAAA","count":1},{"data":"BBm7kAAAAAAA","count":1}],"default_value":0},"fm_sketch":null,"stats_ver":2,"null_count":0,"tot_col_size":80,"last_update_version":464045736279146526,"correlation":0.9151515151515152},"k3":{"histogram":{"ndv":10},"cm_sketch":{"top_n":[{"data":"BBmx3gAAAAAA","count":1},{"data":"BBm2jgAAAAAA","count":1},{"data":"BBm3YgAAAAAA","count":1},{"data":"BBm38AAAAAAA","count":1},{"data":"BBm4KAAAAAAA","count":1},{"data":"BBm4cgAAAAAA","count":1},{"data":"BBm43gAAAAAA","count":1},{"data":"BBm5XgAAAAAA","count":1},{"data":"BBm5qgAAAAAA","count":1},{"data":"BBm6aAAAAAAA","count":1}],"default_value":0},"fm_sketch":null,"stats_ver":2,"null_count":0,"tot_col_size":80,"last_update_version":464045736279146526,"correlation":-0.3575757575757576}},"indices":{"idx_k3_8":{"histogram":{"ndv":10},"cm_sketch":{"top_n":[{"data":"BBmx3gAAAAAA","count":1},{"data":"BBm2jgAAAAAA","count":1},{"data":"BBm3YgAAAAAA","count":1},{"data":"BBm38AAAAAAA","count":1},{"data":"BBm4KAAAAAAA","count":1},{"data":"BBm4cgAAAAAA","count":1},{"data":"BBm43gAAAAAA","count":1},{"data":"BBm5XgAAAAAA","count":1},{"data":"BBm5qgAAAAAA","count":1},{"data":"BBm6aAAAAAAA","count":1}],"default_value":0},"fm_sketch":null,"stats_ver":2,"null_count":0,"tot_col_size":0,"last_update_version":464045736279146526,"correlation":0}},"partitions":null,"database_name":"shiro_fuzz","table_name":"t4","ext_stats":null,"predicate_columns":[{"last_used_at":"2026-02-04 08:32:19","last_analyzed_at":"2026-02-04 08:33:21","id":2},{"last_used_at":"2026-02-04 08:32:19","last_analyzed_at":"2026-02-04 08:33:21","id":3},{"last_used_at":"2026-02-04 08:32:19","last_analyzed_at":"2026-02-04 08:33:21","id":4},{"last_used_at":"2026-02-04 08:32:16","last_analyzed_at":"2026-02-04 08:33:21","id":5},{"last_used_at":"2026-02-04 08:32:19","last_analyzed_at":"2026-02-04 08:33:21","id":1}],"count":10,"modify_count":0,"version":464045736279146526,"is_historical_stats":false}