{"columns":{"d0":{"histogram":{"ndv":10},"cm_sketch":{"top_n":[{"data":"A3////////+l","count":1},{"data":"A3////////+s","count":1},{"data":"A3/////////D","count":1},{"data":"A3/////////f","count":1},{"data":"A3/////////j","count":1},{"data":"A3/////////y","count":1},{"data":"A3/////////z","count":1},{"data":"A4AAAAAAAAAA","count":1},{"data":"A4AAAAAAAAAO","count":1},{"data":"A4AAAAAAAAAy","count":1}],"default_value":0},"fm_sketch":null,"stats_ver":2,"null_count":0,"tot_col_size":80,"last_update_version":464045729069924372,"correlation":-0.05454545454545454},"d1":{"histogram":{"ndv":10},"cm_sketch":{"top_n":[{"data":"BcAWHrhR64Uf","count":1},{"data":"BcA364UeuFHs","count":1},{"data":"BcBBThR64Ueu","count":1},{"data":"BcBEbhR64Ueu","count":1},{"data":"BcBH6j1wo9cK","count":1},{"data":"BcBMB64UeuFI","count":1},{"data":"BcBQ0KPXCj1x","count":1},{"data":"BcBRfhR64Ueu","count":1},{"data":"BcBRwo9cKPXD","count":1},{"data":"BcBY4KPXCj1x","count":1}],"default_value":0},"fm_sketch":null,"stats_ver":2,"null_count":0,"tot_col_size":80,"last_update_version":464045729069924372,"correlation":0.18787878787878787},"id":{"histogram":{"ndv":10},"cm_sketch":{"top_n":[{"data":"A4AAAAAAAAAB","count":1},{"data":"A4AAAAAAAAAC","count":1},{"data":"A4AAAAAAAAAD","count":1},{"data":"A4AAAAAAAAAE","count":1},{"data":"A4AAAAAAAAAF","count":1},{"data":"A4AAAAAAAAAG","count":1},{"data":"A4AAAAAAAAAH","count":1},{"data":"A4AAAAAAAAAI","count":1},{"data":"A4AAAAAAAAAJ","count":1},{"data":"A4AAAAAAAAAK","count":1}],"default_value":0},"fm_sketch":null,"stats_ver":2,"null_count":0,"tot_col_size":80,"last_update_version":464045729069924372,"correlation":1},"k0":{"histogram":{"ndv":6},"cm_sketch":{"top_n":[{"data":"BBmw7AAAAAAA","count":1},{"data":"BBmxKgAAAAAA","count":3},{"data":"BBmyhAAAAAAA","count":2},{"data":"BBm1lAAAAAAA","count":1},{"data":"BBm7XgAAAAAA","count":1},{"data":"BBm7kAAAAAAA","count":2}],"default_value":0},"fm_sketch":null,"stats_ver":2,"null_count":0,"tot_col_size":80,"last_update_version":464045729069924372,"correlation":-0.09090909090909091},"k1":{"histogram":{"ndv":10},"cm_sketch":{"top_n":[{"data":"AXMxMjgAAAAA+w==","count":1},{"data":"AXMzOTMAAAAA+w==","count":1},{"data":"AXM0NTQAAAAA+w==","count":1},{"data":"AXM1NjcAAAAA+w==","count":1},{"data":"AXM2NTYAAAAA+w==","count":1},{"data":"AXM3MjMAAAAA+w==","count":1},{"data":"AXM3NDMAAAAA+w==","count":1},{"data":"AXM3OQAAAAAA+g==","count":1},{"data":"AXM5NjkAAAAA+w==","count":1},{"data":"AXM5ODEAAAAA+w==","count":1}],"default_value":0},"fm_sketch":null,"stats_ver":2,"null_count":0,"tot_col_size":49,"last_update_version":464045729069924372,"correlation":0.12727272727272726}},"indices":{"idx_d0_19":{"histogram":{"ndv":10},"cm_sketch":{"top_n":[{"data":"A3////////+l","count":1},{"data":"A3////////+s","count":1},{"data":"A3/////////D","count":1},{"data":"A3/////////f","count":1},{"data":"A3/////////j","count":1},{"data":"A3/////////y","count":1},{"data":"A3/////////z","count":1},{"data":"A4AAAAAAAAAA","count":1},{"data":"A4AAAAAAAAAO","count":1},{"data":"A4AAAAAAAAAy","count":1}],"default_value":0},"fm_sketch":null,"stats_ver":2,"null_count":0,"tot_col_size":0,"last_update_version":464045729069924372,"correlation":0},"idx_d1_22":{"histogram":{"ndv":10},"cm_sketch":{"top_n":[{"data":"BcAWHrhR64Uf","count":1},{"data":"BcA364UeuFHs","count":1},{"data":"BcBBThR64Ueu","count":1},{"data":"BcBEbhR64Ueu","count":1},{"data":"BcBH6j1wo9cK","count":1},{"data":"BcBMB64UeuFI","count":1},{"data":"BcBQ0KPXCj1x","count":1},{"data":"BcBRfhR64Ueu","count":1},{"data":"BcBRwo9cKPXD","count":1},{"data":"BcBY4KPXCj1x","count":1}],"default_value":0},"fm_sketch":null,"stats_ver":2,"null_count":0,"tot_col_size":0,"last_update_version":464045729069924372,"correlation":0}},"partitions":null,"database_name":"shiro_fuzz","table_name":"t2","ext_stats":null,"predicate_columns":[{"last_used_at":"2026-02-04 08:32:19","last_analyzed_at":"2026-02-04 08:32:53","id":1},{"last_used_at":"2026-02-04 08:32:19","last_analyzed_at":"2026-02-04 08:32:53","id":2},{"last_used_at":"2026-02-04 08:32:19","last_analyzed_at":"2026-02-04 08:32:53","id":3},{"last_used_at":"2026-02-04 08:32:19","last_analyzed_at":"2026-02-04 08:32:53","id":4},{"last_used_at":"2026-02-04 08:32:19","last_analyzed_at":"2026-02-04 08:32:53","id":5}],"count":10,"modify_count":0,"version":464045729069924372,"is_historical_stats":false}