{"columns":{"id":{"histogram":{"ndv":80,"buckets":[{"count":3,"lower_bound":"MQ==","upper_bound":"Mw==","repeats":1,"ndv":0},{"count":6,"lower_bound":"NA==","upper_bound":"Ng==","repeats":1,"ndv":0},{"count":9,"lower_bound":"Nw==","upper_bound":"OQ==","repeats":1,"ndv":0},{"count":12,"lower_bound":"MTA=","upper_bound":"MTI=","repeats":1,"ndv":0},{"count":15,"lower_bound":"MTM=","upper_bound":"MTU=","repeats":1,"ndv":0},{"count":18,"lower_bound":"MTY=","upper_bound":"MTg=","repeats":1,"ndv":0},{"count":21,"lower_bound":"MTk=","upper_bound":"MjE=","repeats":1,"ndv":0},{"count":24,"lower_bound":"MjI=","upper_bound":"MjQ=","repeats":1,"ndv":0},{"count":27,"lower_bound":"MjU=","upper_bound":"Mjc=","repeats":1,"ndv":0},{"count":30,"lower_bound":"Mjg=","upper_bound":"MzA=","repeats":1,"ndv":0},{"count":33,"lower_bound":"MzE=","upper_bound":"MzM=","repeats":1,"ndv":0},{"count":36,"lower_bound":"MzQ=","upper_bound":"MzY=","repeats":1,"ndv":0},{"count":39,"lower_bound":"Mzc=","upper_bound":"Mzk=","repeats":1,"ndv":0},{"count":42,"lower_bound":"NDA=","upper_bound":"NDI=","repeats":1,"ndv":0},{"count":45,"lower_bound":"NDM=","upper_bound":"NDU=","repeats":1,"ndv":0},{"count":48,"lower_bound":"NDY=","upper_bound":"NDg=","repeats":1,"ndv":0},{"count":51,"lower_bound":"NDk=","upper_bound":"NTE=","repeats":1,"ndv":0},{"count":54,"lower_bound":"NTI=","upper_bound":"NTQ=","repeats":1,"ndv":0},{"count":57,"lower_bound":"NTU=","upper_bound":"NTc=","repeats":1,"ndv":0},{"count":60,"lower_bound":"NTg=","upper_bound":"NjA=","repeats":1,"ndv":0},{"count":63,"lower_bound":"NjE=","upper_bound":"NjM=","repeats":1,"ndv":0},{"count":66,"lower_bound":"NjQ=","upper_bound":"NjY=","repeats":1,"ndv":0},{"count":69,"lower_bound":"Njc=","upper_bound":"Njk=","repeats":1,"ndv":0},{"count":72,"lower_bound":"NzA=","upper_bound":"NzI=","repeats":1,"ndv":0},{"count":75,"lower_bound":"NzM=","upper_bound":"NzU=","repeats":1,"ndv":0},{"count":78,"lower_bound":"NzY=","upper_bound":"Nzg=","repeats":1,"ndv":0},{"count":80,"lower_bound":"Nzk=","upper_bound":"ODA=","repeats":1,"ndv":0}]},"cm_sketch":null,"fm_sketch":null,"stats_ver":2,"null_count":0,"tot_col_size":640,"last_update_version":464045737118007342,"correlation":1},"k0":{"histogram":{"ndv":10},"cm_sketch":{"top_n":[{"data":"BBmvRgAAAAAA","count":6},{"data":"BBmw7AAAAAAA","count":9},{"data":"BBmxKgAAAAAA","count":11},{"data":"BBmyhAAAAAAA","count":9},{"data":"BBm0HAAAAAAA","count":5},{"data":"BBm1lAAAAAAA","count":7},{"data":"BBm3mAAAAAAA","count":7},{"data":"BBm3sAAAAAAA","count":8},{"data":"BBm7XgAAAAAA","count":9},{"data":"BBm7kAAAAAAA","count":9}],"default_value":0},"fm_sketch":null,"stats_ver":2,"null_count":0,"tot_col_size":640,"last_update_version":464045737118007342,"correlation":0.14263947491795592},"k1":{"histogram":{"ndv":10},"cm_sketch":{"top_n":[{"data":"AXMxMjgAAAAA+w==","count":7},{"data":"AXMzOTMAAAAA+w==","count":7},{"data":"AXM0NTQAAAAA+w==","count":9},{"data":"AXM1NjcAAAAA+w==","count":8},{"data":"AXM2NTYAAAAA+w==","count":9},{"data":"AXM3MjMAAAAA+w==","count":8},{"data":"AXM3NDMAAAAA+w==","count":6},{"data":"AXM3OQAAAAAA+g==","count":4},{"data":"AXM5NjkAAAAA+w==","count":13},{"data":"AXM5ODEAAAAA+w==","count":9}],"default_value":0},"fm_sketch":null,"stats_ver":2,"null_count":0,"tot_col_size":396,"last_update_version":464045737118007342,"correlation":0.17824660103141116},"k2":{"histogram":{"ndv":10},"cm_sketch":{"top_n":[{"data":"BBmw0gAAAAAA","count":8},{"data":"BBmx7AAAAAAA","count":10},{"data":"BBmzNgAAAAAA","count":10},{"data":"BBm0hgAAAAAA","count":3},{"data":"BBm1HAAAAAAA","count":11},{"data":"BBm5MgAAAAAA","count":7},{"data":"BBm6FAAAAAAA","count":11},{"data":"BBm6YgAAAAAA","count":3},{"data":"BBm7CAAAAAAA","count":10},{"data":"BBm7tAAAAAAA","count":7}],"default_value":0},"fm_sketch":null,"stats_ver":2,"null_count":0,"tot_col_size":640,"last_update_version":464045737118007342,"correlation":0.010618846694796062},"k3":{"histogram":{"ndv":10},"cm_sketch":{"top_n":[{"data":"BBmx3gAAAAAA","count":4},{"data":"BBm2jgAAAAAA","count":12},{"data":"BBm3YgAAAAAA","count":9},{"data":"BBm38AAAAAAA","count":7},{"data":"BBm4KAAAAAAA","count":9},{"data":"BBm4cgAAAAAA","count":6},{"data":"BBm43gAAAAAA","count":10},{"data":"BBm5XgAAAAAA","count":10},{"data":"BBm5qgAAAAAA","count":5},{"data":"BBm6aAAAAAAA","count":8}],"default_value":0},"fm_sketch":null,"stats_ver":2,"null_count":0,"tot_col_size":640,"last_update_version":464045737118007342,"correlation":0.06908110642287857},"p0":{"histogram":{"ndv":77,"buckets":[{"count":3,"lower_bound":"czEwMQ==","upper_bound":"czE1OQ==","repeats":1,"ndv":0},{"count":6,"lower_bound":"czE3NQ==","upper_bound":"czIyNQ==","repeats":1,"ndv":0},{"count":9,"lower_bound":"czIzMA==","upper_bound":"czI2Mw==","repeats":1,"ndv":0},{"count":12,"lower_bound":"czI5","upper_bound":"czMxNQ==","repeats":1,"ndv":0},{"count":15,"lower_bound":"czMzMg==","upper_bound":"czM0MA==","repeats":1,"ndv":0},{"count":18,"lower_bound":"czM0MQ==","upper_bound":"czM0NA==","repeats":1,"ndv":0},{"count":21,"lower_bound":"czM1NA==","upper_bound":"czM5MA==","repeats":1,"ndv":0},{"count":24,"lower_bound":"czQxOA==","upper_bound":"czQ3","repeats":1,"ndv":0},{"count":27,"lower_bound":"czQ5MQ==","upper_bound":"czU1Nw==","repeats":1,"ndv":0},{"count":30,"lower_bound":"czU2Nw==","upper_bound":"czU5","repeats":1,"ndv":0},{"count":33,"lower_bound":"czU5Mw==","upper_bound":"czYwMA==","repeats":1,"ndv":0},{"count":36,"lower_bound":"czYxOQ==","upper_bound":"czYzMw==","repeats":1,"ndv":0},{"count":39,"lower_bound":"czYzNg==","upper_bound":"czY2OA==","repeats":1,"ndv":0},{"count":42,"lower_bound":"czY4NQ==","upper_bound":"czcwNQ==","repeats":1,"ndv":0},{"count":45,"lower_bound":"czcwOQ==","upper_bound":"czc0NQ==","repeats":1,"ndv":0},{"count":48,"lower_bound":"czc2NA==","upper_bound":"czc3Mg==","repeats":1,"ndv":0},{"count":51,"lower_bound":"czc4","upper_bound":"czc4Mw==","repeats":1,"ndv":0},{"count":54,"lower_bound":"czc5Mw==","upper_bound":"czgxNQ==","repeats":1,"ndv":0},{"count":57,"lower_bound":"czgyMA==","upper_bound":"czgz","repeats":1,"ndv":0},{"count":60,"lower_bound":"czgzMg==","upper_bound":"czg1NA==","repeats":1,"ndv":0},{"count":63,"lower_bound":"czg2Nw==","upper_bound":"czg3OA==","repeats":1,"ndv":0},{"count":66,"lower_bound":"czg5NQ==","upper_bound":"czkyMQ==","repeats":1,"ndv":0},{"count":69,"lower_bound":"czkyMg==","upper_bound":"czk1Mg==","repeats":1,"ndv":0},{"count":72,"lower_bound":"czk1OA==","upper_bound":"czk2OA==","repeats":1,"ndv":0},{"count":74,"lower_bound":"czk3Nw==","upper_bound":"czk4Ng==","repeats":1,"ndv":0}]},"cm_sketch":{"top_n":[{"data":"AXM1MzgAAAAA+w==","count":2},{"data":"AXM1OTIAAAAA+w==","count":2},{"data":"AXM5MjQAAAAA+w==","count":2}],"default_value":0},"fm_sketch":null,"stats_ver":2,"null_count":0,"tot_col_size":394,"last_update_version":464045737118007342,"correlation":-0.03818565400843882},"p1":{"histogram":{"ndv":79,"buckets":[{"count":3,"lower_bound":"czEwNg==","upper_bound":"czE0MQ==","repeats":1,"ndv":0},{"count":6,"lower_bound":"czE1MA==","upper_bound":"czE2MQ==","repeats":1,"ndv":0},{"count":9,"lower_bound":"czE2OQ==","upper_bound":"czE3Ng==","repeats":1,"ndv":0},{"count":12,"lower_bound":"czE5MQ==","upper_bound":"czIxOA==","repeats":1,"ndv":0},{"count":15,"lower_bound":"czIy","upper_bound":"czI2OA==","repeats":1,"ndv":0},{"count":18,"lower_bound":"czI3Mg==","upper_bound":"czMwNQ==","repeats":1,"ndv":0},{"count":21,"lower_bound":"czMxMA==","upper_bound":"czMxOQ==","repeats":1,"ndv":0},{"count":24,"lower_bound":"czMzMA==","upper_bound":"czM1Mg==","repeats":1,"ndv":0},{"count":27,"lower_bound":"czM1Ng==","upper_bound":"czM5","repeats":1,"ndv":0},{"count":30,"lower_bound":"czM5NQ==","upper_bound":"czQ=","repeats":1,"ndv":0},{"count":33,"lower_bound":"czQxOQ==","upper_bound":"czQzMQ==","repeats":1,"ndv":0},{"count":36,"lower_bound":"czQ1MA==","upper_bound":"czQ2","repeats":1,"ndv":0},{"count":39,"lower_bound":"czQ4NA==","upper_bound":"czUwOA==","repeats":1,"ndv":0},{"count":42,"lower_bound":"czUzMQ==","upper_bound":"czU0Mw==","repeats":1,"ndv":0},{"count":45,"lower_bound":"czU1MQ==","upper_bound":"czU4NQ==","repeats":1,"ndv":0},{"count":48,"lower_bound":"czU5NQ==","upper_bound":"czYxMA==","repeats":1,"ndv":0},{"count":51,"lower_bound":"czYxNQ==","upper_bound":"czYzNw==","repeats":1,"ndv":0},{"count":54,"lower_bound":"czY0Mw==","upper_bound":"czY1OA==","repeats":1,"ndv":0},{"count":57,"lower_bound":"czY2OA==","upper_bound":"czY3Ng==","repeats":1,"ndv":0},{"count":60,"lower_bound":"czcwMw==","upper_bound":"czcyNA==","repeats":1,"ndv":0},{"count":63,"lower_bound":"czcz","upper_bound":"czc1NA==","repeats":1,"ndv":0},{"count":66,"lower_bound":"czc2OA==","upper_bound":"czc4MA==","repeats":1,"ndv":0},{"count":69,"lower_bound":"czc5MQ==","upper_bound":"czgwNQ==","repeats":1,"ndv":0},{"count":72,"lower_bound":"czg0NA==","upper_bound":"czg4Mw==","repeats":1,"ndv":0},{"count":75,"lower_bound":"czg5Mg==","upper_bound":"czkxNA==","repeats":1,"ndv":0},{"count":78,"lower_bound":"czkyNQ==","upper_bound":"czk3MQ==","repeats":1,"ndv":0}]},"cm_sketch":{"top_n":[{"data":"AXMzMQAAAAAA+g==","count":2}],"default_value":0},"fm_sketch":null,"stats_ver":2,"null_count":0,"tot_col_size":387,"last_update_version":464045737118007342,"correlation":-0.018870135958743553}},"indices":{"idx_id_15":{"histogram":{"ndv":80,"buckets":[{"count":3,"lower_bound":"A4AAAAAAAAAB","upper_bound":"A4AAAAAAAAAD","repeats":1,"ndv":0},{"count":6,"lower_bound":"A4AAAAAAAAAE","upper_bound":"A4AAAAAAAAAG","repeats":1,"ndv":0},{"count":9,"lower_bound":"A4AAAAAAAAAH","upper_bound":"A4AAAAAAAAAJ","repeats":1,"ndv":0},{"count":12,"lower_bound":"A4AAAAAAAAAK","upper_bound":"A4AAAAAAAAAM","repeats":1,"ndv":0},{"count":15,"lower_bound":"A4AAAAAAAAAN","upper_bound":"A4AAAAAAAAAP","repeats":1,"ndv":0},{"count":18,"lower_bound":"A4AAAAAAAAAQ","upper_bound":"A4AAAAAAAAAS","repeats":1,"ndv":0},{"count":21,"lower_bound":"A4AAAAAAAAAT","upper_bound":"A4AAAAAAAAAV","repeats":1,"ndv":0},{"count":24,"lower_bound":"A4AAAAAAAAAW","upper_bound":"A4AAAAAAAAAY","repeats":1,"ndv":0},{"count":27,"lower_bound":"A4AAAAAAAAAZ","upper_bound":"A4AAAAAAAAAb","repeats":1,"ndv":0},{"count":30,"lower_bound":"A4AAAAAAAAAc","upper_bound":"A4AAAAAAAAAe","repeats":1,"ndv":0},{"count":33,"lower_bound":"A4AAAAAAAAAf","upper_bound":"A4AAAAAAAAAh","repeats":1,"ndv":0},{"count":36,"lower_bound":"A4AAAAAAAAAi","upper_bound":"A4AAAAAAAAAk","repeats":1,"ndv":0},{"count":39,"lower_bound":"A4AAAAAAAAAl","upper_bound":"A4AAAAAAAAAn","repeats":1,"ndv":0},{"count":42,"lower_bound":"A4AAAAAAAAAo","upper_bound":"A4AAAAAAAAAq","repeats":1,"ndv":0},{"count":45,"lower_bound":"A4AAAAAAAAAr","upper_bound":"A4AAAAAAAAAt","repeats":1,"ndv":0},{"count":48,"lower_bound":"A4AAAAAAAAAu","upper_bound":"A4AAAAAAAAAw","repeats":1,"ndv":0},{"count":51,"lower_bound":"A4AAAAAAAAAx","upper_bound":"A4AAAAAAAAAz","repeats":1,"ndv":0},{"count":54,"lower_bound":"A4AAAAAAAAA0","upper_bound":"A4AAAAAAAAA2","repeats":1,"ndv":0},{"count":57,"lower_bound":"A4AAAAAAAAA3","upper_bound":"A4AAAAAAAAA5","repeats":1,"ndv":0},{"count":60,"lower_bound":"A4AAAAAAAAA6","upper_bound":"A4AAAAAAAAA8","repeats":1,"ndv":0},{"count":63,"lower_bound":"A4AAAAAAAAA9","upper_bound":"A4AAAAAAAAA/","repeats":1,"ndv":0},{"count":66,"lower_bound":"A4AAAAAAAABA","upper_bound":"A4AAAAAAAABC","repeats":1,"ndv":0},{"count":69,"lower_bound":"A4AAAAAAAABD","upper_bound":"A4AAAAAAAABF","repeats":1,"ndv":0},{"count":72,"lower_bound":"A4AAAAAAAABG","upper_bound":"A4AAAAAAAABI","repeats":1,"ndv":0},{"count":75,"lower_bound":"A4AAAAAAAABJ","upper_bound":"A4AAAAAAAABL","repeats":1,"ndv":0},{"count":78,"lower_bound":"A4AAAAAAAABM","upper_bound":"A4AAAAAAAABO","repeats":1,"ndv":0},{"count":80,"lower_bound":"A4AAAAAAAABP","upper_bound":"A4AAAAAAAABQ","repeats":1,"ndv":0}]},"cm_sketch":null,"fm_sketch":null,"stats_ver":2,"null_count":0,"tot_col_size":0,"last_update_version":464045737118007342,"correlation":0},"idx_k2_27":{"histogram":{"ndv":10},"cm_sketch":{"top_n":[{"data":"BBmw0gAAAAAA","count":8},{"data":"BBmx7AAAAAAA","count":10},{"data":"BBmzNgAAAAAA","count":10},{"data":"BBm0hgAAAAAA","count":3},{"data":"BBm1HAAAAAAA","count":11},{"data":"BBm5MgAAAAAA","count":7},{"data":"BBm6FAAAAAAA","count":11},{"data":"BBm6YgAAAAAA","count":3},{"data":"BBm7CAAAAAAA","count":10},{"data":"BBm7tAAAAAAA","count":7}],"default_value":0},"fm_sketch":null,"stats_ver":2,"null_count":0,"tot_col_size":0,"last_update_version":464045737118007342,"correlation":0},"idx_k3_24":{"histogram":{"ndv":10},"cm_sketch":{"top_n":[{"data":"BBmx3gAAAAAA","count":4},{"data":"BBm2jgAAAAAA","count":12},{"data":"BBm3YgAAAAAA","count":9},{"data":"BBm38AAAAAAA","count":7},{"data":"BBm4KAAAAAAA","count":9},{"data":"BBm4cgAAAAAA","count":6},{"data":"BBm43gAAAAAA","count":10},{"data":"BBm5XgAAAAAA","count":10},{"data":"BBm5qgAAAAAA","count":5},{"data":"BBm6aAAAAAAA","count":8}],"default_value":0},"fm_sketch":null,"stats_ver":2,"null_count":0,"tot_col_size":0,"last_update_version":464045737118007342,"correlation":0},"idx_p0_9":{"histogram":{"ndv":77,"buckets":[{"count":3,"lower_bound":"AXMxMDEAAAAA+w==","upper_bound":"AXMxNTkAAAAA+w==","repeats":1,"ndv":0},{"count":6,"lower_bound":"AXMxNzUAAAAA+w==","upper_bound":"AXMyMjUAAAAA+w==","repeats":1,"ndv":0},{"count":9,"lower_bound":"AXMyMzAAAAAA+w==","upper_bound":"AXMyNjMAAAAA+w==","repeats":1,"ndv":0},{"count":12,"lower_bound":"AXMyOQAAAAAA+g==","upper_bound":"AXMzMTUAAAAA+w==","repeats":1,"ndv":0},{"count":15,"lower_bound":"AXMzMzIAAAAA+w==","upper_bound":"AXMzNDAAAAAA+w==","repeats":1,"ndv":0},{"count":18,"lower_bound":"AXMzNDEAAAAA+w==","upper_bound":"AXMzNDQAAAAA+w==","repeats":1,"ndv":0},{"count":21,"lower_bound":"AXMzNTQAAAAA+w==","upper_bound":"AXMzOTAAAAAA+w==","repeats":1,"ndv":0},{"count":24,"lower_bound":"AXM0MTgAAAAA+w==","upper_bound":"AXM0NwAAAAAA+g==","repeats":1,"ndv":0},{"count":27,"lower_bound":"AXM0OTEAAAAA+w==","upper_bound":"AXM1NTcAAAAA+w==","repeats":1,"ndv":0},{"count":30,"lower_bound":"AXM1NjcAAAAA+w==","upper_bound":"AXM1OQAAAAAA+g==","repeats":1,"ndv":0},{"count":33,"lower_bound":"AXM1OTMAAAAA+w==","upper_bound":"AXM2MDAAAAAA+w==","repeats":1,"ndv":0},{"count":36,"lower_bound":"AXM2MTkAAAAA+w==","upper_bound":"AXM2MzMAAAAA+w==","repeats":1,"ndv":0},{"count":39,"lower_bound":"AXM2MzYAAAAA+w==","upper_bound":"AXM2NjgAAAAA+w==","repeats":1,"ndv":0},{"count":42,"lower_bound":"AXM2ODUAAAAA+w==","upper_bound":"AXM3MDUAAAAA+w==","repeats":1,"ndv":0},{"count":45,"lower_bound":"AXM3MDkAAAAA+w==","upper_bound":"AXM3NDUAAAAA+w==","repeats":1,"ndv":0},{"count":48,"lower_bound":"AXM3NjQAAAAA+w==","upper_bound":"AXM3NzIAAAAA+w==","repeats":1,"ndv":0},{"count":51,"lower_bound":"AXM3OAAAAAAA+g==","upper_bound":"AXM3ODMAAAAA+w==","repeats":1,"ndv":0},{"count":54,"lower_bound":"AXM3OTMAAAAA+w==","upper_bound":"AXM4MTUAAAAA+w==","repeats":1,"ndv":0},{"count":57,"lower_bound":"AXM4MjAAAAAA+w==","upper_bound":"AXM4MwAAAAAA+g==","repeats":1,"ndv":0},{"count":60,"lower_bound":"AXM4MzIAAAAA+w==","upper_bound":"AXM4NTQAAAAA+w==","repeats":1,"ndv":0},{"count":63,"lower_bound":"AXM4NjcAAAAA+w==","upper_bound":"AXM4NzgAAAAA+w==","repeats":1,"ndv":0},{"count":66,"lower_bound":"AXM4OTUAAAAA+w==","upper_bound":"AXM5MjEAAAAA+w==","repeats":1,"ndv":0},{"count":69,"lower_bound":"AXM5MjIAAAAA+w==","upper_bound":"AXM5NTIAAAAA+w==","repeats":1,"ndv":0},{"count":72,"lower_bound":"AXM5NTgAAAAA+w==","upper_bound":"AXM5NjgAAAAA+w==","repeats":1,"ndv":0},{"count":74,"lower_bound":"AXM5NzcAAAAA+w==","upper_bound":"AXM5ODYAAAAA+w==","repeats":1,"ndv":0}]},"cm_sketch":{"top_n":[{"data":"AXM1MzgAAAAA+w==","count":2},{"data":"AXM1OTIAAAAA+w==","count":2},{"data":"AXM5MjQAAAAA+w==","count":2}],"default_value":0},"fm_sketch":null,"stats_ver":2,"null_count":0,"tot_col_size":0,"last_update_version":464045737118007342,"correlation":0}},"partitions":null,"database_name":"shiro_fuzz","table_name":"t0","ext_stats":null,"predicate_columns":[{"last_used_at":"2026-02-04 08:32:19","last_analyzed_at":"2026-02-04 08:33:24","id":4},{"last_used_at":"2026-02-04 08:32:16","last_analyzed_at":"2026-02-04 08:33:24","id":5},{"last_used_at":"2026-02-04 08:32:16","last_analyzed_at":"2026-02-04 08:33:24","id":6},{"last_used_at":"2026-02-04 08:32:18","last_analyzed_at":"2026-02-04 08:33:24","id":7},{"last_used_at":"2026-02-04 08:32:19","last_analyzed_at":"2026-02-04 08:33:24","id":1},{"last_used_at":"2026-02-04 08:32:19","last_analyzed_at":"2026-02-04 08:33:24","id":2},{"last_used_at":"2026-02-04 08:32:19","last_analyzed_at":"2026-02-04 08:33:24","id":3}],"count":80,"modify_count":0,"version":464045737118007342,"is_historical_stats":false}