{"columns":{"d0":{"histogram":{"ndv":10},"cm_sketch":{"top_n":[{"data":"AXMxNTAAAAAA+w==","count":1},{"data":"AXMzMzAAAAAA+w==","count":1},{"data":"AXM0MzUAAAAA+w==","count":1},{"data":"AXM0OTgAAAAA+w==","count":1},{"data":"AXM1NjcAAAAA+w==","count":1},{"data":"AXM2NzQAAAAA+w==","count":1},{"data":"AXM3MTUAAAAA+w==","count":1},{"data":"AXM4MgAAAAAA+g==","count":1},{"data":"AXM4MjkAAAAA+w==","count":1},{"data":"AXM5NDgAAAAA+w==","count":1}],"default_value":0},"fm_sketch":null,"stats_ver":2,"null_count":0,"tot_col_size":49,"last_update_version":464045737353936971,"correlation":0.09090909090909091},"d1":{"histogram":{"ndv":10},"cm_sketch":{"top_n":[{"data":"AXMxMDkAAAAA+w==","count":1},{"data":"AXMxOTYAAAAA+w==","count":1},{"data":"AXMzMzEAAAAA+w==","count":1},{"data":"AXMzNDkAAAAA+w==","count":1},{"data":"AXMzODYAAAAA+w==","count":1},{"data":"AXM0MAAAAAAA+g==","count":1},{"data":"AXM0MzEAAAAA+w==","count":1},{"data":"AXM1MDQAAAAA+w==","count":1},{"data":"AXM2OTIAAAAA+w==","count":1},{"data":"AXM4MTgAAAAA+w==","count":1}],"default_value":0},"fm_sketch":null,"stats_ver":2,"null_count":0,"tot_col_size":49,"last_update_version":464045737353936971,"correlation":0.44242424242424244},"id":{"histogram":{"ndv":10},"cm_sketch":{"top_n":[{"data":"A4AAAAAAAAAB","count":1},{"data":"A4AAAAAAAAAC","count":1},{"data":"A4AAAAAAAAAD","count":1},{"data":"A4AAAAAAAAAE","count":1},{"data":"A4AAAAAAAAAF","count":1},{"data":"A4AAAAAAAAAG","count":1},{"data":"A4AAAAAAAAAH","count":1},{"data":"A4AAAAAAAAAI","count":1},{"data":"A4AAAAAAAAAJ","count":1},{"data":"A4AAAAAAAAAK","count":1}],"default_value":0},"fm_sketch":null,"stats_ver":2,"null_count":0,"tot_col_size":80,"last_update_version":464045737353936971,"correlation":1},"k0":{"histogram":{"ndv":10},"cm_sketch":{"top_n":[{"data":"BBmvRgAAAAAA","count":1},{"data":"BBmw7AAAAAAA","count":1},{"data":"BBmxKgAAAAAA","count":1},{"data":"BBmyhAAAAAAA","count":1},{"data":"BBm0HAAAAAAA","count":1},{"data":"BBm1lAAAAAAA","count":1},{"data":"BBm3mAAAAAAA","count":1},{"data":"BBm3sAAAAAAA","count":1},{"data":"BBm7XgAAAAAA","count":1},{"data":"BBm7kAAAAAAA","count":1}],"default_value":0},"fm_sketch":null,"stats_ver":2,"null_count":0,"tot_col_size":80,"last_update_version":464045737353936971,"correlation":0.1393939393939394}},"indices":{"idx_d0_13":{"histogram":{"ndv":10},"cm_sketch":{"top_n":[{"data":"AXMxNTAAAAAA+w==","count":1},{"data":"AXMzMzAAAAAA+w==","count":1},{"data":"AXM0MzUAAAAA+w==","count":1},{"data":"AXM0OTgAAAAA+w==","count":1},{"data":"AXM1NjcAAAAA+w==","count":1},{"data":"AXM2NzQAAAAA+w==","count":1},{"data":"AXM3MTUAAAAA+w==","count":1},{"data":"AXM4MgAAAAAA+g==","count":1},{"data":"AXM4MjkAAAAA+w==","count":1},{"data":"AXM5NDgAAAAA+w==","count":1}],"default_value":0},"fm_sketch":null,"stats_ver":2,"null_count":0,"tot_col_size":0,"last_update_version":464045737353936971,"correlation":0},"idx_d1_18":{"histogram":{"ndv":10},"cm_sketch":{"top_n":[{"data":"AXMxMDkAAAAA+w==","count":1},{"data":"AXMxOTYAAAAA+w==","count":1},{"data":"AXMzMzEAAAAA+w==","count":1},{"data":"AXMzNDkAAAAA+w==","count":1},{"data":"AXMzODYAAAAA+w==","count":1},{"data":"AXM0MAAAAAAA+g==","count":1},{"data":"AXM0MzEAAAAA+w==","count":1},{"data":"AXM1MDQAAAAA+w==","count":1},{"data":"AXM2OTIAAAAA+w==","count":1},{"data":"AXM4MTgAAAAA+w==","count":1}],"default_value":0},"fm_sketch":null,"stats_ver":2,"null_count":0,"tot_col_size":0,"last_update_version":464045737353936971,"correlation":0},"idx_id_20":{"histogram":{"ndv":10},"cm_sketch":{"top_n":[{"data":"A4AAAAAAAAAB","count":1},{"data":"A4AAAAAAAAAC","count":1},{"data":"A4AAAAAAAAAD","count":1},{"data":"A4AAAAAAAAAE","count":1},{"data":"A4AAAAAAAAAF","count":1},{"data":"A4AAAAAAAAAG","count":1},{"data":"A4AAAAAAAAAH","count":1},{"data":"A4AAAAAAAAAI","count":1},{"data":"A4AAAAAAAAAJ","count":1},{"data":"A4AAAAAAAAAK","count":1}],"default_value":0},"fm_sketch":null,"stats_ver":2,"null_count":0,"tot_col_size":0,"last_update_version":464045737353936971,"correlation":0},"idx_k0_28":{"histogram":{"ndv":10},"cm_sketch":{"top_n":[{"data":"BBmvRgAAAAAA","count":1},{"data":"BBmw7AAAAAAA","count":1},{"data":"BBmxKgAAAAAA","count":1},{"data":"BBmyhAAAAAAA","count":1},{"data":"BBm0HAAAAAAA","count":1},{"data":"BBm1lAAAAAAA","count":1},{"data":"BBm3mAAAAAAA","count":1},{"data":"BBm3sAAAAAAA","count":1},{"data":"BBm7XgAAAAAA","count":1},{"data":"BBm7kAAAAAAA","count":1}],"default_value":0},"fm_sketch":null,"stats_ver":2,"null_count":0,"tot_col_size":0,"last_update_version":464045737353936971,"correlation":0}},"partitions":null,"database_name":"shiro_fuzz","table_name":"t1","ext_stats":null,"predicate_columns":[{"last_used_at":"2026-02-04 08:32:19","last_analyzed_at":"2026-02-04 08:33:25","id":1},{"last_used_at":"2026-02-04 08:32:19","last_analyzed_at":"2026-02-04 08:33:25","id":2},{"last_used_at":"2026-02-04 08:32:19","last_analyzed_at":"2026-02-04 08:33:25","id":3},{"last_used_at":"2026-02-04 08:32:19","last_analyzed_at":"2026-02-04 08:33:25","id":4}],"count":10,"modify_count":0,"version":464045737353936971,"is_historical_stats":false}