{
 "database_name": "test",
 "table_name": "lo",
 "columns": {
  "a": {
   "histogram": {
    "ndv": 250,
    "buckets": [
     {
      "count": 1,
      "lower_bound": "MQ==",
      "upper_bound": "MQ==",
      "repeats": 1
     },
     {
      "count": 2,
      "lower_bound": "Mg==",
      "upper_bound": "Mg==",
      "repeats": 1
     },
     {
      "count": 3,
      "lower_bound": "Mw==",
      "upper_bound": "Mw==",
      "repeats": 1
     },
     {
      "count": 4,
      "lower_bound": "NA==",
      "upper_bound": "NA==",
      "repeats": 1
     },
     {
      "count": 5,
      "lower_bound": "NQ==",
      "upper_bound": "NQ==",
      "repeats": 1
     },
     {
      "count": 6,
      "lower_bound": "Ng==",
      "upper_bound": "Ng==",
      "repeats": 1
     },
     {
      "count": 7,
      "lower_bound": "Nw==",
      "upper_bound": "Nw==",
      "repeats": 1
     },
     {
      "count": 8,
      "lower_bound": "OA==",
      "upper_bound": "OA==",
      "repeats": 1
     },
     {
      "count": 9,
      "lower_bound": "OQ==",
      "upper_bound": "OQ==",
      "repeats": 1
     },
     {
      "count": 10,
      "lower_bound": "MTA=",
      "upper_bound": "MTA=",
      "repeats": 1
     },
     {
      "count": 11,
      "lower_bound": "MTE=",
      "upper_bound": "MTE=",
      "repeats": 1
     },
     {
      "count": 12,
      "lower_bound": "MTI=",
      "upper_bound": "MTI=",
      "repeats": 1
     },
     {
      "count": 13,
      "lower_bound": "MTM=",
      "upper_bound": "MTM=",
      "repeats": 1
     },
     {
      "count": 14,
      "lower_bound": "MTQ=",
      "upper_bound": "MTQ=",
      "repeats": 1
     },
     {
      "count": 15,
      "lower_bound": "MTU=",
      "upper_bound": "MTU=",
      "repeats": 1
     },
     {
      "count": 16,
      "lower_bound": "MTY=",
      "upper_bound": "MTY=",
      "repeats": 1
     },
     {
      "count": 17,
      "lower_bound": "MTc=",
      "upper_bound": "MTc=",
      "repeats": 1
     },
     {
      "count": 18,
      "lower_bound": "MTg=",
      "upper_bound": "MTg=",
      "repeats": 1
     },
     {
      "count": 19,
      "lower_bound": "MTk=",
      "upper_bound": "MTk=",
      "repeats": 1
     },
     {
      "count": 20,
      "lower_bound": "MjA=",
      "upper_bound": "MjA=",
      "repeats": 1
     },
     {
      "count": 21,
      "lower_bound": "MjE=",
      "upper_bound": "MjE=",
      "repeats": 1
     },
     {
      "count": 22,
      "lower_bound": "MjI=",
      "upper_bound": "MjI=",
      "repeats": 1
     },
     {
      "count": 23,
      "lower_bound": "MjM=",
      "upper_bound": "MjM=",
      "repeats": 1
     },
     {
      "count": 24,
      "lower_bound": "MjQ=",
      "upper_bound": "MjQ=",
      "repeats": 1
     },
     {
      "count": 25,
      "lower_bound": "MjU=",
      "upper_bound": "MjU=",
      "repeats": 1
     },
     {
      "count": 26,
      "lower_bound": "MjY=",
      "upper_bound": "MjY=",
      "repeats": 1
     },
     {
      "count": 27,
      "lower_bound": "Mjc=",
      "upper_bound": "Mjc=",
      "repeats": 1
     },
     {
      "count": 28,
      "lower_bound": "Mjg=",
      "upper_bound": "Mjg=",
      "repeats": 1
     },
     {
      "count": 29,
      "lower_bound": "Mjk=",
      "upper_bound": "Mjk=",
      "repeats": 1
     },
     {
      "count": 30,
      "lower_bound": "MzA=",
      "upper_bound": "MzA=",
      "repeats": 1
     },
     {
      "count": 31,
      "lower_bound": "MzE=",
      "upper_bound": "MzE=",
      "repeats": 1
     },
     {
      "count": 32,
      "lower_bound": "MzI=",
      "upper_bound": "MzI=",
      "repeats": 1
     },
     {
      "count": 33,
      "lower_bound": "MzM=",
      "upper_bound": "MzM=",
      "repeats": 1
     },
     {
      "count": 34,
      "lower_bound": "MzQ=",
      "upper_bound": "MzQ=",
      "repeats": 1
     },
     {
      "count": 35,
      "lower_bound": "MzU=",
      "upper_bound": "MzU=",
      "repeats": 1
     },
     {
      "count": 36,
      "lower_bound": "MzY=",
      "upper_bound": "MzY=",
      "repeats": 1
     },
     {
      "count": 37,
      "lower_bound": "Mzc=",
      "upper_bound": "Mzc=",
      "repeats": 1
     },
     {
      "count": 38,
      "lower_bound": "Mzg=",
      "upper_bound": "Mzg=",
      "repeats": 1
     },
     {
      "count": 39,
      "lower_bound": "Mzk=",
      "upper_bound": "Mzk=",
      "repeats": 1
     },
     {
      "count": 40,
      "lower_bound": "NDA=",
      "upper_bound": "NDA=",
      "repeats": 1
     },
     {
      "count": 41,
      "lower_bound": "NDE=",
      "upper_bound": "NDE=",
      "repeats": 1
     },
     {
      "count": 42,
      "lower_bound": "NDI=",
      "upper_bound": "NDI=",
      "repeats": 1
     },
     {
      "count": 43,
      "lower_bound": "NDM=",
      "upper_bound": "NDM=",
      "repeats": 1
     },
     {
      "count": 44,
      "lower_bound": "NDQ=",
      "upper_bound": "NDQ=",
      "repeats": 1
     },
     {
      "count": 45,
      "lower_bound": "NDU=",
      "upper_bound": "NDU=",
      "repeats": 1
     },
     {
      "count": 46,
      "lower_bound": "NDY=",
      "upper_bound": "NDY=",
      "repeats": 1
     },
     {
      "count": 47,
      "lower_bound": "NDc=",
      "upper_bound": "NDc=",
      "repeats": 1
     },
     {
      "count": 48,
      "lower_bound": "NDg=",
      "upper_bound": "NDg=",
      "repeats": 1
     },
     {
      "count": 49,
      "lower_bound": "NDk=",
      "upper_bound": "NDk=",
      "repeats": 1
     },
     {
      "count": 50,
      "lower_bound": "NTA=",
      "upper_bound": "NTA=",
      "repeats": 1
     },
     {
      "count": 51,
      "lower_bound": "NTE=",
      "upper_bound": "NTE=",
      "repeats": 1
     },
     {
      "count": 52,
      "lower_bound": "NTI=",
      "upper_bound": "NTI=",
      "repeats": 1
     },
     {
      "count": 53,
      "lower_bound": "NTM=",
      "upper_bound": "NTM=",
      "repeats": 1
     },
     {
      "count": 54,
      "lower_bound": "NTQ=",
      "upper_bound": "NTQ=",
      "repeats": 1
     },
     {
      "count": 55,
      "lower_bound": "NTU=",
      "upper_bound": "NTU=",
      "repeats": 1
     },
     {
      "count": 56,
      "lower_bound": "NTY=",
      "upper_bound": "NTY=",
      "repeats": 1
     },
     {
      "count": 57,
      "lower_bound": "NTc=",
      "upper_bound": "NTc=",
      "repeats": 1
     },
     {
      "count": 58,
      "lower_bound": "NTg=",
      "upper_bound": "NTg=",
      "repeats": 1
     },
     {
      "count": 59,
      "lower_bound": "NTk=",
      "upper_bound": "NTk=",
      "repeats": 1
     },
     {
      "count": 60,
      "lower_bound": "NjA=",
      "upper_bound": "NjA=",
      "repeats": 1
     },
     {
      "count": 61,
      "lower_bound": "NjE=",
      "upper_bound": "NjE=",
      "repeats": 1
     },
     {
      "count": 62,
      "lower_bound": "NjI=",
      "upper_bound": "NjI=",
      "repeats": 1
     },
     {
      "count": 63,
      "lower_bound": "NjM=",
      "upper_bound": "NjM=",
      "repeats": 1
     },
     {
      "count": 64,
      "lower_bound": "NjQ=",
      "upper_bound": "NjQ=",
      "repeats": 1
     },
     {
      "count": 65,
      "lower_bound": "NjU=",
      "upper_bound": "NjU=",
      "repeats": 1
     },
     {
      "count": 66,
      "lower_bound": "NjY=",
      "upper_bound": "NjY=",
      "repeats": 1
     },
     {
      "count": 67,
      "lower_bound": "Njc=",
      "upper_bound": "Njc=",
      "repeats": 1
     },
     {
      "count": 68,
      "lower_bound": "Njg=",
      "upper_bound": "Njg=",
      "repeats": 1
     },
     {
      "count": 69,
      "lower_bound": "Njk=",
      "upper_bound": "Njk=",
      "repeats": 1
     },
     {
      "count": 70,
      "lower_bound": "NzA=",
      "upper_bound": "NzA=",
      "repeats": 1
     },
     {
      "count": 71,
      "lower_bound": "NzE=",
      "upper_bound": "NzE=",
      "repeats": 1
     },
     {
      "count": 72,
      "lower_bound": "NzI=",
      "upper_bound": "NzI=",
      "repeats": 1
     },
     {
      "count": 73,
      "lower_bound": "NzM=",
      "upper_bound": "NzM=",
      "repeats": 1
     },
     {
      "count": 74,
      "lower_bound": "NzQ=",
      "upper_bound": "NzQ=",
      "repeats": 1
     },
     {
      "count": 75,
      "lower_bound": "NzU=",
      "upper_bound": "NzU=",
      "repeats": 1
     },
     {
      "count": 76,
      "lower_bound": "NzY=",
      "upper_bound": "NzY=",
      "repeats": 1
     },
     {
      "count": 77,
      "lower_bound": "Nzc=",
      "upper_bound": "Nzc=",
      "repeats": 1
     },
     {
      "count": 78,
      "lower_bound": "Nzg=",
      "upper_bound": "Nzg=",
      "repeats": 1
     },
     {
      "count": 79,
      "lower_bound": "Nzk=",
      "upper_bound": "Nzk=",
      "repeats": 1
     },
     {
      "count": 80,
      "lower_bound": "ODA=",
      "upper_bound": "ODA=",
      "repeats": 1
     },
     {
      "count": 81,
      "lower_bound": "ODE=",
      "upper_bound": "ODE=",
      "repeats": 1
     },
     {
      "count": 82,
      "lower_bound": "ODI=",
      "upper_bound": "ODI=",
      "repeats": 1
     },
     {
      "count": 83,
      "lower_bound": "ODM=",
      "upper_bound": "ODM=",
      "repeats": 1
     },
     {
      "count": 84,
      "lower_bound": "ODQ=",
      "upper_bound": "ODQ=",
      "repeats": 1
     },
     {
      "count": 85,
      "lower_bound": "ODU=",
      "upper_bound": "ODU=",
      "repeats": 1
     },
     {
      "count": 86,
      "lower_bound": "ODY=",
      "upper_bound": "ODY=",
      "repeats": 1
     },
     {
      "count": 87,
      "lower_bound": "ODc=",
      "upper_bound": "ODc=",
      "repeats": 1
     },
     {
      "count": 88,
      "lower_bound": "ODg=",
      "upper_bound": "ODg=",
      "repeats": 1
     },
     {
      "count": 89,
      "lower_bound": "ODk=",
      "upper_bound": "ODk=",
      "repeats": 1
     },
     {
      "count": 90,
      "lower_bound": "OTA=",
      "upper_bound": "OTA=",
      "repeats": 1
     },
     {
      "count": 91,
      "lower_bound": "OTE=",
      "upper_bound": "OTE=",
      "repeats": 1
     },
     {
      "count": 92,
      "lower_bound": "OTI=",
      "upper_bound": "OTI=",
      "repeats": 1
     },
     {
      "count": 93,
      "lower_bound": "OTM=",
      "upper_bound": "OTM=",
      "repeats": 1
     },
     {
      "count": 94,
      "lower_bound": "OTQ=",
      "upper_bound": "OTQ=",
      "repeats": 1
     },
     {
      "count": 95,
      "lower_bound": "OTU=",
      "upper_bound": "OTU=",
      "repeats": 1
     },
     {
      "count": 96,
      "lower_bound": "OTY=",
      "upper_bound": "OTY=",
      "repeats": 1
     },
     {
      "count": 97,
      "lower_bound": "OTc=",
      "upper_bound": "OTc=",
      "repeats": 1
     },
     {
      "count": 98,
      "lower_bound": "OTg=",
      "upper_bound": "OTg=",
      "repeats": 1
     },
     {
      "count": 99,
      "lower_bound": "OTk=",
      "upper_bound": "OTk=",
      "repeats": 1
     },
     {
      "count": 100,
      "lower_bound": "MTAw",
      "upper_bound": "MTAw",
      "repeats": 1
     },
     {
      "count": 101,
      "lower_bound": "MTAx",
      "upper_bound": "MTAx",
      "repeats": 1
     },
     {
      "count": 102,
      "lower_bound": "MTAy",
      "upper_bound": "MTAy",
      "repeats": 1
     },
     {
      "count": 103,
      "lower_bound": "MTAz",
      "upper_bound": "MTAz",
      "repeats": 1
     },
     {
      "count": 104,
      "lower_bound": "MTA0",
      "upper_bound": "MTA0",
      "repeats": 1
     },
     {
      "count": 105,
      "lower_bound": "MTA1",
      "upper_bound": "MTA1",
      "repeats": 1
     },
     {
      "count": 106,
      "lower_bound": "MTA2",
      "upper_bound": "MTA2",
      "repeats": 1
     },
     {
      "count": 107,
      "lower_bound": "MTA3",
      "upper_bound": "MTA3",
      "repeats": 1
     },
     {
      "count": 108,
      "lower_bound": "MTA4",
      "upper_bound": "MTA4",
      "repeats": 1
     },
     {
      "count": 109,
      "lower_bound": "MTA5",
      "upper_bound": "MTA5",
      "repeats": 1
     },
     {
      "count": 110,
      "lower_bound": "MTEw",
      "upper_bound": "MTEw",
      "repeats": 1
     },
     {
      "count": 111,
      "lower_bound": "MTEx",
      "upper_bound": "MTEx",
      "repeats": 1
     },
     {
      "count": 112,
      "lower_bound": "MTEy",
      "upper_bound": "MTEy",
      "repeats": 1
     },
     {
      "count": 113,
      "lower_bound": "MTEz",
      "upper_bound": "MTEz",
      "repeats": 1
     },
     {
      "count": 114,
      "lower_bound": "MTE0",
      "upper_bound": "MTE0",
      "repeats": 1
     },
     {
      "count": 115,
      "lower_bound": "MTE1",
      "upper_bound": "MTE1",
      "repeats": 1
     },
     {
      "count": 116,
      "lower_bound": "MTE2",
      "upper_bound": "MTE2",
      "repeats": 1
     },
     {
      "count": 117,
      "lower_bound": "MTE3",
      "upper_bound": "MTE3",
      "repeats": 1
     },
     {
      "count": 118,
      "lower_bound": "MTE4",
      "upper_bound": "MTE4",
      "repeats": 1
     },
     {
      "count": 119,
      "lower_bound": "MTE5",
      "upper_bound": "MTE5",
      "repeats": 1
     },
     {
      "count": 120,
      "lower_bound": "MTIw",
      "upper_bound": "MTIw",
      "repeats": 1
     },
     {
      "count": 121,
      "lower_bound": "MTIx",
      "upper_bound": "MTIx",
      "repeats": 1
     },
     {
      "count": 122,
      "lower_bound": "MTIy",
      "upper_bound": "MTIy",
      "repeats": 1
     },
     {
      "count": 123,
      "lower_bound": "MTIz",
      "upper_bound": "MTIz",
      "repeats": 1
     },
     {
      "count": 124,
      "lower_bound": "MTI0",
      "upper_bound": "MTI0",
      "repeats": 1
     },
     {
      "count": 125,
      "lower_bound": "MTI1",
      "upper_bound": "MTI1",
      "repeats": 1
     },
     {
      "count": 126,
      "lower_bound": "MTI2",
      "upper_bound": "MTI2",
      "repeats": 1
     },
     {
      "count": 127,
      "lower_bound": "MTI3",
      "upper_bound": "MTI3",
      "repeats": 1
     },
     {
      "count": 128,
      "lower_bound": "MTI4",
      "upper_bound": "MTI4",
      "repeats": 1
     },
     {
      "count": 129,
      "lower_bound": "MTI5",
      "upper_bound": "MTI5",
      "repeats": 1
     },
     {
      "count": 130,
      "lower_bound": "MTMw",
      "upper_bound": "MTMw",
      "repeats": 1
     },
     {
      "count": 131,
      "lower_bound": "MTMx",
      "upper_bound": "MTMx",
      "repeats": 1
     },
     {
      "count": 132,
      "lower_bound": "MTMy",
      "upper_bound": "MTMy",
      "repeats": 1
     },
     {
      "count": 133,
      "lower_bound": "MTMz",
      "upper_bound": "MTMz",
      "repeats": 1
     },
     {
      "count": 134,
      "lower_bound": "MTM0",
      "upper_bound": "MTM0",
      "repeats": 1
     },
     {
      "count": 135,
      "lower_bound": "MTM1",
      "upper_bound": "MTM1",
      "repeats": 1
     },
     {
      "count": 136,
      "lower_bound": "MTM2",
      "upper_bound": "MTM2",
      "repeats": 1
     },
     {
      "count": 137,
      "lower_bound": "MTM3",
      "upper_bound": "MTM3",
      "repeats": 1
     },
     {
      "count": 138,
      "lower_bound": "MTM4",
      "upper_bound": "MTM4",
      "repeats": 1
     },
     {
      "count": 139,
      "lower_bound": "MTM5",
      "upper_bound": "MTM5",
      "repeats": 1
     },
     {
      "count": 140,
      "lower_bound": "MTQw",
      "upper_bound": "MTQw",
      "repeats": 1
     },
     {
      "count": 141,
      "lower_bound": "MTQx",
      "upper_bound": "MTQx",
      "repeats": 1
     },
     {
      "count": 142,
      "lower_bound": "MTQy",
      "upper_bound": "MTQy",
      "repeats": 1
     },
     {
      "count": 143,
      "lower_bound": "MTQz",
      "upper_bound": "MTQz",
      "repeats": 1
     },
     {
      "count": 144,
      "lower_bound": "MTQ0",
      "upper_bound": "MTQ0",
      "repeats": 1
     },
     {
      "count": 145,
      "lower_bound": "MTQ1",
      "upper_bound": "MTQ1",
      "repeats": 1
     },
     {
      "count": 146,
      "lower_bound": "MTQ2",
      "upper_bound": "MTQ2",
      "repeats": 1
     },
     {
      "count": 147,
      "lower_bound": "MTQ3",
      "upper_bound": "MTQ3",
      "repeats": 1
     },
     {
      "count": 148,
      "lower_bound": "MTQ4",
      "upper_bound": "MTQ4",
      "repeats": 1
     },
     {
      "count": 149,
      "lower_bound": "MTQ5",
      "upper_bound": "MTQ5",
      "repeats": 1
     },
     {
      "count": 150,
      "lower_bound": "MTUw",
      "upper_bound": "MTUw",
      "repeats": 1
     },
     {
      "count": 151,
      "lower_bound": "MTUx",
      "upper_bound": "MTUx",
      "repeats": 1
     },
     {
      "count": 152,
      "lower_bound": "MTUy",
      "upper_bound": "MTUy",
      "repeats": 1
     },
     {
      "count": 153,
      "lower_bound": "MTUz",
      "upper_bound": "MTUz",
      "repeats": 1
     },
     {
      "count": 154,
      "lower_bound": "MTU0",
      "upper_bound": "MTU0",
      "repeats": 1
     },
     {
      "count": 155,
      "lower_bound": "MTU1",
      "upper_bound": "MTU1",
      "repeats": 1
     },
     {
      "count": 156,
      "lower_bound": "MTU2",
      "upper_bound": "MTU2",
      "repeats": 1
     },
     {
      "count": 157,
      "lower_bound": "MTU3",
      "upper_bound": "MTU3",
      "repeats": 1
     },
     {
      "count": 158,
      "lower_bound": "MTU4",
      "upper_bound": "MTU4",
      "repeats": 1
     },
     {
      "count": 159,
      "lower_bound": "MTU5",
      "upper_bound": "MTU5",
      "repeats": 1
     },
     {
      "count": 160,
      "lower_bound": "MTYw",
      "upper_bound": "MTYw",
      "repeats": 1
     },
     {
      "count": 161,
      "lower_bound": "MTYx",
      "upper_bound": "MTYx",
      "repeats": 1
     },
     {
      "count": 162,
      "lower_bound": "MTYy",
      "upper_bound": "MTYy",
      "repeats": 1
     },
     {
      "count": 163,
      "lower_bound": "MTYz",
      "upper_bound": "MTYz",
      "repeats": 1
     },
     {
      "count": 164,
      "lower_bound": "MTY0",
      "upper_bound": "MTY0",
      "repeats": 1
     },
     {
      "count": 165,
      "lower_bound": "MTY1",
      "upper_bound": "MTY1",
      "repeats": 1
     },
     {
      "count": 166,
      "lower_bound": "MTY2",
      "upper_bound": "MTY2",
      "repeats": 1
     },
     {
      "count": 167,
      "lower_bound": "MTY3",
      "upper_bound": "MTY3",
      "repeats": 1
     },
     {
      "count": 168,
      "lower_bound": "MTY4",
      "upper_bound": "MTY4",
      "repeats": 1
     },
     {
      "count": 169,
      "lower_bound": "MTY5",
      "upper_bound": "MTY5",
      "repeats": 1
     },
     {
      "count": 170,
      "lower_bound": "MTcw",
      "upper_bound": "MTcw",
      "repeats": 1
     },
     {
      "count": 171,
      "lower_bound": "MTcx",
      "upper_bound": "MTcx",
      "repeats": 1
     },
     {
      "count": 172,
      "lower_bound": "MTcy",
      "upper_bound": "MTcy",
      "repeats": 1
     },
     {
      "count": 173,
      "lower_bound": "MTcz",
      "upper_bound": "MTcz",
      "repeats": 1
     },
     {
      "count": 174,
      "lower_bound": "MTc0",
      "upper_bound": "MTc0",
      "repeats": 1
     },
     {
      "count": 175,
      "lower_bound": "MTc1",
      "upper_bound": "MTc1",
      "repeats": 1
     },
     {
      "count": 176,
      "lower_bound": "MTc2",
      "upper_bound": "MTc2",
      "repeats": 1
     },
     {
      "count": 177,
      "lower_bound": "MTc3",
      "upper_bound": "MTc3",
      "repeats": 1
     },
     {
      "count": 178,
      "lower_bound": "MTc4",
      "upper_bound": "MTc4",
      "repeats": 1
     },
     {
      "count": 179,
      "lower_bound": "MTc5",
      "upper_bound": "MTc5",
      "repeats": 1
     },
     {
      "count": 180,
      "lower_bound": "MTgw",
      "upper_bound": "MTgw",
      "repeats": 1
     },
     {
      "count": 181,
      "lower_bound": "MTgx",
      "upper_bound": "MTgx",
      "repeats": 1
     },
     {
      "count": 182,
      "lower_bound": "MTgy",
      "upper_bound": "MTgy",
      "repeats": 1
     },
     {
      "count": 183,
      "lower_bound": "MTgz",
      "upper_bound": "MTgz",
      "repeats": 1
     },
     {
      "count": 184,
      "lower_bound": "MTg0",
      "upper_bound": "MTg0",
      "repeats": 1
     },
     {
      "count": 185,
      "lower_bound": "MTg1",
      "upper_bound": "MTg1",
      "repeats": 1
     },
     {
      "count": 186,
      "lower_bound": "MTg2",
      "upper_bound": "MTg2",
      "repeats": 1
     },
     {
      "count": 187,
      "lower_bound": "MTg3",
      "upper_bound": "MTg3",
      "repeats": 1
     },
     {
      "count": 188,
      "lower_bound": "MTg4",
      "upper_bound": "MTg4",
      "repeats": 1
     },
     {
      "count": 189,
      "lower_bound": "MTg5",
      "upper_bound": "MTg5",
      "repeats": 1
     },
     {
      "count": 190,
      "lower_bound": "MTkw",
      "upper_bound": "MTkw",
      "repeats": 1
     },
     {
      "count": 191,
      "lower_bound": "MTkx",
      "upper_bound": "MTkx",
      "repeats": 1
     },
     {
      "count": 192,
      "lower_bound": "MTky",
      "upper_bound": "MTky",
      "repeats": 1
     },
     {
      "count": 193,
      "lower_bound": "MTkz",
      "upper_bound": "MTkz",
      "repeats": 1
     },
     {
      "count": 194,
      "lower_bound": "MTk0",
      "upper_bound": "MTk0",
      "repeats": 1
     },
     {
      "count": 195,
      "lower_bound": "MTk1",
      "upper_bound": "MTk1",
      "repeats": 1
     },
     {
      "count": 196,
      "lower_bound": "MTk2",
      "upper_bound": "MTk2",
      "repeats": 1
     },
     {
      "count": 197,
      "lower_bound": "MTk3",
      "upper_bound": "MTk3",
      "repeats": 1
     },
     {
      "count": 198,
      "lower_bound": "MTk4",
      "upper_bound": "MTk4",
      "repeats": 1
     },
     {
      "count": 199,
      "lower_bound": "MTk5",
      "upper_bound": "MTk5",
      "repeats": 1
     },
     {
      "count": 200,
      "lower_bound": "MjAw",
      "upper_bound": "MjAw",
      "repeats": 1
     },
     {
      "count": 201,
      "lower_bound": "MjAx",
      "upper_bound": "MjAx",
      "repeats": 1
     },
     {
      "count": 202,
      "lower_bound": "MjAy",
      "upper_bound": "MjAy",
      "repeats": 1
     },
     {
      "count": 203,
      "lower_bound": "MjAz",
      "upper_bound": "MjAz",
      "repeats": 1
     },
     {
      "count": 204,
      "lower_bound": "MjA0",
      "upper_bound": "MjA0",
      "repeats": 1
     },
     {
      "count": 205,
      "lower_bound": "MjA1",
      "upper_bound": "MjA1",
      "repeats": 1
     },
     {
      "count": 206,
      "lower_bound": "MjA2",
      "upper_bound": "MjA2",
      "repeats": 1
     },
     {
      "count": 207,
      "lower_bound": "MjA3",
      "upper_bound": "MjA3",
      "repeats": 1
     },
     {
      "count": 208,
      "lower_bound": "MjA4",
      "upper_bound": "MjA4",
      "repeats": 1
     },
     {
      "count": 209,
      "lower_bound": "MjA5",
      "upper_bound": "MjA5",
      "repeats": 1
     },
     {
      "count": 210,
      "lower_bound": "MjEw",
      "upper_bound": "MjEw",
      "repeats": 1
     },
     {
      "count": 211,
      "lower_bound": "MjEx",
      "upper_bound": "MjEx",
      "repeats": 1
     },
     {
      "count": 212,
      "lower_bound": "MjEy",
      "upper_bound": "MjEy",
      "repeats": 1
     },
     {
      "count": 213,
      "lower_bound": "MjEz",
      "upper_bound": "MjEz",
      "repeats": 1
     },
     {
      "count": 214,
      "lower_bound": "MjE0",
      "upper_bound": "MjE0",
      "repeats": 1
     },
     {
      "count": 215,
      "lower_bound": "MjE1",
      "upper_bound": "MjE1",
      "repeats": 1
     },
     {
      "count": 216,
      "lower_bound": "MjE2",
      "upper_bound": "MjE2",
      "repeats": 1
     },
     {
      "count": 217,
      "lower_bound": "MjE3",
      "upper_bound": "MjE3",
      "repeats": 1
     },
     {
      "count": 218,
      "lower_bound": "MjE4",
      "upper_bound": "MjE4",
      "repeats": 1
     },
     {
      "count": 219,
      "lower_bound": "MjE5",
      "upper_bound": "MjE5",
      "repeats": 1
     },
     {
      "count": 220,
      "lower_bound": "MjIw",
      "upper_bound": "MjIw",
      "repeats": 1
     },
     {
      "count": 221,
      "lower_bound": "MjIx",
      "upper_bound": "MjIx",
      "repeats": 1
     },
     {
      "count": 222,
      "lower_bound": "MjIy",
      "upper_bound": "MjIy",
      "repeats": 1
     },
     {
      "count": 223,
      "lower_bound": "MjIz",
      "upper_bound": "MjIz",
      "repeats": 1
     },
     {
      "count": 224,
      "lower_bound": "MjI0",
      "upper_bound": "MjI0",
      "repeats": 1
     },
     {
      "count": 225,
      "lower_bound": "MjI1",
      "upper_bound": "MjI1",
      "repeats": 1
     },
     {
      "count": 226,
      "lower_bound": "MjI2",
      "upper_bound": "MjI2",
      "repeats": 1
     },
     {
      "count": 227,
      "lower_bound": "MjI3",
      "upper_bound": "MjI3",
      "repeats": 1
     },
     {
      "count": 228,
      "lower_bound": "MjI4",
      "upper_bound": "MjI4",
      "repeats": 1
     },
     {
      "count": 229,
      "lower_bound": "MjI5",
      "upper_bound": "MjI5",
      "repeats": 1
     },
     {
      "count": 230,
      "lower_bound": "MjMw",
      "upper_bound": "MjMw",
      "repeats": 1
     },
     {
      "count": 231,
      "lower_bound": "MjMx",
      "upper_bound": "MjMx",
      "repeats": 1
     },
     {
      "count": 232,
      "lower_bound": "MjMy",
      "upper_bound": "MjMy",
      "repeats": 1
     },
     {
      "count": 233,
      "lower_bound": "MjMz",
      "upper_bound": "MjMz",
      "repeats": 1
     },
     {
      "count": 234,
      "lower_bound": "MjM0",
      "upper_bound": "MjM0",
      "repeats": 1
     },
     {
      "count": 235,
      "lower_bound": "MjM1",
      "upper_bound": "MjM1",
      "repeats": 1
     },
     {
      "count": 236,
      "lower_bound": "MjM2",
      "upper_bound": "MjM2",
      "repeats": 1
     },
     {
      "count": 237,
      "lower_bound": "MjM3",
      "upper_bound": "MjM3",
      "repeats": 1
     },
     {
      "count": 238,
      "lower_bound": "MjM4",
      "upper_bound": "MjM4",
      "repeats": 1
     },
     {
      "count": 239,
      "lower_bound": "MjM5",
      "upper_bound": "MjM5",
      "repeats": 1
     },
     {
      "count": 240,
      "lower_bound": "MjQw",
      "upper_bound": "MjQw",
      "repeats": 1
     },
     {
      "count": 241,
      "lower_bound": "MjQx",
      "upper_bound": "MjQx",
      "repeats": 1
     },
     {
      "count": 242,
      "lower_bound": "MjQy",
      "upper_bound": "MjQy",
      "repeats": 1
     },
     {
      "count": 243,
      "lower_bound": "MjQz",
      "upper_bound": "MjQz",
      "repeats": 1
     },
     {
      "count": 244,
      "lower_bound": "MjQ0",
      "upper_bound": "MjQ0",
      "repeats": 1
     },
     {
      "count": 245,
      "lower_bound": "MjQ1",
      "upper_bound": "MjQ1",
      "repeats": 1
     },
     {
      "count": 246,
      "lower_bound": "MjQ2",
      "upper_bound": "MjQ2",
      "repeats": 1
     },
     {
      "count": 247,
      "lower_bound": "MjQ3",
      "upper_bound": "MjQ3",
      "repeats": 1
     },
     {
      "count": 248,
      "lower_bound": "MjQ4",
      "upper_bound": "MjQ4",
      "repeats": 1
     },
     {
      "count": 249,
      "lower_bound": "MjQ5",
      "upper_bound": "MjQ5",
      "repeats": 1
     },
     {
      "count": 250,
      "lower_bound": "MjUw",
      "upper_bound": "MjUw",
      "repeats": 1
     }
    ]
   },
   "cm_sketch": null,
   "null_count": 0,
   "tot_col_size": 0,
   "last_update_version": 412596211834421248,
   "correlation": 0
  }
 },
 "indices": {},
 "count": 250,
 "modify_count": 0,
 "partitions": null
}
