{"database_name":"test","table_name":"tbl_008","columns":{"a":{"histogram":{"ndv":2000,"buckets":[{"count":8,"lower_bound":"LTIxNDQ4NDkxOTQ=","upper_bound":"LTIxMjY0NTc5ODU=","repeats":1},{"count":16,"lower_bound":"LTIxMjQ1MzI4Njk=","upper_bound":"LTIxMTI2NjUzODY=","repeats":1},{"count":24,"lower_bound":"LTIxMTI2MzY5NDE=","upper_bound":"LTIxMDU1OTU1NjI=","repeats":1},{"count":32,"lower_bound":"LTIxMDMzMDE2NTI=","upper_bound":"LTIwNzU3ODM0NjA=","repeats":1},{"count":40,"lower_bound":"LTIwNzA5NjI5MDY=","upper_bound":"LTIwNDgzMjg2NTA=","repeats":1},{"count":48,"lower_bound":"LTIwNDI5MzA2ODY=","upper_bound":"LTIwMzMzNzgzNzU=","repeats":1},{"count":56,"lower_bound":"LTIwMjY3OTEzNjE=","upper_bound":"LTIwMDk3OTkyMzI=","repeats":1},{"count":64,"lower_bound":"LTIwMDc4NjYxMzI=","upper_bound":"LTIwMDEwMTI1ODE=","repeats":1},{"count":72,"lower_bound":"LTE5OTI4OTU4MzE=","upper_bound":"LTE5NjQyODcyMjY=","repeats":1},{"count":80,"lower_bound":"LTE5NTc0NjI4MDk=","upper_bound":"LTE5NDQ3NjgyNTY=","repeats":1},{"count":88,"lower_bound":"LTE5NDIxNjgyMDg=","upper_bound":"LTE5MTAxODAyNzk=","repeats":1},{"count":96,"lower_bound":"LTE4OTcwNzc3Mjk=","upper_bound":"LTE4ODczOTA1NjM=","repeats":1},{"count":104,"lower_bound":"LTE4ODcwNDA1NDE=","upper_bound":"LTE4Nzc0NTcyNDM=","repeats":1},{"count":112,"lower_bound":"LTE4NzUzMDA0ODA=","upper_bound":"LTE4Njg2NTkxNTI=","repeats":1},{"count":120,"lower_bound":"LTE4NjgyNDU5NTM=","upper_bound":"LTE4NTczMzExODE=","repeats":1},{"count":128,"lower_bound":"LTE4NTU3NDQwNzY=","upper_bound":"LTE4MzQ4Nzc1MTc=","repeats":1},{"count":136,"lower_bound":"LTE4MjQ4Nzk0MjM=","upper_bound":"LTE3OTQ2MTgzODM=","repeats":1},{"count":144,"lower_bound":"LTE3OTM3MDUzMTE=","upper_bound":"LTE3Nzk4OTA3MjY=","repeats":1},{"count":152,"lower_bound":"LTE3NTkyNjI4NjQ=","upper_bound":"LTE3NDk4NjYzOTY=","repeats":1},{"count":160,"lower_bound":"LTE3NDg2MTU1OTk=","upper_bound":"LTE3NDE0NDU2NDE=","repeats":1},{"count":168,"lower_bound":"LTE3MzQxMzc2MTM=","upper_bound":"LTE3MTg5MzM1OTY=","repeats":1},{"count":176,"lower_bound":"LTE3MTc3NjEzNTM=","upper_bound":"LTE2OTUyODIwNDg=","repeats":1},{"count":184,"lower_bound":"LTE2OTQxNjM2MDY=","upper_bound":"LTE2NzY2OTE4MzQ=","repeats":1},{"count":192,"lower_bound":"LTE2NzIyMzUwNzU=","upper_bound":"LTE2NjM3ODU3MzA=","repeats":1},{"count":200,"lower_bound":"LTE2NTI3MjczMjU=","upper_bound":"LTE2NDQ5NzY2NDg=","repeats":1},{"count":208,"lower_bound":"LTE2NDM5NjczNzA=","upper_bound":"LTE2MjY1OTAyNjY=","repeats":1},{"count":216,"lower_bound":"LTE2MjUzNTE3MDQ=","upper_bound":"LTE1OTM5OTUzMTQ=","repeats":1},{"count":224,"lower_bound":"LTE1ODkwMzIzOTQ=","upper_bound":"LTE1ODI5NDMxMDM=","repeats":1},{"count":232,"lower_bound":"LTE1NzEzNDA4MDk=","upper_bound":"LTE1NDQxMzMyODQ=","repeats":1},{"count":240,"lower_bound":"LTE1NDM1MzU1ODE=","upper_bound":"LTE1MzM4NzI1NTk=","repeats":1},{"count":248,"lower_bound":"LTE1MzI1Mjg4MjQ=","upper_bound":"LTE1MjM2MTM0MTM=","repeats":1},{"count":256,"lower_bound":"LTE1MjE5NDI4Mjk=","upper_bound":"LTE1MDU2NjI5NTE=","repeats":1},{"count":264,"lower_bound":"LTE1MDAyNDM4NDk=","upper_bound":"LTE0NzQ2NTk5NjQ=","repeats":1},{"count":272,"lower_bound":"LTE0NzM5Mzc0ODU=","upper_bound":"LTE0NjQ3Njg2NTQ=","repeats":1},{"count":280,"lower_bound":"LTE0NTM4ODY1NjA=","upper_bound":"LTE0MzQ5NTkyNjE=","repeats":1},{"count":288,"lower_bound":"LTE0MzMzMjE1NjM=","upper_bound":"LTE0MTM3NTQ0NDU=","repeats":1},{"count":296,"lower_bound":"LTE0MTA1NjMyMjI=","upper_bound":"LTE0MDA0NzAwNzI=","repeats":1},{"count":304,"lower_bound":"LTEzOTkyODc5NDg=","upper_bound":"LTEzOTQzMjAwNDI=","repeats":1},{"count":312,"lower_bound":"LTEzOTM4MTA2NjQ=","upper_bound":"LTEzNzkzMDEyMDI=","repeats":1},{"count":320,"lower_bound":"LTEzNzQ4MTE2OTI=","upper_bound":"LTEzNjc2MTkzODg=","repeats":1},{"count":328,"lower_bound":"LTEzNjUxOTk4NDc=","upper_bound":"LTEzNTk5MDc2ODE=","repeats":1},{"count":336,"lower_bound":"LTEzNTk3MjMwNjI=","upper_bound":"LTEzNTU0MTM3NTM=","repeats":1},{"count":344,"lower_bound":"LTEzNTE4Mzg2MzY=","upper_bound":"LTEzMzg5MTU3OTk=","repeats":1},{"count":352,"lower_bound":"LTEzMzY3OTgyMTc=","upper_bound":"LTEzMDc1OTk2MTM=","repeats":1},{"count":360,"lower_bound":"LTEzMDY1OTg4MzM=","upper_bound":"LTEyODc5MjU5NTk=","repeats":1},{"count":368,"lower_bound":"LTEyODAwNjkwNjc=","upper_bound":"LTEyNzU2NjI2NjE=","repeats":1},{"count":376,"lower_bound":"LTEyNzQzNDA0NDQ=","upper_bound":"LTEyNjU3MTI0MTg=","repeats":1},{"count":384,"lower_bound":"LTEyNjIxNDIxMDI=","upper_bound":"LTEyMzU2NjAxMTQ=","repeats":1},{"count":392,"lower_bound":"LTEyMTA0Mjc1MTY=","upper_bound":"LTEyMDkzODk4MTM=","repeats":1},{"count":400,"lower_bound":"LTEyMDQ4OTQxNDc=","upper_bound":"LTExOTc4NjU3MzY=","repeats":1},{"count":408,"lower_bound":"LTExOTQ1NTU3NzE=","upper_bound":"LTExOTA0NjU0MzM=","repeats":1},{"count":416,"lower_bound":"LTExODYxNTAwNjI=","upper_bound":"LTExODQyMTUxNTk=","repeats":1},{"count":424,"lower_bound":"LTExNzQ0ODAwNjg=","upper_bound":"LTExNTgyMTgzNzA=","repeats":1},{"count":432,"lower_bound":"LTExNTYwMTk2NDQ=","upper_bound":"LTExMzcwMjU5NjI=","repeats":1},{"count":440,"lower_bound":"LTExMjI1NTEzMDc=","upper_bound":"LTEwOTY1ODI4ODc=","repeats":1},{"count":448,"lower_bound":"LTEwOTMzNDg0MDA=","upper_bound":"LTEwODMxMDYyNjI=","repeats":1},{"count":456,"lower_bound":"LTEwNzc3OTUxMDU=","upper_bound":"LTEwNjgwNzAwNTM=","repeats":1},{"count":464,"lower_bound":"LTEwNTg4NTg1NzA=","upper_bound":"LTEwNDQ0NTM3Mzg=","repeats":1},{"count":472,"lower_bound":"LTEwNDI3MDg0Mzk=","upper_bound":"LTEwMzMyNDYwOTc=","repeats":1},{"count":480,"lower_bound":"LTEwMjY3MzQ1NTM=","upper_bound":"LTEwMTk4Mjg1MDI=","repeats":1},{"count":488,"lower_bound":"LTEwMTk1MTIyMjQ=","upper_bound":"LTEwMDI3MDM0Njk=","repeats":1},{"count":496,"lower_bound":"LTk5Nzg4NzcwNQ==","upper_bound":"LTk4ODIzMzQzNg==","repeats":1},{"count":504,"lower_bound":"LTk4NzM0OTc2NA==","upper_bound":"LTk3NjQ4NTUyNQ==","repeats":1},{"count":512,"lower_bound":"LTk3MzA0MDU1Ng==","upper_bound":"LTk2NzIwNTQyOQ==","repeats":1},{"count":520,"lower_bound":"LTk2Njk2NjIxNw==","upper_bound":"LTk2MDEzMzA1OQ==","repeats":1},{"count":528,"lower_bound":"LTk0ODEwNjM1MA==","upper_bound":"LTkzODU3NzM0Nw==","repeats":1},{"count":536,"lower_bound":"LTkzNzA5MTQyOQ==","upper_bound":"LTkyNjA3MjM5OA==","repeats":1},{"count":544,"lower_bound":"LTkyNTQzODU5OA==","upper_bound":"LTkxOTQwNzI2NA==","repeats":1},{"count":552,"lower_bound":"LTkwMzA2NDM2OQ==","upper_bound":"LTg4OTQ0MzQ1Mw==","repeats":1},{"count":560,"lower_bound":"LTg4NzMwNzQ1NQ==","upper_bound":"LTg3NDg5MTU3NQ==","repeats":1},{"count":568,"lower_bound":"LTg3NDE1ODIzMA==","upper_bound":"LTg3MDAzMzk0Ng==","repeats":1},{"count":576,"lower_bound":"LTg2ODYwMzkwNA==","upper_bound":"LTg2MjAyOTk5MQ==","repeats":1},{"count":584,"lower_bound":"LTg0NjY1MDY3MA==","upper_bound":"LTgyNTc0MzcxNQ==","repeats":1},{"count":592,"lower_bound":"LTgyNDA5Nzg5OA==","upper_bound":"LTgxNTYyNTczOA==","repeats":1},{"count":600,"lower_bound":"LTgwODU0OTA4NQ==","upper_bound":"LTc5NDA1NDk2NQ==","repeats":1},{"count":608,"lower_bound":"LTc4MzcyNTM4MQ==","upper_bound":"LTc3NzA1MTE2Ng==","repeats":1},{"count":616,"lower_bound":"LTc3Mzg5MTE2NQ==","upper_bound":"LTc1NjMwNTc3Mw==","repeats":1},{"count":624,"lower_bound":"LTc0NzQwOTMwNw==","upper_bound":"LTc0Mzg0NDcwMQ==","repeats":1},{"count":632,"lower_bound":"LTczNjk3NDAwMQ==","upper_bound":"LTcxNDgwOTUwNw==","repeats":1},{"count":640,"lower_bound":"LTcxMTMzNzg3OA==","upper_bound":"LTY5OTU2NjE4Ng==","repeats":1},{"count":648,"lower_bound":"LTY4OTQ3NTEwNA==","upper_bound":"LTY4NTgyMDIwOQ==","repeats":1},{"count":656,"lower_bound":"LTY4NDI4OTkzNw==","upper_bound":"LTY3MzEwMjg0OQ==","repeats":1},{"count":664,"lower_bound":"LTY3MjM0NDA5Nw==","upper_bound":"LTY2MzE2ODg5Ng==","repeats":1},{"count":672,"lower_bound":"LTY2MDc1MTI5MQ==","upper_bound":"LTY0NDU4ODc4NQ==","repeats":1},{"count":680,"lower_bound":"LTY0MTAzMDA5NA==","upper_bound":"LTYzMDQzMjM3Mg==","repeats":1},{"count":688,"lower_bound":"LTYyOTM4NDk3NQ==","upper_bound":"LTYyMjMwNTc1MQ==","repeats":1},{"count":696,"lower_bound":"LTYyMDEyNzQ4NA==","upper_bound":"LTYxMDU5MjU4Nw==","repeats":1},{"count":704,"lower_bound":"LTYxMDM2MTY5MA==","upper_bound":"LTU4MzM5MjgwMA==","repeats":1},{"count":712,"lower_bound":"LTU3ODA5NjQ4Mg==","upper_bound":"LTU2NTIxODMxMA==","repeats":1},{"count":720,"lower_bound":"LTU2MzY0MzI5MQ==","upper_bound":"LTU1NzYzNDY1MQ==","repeats":1},{"count":728,"lower_bound":"LTU1NzQ3MTAyMA==","upper_bound":"LTU0NzMyODA2MQ==","repeats":1},{"count":736,"lower_bound":"LTU0NTEzODkxNQ==","upper_bound":"LTUzODY2NTUyMA==","repeats":1},{"count":744,"lower_bound":"LTUyNzYzMjYwNw==","upper_bound":"LTUyMjk3MDMwNA==","repeats":1},{"count":752,"lower_bound":"LTUyMjYxNjUyNQ==","upper_bound":"LTUxMDM1MTA0Ng==","repeats":1},{"count":760,"lower_bound":"LTUwOTkwMTU1MA==","upper_bound":"LTUwNDUyMjY0OQ==","repeats":1},{"count":768,"lower_bound":"LTUwMDM0NTg1OQ==","upper_bound":"LTQ2OTM2NTI0Mw==","repeats":1},{"count":776,"lower_bound":"LTQ2OTA1NDk5OA==","upper_bound":"LTQ2MTcwNzYwMA==","repeats":1},{"count":784,"lower_bound":"LTQ2MDg4NTU2MQ==","upper_bound":"LTQ1MjkwNTAwNA==","repeats":1},{"count":792,"lower_bound":"LTQ1MjcxOTQyMQ==","upper_bound":"LTQ0OTYwODMxMQ==","repeats":1},{"count":800,"lower_bound":"LTQzMzA2MzU5OQ==","upper_bound":"LTQyNTkwNTE4Nw==","repeats":1},{"count":808,"lower_bound":"LTQyNTU5MTAyMQ==","upper_bound":"LTM5MDczMTU1Nw==","repeats":1},{"count":816,"lower_bound":"LTM4OTc4ODU5MA==","upper_bound":"LTM4MDY0MTM3OA==","repeats":1},{"count":824,"lower_bound":"LTM3NTI2NjYyNA==","upper_bound":"LTM2OTc3ODA5MQ==","repeats":1},{"count":832,"lower_bound":"LTM2ODM4MzU5OQ==","upper_bound":"LTM1NjYzNzU0Mg==","repeats":1},{"count":840,"lower_bound":"LTM1NjQzOTYzOQ==","upper_bound":"LTMzMDE3Nzk2NQ==","repeats":1},{"count":848,"lower_bound":"LTMxODgzMzMyMQ==","upper_bound":"LTMwNjY3NTExMQ==","repeats":1},{"count":856,"lower_bound":"LTMwNTc3NzI2NQ==","upper_bound":"LTI4OTkwMDg1NQ==","repeats":1},{"count":864,"lower_bound":"LTI4Nzk0ODgxMg==","upper_bound":"LTI3MzM2OTgyMg==","repeats":1},{"count":872,"lower_bound":"LTI3MjgwNjA5Nw==","upper_bound":"LTIzODk1MjA0Mg==","repeats":1},{"count":880,"lower_bound":"LTIzNTYyOTg5NA==","upper_bound":"LTIzMjUwODU3NA==","repeats":1},{"count":888,"lower_bound":"LTIzMDExNzk1Nw==","upper_bound":"LTIxOTYyMTc5MQ==","repeats":1},{"count":896,"lower_bound":"LTIxODQxNTA2Ng==","upper_bound":"LTE5OTc4MTU2MA==","repeats":1},{"count":904,"lower_bound":"LTE5NDUzNDQxOA==","upper_bound":"LTE3NTk1OTEyNA==","repeats":1},{"count":912,"lower_bound":"LTE3MjU2NDc5Ng==","upper_bound":"LTE1NDA1MzQzOQ==","repeats":1},{"count":920,"lower_bound":"LTE1MjA5ODQ5Mw==","upper_bound":"LTEzNjM2NjY2Mg==","repeats":1},{"count":928,"lower_bound":"LTEzNTg4NzExNA==","upper_bound":"LTExODkwNzI3Nw==","repeats":1},{"count":936,"lower_bound":"LTExNDU0MDI2MA==","upper_bound":"LTEwNTUwNDAwOA==","repeats":1},{"count":944,"lower_bound":"LTEwMzg2MTQ5Mg==","upper_bound":"LTk0Mzk1MTIw","repeats":1},{"count":952,"lower_bound":"LTkyNDQxMjg3","upper_bound":"LTc3NjkzODA4","repeats":1},{"count":960,"lower_bound":"LTc3MTkxNDY0","upper_bound":"LTYxNzgwNDU5","repeats":1},{"count":968,"lower_bound":"LTYxMTU2NTg1","upper_bound":"LTU3NDA4OTI2","repeats":1},{"count":976,"lower_bound":"LTUwNjIyNzQx","upper_bound":"LTQyMDc1Mzcz","repeats":1},{"count":984,"lower_bound":"LTM2OTY1NjAz","upper_bound":"LTI5MjE4MDY1","repeats":1},{"count":992,"lower_bound":"LTI4MDQxMzIw","upper_bound":"LTEzOTU0ODcw","repeats":1},{"count":1000,"lower_bound":"LTEzNjUzNTg2","upper_bound":"MTAxMDk2NDM=","repeats":1},{"count":1008,"lower_bound":"MTM1MzI2MDU=","upper_bound":"MjI5MDA3MTM=","repeats":1},{"count":1016,"lower_bound":"MjI5NTQyNDA=","upper_bound":"MzMyMDU5NDM=","repeats":1},{"count":1024,"lower_bound":"MzQ2NzMxMDk=","upper_bound":"NDI0Mjg5NTE=","repeats":1},{"count":1032,"lower_bound":"NDQxODM5MzQ=","upper_bound":"NTIyNjM3ODM=","repeats":1},{"count":1040,"lower_bound":"NTkwODk0NzI=","upper_bound":"OTI3MjM2OTI=","repeats":1},{"count":1048,"lower_bound":"OTYxOTg1NzE=","upper_bound":"MTAzOTUzNDQ3","repeats":1},{"count":1056,"lower_bound":"MTA5MDQ1MDY0","upper_bound":"MTI0Mzk1NzY4","repeats":1},{"count":1064,"lower_bound":"MTMyMTgzMzg0","upper_bound":"MTQ0ODEyMTY0","repeats":1},{"count":1072,"lower_bound":"MTUwNTM0NTA4","upper_bound":"MTY5ODQ4OTc1","repeats":1},{"count":1080,"lower_bound":"MTgzOTU5ODIw","upper_bound":"MTkxNTM4MDk0","repeats":1},{"count":1088,"lower_bound":"MTk1NDQ4NzUx","upper_bound":"MTk5Nzc0NzAz","repeats":1},{"count":1096,"lower_bound":"MjA4NDE4NzIy","upper_bound":"MjE1NjQwODQw","repeats":1},{"count":1104,"lower_bound":"MjE4NjIwNDc3","upper_bound":"MjQxODUwNTYx","repeats":1},{"count":1112,"lower_bound":"MjQ1MTQ3NjA5","upper_bound":"MjU5ODAwNDcy","repeats":1},{"count":1120,"lower_bound":"MjcwNDY1MjM5","upper_bound":"MzAyMTMyNzM1","repeats":1},{"count":1128,"lower_bound":"MzExNDU4NTgz","upper_bound":"MzE2OTQ2Nzc2","repeats":1},{"count":1136,"lower_bound":"MzE4Mjg1ODc0","upper_bound":"MzI1Nzk2MDAw","repeats":1},{"count":1144,"lower_bound":"MzI3ODY1NjMx","upper_bound":"MzM1OTY0Nzc4","repeats":1},{"count":1152,"lower_bound":"MzQ1OTM3MDk3","upper_bound":"MzYxOTUwMjQw","repeats":1},{"count":1160,"lower_bound":"MzYyMDkzMDc3","upper_bound":"Mzc4NzU3MjEy","repeats":1},{"count":1168,"lower_bound":"Mzg4NjA4MDU3","upper_bound":"Mzk3MDAwNzg0","repeats":1},{"count":1176,"lower_bound":"NDAzODM0OTI3","upper_bound":"NDIzMTA2MjM1","repeats":1},{"count":1184,"lower_bound":"NDI2MTI0NzA5","upper_bound":"NDI4OTkyOTkw","repeats":1},{"count":1192,"lower_bound":"NDM0MDIyMTc0","upper_bound":"NDQxOTU3MTM0","repeats":1},{"count":1200,"lower_bound":"NDQyNzE2NzQw","upper_bound":"NDU4NTk3ODk1","repeats":1},{"count":1208,"lower_bound":"NDYzMjM0MDQz","upper_bound":"NDcwNzcyNDEw","repeats":1},{"count":1216,"lower_bound":"NDczMjc1NTM2","upper_bound":"NDg2NTQ5MzY3","repeats":1},{"count":1224,"lower_bound":"NDk4NDUyNzEx","upper_bound":"NTA4MjU5MTcy","repeats":1},{"count":1232,"lower_bound":"NTA4NTc2NTc0","upper_bound":"NTIzNzMxMDUx","repeats":1},{"count":1240,"lower_bound":"NTI0NzgzMTgy","upper_bound":"NTMzMTE2ODEy","repeats":1},{"count":1248,"lower_bound":"NTM1MTExNTY4","upper_bound":"NTQ3MTcxNTg3","repeats":1},{"count":1256,"lower_bound":"NTUwMjQ5MjM1","upper_bound":"NTY4NzQ1Mzc2","repeats":1},{"count":1264,"lower_bound":"NTcxMjQ5ODEy","upper_bound":"NTc2MDMxODYy","repeats":1},{"count":1272,"lower_bound":"NTgxMTEwNTAy","upper_bound":"NTg1OTcxMTY4","repeats":1},{"count":1280,"lower_bound":"NTg4NjEyMjg0","upper_bound":"NTk4ODE3NDI1","repeats":1},{"count":1288,"lower_bound":"NjAyOTkxMzEx","upper_bound":"NjIwMTIwNzcx","repeats":1},{"count":1296,"lower_bound":"NjI3NTE3NTE3","upper_bound":"NjM1ODI2MDEz","repeats":1},{"count":1304,"lower_bound":"NjM2MDQ2ODY1","upper_bound":"NjQwNDAzMDk5","repeats":1},{"count":1312,"lower_bound":"NjQxNjgzNzU2","upper_bound":"NjUzNzcyNDAx","repeats":1},{"count":1320,"lower_bound":"NjYwNDgyNzQ1","upper_bound":"NjgxNTU5MzU4","repeats":1},{"count":1328,"lower_bound":"Njg3OTE5NTk3","upper_bound":"NzAwMjk5MDk2","repeats":1},{"count":1336,"lower_bound":"NzAwODIwMTQ3","upper_bound":"NzI1NzcxNzgz","repeats":1},{"count":1344,"lower_bound":"NzMxNTk2MTI2","upper_bound":"NzQwMzExMjIz","repeats":1},{"count":1352,"lower_bound":"NzQwNTAxMzMw","upper_bound":"NzY4NjkxNDM2","repeats":1},{"count":1360,"lower_bound":"NzczMTAyMTIy","upper_bound":"Nzc3ODAxNzAw","repeats":1},{"count":1368,"lower_bound":"NzgwNjk0ODAy","upper_bound":"Nzg5MTMwMjA5","repeats":1},{"count":1376,"lower_bound":"ODAwMTY5MTg3","upper_bound":"ODEwODQyMzIx","repeats":1},{"count":1384,"lower_bound":"ODE5NTA3NjA1","upper_bound":"ODM4MjU0ODM0","repeats":1},{"count":1392,"lower_bound":"ODM4MjU1OTUw","upper_bound":"ODQyMDk4NDc3","repeats":1},{"count":1400,"lower_bound":"ODQzMDUxMTAz","upper_bound":"ODUwMzg1MDMz","repeats":1},{"count":1408,"lower_bound":"ODU3MDIwNDE0","upper_bound":"ODYwMDI3NjU2","repeats":1},{"count":1416,"lower_bound":"ODY2NDczNDY4","upper_bound":"ODc4OTc3MTE0","repeats":1},{"count":1424,"lower_bound":"ODg4NDY3MDE0","upper_bound":"ODk0MDc1MTUw","repeats":1},{"count":1432,"lower_bound":"OTEyMTY3MjE1","upper_bound":"OTI2MDg3Mjg5","repeats":1},{"count":1440,"lower_bound":"OTMwNDUxOTUz","upper_bound":"OTU3NDYwMTQz","repeats":1},{"count":1448,"lower_bound":"OTcxMDkwODc5","upper_bound":"OTc3OTgwNTYw","repeats":1},{"count":1456,"lower_bound":"OTc4Mzk0NjM5","upper_bound":"OTk5ODA1MDIw","repeats":1},{"count":1464,"lower_bound":"MTAwNTAwOTg5Ng==","upper_bound":"MTAxMzk5MjE3Nw==","repeats":1},{"count":1472,"lower_bound":"MTAyNzI2MDAzMw==","upper_bound":"MTAzMjkyNjI1OA==","repeats":1},{"count":1480,"lower_bound":"MTAzNzcyMjM4NA==","upper_bound":"MTA1MjY4MzMzMg==","repeats":1},{"count":1488,"lower_bound":"MTA1Mjk0MjI3OQ==","upper_bound":"MTA2ODI2NDMxNg==","repeats":1},{"count":1496,"lower_bound":"MTA2OTQ2Njg3OA==","upper_bound":"MTA3MzI5MTEzOQ==","repeats":1},{"count":1504,"lower_bound":"MTA3NTk0NTc4NQ==","upper_bound":"MTA4NjA0MTcwNw==","repeats":1},{"count":1512,"lower_bound":"MTA5MDA0MzY4MA==","upper_bound":"MTEyNDEyMTAxMw==","repeats":1},{"count":1520,"lower_bound":"MTEyNzI1Nzc3OA==","upper_bound":"MTE0MTAwOTUzMA==","repeats":1},{"count":1528,"lower_bound":"MTE0NDUzMjI1Nw==","upper_bound":"MTE2MDAwMzAyOA==","repeats":1},{"count":1536,"lower_bound":"MTE2MjIzMTQ4MQ==","upper_bound":"MTE2NzMwODY4MA==","repeats":1},{"count":1544,"lower_bound":"MTE4MDQzNjQ0Nw==","upper_bound":"MTE4NTk5MjI0OA==","repeats":1},{"count":1552,"lower_bound":"MTE4NzExMDg4Mg==","upper_bound":"MTE5Nzc1MzE0Ng==","repeats":1},{"count":1560,"lower_bound":"MTIwMDExNzMyNw==","upper_bound":"MTIxMjI5MzQzNA==","repeats":1},{"count":1568,"lower_bound":"MTIyNjE4NTg4MA==","upper_bound":"MTIzNzI2MDc5MA==","repeats":1},{"count":1576,"lower_bound":"MTIzOTc2OTU1MQ==","upper_bound":"MTI0NTAyNDU5OQ==","repeats":1},{"count":1584,"lower_bound":"MTI1MTAyOTc2OQ==","upper_bound":"MTI1ODcyNDQ3MQ==","repeats":1},{"count":1592,"lower_bound":"MTI2MTcwODM4Ng==","upper_bound":"MTI3MTY0MDcxMw==","repeats":1},{"count":1600,"lower_bound":"MTI3MjYwOTAyMg==","upper_bound":"MTI3NjQ1NjU5Ng==","repeats":1},{"count":1608,"lower_bound":"MTI4NjEyNTE1Ng==","upper_bound":"MTMwNjgyOTc0NQ==","repeats":1},{"count":1616,"lower_bound":"MTMxMDIzNzQ5OA==","upper_bound":"MTMyNjMwOTU2MA==","repeats":1},{"count":1624,"lower_bound":"MTMyNzc5Nzc4Mw==","upper_bound":"MTM0NzQ0OTY3Nw==","repeats":1},{"count":1632,"lower_bound":"MTM1MjQ5MzU2MA==","upper_bound":"MTM3MDQ1MDU5Ng==","repeats":1},{"count":1640,"lower_bound":"MTM3NzYwNzgyNg==","upper_bound":"MTM4MjI4NTExNg==","repeats":1},{"count":1648,"lower_bound":"MTM5MTQ0MDc5NA==","upper_bound":"MTQxMjk2NDg2OA==","repeats":1},{"count":1656,"lower_bound":"MTQxNjg2MDAwMQ==","upper_bound":"MTQxOTE1NDMyMA==","repeats":1},{"count":1664,"lower_bound":"MTQyNTg5MDY2Nw==","upper_bound":"MTQzMjQ4OTQ1OQ==","repeats":1},{"count":1672,"lower_bound":"MTQzNjU5NTI0NQ==","upper_bound":"MTQ1MTEwNTI1Mw==","repeats":1},{"count":1680,"lower_bound":"MTQ1MTk2MDk3Ng==","upper_bound":"MTQ2MDU5NzgwMA==","repeats":1},{"count":1688,"lower_bound":"MTQ2OTY1MjE5NQ==","upper_bound":"MTQ4MzY2MTQ5NA==","repeats":1},{"count":1696,"lower_bound":"MTQ4NTQ5NTU0Nw==","upper_bound":"MTUwNDE0NDM1NQ==","repeats":1},{"count":1704,"lower_bound":"MTUzMDc4MTYxOA==","upper_bound":"MTU0OTMyODc4Mw==","repeats":1},{"count":1712,"lower_bound":"MTU1MjcwMjE2OQ==","upper_bound":"MTU2MTc2MzcyMQ==","repeats":1},{"count":1720,"lower_bound":"MTU2MjQ5NjY3Nw==","upper_bound":"MTU3MjM2NjY1NQ==","repeats":1},{"count":1728,"lower_bound":"MTU3Njg3ODI3OA==","upper_bound":"MTU4NzAzNTE0OQ==","repeats":1},{"count":1736,"lower_bound":"MTU4NzY3NDM0Mw==","upper_bound":"MTU5NDIyNDQ5OA==","repeats":1},{"count":1744,"lower_bound":"MTYwMDg2NTIyNg==","upper_bound":"MTYxMDk3NTE2Ng==","repeats":1},{"count":1752,"lower_bound":"MTYyNjE3NTM2MA==","upper_bound":"MTY0NjUxNzkzNw==","repeats":1},{"count":1760,"lower_bound":"MTY0NzczNDE5Mg==","upper_bound":"MTY1NTc0Nzc3NA==","repeats":1},{"count":1768,"lower_bound":"MTY1NjI5Mzg0NA==","upper_bound":"MTY3MzY3NTU2NA==","repeats":1},{"count":1776,"lower_bound":"MTY3NzAwMDM4NA==","upper_bound":"MTY5MTg4MTQ1NA==","repeats":1},{"count":1784,"lower_bound":"MTY5NDA4NjQ4MA==","upper_bound":"MTcxMTM0MDk0NQ==","repeats":1},{"count":1792,"lower_bound":"MTcxMzkyNjc0NA==","upper_bound":"MTcyNjg2ODY4Nw==","repeats":1},{"count":1800,"lower_bound":"MTczMDQ4MTI5NQ==","upper_bound":"MTc0MzYwNjY3Mg==","repeats":1},{"count":1808,"lower_bound":"MTc0NzkyMjk1NA==","upper_bound":"MTc1NjAyMDY2OA==","repeats":1},{"count":1816,"lower_bound":"MTc2Nzc1NDQ0Mw==","upper_bound":"MTc3NjE1MTA1Mw==","repeats":1},{"count":1824,"lower_bound":"MTc3OTM0MzE4MA==","upper_bound":"MTc4OTg4NTA3Nw==","repeats":1},{"count":1832,"lower_bound":"MTc5Mjk4ODYwMg==","upper_bound":"MTgyNzc0NDMwNQ==","repeats":1},{"count":1840,"lower_bound":"MTgzMTM0NjQyMA==","upper_bound":"MTgzNDE5MDkyMg==","repeats":1},{"count":1848,"lower_bound":"MTgzNzk3MTE3Ng==","upper_bound":"MTg1NTAxOTMyMw==","repeats":1},{"count":1856,"lower_bound":"MTg1NTczNjk4MA==","upper_bound":"MTg1ODAyNDEzMA==","repeats":1},{"count":1864,"lower_bound":"MTg2ODIwODYxMg==","upper_bound":"MTg3OTk1NDcwNA==","repeats":1},{"count":1872,"lower_bound":"MTg5MDU2MTU1MQ==","upper_bound":"MTg5ODA2MjEyNw==","repeats":1},{"count":1880,"lower_bound":"MTg5ODA3ODY5Mw==","upper_bound":"MTkwMjk5ODk1NA==","repeats":1},{"count":1888,"lower_bound":"MTkwNDQyNjk2Mg==","upper_bound":"MTkzMTQ0NDEwNw==","repeats":1},{"count":1896,"lower_bound":"MTkzMTU3MzA2Nw==","upper_bound":"MTkzNDI5MTcwMA==","repeats":1},{"count":1904,"lower_bound":"MTkzNzUwOTgzNQ==","upper_bound":"MTk0MTQ4MjYwNg==","repeats":1},{"count":1912,"lower_bound":"MTk1OTU2Mzg0Mg==","upper_bound":"MTk3NTA4NTU5OQ==","repeats":1},{"count":1920,"lower_bound":"MTk3NTUyNjkzMA==","upper_bound":"MTk4MDI1NTgwNw==","repeats":1},{"count":1928,"lower_bound":"MTk4NDEzMjE0Nw==","upper_bound":"MTk5ODAwOTU4NA==","repeats":1},{"count":1936,"lower_bound":"MjAwMzc4MDkyOQ==","upper_bound":"MjAyMDgyODg1MQ==","repeats":1},{"count":1944,"lower_bound":"MjAyNjU2MTM1MA==","upper_bound":"MjAzMTQ3Mzg3NQ==","repeats":1},{"count":1952,"lower_bound":"MjAzNDUyNTIwOA==","upper_bound":"MjA0OTM5OTIzNw==","repeats":1},{"count":1960,"lower_bound":"MjA1MDI2ODM2NQ==","upper_bound":"MjA1NDU3NjY5Ng==","repeats":1},{"count":1968,"lower_bound":"MjA1NDcxNTYzNg==","upper_bound":"MjA2NzU5NzI0MQ==","repeats":1},{"count":1976,"lower_bound":"MjA2ODUxMjMxNA==","upper_bound":"MjA4NTcwNTY0Mg==","repeats":1},{"count":1984,"lower_bound":"MjA4NzgzMTM5Mw==","upper_bound":"MjA5NjI2ODI2MQ==","repeats":1},{"count":1992,"lower_bound":"MjEwMzg5Nzk1Ng==","upper_bound":"MjExMzk5MDUwOA==","repeats":1},{"count":2000,"lower_bound":"MjEyMzc5MTgxNg==","upper_bound":"MjEzOTExNzU2MA==","repeats":1}]},"cm_sketch":{"rows":[{"counters":[1,1,0,1,1,1,1,1,1,1,1,1,0,0,0,0,1,0,0,0,0,1,1,3,1,0,1,2,1,2,1,1,1,2,0,0,0,1,2,1,2,0,1,1,2,0,0,2,1,2,2,1,1,2,1,1,2,0,2,0,1,0,0,1,1,1,1,3,0,0,1,0,1,2,1,1,1,1,0,1,1,1,1,2,0,0,1,0,2,0,2,0,0,3,1,0,0,0,0,3,0,1,0,0,0,1,1,2,2,2,0,0,3,0,2,0,1,0,0,1,1,2,0,1,1,5,2,2,1,2,1,1,0,0,1,2,0,1,0,0,0,0,1,0,1,5,0,2,2,1,1,0,1,1,4,3,2,2,1,0,3,3,1,0,1,1,1,0,1,2,1,0,1,0,1,0,1,3,2,0,2,1,0,2,0,1,3,0,0,2,1,0,0,2,0,0,1,0,1,1,1,1,1,0,2,1,2,1,1,1,1,0,1,1,0,0,3,1,0,1,1,2,1,1,1,2,0,1,1,2,1,2,0,1,4,0,3,1,4,2,0,0,0,0,3,1,1,1,2,0,1,1,1,1,1,0,1,0,2,1,4,0,2,0,0,0,2,0,2,1,1,1,0,2,1,1,4,0,0,0,0,1,1,1,1,0,0,0,0,0,0,1,0,0,0,2,0,2,1,0,2,1,2,0,3,1,0,1,1,1,2,0,1,3,0,0,0,3,0,0,1,1,0,0,3,1,0,1,2,0,0,1,1,0,0,0,0,1,1,2,1,1,1,0,1,1,2,2,0,1,1,2,2,2,2,0,1,0,0,0,2,2,0,1,0,1,3,1,2,1,2,0,2,1,1,1,2,1,0,0,2,0,1,0,1,0,0,3,0,1,2,1,0,0,5,0,0,1,0,2,1,0,1,0,2,0,2,1,0,2,1,1,1,0,1,2,1,0,1,0,4,2,0,0,3,0,1,0,2,1,0,0,0,1,1,2,0,1,1,1,3,1,4,1,0,0,2,1,1,1,0,1,1,2,2,0,1,0,0,3,3,1,1,1,3,0,0,2,0,2,0,2,0,0,0,1,1,0,1,1,1,0,0,3,0,0,2,3,1,1,1,1,2,1,0,1,2,0,0,1,1,0,1,1,1,1,2,0,2,1,0,0,0,0,0,0,3,2,0,3,1,0,1,1,1,2,0,1,1,0,1,2,0,0,1,3,0,1,2,0,1,0,1,1,0,0,0,2,1,1,0,1,0,1,0,0,0,0,1,0,1,0,1,2,0,1,0,2,2,1,0,1,0,0,2,1,2,1,0,0,1,1,1,0,1,0,1,1,0,2,1,1,0,3,1,0,0,2,2,0,0,3,1,1,3,3,1,0,1,0,0,0,1,0,0,0,0,0,0,0,0,1,1,2,0,2,0,0,1,1,2,0,0,0,0,1,2,2,3,0,1,1,2,0,1,1,0,0,0,1,1,1,0,0,1,2,4,1,1,1,1,1,1,0,0,2,2,1,0,2,0,0,2,0,0,2,2,2,0,2,0,2,1,1,2,1,0,0,3,0,0,1,2,0,1,1,1,1,0,0,1,1,0,3,0,1,2,0,1,0,1,0,4,1,1,1,3,1,1,1,1,2,0,0,0,1,3,2,0,2,1,0,0,1,4,0,1,0,1,0,3,2,1,0,0,0,3,0,2,0,1,2,1,0,1,3,2,1,3,0,0,1,1,0,1,0,0,0,1,0,0,1,2,0,0,3,0,0,0,3,0,0,1,0,0,1,4,2,2,0,0,0,0,1,1,1,0,1,0,2,1,0,1,0,3,0,2,0,3,2,0,0,1,2,1,3,0,0,1,0,0,2,0,0,1,1,1,2,2,2,2,1,0,1,1,2,2,1,1,0,1,1,1,3,1,1,1,1,0,1,1,0,1,2,0,1,1,0,2,2,0,0,0,1,0,2,2,1,2,2,0,0,1,2,3,2,0,1,1,2,1,1,0,1,0,1,1,1,0,1,0,0,1,0,1,1,0,1,0,3,1,1,2,0,0,1,3,2,2,1,2,1,2,0,0,1,0,0,1,1,1,0,0,0,1,1,0,0,1,0,1,4,1,0,1,2,0,1,0,1,2,0,0,0,0,1,0,0,0,0,0,4,2,1,0,0,1,0,1,0,3,1,0,1,1,2,0,1,1,1,3,1,1,0,0,1,0,2,0,1,1,1,2,2,0,1,1,1,2,3,2,2,1,1,0,1,2,3,2,0,0,0,1,0,1,1,1,1,2,0,1,1,3,0,0,0,0,0,0,1,2,2,1,1,0,0,0,1,0,1,1,3,1,0,2,2,2,1,3,2,0,0,2,1,1,0,1,2,2,2,1,0,0,0,0,1,0,1,3,3,1,0,0,3,0,4,1,2,0,1,0,0,0,0,3,1,1,1,1,0,3,1,3,2,1,1,0,0,2,0,1,0,0,1,0,0,1,0,0,2,3,0,1,0,0,0,1,2,1,0,1,1,0,0,0,2,3,0,0,0,1,1,1,0,2,1,0,2,2,0,0,2,0,2,1,1,2,3,1,1,1,2,1,1,2,1,0,2,0,1,2,2,1,0,2,0,1,0,1,1,1,1,0,3,1,1,2,2,1,1,2,0,2,1,2,1,0,1,3,0,1,2,0,3,1,0,1,2,1,2,0,1,1,1,2,2,1,2,0,0,0,0,2,1,0,0,0,1,1,0,1,1,2,1,2,1,1,1,1,1,1,1,1,2,0,0,1,1,0,2,1,2,0,1,2,0,2,0,0,1,1,0,0,1,1,1,1,0,1,1,0,0,0,1,2,0,0,1,2,1,0,2,0,1,0,0,0,0,1,0,0,1,0,1,1,0,2,2,3,2,1,3,0,0,0,2,0,0,0,2,1,1,1,1,0,2,3,1,0,0,0,1,1,2,0,0,2,1,1,1,1,1,1,1,1,0,1,1,1,0,0,1,1,1,0,2,0,1,1,1,1,1,2,2,2,1,0,0,2,1,0,0,2,1,2,1,1,2,0,0,0,1,0,0,2,1,0,2,1,0,0,0,0,1,1,0,0,0,1,0,1,0,2,1,1,2,0,1,0,2,1,1,1,1,1,3,0,1,2,0,0,0,1,3,1,1,0,0,0,1,3,1,2,3,0,2,0,0,2,0,3,0,1,0,0,3,1,1,0,2,0,0,0,0,0,0,3,0,0,1,2,1,4,1,0,2,1,0,1,1,0,4,0,1,1,2,1,0,3,0,0,0,1,2,0,1,2,2,0,1,1,0,1,2,1,2,0,1,1,2,1,1,2,0,1,1,1,1,1,2,2,3,0,2,0,0,1,3,2,1,2,0,0,1,2,0,1,4,0,2,0,1,0,1,0,1,1,0,0,0,1,2,2,1,0,1,0,3,2,0,2,2,0,1,0,1,1,1,0,2,1,1,1,3,1,4,2,0,0,0,0,1,2,0,1,2,1,4,0,0,2,2,0,0,2,0,0,0,1,1,3,0,1,2,1,1,1,1,2,1,0,1,1,2,0,2,0,0,2,0,1,1,2,2,0,0,3,3,2,0,3,2,0,3,0,1,2,1,1,2,0,3,0,0,4,1,2,0,0,2,1,1,1,3,0,2,2,1,1,0,2,0,1,5,0,1,1,2,0,1,1,0,2,0,2,0,0,3,1,2,0,1,0,0,1,0,0,2,0,0,0,0,0,1,2,0,1,0,1,0,2,0,1,0,2,2,0,1,0,0,2,0,1,1,2,1,1,0,2,0,0,2,0,1,1,0,0,0,0,0,4,0,1,1,0,3,2,0,1,1,0,0,0,0,0,0,2,0,0,1,0,0,3,0,0,1,0,2,1,0,1,2,2,1,0,2,0,0,0,1,0,2,1,1,1,2,0,3,0,3,0,0,0,2,0,0,0,2,2,0,0,1,1,0,1,0,2,1,0,2,1,3,0,2,1,1,2,1,0,2,2,2,0,2,2,2,1,1,1,1,1,4,2,2,0,3,1,1,1,0,2,1,0,0,2,3,4,0,0,2,2,0,0,1,1,3,1,2,3,1,0,1,2,0,1,2,1,2,1,4,1,1,0,1,2,4,3,2,0,0,2,2,0,1,1,1,0,0,1,1,2,1,0,1,3,0,0,0,0,0,0,0,0,2,2,0,1,1,1,2,1,2,3,0,1,3,4,0,1,0,2,0,0,2,3,1,2,2,1,1,1,1,0,1,1,2,2,0,2,0,1,1,1,1,0,2,2,1,0,0,0,0,0,3,0,2,0,1,0,1,1,0,2,0,0,2,1,2,0,0,1,0,1,0,1,1,0,0,2,1,2,2,2,1,0,2,1,0,1,1,1,1,0,1,0,3,1,2,0,1,1,1,0,2,0,3,4,1,2,1,1,1,1,0,2,1,1,2,0,0,0,0,0,0,1,1,3,0,2,2,2,2,0,1,2,2,0,1,2,1,1,0,1,0,2,1,2,0,0,0,0,0,1,3,1,0,2,0,3,2,2,0,1,5,2,0,0,2,2,3,0,2,2,1,2,1,1,0,2,0,0,4,0,1,1,1,1,1,0,2,1,1,1,1,1,1,0,0]},{"counters":[0,1,0,0,1,0,0,1,0,1,0,1,2,1,1,0,2,1,0,0,1,1,0,2,1,0,0,0,0,0,1,1,2,0,1,2,0,1,0,0,0,0,1,1,1,1,0,0,1,0,0,1,0,1,0,1,0,1,1,1,0,0,0,1,2,1,0,1,1,0,0,1,0,5,2,2,0,1,4,0,3,1,0,2,0,3,0,1,1,0,2,0,1,1,1,0,1,2,0,0,0,1,2,1,1,0,1,2,0,2,0,1,2,0,0,1,3,2,1,0,2,2,0,0,0,2,0,1,0,0,0,1,1,2,0,0,3,1,2,1,0,4,1,3,0,1,2,1,1,1,1,2,1,0,1,0,2,1,0,0,0,1,0,3,0,0,0,1,0,0,1,0,0,3,2,1,0,1,1,1,1,0,0,1,0,2,2,0,4,1,0,3,0,2,0,0,2,1,2,0,0,1,1,0,1,2,2,1,0,1,2,0,0,1,0,3,0,0,1,0,1,2,1,0,2,0,3,1,0,0,1,0,1,1,0,1,2,1,0,0,1,2,1,2,1,1,0,0,1,1,0,1,0,1,0,3,1,1,0,1,2,0,0,1,1,0,2,0,3,2,1,2,1,2,0,2,2,0,3,0,0,2,1,0,1,2,1,0,1,2,1,0,0,2,2,2,2,1,1,3,0,2,0,1,2,1,0,1,0,0,2,1,2,0,2,0,1,1,2,0,1,1,1,2,1,0,0,1,3,2,1,0,1,0,1,1,1,1,0,0,0,1,3,0,1,1,1,0,2,0,1,3,1,1,2,2,2,0,0,2,1,2,1,2,1,2,0,2,1,1,1,2,2,2,1,0,1,1,4,0,0,2,0,0,2,4,1,0,1,0,0,1,1,1,1,1,1,0,3,1,1,0,1,4,2,0,1,0,0,0,0,0,3,1,4,0,4,1,1,4,3,2,1,1,0,1,1,1,0,1,0,1,0,1,1,0,0,1,0,0,0,3,0,1,1,1,0,1,5,0,0,2,0,4,0,1,0,2,0,2,1,0,0,1,1,0,2,1,0,1,2,3,0,0,1,0,2,1,3,0,1,1,0,1,1,1,2,2,0,0,1,1,2,3,2,1,3,0,0,0,1,0,1,2,1,0,1,0,0,1,2,0,1,2,0,2,1,1,1,2,0,1,1,3,0,1,0,0,1,1,0,1,2,1,1,1,1,0,1,0,0,0,0,2,0,2,1,3,0,1,2,0,1,0,1,1,2,0,1,1,1,1,0,1,1,0,0,1,1,1,1,0,1,0,0,0,0,0,2,0,0,1,0,2,1,1,0,1,0,0,2,1,2,1,0,0,1,2,1,1,0,1,3,0,0,2,0,2,2,2,0,1,0,2,1,0,0,2,0,3,1,2,1,1,2,1,2,1,0,0,0,0,0,1,0,1,1,0,0,1,0,1,1,0,1,0,2,1,0,1,2,3,1,3,1,0,2,0,1,1,1,0,2,2,1,0,1,1,4,1,0,1,1,0,1,3,2,1,0,2,0,0,1,0,1,1,1,0,1,1,2,1,0,0,1,2,2,2,1,0,1,1,1,0,1,0,0,3,1,3,1,2,1,1,0,0,0,0,1,1,0,0,1,1,1,0,2,3,0,3,0,1,0,2,0,1,0,0,2,2,1,1,1,0,1,0,3,0,1,1,0,1,1,0,0,0,0,0,1,3,0,0,1,1,1,1,0,0,1,0,0,0,2,1,0,0,1,2,1,0,0,1,2,0,1,1,1,0,0,1,0,0,1,0,1,3,0,0,1,1,2,2,2,0,1,1,0,1,2,0,0,0,0,0,1,2,1,0,0,1,2,3,0,0,1,0,0,0,1,1,1,1,2,0,1,2,0,1,0,0,1,1,2,2,2,0,0,0,0,1,2,0,1,1,4,2,1,2,1,1,0,1,0,1,1,0,3,1,4,1,1,2,1,3,4,0,0,2,0,1,1,0,1,1,0,1,2,0,0,1,1,2,1,2,1,0,2,1,1,1,1,2,0,1,0,1,1,1,1,0,0,3,1,2,1,2,1,1,1,0,1,0,0,2,2,0,2,0,2,1,1,0,1,4,1,1,3,1,0,0,1,2,1,1,2,1,1,1,0,0,1,1,1,1,0,1,2,2,1,0,0,1,0,1,1,0,3,2,1,2,2,1,2,0,1,1,0,2,1,0,1,0,1,1,3,4,2,0,1,2,3,3,0,0,0,0,2,2,2,2,3,1,1,2,0,1,2,2,2,0,0,0,3,0,4,1,1,1,1,1,1,0,1,0,2,3,1,3,1,0,1,3,2,1,4,2,0,0,0,0,2,0,1,4,0,0,4,1,1,0,1,1,2,0,2,2,0,0,0,3,1,1,0,0,2,2,0,1,0,1,2,2,0,0,3,1,1,0,2,1,0,0,2,0,0,0,2,1,0,2,0,2,1,0,2,2,2,2,1,1,0,1,0,2,1,1,2,4,0,1,2,1,2,2,1,0,1,2,0,0,1,0,0,1,0,1,0,1,1,2,2,1,0,1,1,0,0,1,1,1,2,0,0,2,1,1,1,1,3,1,0,1,3,2,0,0,1,0,2,2,2,0,2,1,2,0,1,0,2,1,3,1,0,0,1,0,0,2,0,1,2,2,1,0,0,0,0,0,1,0,0,1,2,0,1,3,1,1,0,1,1,1,0,0,1,1,0,1,2,0,0,1,3,1,0,1,0,1,1,2,0,0,1,0,1,1,1,1,0,0,1,2,3,1,3,3,3,0,0,2,1,1,1,1,1,0,2,0,1,1,2,1,4,2,1,1,2,0,1,1,1,0,1,1,1,1,1,1,3,0,1,0,1,0,1,1,1,0,0,3,0,0,0,3,0,0,2,0,2,1,0,1,1,3,2,1,0,1,2,1,1,1,0,2,0,2,1,1,3,1,0,1,0,2,0,3,0,3,1,1,0,0,0,0,0,2,0,1,1,2,0,1,1,3,1,0,0,1,0,1,0,3,1,0,0,1,0,1,0,1,1,1,0,3,1,3,2,1,0,1,0,0,0,4,0,2,1,1,4,1,3,0,1,0,1,3,2,0,0,0,2,0,0,1,7,1,1,1,0,0,0,1,2,2,2,0,0,1,1,1,0,0,1,1,1,0,0,1,1,1,0,2,1,3,1,0,1,1,0,1,0,2,1,1,1,0,1,3,1,2,0,0,1,0,1,1,1,1,2,0,0,0,0,1,4,0,0,0,0,1,1,0,0,2,1,2,1,1,2,2,1,0,4,3,0,2,1,0,2,0,1,1,0,1,2,1,2,2,1,1,0,0,1,2,1,1,0,4,1,1,1,0,1,0,0,0,0,1,1,1,0,3,0,2,0,0,1,0,1,0,0,1,1,1,4,0,1,1,0,0,0,1,0,0,1,3,3,1,2,0,1,1,1,1,1,2,1,1,1,1,0,1,1,1,1,1,0,1,3,0,0,0,1,0,0,0,1,1,1,1,1,1,1,1,1,1,1,4,1,1,4,1,0,0,1,1,1,0,1,0,1,2,1,2,0,6,1,1,2,0,2,0,1,2,0,2,1,2,0,3,1,2,1,1,0,0,1,1,1,1,0,1,0,0,2,1,0,2,1,1,1,1,2,3,1,0,0,1,1,0,1,0,0,1,2,0,0,0,1,0,0,1,0,0,1,2,0,0,2,0,0,2,1,0,1,0,1,0,1,0,0,1,0,0,2,1,0,0,0,0,2,0,1,0,1,0,1,2,1,1,2,0,1,1,0,3,0,1,0,2,2,0,0,2,0,2,0,0,1,2,1,1,5,1,0,0,1,2,0,1,1,0,0,0,2,2,0,1,0,2,0,1,0,0,3,0,0,1,1,2,1,0,1,1,1,1,3,2,1,1,1,1,1,1,1,0,1,2,1,1,1,0,3,0,1,0,2,1,1,3,0,1,1,2,0,0,1,0,0,1,1,3,1,0,3,2,0,3,2,1,3,1,2,0,0,1,1,3,0,1,1,0,1,1,0,0,2,1,1,5,1,0,1,0,1,2,0,0,3,0,2,0,1,1,2,2,0,0,0,0,0,0,1,0,0,1,2,0,1,2,1,0,1,0,1,1,0,1,1,0,1,3,0,0,0,0,0,2,2,2,0,0,1,0,1,2,1,0,0,0,2,0,2,3,0,1,2,0,1,0,1,1,1,3,2,0,1,2,3,2,2,0,0,0,1,1,1,0,3,2,2,2,1,1,2,3,1,1,1,1,0,0,2,4,2,0,1,0,2,0,1,1,1,1,1,0,1,2,0,2,1,0,0,1,0,2,2,0,2,1,2,4,2,0,2,1,1,2,0,0,2,0,0,1,0,2,0,1,1,0,2,1,0,0,1,2,0,2,3,0,4,0,0,0,0,3,1,1,1,1,2,3,1,0,1,1,1,1,2,2,0,2,1,0,1,3,1,0,1,0,1,1,1,0,0,0,1,2,3,0,1,1,0,1,2,0,0,0,0,1,0,4,2,0,0,2,1,2,1,0,0,0,1,3,4,1,0,0,0,0,1,1,0,2,0,2,2,2,0,0,0,0,1,2,1,4,1,3]},{"counters":[0,1,0,1,0,2,2,1,0,0,1,1,0,0,0,1,1,0,2,3,0,1,0,2,1,0,1,0,1,1,2,1,0,2,0,3,0,1,0,1,3,0,1,1,0,0,0,1,0,1,1,0,1,3,2,0,1,2,1,1,0,2,0,0,2,1,2,0,2,0,3,2,0,1,1,1,1,2,1,1,0,0,1,0,1,1,1,0,2,3,1,1,1,0,1,1,2,2,0,3,1,0,0,1,0,2,0,1,2,1,1,1,2,1,0,2,2,0,1,2,2,1,1,1,0,2,1,0,1,1,0,4,1,0,0,0,2,0,0,0,1,0,1,0,0,1,0,0,2,1,0,1,0,1,1,1,2,1,0,1,0,0,2,1,2,0,0,0,0,0,0,1,0,1,0,0,1,2,0,1,2,0,1,0,1,0,1,2,0,0,2,2,2,2,0,1,0,1,3,1,0,0,0,2,1,1,3,0,0,1,3,0,2,2,0,3,0,0,2,2,1,2,1,1,1,1,2,2,0,3,1,2,1,0,3,2,3,1,0,1,2,0,0,1,0,1,0,1,0,0,1,0,1,1,0,1,1,3,0,0,2,1,3,2,0,1,0,1,0,0,0,2,1,1,0,2,1,0,1,1,2,2,1,0,2,0,0,2,2,1,0,1,3,1,1,0,5,1,1,0,2,1,0,0,0,1,0,3,0,2,1,1,1,0,0,2,1,1,0,1,1,3,3,2,1,0,2,2,0,0,2,0,2,1,1,3,0,0,1,3,0,0,1,0,1,1,1,1,0,1,2,0,0,2,0,1,0,1,0,0,1,3,0,0,1,1,2,1,1,1,1,0,1,0,1,4,0,1,0,1,2,1,2,1,0,0,3,2,3,1,0,0,1,1,1,2,1,1,1,0,0,2,0,0,1,3,0,1,0,0,0,2,1,1,3,1,4,0,0,1,2,2,1,0,0,0,0,3,0,3,0,0,1,0,0,2,1,3,1,0,1,2,0,0,1,3,1,1,0,0,0,0,0,1,0,1,1,3,1,1,1,0,1,0,0,2,2,0,1,2,1,0,1,2,2,1,0,1,2,3,1,2,2,2,1,0,2,1,0,1,0,1,1,1,1,0,1,0,0,1,0,1,0,0,1,1,1,1,4,0,1,0,0,1,0,0,0,1,0,2,1,0,0,1,1,1,2,2,1,3,0,2,2,0,1,0,1,1,2,1,0,0,1,2,1,3,4,2,0,4,2,2,2,1,0,1,1,1,3,1,1,3,1,1,0,1,1,0,2,0,0,0,1,2,2,1,2,2,0,0,2,0,3,1,2,1,2,2,0,0,0,0,2,3,0,0,1,2,2,1,1,2,0,2,0,0,1,1,0,1,1,1,2,0,1,1,0,0,2,1,2,3,0,1,0,0,0,1,0,0,1,0,1,1,0,1,0,2,2,0,2,0,1,1,1,1,2,1,1,2,0,0,3,1,0,0,0,1,2,2,1,3,2,0,0,1,1,0,1,0,0,0,2,0,2,0,0,2,3,1,3,2,1,2,1,1,1,0,3,1,0,1,0,2,0,3,0,0,1,0,3,0,0,2,0,1,0,0,2,1,2,1,1,0,0,1,0,3,1,0,1,1,1,3,2,1,0,1,1,1,2,0,2,1,0,0,1,1,1,1,0,1,1,1,0,0,0,3,1,0,2,0,0,1,1,0,0,1,1,1,1,4,2,0,1,1,1,0,0,2,1,0,1,3,1,3,0,1,1,0,1,0,1,0,1,1,0,0,0,1,1,0,1,3,0,1,0,1,1,0,3,1,0,1,2,4,1,3,2,0,1,2,0,0,2,0,0,3,2,0,0,2,2,3,1,1,0,1,2,1,1,2,0,0,0,0,0,2,1,1,0,0,1,2,1,2,0,1,2,0,1,1,0,1,1,2,2,0,1,1,2,1,2,1,2,1,0,5,0,1,1,4,0,3,0,1,0,0,0,1,1,1,2,2,0,0,2,0,1,0,1,2,0,1,2,1,4,1,1,1,2,0,3,1,0,1,0,1,1,1,0,1,0,0,0,2,2,0,0,1,2,2,1,2,0,2,1,2,1,0,0,0,0,1,0,1,1,2,0,2,1,2,3,0,0,1,2,0,0,0,0,1,1,1,1,0,1,2,1,0,0,0,1,2,1,0,2,0,2,1,1,1,3,0,1,0,1,1,3,1,5,0,0,1,0,0,2,0,2,2,0,0,1,0,0,0,3,0,1,0,4,0,3,1,2,0,0,0,1,1,1,0,2,3,0,1,0,0,2,2,1,1,2,1,1,0,0,2,1,2,2,2,0,1,3,1,0,0,0,0,1,1,2,0,2,1,1,1,3,0,4,0,1,0,1,0,1,2,0,1,2,2,0,4,0,0,2,1,0,0,0,2,0,0,1,1,1,1,1,0,0,0,0,2,1,1,1,1,0,0,0,1,2,2,0,1,2,4,2,0,1,0,4,1,1,0,3,2,1,0,2,0,2,0,3,1,1,0,1,0,0,0,0,0,0,1,1,0,1,2,1,2,1,0,0,0,0,0,0,0,1,1,2,3,1,3,0,0,0,0,0,0,1,0,0,0,2,2,2,0,2,0,1,0,2,1,2,2,0,3,0,1,1,2,0,2,1,0,1,0,1,0,2,0,0,0,0,0,1,1,2,0,0,2,0,2,1,1,2,2,1,0,3,2,1,1,3,0,0,2,1,1,0,1,0,2,0,0,1,3,0,1,0,3,0,3,0,0,1,0,0,2,1,1,0,1,0,0,2,2,0,0,1,1,2,0,2,2,2,0,0,0,1,4,2,1,1,1,0,0,0,2,2,1,2,1,1,1,3,3,0,1,0,0,5,0,0,3,1,0,2,1,2,3,0,2,1,1,1,1,2,0,2,1,4,0,0,1,1,0,0,0,1,0,2,2,1,3,0,2,1,1,2,2,2,2,0,1,0,0,3,0,1,0,1,1,3,1,0,2,2,1,0,0,1,1,1,1,1,0,2,1,1,1,2,2,1,2,3,0,1,0,0,0,1,1,2,0,1,1,1,0,0,1,0,0,3,1,0,3,1,1,1,5,0,0,0,0,1,1,1,1,0,0,1,2,2,1,1,0,2,2,1,1,0,1,0,1,1,0,0,1,0,1,2,0,1,0,0,1,0,2,2,4,0,0,3,0,0,0,0,1,0,1,1,1,1,1,3,0,0,0,0,1,0,0,1,1,1,0,0,2,0,0,1,0,1,1,1,0,0,0,2,0,0,1,3,1,0,1,0,3,0,4,1,1,0,2,0,2,2,0,0,0,1,3,0,4,4,2,0,0,1,0,1,0,1,4,0,0,1,0,0,2,2,0,0,1,2,1,0,3,0,1,0,3,2,1,0,3,2,1,2,0,0,0,0,0,1,1,1,0,0,0,3,3,1,0,1,0,1,1,1,1,0,0,0,1,0,1,1,1,2,0,2,1,0,1,1,1,2,2,1,1,0,0,1,0,0,1,1,1,2,2,0,0,2,0,1,1,1,0,1,0,2,2,0,2,0,1,0,1,0,0,1,0,0,0,1,2,1,1,1,2,1,0,1,1,0,0,1,2,2,2,0,1,3,0,0,0,0,1,0,2,2,0,0,0,0,0,3,2,1,1,1,0,1,1,2,1,1,0,1,0,2,0,2,0,1,0,0,2,1,2,1,1,2,0,1,0,2,0,3,0,1,1,0,1,1,1,0,1,1,1,1,0,1,1,1,1,0,0,1,2,2,0,2,0,0,1,1,3,0,2,1,1,0,1,1,0,1,0,3,0,0,3,0,0,0,0,1,1,0,2,4,0,1,1,0,1,0,2,2,0,2,0,0,1,1,1,2,2,0,0,1,0,0,0,0,0,0,1,0,0,1,0,0,0,4,3,1,0,3,1,1,1,0,0,0,0,0,0,3,1,1,3,0,0,3,2,0,1,1,2,4,0,0,0,0,0,1,2,1,1,3,5,1,2,0,2,0,1,1,0,1,1,0,0,3,1,1,1,0,0,0,0,0,1,0,1,1,1,2,0,0,1,0,1,1,2,2,0,2,1,1,3,2,2,1,0,2,2,2,2,2,1,1,0,3,1,0,1,1,1,2,0,0,3,1,1,0,3,0,1,0,2,1,1,2,3,0,1,0,1,1,1,1,3,1,1,1,1,3,2,1,0,1,1,1,0,0,2,3,1,0,1,1,0,1,0,1,1,2,1,1,0,0,0,1,2,0,2,0,3,2,1,1,0,0,0,1,0,2,1,1,1,1,0,2,1,1,0,0,2,2,0,0,1,0,2,0,0,1,2,0,3,0,0,0,1,0,2,2,0,2,1,0,0,0,2,1,2,1,0,0,0,0,0,1,2,2,0,3,1,0,2,2,0,2,1,0,1,0,0,0,3,0,0,2,1,3,1,2,1,0,2,0,4,1,1,3,1,2,1,2,2,1,2,0,0,0,0,1,2,0,1,4,0,1,3,0,0,1,2,2,2,3,2,3,3,2,1,0,0,1,0,1,0,2,0,1,1,1,0,0,1,1,0,1,0,0,3,2,1,1,1,2,0,0,1,2,2,0,1,0,1,1,3]},{"counters":[1,1,2,1,1,3,1,0,2,0,1,2,3,1,2,1,1,0,1,1,0,2,2,2,1,2,1,2,0,0,2,1,1,0,1,0,0,1,0,0,2,0,1,3,1,0,3,4,0,1,1,1,2,0,1,3,2,2,0,0,2,1,0,0,3,3,1,2,1,0,2,0,0,0,2,0,1,1,0,0,2,1,3,1,0,0,2,0,4,2,0,3,1,1,3,1,2,1,0,0,1,1,0,1,1,0,0,0,0,3,3,1,0,1,3,1,0,0,1,2,3,1,0,2,0,1,1,2,0,1,0,1,0,0,1,1,0,0,0,0,3,1,1,0,1,1,0,2,3,1,0,0,0,1,1,0,1,0,0,2,0,1,1,1,1,2,0,2,0,1,0,0,1,2,1,0,3,0,1,1,0,0,3,2,0,0,4,1,0,0,1,0,0,0,1,0,1,1,0,1,1,0,1,2,1,1,2,0,1,0,0,1,1,2,1,1,1,1,0,0,1,3,1,2,0,0,0,2,6,0,0,0,3,3,1,3,4,0,1,1,0,2,0,1,0,0,1,0,2,1,0,2,0,1,1,2,2,1,1,1,0,0,4,0,1,0,0,0,1,3,1,1,0,0,4,1,0,0,2,1,2,0,0,0,1,1,1,1,0,2,0,0,1,1,1,0,1,1,2,0,2,1,2,2,1,0,2,2,1,1,0,0,1,2,0,0,1,0,1,0,0,0,1,3,0,1,4,0,1,0,3,1,1,1,0,0,1,1,0,1,2,0,0,1,0,2,0,2,2,1,2,0,0,1,0,4,0,1,1,0,1,1,0,0,0,4,1,0,0,1,1,0,0,0,0,1,2,1,2,0,2,0,0,4,1,0,0,2,0,0,2,2,1,1,2,1,1,0,0,0,1,1,1,0,0,2,1,0,1,0,0,3,0,1,0,0,0,1,0,0,0,0,1,2,0,3,0,0,0,0,2,0,0,0,1,0,3,1,0,2,1,0,3,0,1,1,1,0,1,2,0,0,1,0,0,3,1,1,3,2,1,2,1,0,1,0,1,1,1,2,2,2,1,1,1,0,0,4,0,0,1,1,2,0,1,1,0,1,1,0,2,0,1,3,0,0,1,0,2,2,1,4,1,2,0,1,2,3,1,1,1,0,0,1,1,0,1,2,1,0,1,0,1,3,1,2,1,0,4,0,1,3,2,1,1,0,0,1,0,2,0,0,0,1,2,0,2,0,3,0,0,0,0,2,1,0,0,1,0,2,0,1,1,3,1,0,2,0,2,3,1,1,1,0,1,2,0,2,1,2,1,3,0,1,0,2,1,1,0,1,0,2,0,1,2,0,1,0,0,0,1,0,2,0,1,0,1,1,0,2,1,1,0,1,0,0,1,0,1,3,1,0,2,4,1,0,0,3,0,3,3,2,3,1,0,1,2,0,2,3,0,1,0,0,1,1,0,1,3,1,0,1,2,2,0,1,2,1,1,2,2,1,2,1,1,0,1,1,0,1,1,0,2,1,1,0,0,2,0,1,1,1,1,2,1,0,0,0,0,0,1,1,0,0,1,1,0,0,2,0,2,2,0,1,1,0,0,1,0,0,0,1,1,0,0,1,1,1,1,1,2,1,2,0,1,1,0,0,0,3,0,4,2,0,1,0,0,1,0,1,2,2,1,1,1,0,1,0,2,0,1,1,0,1,1,0,3,1,1,1,1,1,0,0,1,1,0,1,1,1,1,0,0,1,1,1,1,0,1,2,2,0,0,1,0,1,2,2,2,1,1,2,2,1,1,3,0,3,1,0,0,1,2,1,1,1,0,1,2,3,2,2,1,1,0,2,1,0,1,2,1,0,0,1,0,2,0,3,2,0,2,1,0,0,0,2,2,1,1,1,4,3,0,0,1,3,0,1,1,0,2,0,3,1,0,1,0,3,2,1,0,0,1,1,1,2,2,0,0,1,1,0,2,1,4,2,0,0,4,1,1,0,0,2,1,2,3,0,1,1,1,2,0,1,0,0,1,1,2,2,0,1,1,0,1,0,2,0,3,0,2,2,0,3,1,0,0,1,0,1,1,1,0,1,2,2,0,0,0,0,0,0,0,0,2,0,0,0,0,0,0,0,0,0,1,2,0,1,2,2,1,2,0,0,0,2,4,1,0,3,1,0,0,1,1,1,3,0,0,1,1,0,1,0,1,2,1,0,1,1,3,0,1,1,2,3,1,0,0,0,3,1,3,0,0,1,0,0,1,2,1,0,0,1,0,1,2,2,0,0,3,1,1,0,0,0,0,1,1,2,2,1,1,2,1,0,1,3,2,0,1,0,1,1,1,4,1,0,2,1,0,2,1,0,2,0,0,0,0,1,0,1,0,1,0,3,0,2,1,1,1,3,0,1,1,2,2,2,2,2,0,0,2,1,0,1,1,0,0,1,1,1,1,1,1,1,0,1,1,1,2,1,0,2,1,2,1,1,0,1,1,0,0,0,0,1,0,0,0,1,1,0,1,4,1,0,3,3,5,2,2,0,0,1,1,1,2,2,1,2,2,0,0,1,1,0,1,1,0,2,1,0,0,1,0,2,2,0,1,3,2,1,0,0,0,0,1,0,2,1,0,0,0,2,2,1,3,0,1,2,2,0,0,0,1,1,0,1,1,2,1,0,0,0,3,0,2,1,6,3,0,0,1,0,0,4,1,1,1,3,1,1,0,1,1,1,1,0,1,0,0,2,0,2,3,0,2,0,1,3,0,0,2,0,0,0,2,0,0,1,4,0,0,0,0,2,4,0,0,1,2,2,0,0,0,0,3,1,1,0,1,1,0,0,0,0,1,0,3,0,2,1,1,3,1,1,1,0,2,1,0,2,0,2,0,0,0,3,4,1,0,0,1,1,2,0,0,2,0,1,1,3,1,2,0,1,0,2,0,1,0,2,0,1,0,1,0,1,3,1,0,0,2,1,0,1,0,2,0,1,0,0,1,2,0,2,1,1,1,0,0,2,1,0,0,0,2,1,0,3,1,0,1,0,0,2,0,0,1,0,1,0,3,2,0,4,0,1,0,1,2,2,2,0,1,1,1,0,1,0,0,2,1,2,0,2,0,0,1,1,2,3,2,2,2,0,0,1,2,1,0,2,1,0,2,1,1,1,3,1,2,0,0,0,1,2,0,0,0,1,1,0,1,0,1,1,1,1,0,0,0,0,0,0,2,1,2,2,0,2,0,1,1,1,0,0,0,0,0,1,0,5,0,1,1,0,0,2,1,0,0,1,0,1,0,1,3,1,1,3,0,1,1,0,1,0,0,3,1,1,1,3,2,0,2,4,2,1,1,0,0,2,1,1,0,1,1,1,1,0,0,0,2,0,1,0,2,0,2,1,0,1,0,0,0,0,2,1,0,1,3,0,0,1,1,2,1,0,1,0,3,0,0,1,0,0,0,3,0,1,2,0,2,0,0,2,1,1,0,4,1,1,1,1,2,1,1,2,2,0,2,2,2,0,0,1,1,0,2,1,2,0,0,3,1,3,0,4,0,0,0,1,3,1,0,0,0,0,1,2,1,0,0,4,3,0,1,2,0,0,1,1,3,1,1,0,0,1,0,0,2,1,2,1,3,1,1,1,1,3,2,2,3,0,3,0,1,3,1,1,1,0,0,0,1,1,1,0,0,2,0,2,1,1,2,0,1,2,1,1,2,1,1,1,1,2,2,2,1,2,0,1,1,2,0,0,0,0,1,2,0,0,1,0,2,1,3,2,0,0,3,1,1,1,1,0,1,5,2,0,1,1,0,3,0,0,0,1,0,0,1,2,1,2,0,2,2,1,2,0,0,2,0,2,1,1,2,2,2,1,0,1,0,3,2,2,1,1,1,0,0,1,0,0,2,0,0,0,0,1,0,2,0,1,1,1,2,1,0,0,5,0,2,1,0,2,0,0,1,1,0,1,0,3,2,1,0,0,2,2,1,1,0,0,2,1,2,0,4,3,1,0,0,0,2,1,0,1,1,1,1,1,0,1,1,1,0,0,2,0,0,0,1,0,1,0,2,1,1,0,1,2,0,2,0,2,0,1,1,0,1,1,2,4,1,0,1,0,0,1,0,0,0,1,1,4,1,0,0,1,2,1,1,1,0,0,1,1,2,1,0,0,3,0,2,0,2,0,2,1,1,1,3,0,0,0,1,0,0,2,2,1,0,0,2,3,1,1,1,1,0,2,1,3,0,1,1,0,0,0,1,1,0,0,2,1,3,2,2,2,1,1,1,1,0,0,1,0,3,3,0,2,0,1,3,1,0,3,0,0,1,1,1,0,0,2,1,0,1,1,2,1,3,0,1,0,0,1,1,3,0,0,0,0,0,1,1,1,0,2,1,1,0,2,2,0,2,0,1,4,1,2,1,1,0,0,1,3,1,0,0,2,2,0,0,1,0,0,0,3,1,1,0,3,0,0,0,0,1,2,0,1,0,1,1,1,0,0,1,1,0,0,1,2,3,0,2,2,0,5,3,1,1,2,1,2,1,1,1,0,1,1,1,0,1,0,1,0,1,0,1,2,0,1,3,0,4,0,1,3,1,0,1,1,0,1,1,1,1,1,0,0,1,1,2,2,1,2]},{"counters":[1,1,0,1,0,1,1,1,0,2,0,0,0,1,0,2,0,0,1,2,2,1,1,1,0,1,1,2,2,1,1,0,1,0,0,1,2,1,0,3,0,0,1,1,0,2,1,1,3,0,2,0,1,0,0,1,0,1,1,1,0,1,0,0,3,1,1,0,1,3,0,0,1,1,1,1,2,0,1,0,2,0,0,0,1,1,0,2,1,0,2,3,2,0,1,0,2,1,0,0,0,2,1,0,0,4,1,0,1,1,4,0,0,1,0,0,1,0,0,1,0,1,0,1,1,2,1,1,1,0,2,1,0,3,1,1,1,0,3,1,3,1,6,0,1,2,0,2,1,0,0,4,0,0,2,0,0,1,0,2,1,1,1,0,1,0,1,0,0,1,0,0,0,0,0,1,0,0,0,1,2,0,0,0,0,2,0,2,0,1,0,0,0,0,1,2,0,2,2,1,1,2,1,1,1,0,1,0,0,0,0,3,0,1,0,0,0,0,1,3,0,0,0,0,1,1,0,3,2,0,2,1,2,2,1,3,1,1,0,0,1,2,3,2,0,0,1,0,1,0,1,2,1,1,0,2,2,0,5,0,2,1,2,1,1,1,1,1,1,1,0,1,0,2,1,0,0,0,1,0,3,0,0,0,0,2,0,1,0,1,0,0,1,0,1,0,0,1,1,0,2,2,0,0,0,1,0,2,2,0,1,3,1,1,2,1,0,3,2,2,0,0,1,0,1,0,0,1,0,0,0,2,0,0,1,1,1,1,0,0,1,0,2,1,0,0,2,2,0,1,1,0,2,0,0,0,0,1,0,0,2,0,0,2,2,2,2,0,1,2,1,0,0,0,2,2,1,2,1,1,0,1,0,0,0,2,0,1,0,1,0,1,1,0,2,1,2,0,2,3,1,1,2,1,1,0,0,2,1,3,0,1,1,1,0,1,2,2,0,1,1,1,1,1,2,1,1,2,2,0,2,4,2,2,0,1,0,0,0,1,0,0,3,0,1,0,4,1,0,0,2,1,1,1,1,0,1,1,0,1,1,1,1,1,2,2,0,0,1,0,0,0,1,0,3,1,0,2,2,4,0,0,1,2,0,0,1,2,0,1,0,1,0,3,1,2,1,3,0,0,0,1,1,0,0,2,2,3,0,0,1,1,0,1,1,1,1,1,1,0,2,0,1,0,1,1,1,4,0,1,1,0,0,0,0,2,2,1,0,2,1,2,2,0,2,1,0,1,2,2,0,1,1,0,2,1,2,1,1,0,0,2,1,0,1,0,1,0,1,1,1,0,0,1,2,0,1,2,0,2,1,3,1,3,0,1,1,0,2,1,2,2,2,1,2,0,1,2,0,0,2,1,2,0,2,0,1,0,0,1,1,0,0,0,1,1,0,2,1,4,2,4,3,0,2,0,1,1,1,1,2,1,1,0,0,1,1,1,1,4,1,2,0,0,2,3,0,2,0,1,3,0,2,1,0,2,4,1,1,1,3,0,1,0,3,1,2,1,0,2,0,1,0,2,1,1,2,2,2,0,1,0,3,2,0,2,1,2,2,1,0,1,0,1,5,0,2,1,2,0,2,1,0,1,2,2,1,1,2,0,0,0,1,0,0,1,3,0,1,0,1,0,2,1,0,2,2,2,1,3,1,0,0,1,0,1,4,0,0,1,0,0,0,1,1,1,1,1,0,1,0,0,2,1,0,2,1,0,0,0,3,1,0,0,0,1,2,1,0,2,3,2,0,0,0,1,1,1,2,0,0,1,2,1,1,0,0,2,0,2,2,1,1,1,1,0,0,1,0,2,2,0,4,1,1,1,1,1,1,0,2,1,0,1,1,1,2,2,1,2,0,1,1,4,4,1,0,1,0,0,0,1,0,2,1,0,1,5,3,2,3,0,2,0,4,3,1,0,1,0,0,0,1,1,0,0,0,2,0,2,0,0,2,1,0,1,1,4,0,0,2,1,0,0,0,0,0,2,2,3,1,0,0,1,0,1,0,0,3,2,0,1,1,1,0,0,1,0,2,1,1,1,1,0,2,1,1,1,1,2,0,0,4,2,1,0,1,1,1,3,0,0,0,3,0,1,0,0,1,0,1,0,2,2,1,1,0,4,0,2,0,1,1,1,1,1,2,2,1,1,0,2,1,0,1,1,0,3,0,2,0,0,1,0,1,0,2,0,0,1,1,3,1,2,1,0,1,1,0,1,1,1,1,0,0,1,1,0,2,0,1,0,2,2,0,0,0,0,0,0,1,0,0,1,0,1,3,0,2,4,1,1,1,0,1,1,2,1,2,1,1,1,0,0,1,0,2,0,0,2,1,1,0,2,1,0,2,0,0,0,0,2,1,1,0,1,0,1,1,1,0,1,2,1,2,0,0,3,1,1,1,1,3,0,0,0,0,2,2,1,0,2,2,0,3,0,0,0,0,1,1,1,0,0,0,1,4,1,0,0,1,1,2,2,1,2,0,1,0,2,2,1,2,0,3,2,0,0,2,0,1,1,0,0,2,0,1,4,0,1,3,0,0,3,0,1,0,3,2,0,1,0,2,2,2,0,0,1,2,5,2,1,1,0,2,0,2,0,2,2,1,1,2,1,0,0,2,2,0,1,0,4,1,2,0,2,1,0,1,2,0,2,4,3,2,1,0,3,0,1,1,1,0,1,2,1,2,0,2,0,3,0,2,1,1,0,0,1,3,0,2,0,0,2,0,2,1,2,0,0,2,0,1,1,3,0,2,1,0,1,0,1,3,0,1,2,0,2,0,1,1,1,1,1,0,0,0,0,0,0,2,1,1,2,1,1,1,1,2,2,1,0,3,3,1,1,0,0,2,1,1,1,1,2,0,3,0,0,1,0,1,2,1,2,1,0,2,0,1,2,0,1,2,3,0,1,0,0,1,0,1,2,0,1,0,2,0,4,1,1,1,1,0,0,1,1,1,2,1,2,2,0,2,1,1,0,1,0,1,0,5,0,0,0,1,0,2,0,1,0,1,2,0,2,3,1,0,0,1,2,0,0,0,0,1,0,1,1,5,1,0,0,0,0,1,1,2,0,0,0,0,1,1,0,1,1,1,2,0,2,0,1,3,0,2,1,2,3,3,0,0,2,0,0,1,4,1,2,3,2,2,1,2,0,0,1,1,0,0,2,1,2,1,1,0,1,2,0,2,1,0,1,2,0,1,0,2,0,2,1,2,1,0,2,0,1,1,0,1,1,1,1,1,0,1,0,1,2,0,2,0,0,1,1,0,0,0,2,2,3,0,0,0,1,1,0,1,1,0,1,1,1,3,3,0,0,2,1,2,1,0,0,1,1,0,1,0,0,2,0,2,1,0,0,2,2,1,1,2,0,0,1,1,1,1,2,1,0,1,4,0,3,0,0,0,0,1,1,0,1,2,1,2,0,0,2,3,1,1,1,0,1,2,2,1,2,0,0,0,2,2,1,2,0,3,1,1,3,0,3,0,2,3,2,0,2,0,1,0,1,1,0,2,1,2,1,0,0,2,0,1,0,0,3,0,0,1,1,0,1,0,1,0,0,1,0,1,0,0,1,0,0,0,2,1,1,2,2,0,0,3,0,0,0,1,1,0,2,0,0,2,0,0,0,0,0,1,1,1,0,0,3,2,2,1,1,1,0,1,1,2,2,0,2,1,0,0,2,0,0,0,0,0,1,1,0,2,0,2,0,3,1,0,1,0,1,1,1,2,1,1,0,1,0,2,2,0,2,2,1,2,0,1,1,1,0,1,2,1,0,1,2,2,1,1,2,4,0,1,2,2,1,1,1,3,1,2,0,1,1,0,0,2,0,0,1,0,3,1,1,0,2,0,2,2,1,0,0,1,1,1,1,0,2,2,0,1,0,1,1,1,1,0,1,0,1,2,1,1,1,0,1,3,1,1,0,0,0,0,1,1,1,0,0,0,2,1,2,0,1,2,2,2,1,1,1,0,0,1,1,0,1,0,1,0,1,0,1,0,1,1,0,1,0,2,1,0,0,0,0,0,1,1,2,1,1,1,2,7,1,0,3,1,1,1,1,0,2,1,1,1,0,1,0,1,1,1,0,1,2,1,2,1,0,0,1,2,0,1,1,1,2,1,3,1,3,1,2,1,0,0,3,1,0,0,1,3,0,1,1,0,1,1,3,1,0,1,0,1,1,2,4,2,0,4,1,0,1,1,0,0,1,0,0,1,1,1,1,0,0,0,1,1,2,1,0,0,1,0,0,0,2,2,2,0,0,1,2,1,1,0,1,0,2,0,2,1,0,1,1,1,1,0,0,2,1,0,1,2,2,1,3,0,3,1,0,1,1,1,3,2,3,0,2,0,2,0,1,1,4,0,0,0,0,0,0,1,2,0,0,0,0,0,1,0,0,2,2,0,2,1,1,2,1,1,1,1,0,1,1,1,1,2,2,3,0,1,1,1,1,2,0,1,0,1,2,0,0,0,0,3,1,1,1,2,1,1,2,3,1,0,2,3,0,0,0,3,1,2,1,3,0,0,5,1,2,5,0,2,0,0,1,3,1,0,1,1,0,1,1,0,0,1,2,0,0,3,1,1,0,2,0,1,1,0,1,1,1,0,1,0,0,1,1,0,2,1,1]}]},"null_count":0,"last_update_version":397952050369396736},"b":{"histogram":{"ndv":2000,"buckets":[{"count":8,"lower_bound":"LTIxMzc4MDkyMTM=","upper_bound":"LTIxMjA4MDI4OTQ=","repeats":1},{"count":16,"lower_bound":"LTIxMTk1MzY0NDg=","upper_bound":"LTIxMDMyNDkzMzE=","repeats":1},{"count":24,"lower_bound":"LTIwOTE0NDc4MzQ=","upper_bound":"LTIwNzY3MzcxNDY=","repeats":1},{"count":32,"lower_bound":"LTIwNjgzMDY1MDQ=","upper_bound":"LTIwNDk3OTEwNDI=","repeats":1},{"count":40,"lower_bound":"LTIwNDc0OTQ5MDU=","upper_bound":"LTIwMzUxMDg0NjM=","repeats":1},{"count":48,"lower_bound":"LTIwMjQ1MDE0MTE=","upper_bound":"LTIwMTQ2MTk3OTA=","repeats":1},{"count":56,"lower_bound":"LTIwMDk3MjkwNDg=","upper_bound":"LTE5OTA4NTkyMjI=","repeats":1},{"count":64,"lower_bound":"LTE5ODg3NzIwNTE=","upper_bound":"LTE5NzMzNTQ1MjM=","repeats":1},{"count":72,"lower_bound":"LTE5NjgyMzUyMDU=","upper_bound":"LTE5NDc1NDYyMjM=","repeats":1},{"count":80,"lower_bound":"LTE5NDA1ODg2MjE=","upper_bound":"LTE5MzcyNzQ4MzM=","repeats":1},{"count":88,"lower_bound":"LTE5MzQxOTIwNTI=","upper_bound":"LTE5MjA0NTY3MzE=","repeats":1},{"count":96,"lower_bound":"LTE5MTkwMTM0MDc=","upper_bound":"LTE4OTk3NTAyODM=","repeats":1},{"count":104,"lower_bound":"LTE4OTkxNjkxNzY=","upper_bound":"LTE4ODQ3MzE4ODc=","repeats":1},{"count":112,"lower_bound":"LTE4NzI0OTk1MzU=","upper_bound":"LTE4NjQzMzY1OTc=","repeats":1},{"count":120,"lower_bound":"LTE4NjQyMzA5MDA=","upper_bound":"LTE4NDU2NjY2MzA=","repeats":1},{"count":128,"lower_bound":"LTE4NDIwNjM2NDY=","upper_bound":"LTE4MzIyMTg2NjM=","repeats":1},{"count":136,"lower_bound":"LTE4MzE5MzQ3NzI=","upper_bound":"LTE4Mjk4MzU5Njk=","repeats":1},{"count":144,"lower_bound":"LTE4MjQ1NzA3NzE=","upper_bound":"LTE4MDQ1NTA4MzQ=","repeats":1},{"count":152,"lower_bound":"LTE4MDIyMzc5Mzk=","upper_bound":"LTE3OTU3MDA3NDc=","repeats":1},{"count":160,"lower_bound":"LTE3ODg1NzczMDM=","upper_bound":"LTE3NzU2MTQyMzY=","repeats":1},{"count":168,"lower_bound":"LTE3NzQ3NjExMDM=","upper_bound":"LTE3NTkwMTgxMDQ=","repeats":1},{"count":176,"lower_bound":"LTE3NTM5Nzg0ODA=","upper_bound":"LTE3NDU3MTU3ODE=","repeats":1},{"count":184,"lower_bound":"LTE3MzY1MTU2NjA=","upper_bound":"LTE2OTc1NjM4MDk=","repeats":1},{"count":192,"lower_bound":"LTE2OTM0ODY3MDY=","upper_bound":"LTE2ODk5MDk1NTU=","repeats":1},{"count":200,"lower_bound":"LTE2Nzk4Mjk1OTk=","upper_bound":"LTE2NzYxMjc0NDk=","repeats":1},{"count":208,"lower_bound":"LTE2NzI2OTU2NzE=","upper_bound":"LTE2NjQxMjU1MDY=","repeats":1},{"count":216,"lower_bound":"LTE2NjI0MTcxMzU=","upper_bound":"LTE2NTI4MzYzMzQ=","repeats":1},{"count":224,"lower_bound":"LTE2NDE1MzEzMTY=","upper_bound":"LTE2MzIxNjk1Njg=","repeats":1},{"count":232,"lower_bound":"LTE2MjkxMTY3ODc=","upper_bound":"LTE2MDk5NjUwNzU=","repeats":1},{"count":240,"lower_bound":"LTE2MDgzMTk0NjY=","upper_bound":"LTE2MDE2MDA1MjU=","repeats":1},{"count":248,"lower_bound":"LTE1OTkyODIyMjY=","upper_bound":"LTE1ODM5NjExMTc=","repeats":1},{"count":256,"lower_bound":"LTE1ODEwOTU1NzY=","upper_bound":"LTE1NzAxMTgxODM=","repeats":1},{"count":264,"lower_bound":"LTE1Njk0ODc3OTk=","upper_bound":"LTE1NDgzNDQ3NzM=","repeats":1},{"count":272,"lower_bound":"LTE1NDcxNDg3Mzg=","upper_bound":"LTE1MzIxMjc0MjQ=","repeats":1},{"count":280,"lower_bound":"LTE1Mjc5MzcxOTA=","upper_bound":"LTE1MDg0NDM5NjA=","repeats":1},{"count":288,"lower_bound":"LTE1MDg0MDgwNjg=","upper_bound":"LTE1MDEzNDIwOTE=","repeats":1},{"count":296,"lower_bound":"LTE0OTgzNDQzMTU=","upper_bound":"LTE0ODMwODIxOTY=","repeats":1},{"count":304,"lower_bound":"LTE0NzM2NjczMjM=","upper_bound":"LTE0NjA1MDIxODI=","repeats":1},{"count":312,"lower_bound":"LTE0NTgzOTUyMzM=","upper_bound":"LTE0NTA5ODk0NTU=","repeats":1},{"count":320,"lower_bound":"LTE0NDk3ODM0NDk=","upper_bound":"LTE0MjI5MTcyNzU=","repeats":1},{"count":328,"lower_bound":"LTE0MjIzNzI1MTE=","upper_bound":"LTE0MDYyMjM5MjQ=","repeats":1},{"count":336,"lower_bound":"LTE0MDM1NDk1OTA=","upper_bound":"LTEzOTAwNDk1Mzc=","repeats":1},{"count":344,"lower_bound":"LTEzODcyMjgwODA=","upper_bound":"LTEzNzY1MjYxMDg=","repeats":1},{"count":352,"lower_bound":"LTEzNzYxMjAyNjg=","upper_bound":"LTEzNTU3MzU3NTQ=","repeats":1},{"count":360,"lower_bound":"LTEzMzU5NDU2NDI=","upper_bound":"LTEzMjU0ODEzNTE=","repeats":1},{"count":368,"lower_bound":"LTEzMjQ0MDgzNzA=","upper_bound":"LTEzMDczODQ0MzM=","repeats":1},{"count":376,"lower_bound":"LTEzMDU0MjcyMTY=","upper_bound":"LTEyOTYyNzA4Njg=","repeats":1},{"count":384,"lower_bound":"LTEyOTEyMzY1MTY=","upper_bound":"LTEyODE3OTA4NzQ=","repeats":1},{"count":392,"lower_bound":"LTEyODE3NzExMzM=","upper_bound":"LTEyNzI0ODYwMDg=","repeats":1},{"count":400,"lower_bound":"LTEyNzIzOTU2MDQ=","upper_bound":"LTEyNDcwODQwMTg=","repeats":1},{"count":408,"lower_bound":"LTEyNDQxMDE0MDI=","upper_bound":"LTEyMzg3ODYxODE=","repeats":1},{"count":416,"lower_bound":"LTEyMzc4ODM4MTc=","upper_bound":"LTEyMzMwNjQ1NzU=","repeats":1},{"count":424,"lower_bound":"LTEyMzI3ODc5ODk=","upper_bound":"LTEyMTkwODgzNjk=","repeats":1},{"count":432,"lower_bound":"LTEyMTQ2NTk2MDU=","upper_bound":"LTEyMDc3NzI2MTY=","repeats":1},{"count":440,"lower_bound":"LTEyMDUzODUxODA=","upper_bound":"LTEyMDE0MDA1OTc=","repeats":1},{"count":448,"lower_bound":"LTExODczNDA5OTA=","upper_bound":"LTExNzI5MTY5MTM=","repeats":1},{"count":456,"lower_bound":"LTExNzA0MzYwNjY=","upper_bound":"LTExNTc1Njk1NDM=","repeats":1},{"count":464,"lower_bound":"LTExNTE0Njg4MzI=","upper_bound":"LTExMzUzNDg3MDY=","repeats":1},{"count":472,"lower_bound":"LTExMzQxNTE1NjU=","upper_bound":"LTExMzA0Nzg4MDk=","repeats":1},{"count":480,"lower_bound":"LTExMjM3MzEyMzQ=","upper_bound":"LTExMTQzNjQzNTk=","repeats":1},{"count":488,"lower_bound":"LTExMTIxMzQxMDY=","upper_bound":"LTExMDQ2ODYxNzk=","repeats":1},{"count":496,"lower_bound":"LTExMDA3MTY1MjA=","upper_bound":"LTEwNzUyODM3Mjk=","repeats":1},{"count":504,"lower_bound":"LTEwNzIxNDUyMjU=","upper_bound":"LTEwNTQyNzg1NzY=","repeats":1},{"count":512,"lower_bound":"LTEwNTIxNjgwNTE=","upper_bound":"LTEwNDQwNDkwODI=","repeats":1},{"count":520,"lower_bound":"LTEwNDE4MzIzODI=","upper_bound":"LTEwMjU5OTE4MjY=","repeats":1},{"count":528,"lower_bound":"LTEwMTg3NjA2NTM=","upper_bound":"LTk5OTYxNzI5Ng==","repeats":1},{"count":536,"lower_bound":"LTk5ODc0OTc2OA==","upper_bound":"LTk4ODU5MDk5NA==","repeats":1},{"count":544,"lower_bound":"LTk4NjQ0OTU1NQ==","upper_bound":"LTk3MTU2NTcxOA==","repeats":1},{"count":552,"lower_bound":"LTk2MTEyNzI5NA==","upper_bound":"LTk0NDYzMjc1NQ==","repeats":1},{"count":560,"lower_bound":"LTk0MTM2MDc5Mg==","upper_bound":"LTkzNDQ0NzMxMw==","repeats":1},{"count":568,"lower_bound":"LTkzNDI3MTUzNw==","upper_bound":"LTkyNDEzMjE2NQ==","repeats":1},{"count":576,"lower_bound":"LTg5NzA2NDQ4Mg==","upper_bound":"LTg4NjkwNDI2Ng==","repeats":1},{"count":584,"lower_bound":"LTg3MzQ3NzIyOA==","upper_bound":"LTg1NjYxNjkwOQ==","repeats":1},{"count":592,"lower_bound":"LTg1NDEyMTY5NA==","upper_bound":"LTgzODY0NzA3Mw==","repeats":1},{"count":600,"lower_bound":"LTgzNjUwMzQ2OQ==","upper_bound":"LTgxMzU0ODUxNw==","repeats":1},{"count":608,"lower_bound":"LTgxMjU4NDQxNg==","upper_bound":"LTgwOTUyNzAxNw==","repeats":1},{"count":616,"lower_bound":"LTgwNzI3ODUzMg==","upper_bound":"LTc5ODg0OTQ4OA==","repeats":1},{"count":624,"lower_bound":"LTc5MjkzODc3Ng==","upper_bound":"LTc3MTExOTc2Mw==","repeats":1},{"count":632,"lower_bound":"LTc2Mzg4ODk1OA==","upper_bound":"LTc1NTY5ODM2OA==","repeats":1},{"count":640,"lower_bound":"LTc0OTUxOTM3Mw==","upper_bound":"LTczOTEwNTY5Mg==","repeats":1},{"count":648,"lower_bound":"LTczNTM3NTM1MA==","upper_bound":"LTcyNDIyNjExMg==","repeats":1},{"count":656,"lower_bound":"LTcyMDc3Mzg3OQ==","upper_bound":"LTcxMjcwMzQ0MA==","repeats":1},{"count":664,"lower_bound":"LTcwODQ1NTEyMQ==","upper_bound":"LTY5MDMyMzE1MA==","repeats":1},{"count":672,"lower_bound":"LTY4NTU2NTUxOQ==","upper_bound":"LTY3NDM0OTU2NQ==","repeats":1},{"count":680,"lower_bound":"LTY3Mjc4NjY5NQ==","upper_bound":"LTY2NDEyMzA1MQ==","repeats":1},{"count":688,"lower_bound":"LTY2MzI2NDU0NA==","upper_bound":"LTY0NzE4MzczMw==","repeats":1},{"count":696,"lower_bound":"LTY0MjYyMzcxNg==","upper_bound":"LTYyMTA4MDQzOQ==","repeats":1},{"count":704,"lower_bound":"LTYyMDU0ODY1Mw==","upper_bound":"LTYxMjY1MzQzNg==","repeats":1},{"count":712,"lower_bound":"LTYxMDU1NTA1Ng==","upper_bound":"LTU5MDkxMjk5Ng==","repeats":1},{"count":720,"lower_bound":"LTU4MjU3MjcxMw==","upper_bound":"LTU3NzY2MTAwMQ==","repeats":1},{"count":728,"lower_bound":"LTU3MzI4NDMzOA==","upper_bound":"LTU2MDY4MTgyMA==","repeats":1},{"count":736,"lower_bound":"LTU1OTU1ODc1MA==","upper_bound":"LTU1MjAzODI0MQ==","repeats":1},{"count":744,"lower_bound":"LTUzODMwNzgxOQ==","upper_bound":"LTUzNTc4NTk1NQ==","repeats":1},{"count":752,"lower_bound":"LTUzMjk4ODQwOA==","upper_bound":"LTUyNDY4Mjg3Mg==","repeats":1},{"count":760,"lower_bound":"LTUyNDMxNTQ3OQ==","upper_bound":"LTQ5NDEyNjY2Mg==","repeats":1},{"count":768,"lower_bound":"LTQ4NzczNDIxOA==","upper_bound":"LTQ3MzMwNjk2Ng==","repeats":1},{"count":776,"lower_bound":"LTQ3Mjg0MjIwMw==","upper_bound":"LTQ2MzI0OTE3NQ==","repeats":1},{"count":784,"lower_bound":"LTQ1OTY1MzkyOQ==","upper_bound":"LTQ0ODQ3MzI3OQ==","repeats":1},{"count":792,"lower_bound":"LTQ0NzY2ODUzMg==","upper_bound":"LTQzNTU0NDY1OA==","repeats":1},{"count":800,"lower_bound":"LTQzMDk2Mzg0Mg==","upper_bound":"LTQxNDg3NzkxMw==","repeats":1},{"count":808,"lower_bound":"LTQxNDE1NzI1Mg==","upper_bound":"LTQwNDA4Mjg0MA==","repeats":1},{"count":816,"lower_bound":"LTM5NTg1MDczMQ==","upper_bound":"LTM4NjkzNjQ1Mw==","repeats":1},{"count":824,"lower_bound":"LTM4NDY5ODk1Mg==","upper_bound":"LTM3ODcxNzk3OQ==","repeats":1},{"count":832,"lower_bound":"LTM3MDg0NjEzNQ==","upper_bound":"LTM2MzI3MzgyNA==","repeats":1},{"count":840,"lower_bound":"LTM1MzA0MTE5Mw==","upper_bound":"LTM0NDc0NzYwNQ==","repeats":1},{"count":848,"lower_bound":"LTM0NDIzNDcxOA==","upper_bound":"LTM0MDMwODg1OQ==","repeats":1},{"count":856,"lower_bound":"LTMzNzUxNzk5Ng==","upper_bound":"LTMyMjI5MjgwMA==","repeats":1},{"count":864,"lower_bound":"LTMxOTEwMjY2MQ==","upper_bound":"LTMwNjI3NDAxNw==","repeats":1},{"count":872,"lower_bound":"LTMwMTQ3MjQwMg==","upper_bound":"LTI5MTk5Mzc4NQ==","repeats":1},{"count":880,"lower_bound":"LTI5MTM5MjM1OA==","upper_bound":"LTI4OTA1MTIyNg==","repeats":1},{"count":888,"lower_bound":"LTI4NjcxOTIyMg==","upper_bound":"LTI3Mzc3OTk5Mg==","repeats":1},{"count":896,"lower_bound":"LTI2ODk2OTQxNQ==","upper_bound":"LTI2MDczNDYwOA==","repeats":1},{"count":904,"lower_bound":"LTI0ODkzMzU2Nw==","upper_bound":"LTIyODY1MTc0MQ==","repeats":1},{"count":912,"lower_bound":"LTIyMzIyNTQ4OQ==","upper_bound":"LTIxMzM0MjEzMg==","repeats":1},{"count":920,"lower_bound":"LTIxMjc3NDgyMQ==","upper_bound":"LTIwMzc0ODkwMg==","repeats":1},{"count":928,"lower_bound":"LTE4OTAyNjY1Ng==","upper_bound":"LTE4NDY4MjE1MQ==","repeats":1},{"count":936,"lower_bound":"LTE4MTQ3MDE1NQ==","upper_bound":"LTE1ODk1MTA4NQ==","repeats":1},{"count":944,"lower_bound":"LTE1NTk1NDI3OQ==","upper_bound":"LTE0NDM1MzMwOQ==","repeats":1},{"count":952,"lower_bound":"LTE0MzQxMzUzNA==","upper_bound":"LTEzOTIwMTkyNw==","repeats":1},{"count":960,"lower_bound":"LTEzNzcyMjQ4OA==","upper_bound":"LTEyMjA5ODMyMQ==","repeats":1},{"count":968,"lower_bound":"LTExODQ4NzAwMw==","upper_bound":"LTEwNTcyNjAyOQ==","repeats":1},{"count":976,"lower_bound":"LTEwMzQ2NzU3Ng==","upper_bound":"LTk1MTI5Njgx","repeats":1},{"count":984,"lower_bound":"LTkzMjg0ODQz","upper_bound":"LTcyODExNDYz","repeats":1},{"count":992,"lower_bound":"LTY0MzE1OTAw","upper_bound":"LTU0MjMyOTEw","repeats":1},{"count":1000,"lower_bound":"LTUyMjgyNDU3","upper_bound":"LTM1NzMzODU1","repeats":1},{"count":1008,"lower_bound":"LTMwMDA5ODU0","upper_bound":"LTE4ODQ4ODM0","repeats":1},{"count":1016,"lower_bound":"LTE2NTcyMzc5","upper_bound":"MjcxNTgyMw==","repeats":1},{"count":1024,"lower_bound":"NzkwMzU5MA==","upper_bound":"MTgwNTI5MTU=","repeats":1},{"count":1032,"lower_bound":"MTk5MjUyNTE=","upper_bound":"MjYxNTEwMzk=","repeats":1},{"count":1040,"lower_bound":"MjkyMjYyODg=","upper_bound":"Mzc0MTExOTM=","repeats":1},{"count":1048,"lower_bound":"NDIxOTU0MTY=","upper_bound":"NDk0MDg3MzM=","repeats":1},{"count":1056,"lower_bound":"NDk2NzIyNjg=","upper_bound":"NTc3NjY3MTA=","repeats":1},{"count":1064,"lower_bound":"MTAyNjUxNDM4","upper_bound":"MTE5NzI1Njg0","repeats":1},{"count":1072,"lower_bound":"MTIyNTc2NjEx","upper_bound":"MTQ1NjA2MzA4","repeats":1},{"count":1080,"lower_bound":"MTQ5MTM3ODE4","upper_bound":"MTU1MzczNTg2","repeats":1},{"count":1088,"lower_bound":"MTYzMjM4ODY4","upper_bound":"MTgyMjU2OTMx","repeats":1},{"count":1096,"lower_bound":"MTg1MzMyMTY3","upper_bound":"MTkyOTEzODY1","repeats":1},{"count":1104,"lower_bound":"MTkzNTUyODkz","upper_bound":"MjAyNDI0NzY0","repeats":1},{"count":1112,"lower_bound":"MjAyNzA3ODc5","upper_bound":"MjEzMTM1MjQy","repeats":1},{"count":1120,"lower_bound":"MjE1Nzg1ODM0","upper_bound":"MjI4ODIwODA3","repeats":1},{"count":1128,"lower_bound":"MjMwMDMxMTM4","upper_bound":"MjM2MTcyMDcz","repeats":1},{"count":1136,"lower_bound":"MjM4NDU0OTY2","upper_bound":"MjQ1NzQyODIx","repeats":1},{"count":1144,"lower_bound":"MjUwODIwNDY4","upper_bound":"MjY1MjM0NDU4","repeats":1},{"count":1152,"lower_bound":"MjY2MTQzMjA3","upper_bound":"Mjc0MzEzMzUz","repeats":1},{"count":1160,"lower_bound":"Mjg2OTMyODA3","upper_bound":"MzEwMDUxNjA0","repeats":1},{"count":1168,"lower_bound":"MzE4NjAxNzY0","upper_bound":"MzMwMDA1MDY4","repeats":1},{"count":1176,"lower_bound":"MzMwMjI3NzU0","upper_bound":"MzM0MjQ3MzE0","repeats":1},{"count":1184,"lower_bound":"MzM2ODEwMzI1","upper_bound":"MzQ5NzAwNTcx","repeats":1},{"count":1192,"lower_bound":"MzUxMzU2MDcx","upper_bound":"MzY4NDI4NzI3","repeats":1},{"count":1200,"lower_bound":"MzY5Njk2NTU2","upper_bound":"Mzg4MzU1MjYy","repeats":1},{"count":1208,"lower_bound":"MzkyMTczMjM5","upper_bound":"NDA4NDQxMDAy","repeats":1},{"count":1216,"lower_bound":"NDA4NzQxMzYy","upper_bound":"NDExNDg3NjU2","repeats":1},{"count":1224,"lower_bound":"NDE0MjQyOTY4","upper_bound":"NDQzMDk4NTU2","repeats":1},{"count":1232,"lower_bound":"NDQ1MTA0MDY0","upper_bound":"NDQ5NTkwMzQ0","repeats":1},{"count":1240,"lower_bound":"NDUyMDExOTYz","upper_bound":"NDYwMzg0NzAz","repeats":1},{"count":1248,"lower_bound":"NDYxNDA1NDYx","upper_bound":"NDc3NjYyNDg4","repeats":1},{"count":1256,"lower_bound":"NDc4NTA4MjAx","upper_bound":"NDk1MzkwMTM0","repeats":1},{"count":1264,"lower_bound":"NDk2Nzc0NjU4","upper_bound":"NTA0ODMyODg5","repeats":1},{"count":1272,"lower_bound":"NTA1NzYwNzQx","upper_bound":"NTIxODU5MTQx","repeats":1},{"count":1280,"lower_bound":"NTI0MjIxNTU1","upper_bound":"NTM5NTU2ODM5","repeats":1},{"count":1288,"lower_bound":"NTQ4MDM0NjMy","upper_bound":"NTUxODAwNTYz","repeats":1},{"count":1296,"lower_bound":"NTU1NTU3ODYw","upper_bound":"NTU5NDc4ODkz","repeats":1},{"count":1304,"lower_bound":"NTY2MTkwNTE3","upper_bound":"NTcxMzg3MDM4","repeats":1},{"count":1312,"lower_bound":"NTc2Mjk2MjY5","upper_bound":"NjA4Njk0OTIx","repeats":1},{"count":1320,"lower_bound":"NjI1OTY4OTM1","upper_bound":"NjM3NDkzMzU3","repeats":1},{"count":1328,"lower_bound":"NjQwNjE5OTY4","upper_bound":"NjQzNDA3NDkx","repeats":1},{"count":1336,"lower_bound":"NjU0MTc4Njcx","upper_bound":"NjYzNDM4MjI2","repeats":1},{"count":1344,"lower_bound":"NjgwMzU0Mzcy","upper_bound":"Njk1MjczNjEw","repeats":1},{"count":1352,"lower_bound":"Njk4MjQwNzg4","upper_bound":"NzExNTEzNjIw","repeats":1},{"count":1360,"lower_bound":"NzE1NDc4Mjc4","upper_bound":"NzQwMTY1OTE4","repeats":1},{"count":1368,"lower_bound":"NzQyNTM1MDAx","upper_bound":"NzYwODkxNDA0","repeats":1},{"count":1376,"lower_bound":"NzYxNzYzMDI1","upper_bound":"NzczNzI0ODg2","repeats":1},{"count":1384,"lower_bound":"Nzc5MDE4OTE1","upper_bound":"NzkzMDAzMzEx","repeats":1},{"count":1392,"lower_bound":"Nzk5OTE0OTY1","upper_bound":"ODE5NTI0MDk4","repeats":1},{"count":1400,"lower_bound":"ODIxMTAwMDkx","upper_bound":"ODM1Mzc2MTA1","repeats":1},{"count":1408,"lower_bound":"ODM2MzM4OTIz","upper_bound":"ODUxMDcwODk3","repeats":1},{"count":1416,"lower_bound":"ODU2OTkyMzEz","upper_bound":"ODY0Mjg5NjYy","repeats":1},{"count":1424,"lower_bound":"ODY5OTEyODcx","upper_bound":"ODc1NDAwMjE3","repeats":1},{"count":1432,"lower_bound":"ODg4MjM3Njg2","upper_bound":"OTA3NDk5MTM5","repeats":1},{"count":1440,"lower_bound":"OTA4NDE2MjU5","upper_bound":"OTM2NzQ5ODYx","repeats":1},{"count":1448,"lower_bound":"OTM4MDk1NjQ0","upper_bound":"OTUzOTg1Mzg3","repeats":1},{"count":1456,"lower_bound":"OTU1NDAwNjA5","upper_bound":"OTY1OTgxMTU4","repeats":1},{"count":1464,"lower_bound":"OTc3MjQxNjM0","upper_bound":"OTgyNjg3MzI2","repeats":1},{"count":1472,"lower_bound":"OTg5MDE0MTgw","upper_bound":"OTkzNTU0MjA5","repeats":1},{"count":1480,"lower_bound":"OTk5OTQ5MjI0","upper_bound":"MTAyODQ2MTQ5MA==","repeats":1},{"count":1488,"lower_bound":"MTAzMTA1MTE3MQ==","upper_bound":"MTA0Mzk0MTM1NQ==","repeats":1},{"count":1496,"lower_bound":"MTA0ODY2Mjk2Nw==","upper_bound":"MTA1OTI4MDI3MA==","repeats":1},{"count":1504,"lower_bound":"MTA2MDkzMTI4Ng==","upper_bound":"MTA3MzQxMzA3Ng==","repeats":1},{"count":1512,"lower_bound":"MTA4MTM0MTQ2Mg==","upper_bound":"MTA5MDgyODM5OA==","repeats":1},{"count":1520,"lower_bound":"MTA5MDk4MDgzOA==","upper_bound":"MTExMzA2MzY5NA==","repeats":1},{"count":1528,"lower_bound":"MTExNTgyNzYxNg==","upper_bound":"MTEzNTIzODExNA==","repeats":1},{"count":1536,"lower_bound":"MTEzNTUwNTQ4OA==","upper_bound":"MTE1OTc2Mzc0Nw==","repeats":1},{"count":1544,"lower_bound":"MTE2MTA1Njg2OQ==","upper_bound":"MTE3MDA0NjcwMw==","repeats":1},{"count":1552,"lower_bound":"MTE3MDM5MjM2NA==","upper_bound":"MTE4NDIzNTY0Ng==","repeats":1},{"count":1560,"lower_bound":"MTE4NTgzMTg2MQ==","upper_bound":"MTE5ODUzNTMyMg==","repeats":1},{"count":1568,"lower_bound":"MTE5OTU3NDM4Mg==","upper_bound":"MTIwNDQxODU4MA==","repeats":1},{"count":1576,"lower_bound":"MTIxMTA4MDU4NQ==","upper_bound":"MTIyNDE1MjYzMw==","repeats":1},{"count":1584,"lower_bound":"MTIzNTEzMDc5MQ==","upper_bound":"MTI0OTA5NTI3Mw==","repeats":1},{"count":1592,"lower_bound":"MTI1NDQwNjM5NQ==","upper_bound":"MTI2NjkzMDgwMQ==","repeats":1},{"count":1600,"lower_bound":"MTI3MTUyODE5MQ==","upper_bound":"MTI4MjQ1MTUyMA==","repeats":1},{"count":1608,"lower_bound":"MTI4NzM5Njk1MA==","upper_bound":"MTMwMDM3OTU0NA==","repeats":1},{"count":1616,"lower_bound":"MTMwMjY4ODk1OQ==","upper_bound":"MTMxOTA0OTQyOA==","repeats":1},{"count":1624,"lower_bound":"MTMyNDY4NTY2OA==","upper_bound":"MTM0NDc0ODg1MA==","repeats":1},{"count":1632,"lower_bound":"MTM0NTY2NDU4MA==","upper_bound":"MTM1NDkwNTI5Nw==","repeats":1},{"count":1640,"lower_bound":"MTM1NzcwMzQzMg==","upper_bound":"MTM2NDEzNjAxNw==","repeats":1},{"count":1648,"lower_bound":"MTM2Njg5ODYzNA==","upper_bound":"MTM3ODUyMjg1Mg==","repeats":1},{"count":1656,"lower_bound":"MTM4MTY3OTc4NQ==","upper_bound":"MTM5ODU5OTYyNA==","repeats":1},{"count":1664,"lower_bound":"MTQwMzIwMDUzNg==","upper_bound":"MTQwNTY0Mjg2NA==","repeats":1},{"count":1672,"lower_bound":"MTQxMTE3MTgyOA==","upper_bound":"MTQyNzAwODIwNQ==","repeats":1},{"count":1680,"lower_bound":"MTQzMzE3NTU1OQ==","upper_bound":"MTQ0Mjk0MDk1OQ==","repeats":1},{"count":1688,"lower_bound":"MTQ0NDUxMjk4OQ==","upper_bound":"MTQ1NjI1NTQxOQ==","repeats":1},{"count":1696,"lower_bound":"MTQ1ODcyNjU5Mw==","upper_bound":"MTQ2MjAxNjM2MQ==","repeats":1},{"count":1704,"lower_bound":"MTQ2NDM3MzU3OA==","upper_bound":"MTQ3NTg5NzEzNQ==","repeats":1},{"count":1712,"lower_bound":"MTQ4NDkxNDU2MQ==","upper_bound":"MTQ5ODQ2MzgwNg==","repeats":1},{"count":1720,"lower_bound":"MTUwMzM4MTcwMQ==","upper_bound":"MTUyNTY1NzI4Nw==","repeats":1},{"count":1728,"lower_bound":"MTUyNTY1NzczMA==","upper_bound":"MTUzOTY4MjM0NQ==","repeats":1},{"count":1736,"lower_bound":"MTUzOTg2NDE1Ng==","upper_bound":"MTU1MTQxMjg0NA==","repeats":1},{"count":1744,"lower_bound":"MTU1NTY3NjcwMQ==","upper_bound":"MTU2MzcwNDIzMQ==","repeats":1},{"count":1752,"lower_bound":"MTU2NjE1NjM0MA==","upper_bound":"MTU4OTUwODYyMA==","repeats":1},{"count":1760,"lower_bound":"MTU5MDE4NTE1Ng==","upper_bound":"MTYxMTQxNjMzOA==","repeats":1},{"count":1768,"lower_bound":"MTYxNTkyMTU2OA==","upper_bound":"MTYzMDQwMjc0Ng==","repeats":1},{"count":1776,"lower_bound":"MTYzOTI0MzU0NA==","upper_bound":"MTY0NDEwMTc4MQ==","repeats":1},{"count":1784,"lower_bound":"MTY0NDExMDU5MA==","upper_bound":"MTY1NzIzNDA0MA==","repeats":1},{"count":1792,"lower_bound":"MTY1OTUyNjQ1MQ==","upper_bound":"MTY4MDI5MjgwNQ==","repeats":1},{"count":1800,"lower_bound":"MTY4MTgxOTUwMw==","upper_bound":"MTY4NDIzMTA5MA==","repeats":1},{"count":1808,"lower_bound":"MTY5NDM4Nzc2OA==","upper_bound":"MTcyNjAzNzE3NA==","repeats":1},{"count":1816,"lower_bound":"MTczMzY3MTk3MA==","upper_bound":"MTc0MDMyMjc2NA==","repeats":1},{"count":1824,"lower_bound":"MTc0MTAzNTI2Ng==","upper_bound":"MTc0ODMxMjg4OA==","repeats":1},{"count":1832,"lower_bound":"MTc0OTE3OTk4Nw==","upper_bound":"MTc1NDkwMTI2MQ==","repeats":1},{"count":1840,"lower_bound":"MTc3MDQ1MDcyNg==","upper_bound":"MTc4Mzg4MDE4NA==","repeats":1},{"count":1848,"lower_bound":"MTc5NjIzNTgxNg==","upper_bound":"MTgyNjgwMzY0Mg==","repeats":1},{"count":1856,"lower_bound":"MTgzMTkxNDg0MA==","upper_bound":"MTg0NDE2NjU5Ng==","repeats":1},{"count":1864,"lower_bound":"MTg1MjgwOTc3Mg==","upper_bound":"MTg2NjMxNzAxMQ==","repeats":1},{"count":1872,"lower_bound":"MTg2NzgxMzc4MA==","upper_bound":"MTg3NDM0MDAxNA==","repeats":1},{"count":1880,"lower_bound":"MTg3NTA1MDU0OQ==","upper_bound":"MTg5MTQ5NTkyMA==","repeats":1},{"count":1888,"lower_bound":"MTg5MjgzMzk0Ng==","upper_bound":"MTkwMjY4NzcwNA==","repeats":1},{"count":1896,"lower_bound":"MTkwMzY3NzU5Ng==","upper_bound":"MTkyNDI0MTc4NQ==","repeats":1},{"count":1904,"lower_bound":"MTkyNzYwMTg1Mg==","upper_bound":"MTkzOTg3NTcxOA==","repeats":1},{"count":1912,"lower_bound":"MTk0ODM1NzI3NQ==","upper_bound":"MTk0OTkyNjQ2MQ==","repeats":1},{"count":1920,"lower_bound":"MTk1OTA1OTc2Ng==","upper_bound":"MTk3ODk2MDI5Mg==","repeats":1},{"count":1928,"lower_bound":"MTk4MDU2MzUzNg==","upper_bound":"MTk4NzgyMjkxNw==","repeats":1},{"count":1936,"lower_bound":"MTk4ODQzMzU5OQ==","upper_bound":"MjAxNzYyMTgwNA==","repeats":1},{"count":1944,"lower_bound":"MjAxODYyMTE1OA==","upper_bound":"MjAzMDk2NTg1OQ==","repeats":1},{"count":1952,"lower_bound":"MjAzNDQxNTYxOA==","upper_bound":"MjA1MTE0NjA5Nw==","repeats":1},{"count":1960,"lower_bound":"MjA1MjE5MjM4Nw==","upper_bound":"MjA2MjM4MjYyNQ==","repeats":1},{"count":1968,"lower_bound":"MjA2OTc0MTc2NQ==","upper_bound":"MjA4NjU2MzM3Mg==","repeats":1},{"count":1976,"lower_bound":"MjA4NzA3MTk3Mg==","upper_bound":"MjExMzkxMjIxMA==","repeats":1},{"count":1984,"lower_bound":"MjExODE3NDA1OA==","upper_bound":"MjEyMDEzNDEzMw==","repeats":1},{"count":1992,"lower_bound":"MjEyMDcyMjgwOA==","upper_bound":"MjEyODM4MzQ2MA==","repeats":1},{"count":2000,"lower_bound":"MjEyODU4NzMwNg==","upper_bound":"MjE0MzczNDIzMw==","repeats":1}]},"cm_sketch":{"rows":[{"counters":[1,1,3,1,0,1,0,0,1,1,0,2,0,1,1,2,0,1,0,1,2,2,2,1,0,0,1,1,0,0,0,0,1,2,1,1,2,0,0,0,1,1,2,2,1,1,1,1,1,4,2,1,1,0,0,1,1,2,0,1,2,0,0,1,0,2,1,1,0,0,0,1,1,1,1,0,1,0,1,2,1,2,3,0,0,0,1,1,4,1,2,0,1,1,1,0,1,1,0,2,2,0,2,0,3,0,0,2,0,0,1,0,1,1,0,1,1,1,0,0,0,1,2,0,1,0,1,1,0,0,1,4,1,1,1,1,0,1,1,0,1,1,0,1,3,1,2,0,0,2,1,0,3,1,2,0,2,1,2,0,0,1,1,2,0,1,0,0,0,2,1,1,0,0,0,1,1,0,2,1,1,2,0,0,0,0,0,0,1,1,2,1,1,0,1,2,0,0,2,2,0,3,0,1,0,2,1,3,1,0,2,1,1,4,0,0,4,1,2,1,1,1,2,2,2,0,1,1,1,3,2,2,3,1,1,3,3,0,3,1,1,2,2,1,3,1,0,0,1,2,0,0,2,2,2,3,1,0,2,0,0,2,0,2,0,0,1,1,0,1,0,1,0,1,0,2,1,2,1,0,2,1,1,3,0,2,0,1,2,0,1,1,0,1,2,1,2,2,0,3,3,3,2,4,3,0,0,0,2,2,1,2,0,1,1,2,0,0,2,3,0,0,2,1,0,1,1,1,2,1,2,2,2,0,0,2,1,2,1,3,0,2,1,2,1,2,2,0,3,0,2,1,1,0,0,2,0,0,1,0,0,1,0,2,3,1,1,1,0,2,0,0,1,2,0,2,1,1,0,1,1,2,2,1,0,0,0,0,2,1,1,0,1,2,0,0,0,2,1,2,0,1,2,1,0,1,1,2,1,0,4,1,1,2,0,1,1,3,1,1,1,0,0,4,0,4,0,0,1,0,0,1,0,2,0,0,0,2,1,0,1,2,0,1,0,2,2,2,0,2,0,2,0,2,0,0,2,1,0,0,1,1,0,1,3,3,1,1,1,0,0,1,1,2,1,1,1,1,2,3,0,2,0,0,1,0,3,3,1,1,3,1,0,0,0,0,2,0,5,1,2,1,1,1,2,1,2,0,1,1,2,3,0,0,0,0,0,1,1,1,0,1,1,2,0,2,1,2,2,0,0,1,2,2,0,0,1,1,1,0,0,1,3,0,0,1,0,3,0,2,0,2,1,1,0,0,1,1,0,1,1,1,0,1,1,0,0,2,1,0,2,2,1,1,0,0,1,0,0,0,0,0,0,0,0,2,0,0,0,2,1,0,1,0,2,1,2,1,2,1,1,1,3,0,0,1,0,1,2,0,1,1,1,1,0,0,2,0,0,1,2,1,1,0,0,0,0,1,1,0,0,0,1,2,4,2,1,0,0,0,4,0,0,0,1,1,1,0,0,1,0,0,1,0,2,0,3,1,1,4,0,2,2,2,1,1,2,0,1,0,1,3,1,1,2,2,1,1,0,0,0,1,1,1,2,0,2,3,1,0,3,0,2,1,3,0,2,0,0,1,0,1,1,2,0,0,1,0,0,2,1,0,2,1,0,0,0,2,1,3,1,1,0,2,1,0,0,0,1,1,3,1,1,2,1,1,1,1,0,1,2,2,0,1,0,0,0,2,0,0,3,0,2,1,1,1,2,0,0,0,0,1,2,1,2,1,1,0,0,2,1,1,0,1,2,0,1,1,1,2,0,0,0,0,2,0,0,1,0,0,2,1,0,1,0,0,0,2,0,2,1,2,0,2,1,0,0,1,0,0,1,4,1,1,1,0,1,4,1,2,0,0,0,2,2,1,2,1,2,2,0,1,0,1,0,1,1,1,1,0,1,0,3,1,3,2,0,1,0,3,1,0,1,2,2,1,2,0,0,0,0,2,1,3,1,2,0,1,0,3,0,1,1,2,1,2,1,1,1,4,1,0,1,3,1,0,0,0,1,1,1,0,1,1,1,2,1,1,0,1,5,0,0,1,0,1,0,1,1,3,0,1,1,1,1,0,0,0,3,0,2,2,1,0,0,1,0,1,3,1,0,1,2,2,1,0,1,1,0,0,0,0,1,1,2,1,1,0,2,3,1,3,1,2,0,1,0,1,0,4,1,1,0,1,0,1,2,0,2,0,1,1,0,3,0,1,0,1,2,1,4,0,2,2,3,0,1,1,1,2,1,1,0,0,0,2,2,2,3,2,1,0,0,2,0,3,2,1,1,1,1,1,1,0,1,1,1,1,1,0,1,0,0,1,3,2,2,3,2,1,1,1,0,0,0,0,1,1,2,0,0,3,0,3,1,1,0,1,0,1,0,1,3,1,2,1,1,0,1,3,1,1,0,0,0,1,1,2,1,1,0,2,1,1,2,0,0,0,0,1,0,0,1,0,0,1,2,2,0,0,1,0,1,2,2,0,1,1,2,1,3,4,1,1,0,0,2,1,1,0,0,1,2,1,1,0,1,0,0,2,1,0,1,1,2,0,0,1,0,2,2,1,2,1,1,1,1,1,0,1,2,2,0,0,3,0,0,1,1,0,0,0,1,1,0,1,0,1,0,0,0,0,0,0,2,0,2,0,1,1,2,1,0,0,1,0,0,1,0,0,1,1,2,1,1,0,0,0,3,2,3,1,2,2,1,3,3,1,0,1,1,0,0,1,4,0,1,1,1,0,1,0,0,0,0,2,0,2,1,0,1,3,0,0,0,1,1,0,0,3,2,0,1,0,2,3,0,4,0,2,2,2,1,1,0,2,1,3,2,1,0,3,1,0,2,0,1,1,1,0,3,0,0,4,2,1,0,0,0,0,3,3,0,3,1,0,1,2,0,1,1,1,0,2,0,1,2,3,2,2,0,0,0,0,1,1,0,1,3,0,1,0,0,0,0,2,0,1,3,1,0,0,2,0,3,1,1,1,0,1,1,1,0,0,1,1,0,0,1,2,1,0,1,2,1,2,0,0,0,0,2,2,1,1,1,0,0,0,0,5,2,2,1,1,0,1,3,1,0,0,1,2,1,0,0,3,2,0,1,2,0,0,0,1,3,2,2,1,0,2,2,4,1,0,0,1,2,0,2,0,1,2,1,0,0,0,1,0,0,2,0,2,1,0,0,0,2,3,2,2,0,2,1,0,0,0,3,1,2,3,0,1,1,0,0,0,1,2,2,2,2,1,1,3,1,0,1,2,2,0,1,1,2,3,1,2,2,0,0,3,2,1,2,0,2,0,0,0,0,0,0,1,0,0,1,1,1,2,1,1,2,1,1,1,0,1,1,1,2,0,2,2,1,1,2,1,0,2,2,0,1,0,0,0,1,1,0,0,2,1,0,1,0,1,0,1,1,1,1,0,0,0,1,0,0,0,0,0,1,3,1,1,1,0,0,0,0,2,0,3,0,1,1,1,2,3,1,0,0,1,2,3,5,1,0,0,1,1,2,3,1,0,0,1,0,3,0,2,1,0,0,3,3,1,1,1,3,1,2,0,0,0,0,1,1,1,0,1,2,1,1,2,1,2,2,0,0,0,0,1,2,2,1,0,0,0,1,0,2,0,1,0,1,1,3,0,2,1,0,1,1,0,5,1,1,0,0,1,0,1,0,0,3,1,2,1,2,0,0,3,1,1,1,0,2,1,0,0,0,0,1,1,2,0,3,2,2,0,1,2,0,1,1,1,3,3,0,1,2,1,1,2,1,0,1,0,0,0,0,2,0,0,1,1,0,1,1,0,1,0,4,0,0,1,1,3,1,1,1,0,0,0,2,2,0,2,0,1,1,2,1,1,2,0,3,0,2,3,0,0,1,1,0,1,4,1,0,2,0,0,2,1,1,3,0,0,1,2,1,0,0,1,1,0,1,0,1,1,1,1,1,2,0,0,0,1,1,0,1,1,1,1,0,1,2,0,1,1,0,2,0,0,2,3,1,2,3,3,0,0,2,1,0,1,1,2,0,1,0,0,0,1,0,1,0,3,3,0,1,0,1,0,0,1,1,1,1,0,2,1,1,1,0,0,2,0,0,1,0,0,1,3,0,3,0,1,3,1,2,0,3,1,2,1,0,3,2,1,1,0,0,0,0,0,2,2,1,1,0,1,3,0,0,2,1,0,1,1,0,0,0,1,1,2,3,1,0,0,2,1,0,1,2,0,2,0,2,0,1,0,1,0,0,0,3,0,3,0,0,0,1,1,0,0,0,2,1,0,0,0,0,0,2,0,1,1,0,1,1,1,1,1,2,2,0,1,0,0,1,1,2,3,0,1,0,0,2,1,0,1,1,1,0,0,0,2,0,1,0,0,0,1,0,1,1,2,1,0,2,1,0,0,1,3,0,0,1,1,0,2,0,3,0,0,2,1,1,0,1,1,1,0,1,1,0,1,1,1,0,0,1,4,1,1,3,2,0,0,0,4,1,0,1,2,2,2,1,0,1,1,0,1,0,0,1,1,1,0,0,1,1,0,3,0,1,0,0,1,1,1,0,1,1,0,0,1,2,0,1,0,1,1,1,0,1,1,0,1,0,0,2,3,1,1,1,0,0,0,1,1,2,0,1,2,0,1,1,0]},{"counters":[1,1,3,1,0,0,0,0,1,0,0,0,2,1,1,1,2,0,0,2,3,1,2,2,1,0,0,0,2,1,1,0,0,1,0,2,0,2,1,0,0,1,1,1,2,0,1,1,1,0,3,1,1,0,1,3,0,0,1,1,2,1,1,2,1,0,2,1,1,2,2,0,0,1,1,0,0,2,0,1,1,2,1,1,1,2,2,2,1,0,0,1,1,1,0,0,1,2,1,1,1,0,2,2,4,2,1,1,1,1,2,0,1,0,2,1,0,0,0,2,0,2,2,2,1,2,0,1,3,1,1,3,0,0,1,1,0,3,0,1,3,2,1,2,0,0,0,3,2,1,0,2,1,0,0,4,0,0,0,1,2,0,0,1,2,0,0,3,0,2,0,1,0,1,2,0,1,1,0,1,1,1,0,2,0,1,4,1,0,0,0,0,0,0,2,0,0,1,1,1,0,2,1,0,1,2,2,0,0,0,1,1,2,2,2,0,1,2,0,0,1,4,2,2,3,0,1,2,0,2,2,3,0,5,0,0,2,1,1,1,0,0,1,1,1,0,1,2,1,0,0,0,0,1,3,1,1,0,2,1,1,1,1,0,2,1,0,1,0,0,2,2,0,0,0,2,1,0,1,2,1,1,1,2,0,3,1,0,0,1,2,0,1,1,1,1,2,2,1,1,1,1,0,0,4,1,0,2,0,0,0,1,1,1,1,1,2,1,2,0,0,0,1,0,1,1,1,2,0,0,0,1,0,1,1,1,3,4,0,2,1,0,0,3,2,0,2,0,2,3,2,1,2,1,1,0,0,0,1,1,0,0,4,0,0,1,3,1,1,1,0,1,2,1,1,0,1,0,0,0,1,0,0,1,2,0,2,0,1,3,1,2,0,2,1,2,1,0,1,0,4,0,0,1,2,0,1,0,1,0,0,2,2,1,1,0,1,3,1,1,0,2,2,0,1,1,1,2,1,1,1,0,3,4,0,0,1,3,1,1,0,0,3,1,0,3,0,0,2,2,1,1,2,1,0,1,0,0,0,0,1,0,0,2,2,1,1,1,0,1,0,0,1,2,2,2,2,1,1,2,0,5,1,2,0,0,0,0,0,4,0,0,0,1,0,0,0,0,0,3,1,0,0,1,0,0,0,4,1,1,0,3,1,3,0,3,0,1,2,1,0,0,1,0,0,2,2,0,0,0,0,0,2,0,1,0,0,2,1,1,0,1,1,0,2,1,1,2,1,2,1,2,1,2,0,1,2,2,0,1,0,1,1,1,2,2,3,1,1,0,1,0,3,3,0,1,0,0,1,2,2,0,1,0,0,1,2,0,2,0,0,0,3,0,3,0,1,0,2,2,2,2,0,1,0,1,3,1,2,0,0,0,1,0,1,2,1,0,0,0,2,0,2,0,0,0,0,0,0,3,0,1,0,2,0,1,3,0,0,2,2,0,3,0,0,2,1,1,1,0,3,1,0,1,0,1,2,1,2,2,0,1,0,1,2,1,0,2,3,4,0,0,0,1,1,0,1,0,1,2,1,1,2,2,2,2,0,0,0,0,1,1,0,1,2,0,3,3,1,0,0,0,2,0,2,0,0,1,0,1,0,0,1,0,3,0,1,1,0,2,1,2,2,4,0,2,1,0,0,1,1,0,0,0,2,1,1,0,1,4,0,0,1,0,0,0,0,2,1,2,1,0,1,1,2,3,1,1,0,1,1,0,2,0,1,1,1,1,2,0,1,0,1,0,1,1,1,2,1,3,0,2,1,0,1,2,1,2,0,0,1,1,0,1,3,1,1,2,0,0,2,1,1,0,1,1,0,0,2,3,2,0,0,2,0,0,3,0,0,1,0,2,0,4,0,1,2,0,0,1,3,3,0,0,0,4,1,0,0,1,0,0,1,0,0,1,0,0,3,0,1,3,1,0,2,2,2,0,1,0,1,0,3,1,1,0,1,1,2,1,3,2,0,2,0,2,0,2,0,0,0,1,2,0,3,4,0,0,0,0,0,1,2,3,2,2,1,0,0,1,0,1,1,0,0,3,1,0,1,3,4,0,3,1,2,1,1,0,1,1,0,1,3,0,0,0,1,2,1,0,1,1,3,0,1,0,5,1,2,1,0,1,1,0,0,1,0,1,0,0,1,1,0,2,0,1,1,2,0,0,0,3,0,0,1,0,2,2,0,0,1,1,1,0,0,0,0,0,1,0,2,2,1,2,2,1,0,2,2,1,0,3,4,1,2,1,0,1,1,1,0,2,1,0,3,2,0,1,1,0,1,1,0,0,0,1,1,1,0,1,0,0,1,0,0,1,2,1,0,0,0,2,1,1,3,1,1,1,0,2,1,2,2,2,0,0,1,2,2,1,1,0,3,1,0,2,2,1,1,2,0,4,2,0,0,1,2,1,2,0,2,2,1,1,0,2,1,0,0,1,1,0,0,1,1,0,0,0,1,3,1,1,1,0,0,1,2,0,0,3,3,1,0,0,1,1,0,1,1,2,0,0,0,0,2,1,0,1,0,0,0,0,2,1,0,0,1,1,0,1,1,1,2,0,0,1,2,1,1,2,0,1,0,1,0,2,3,2,1,0,3,0,0,0,0,1,1,3,0,1,2,1,1,0,0,2,1,2,0,0,0,3,0,0,1,1,0,0,4,0,1,1,1,0,1,1,0,1,2,1,2,0,1,2,0,1,0,1,2,1,0,1,0,1,2,2,1,0,1,3,1,1,1,0,2,0,0,0,1,2,1,2,2,1,0,0,0,3,0,2,1,1,1,1,1,0,2,3,0,0,3,0,2,2,0,1,1,2,0,1,1,2,0,2,3,0,3,0,0,2,4,2,0,3,0,1,0,1,1,1,1,1,2,0,1,1,1,0,0,0,0,0,0,2,0,2,0,2,0,3,0,0,0,0,0,3,2,2,2,0,0,2,1,1,3,1,1,3,0,0,1,0,1,1,2,1,0,2,0,0,1,0,1,0,1,2,1,1,2,3,3,0,1,0,0,2,0,0,0,1,0,0,1,1,1,0,0,2,0,1,0,0,0,0,0,0,0,1,0,0,0,0,0,2,0,1,0,1,1,0,0,1,1,1,1,2,0,1,0,0,1,0,1,0,1,1,0,1,0,0,0,2,1,2,1,1,0,1,0,0,0,0,1,1,1,0,0,0,0,3,1,0,3,0,1,2,0,2,2,1,0,0,0,2,0,0,1,2,1,1,0,5,1,3,0,2,1,3,1,2,1,0,3,1,1,0,1,1,1,1,0,2,1,0,0,0,0,1,1,0,1,0,1,0,1,2,1,3,0,2,1,0,1,2,1,1,1,3,2,0,3,2,1,0,1,0,1,2,1,0,0,1,0,1,2,2,1,3,0,4,1,1,1,1,0,1,1,0,0,3,2,1,3,0,0,1,1,1,0,0,1,3,0,2,0,1,1,1,1,0,1,0,2,3,1,0,1,1,1,0,1,0,1,0,2,1,0,2,0,0,1,1,1,3,1,3,3,0,2,0,1,0,4,1,2,1,4,0,1,0,0,2,2,0,0,0,1,2,0,1,1,1,1,1,1,0,0,1,1,0,0,2,1,0,1,1,0,1,0,0,0,0,0,0,1,2,0,1,1,1,0,1,0,0,0,1,0,2,1,0,1,0,2,0,0,0,0,1,0,0,1,0,3,0,0,1,0,1,2,2,2,0,1,0,1,0,1,1,1,0,0,1,0,0,0,1,1,0,0,1,1,1,0,3,3,0,2,1,0,0,0,3,0,0,3,1,1,0,1,2,2,1,1,0,1,0,0,0,0,0,1,0,1,0,1,2,1,2,1,1,1,0,1,0,1,0,0,1,1,1,2,1,1,2,1,2,1,0,0,1,1,3,2,1,1,1,0,1,1,0,1,0,2,1,0,1,3,2,0,0,0,1,2,1,2,1,1,0,2,1,1,0,3,1,2,1,1,3,1,2,0,1,0,0,0,0,1,1,2,0,1,1,3,1,1,1,1,1,2,2,1,0,2,2,0,0,1,0,3,2,1,2,0,1,0,0,0,1,0,2,0,0,1,1,2,1,2,1,0,1,1,0,0,2,0,2,1,2,2,1,2,0,1,1,0,1,1,0,2,0,0,3,1,2,1,3,1,2,0,5,0,2,1,0,3,2,3,2,0,0,0,0,1,0,1,0,0,1,2,1,0,1,0,0,2,2,4,1,1,2,2,0,0,1,0,0,1,2,0,1,2,0,1,1,2,0,1,0,3,4,2,0,1,1,1,1,1,1,0,2,0,0,0,0,1,0,1,2,1,1,0,2,2,3,0,1,3,1,1,3,0,0,3,1,2,0,1,0,2,4,2,2,1,0,0,3,4,3,1,0,0,0,2,0,3,1,0,2,1,0,4,0,0,0,1,1,7,1,0,1,0,0,1,1,0,0,1,1,1,3,2,1,1,2,1,1,1,1,1,1,0,0,0,1,1,2,1,1,2,0,0,1,1,0,0,1,2,1,0,0,3,0,2,0,0,2,0,0,0,0,1,2,1,1,0,1,2,1,2,3,2,0,1,1,1,3,3,0,0,2,1,0,0,3,0,0,2,2,1,5,2,1,3,2,0,0,0,1]},{"counters":[0,1,2,1,0,1,2,1,2,3,1,1,0,1,1,1,0,0,0,2,3,0,1,0,2,2,0,0,1,0,0,2,3,1,1,0,0,1,0,0,2,0,1,1,1,0,2,1,0,1,1,1,2,2,1,0,1,1,0,2,2,2,1,1,0,0,2,1,0,0,0,1,1,1,1,1,2,1,0,1,0,1,1,2,1,1,1,1,0,1,2,0,1,0,1,1,1,1,2,1,1,1,1,3,0,1,0,0,1,1,0,1,1,2,0,0,1,1,3,0,2,0,2,1,0,0,0,0,1,0,2,1,0,3,1,2,1,2,1,3,1,1,1,2,1,0,3,0,0,1,0,0,0,0,0,1,0,1,2,1,0,1,0,2,0,0,0,0,0,0,2,0,0,1,1,0,0,0,2,0,0,0,1,0,1,2,1,1,1,1,1,2,1,0,1,2,0,0,0,1,1,1,0,0,3,1,0,0,2,1,0,0,0,1,0,2,0,1,1,1,2,0,0,2,0,2,0,1,0,0,1,0,0,1,0,1,3,2,1,1,2,0,1,0,0,1,0,1,1,2,0,1,2,2,0,0,0,0,0,1,0,3,2,1,2,2,2,0,4,1,0,2,1,0,0,1,0,2,2,2,0,0,0,0,1,1,0,1,0,1,0,1,0,2,1,2,3,2,0,1,0,2,1,0,2,2,1,1,1,0,0,0,0,0,1,0,0,2,1,0,0,0,1,1,1,0,1,0,3,0,0,0,0,2,1,0,1,0,1,0,1,2,1,1,1,1,4,2,2,0,0,0,0,0,2,0,2,0,4,1,0,4,1,1,2,3,1,0,0,2,0,2,2,1,0,0,1,2,1,1,2,1,2,0,0,0,0,2,1,2,0,0,0,1,1,2,2,3,0,4,0,2,0,0,0,0,0,1,0,0,0,1,2,0,2,0,1,1,0,4,3,2,1,2,0,2,3,0,1,1,0,0,1,2,1,0,1,0,2,0,0,1,0,2,1,0,1,0,0,1,0,1,1,1,1,0,1,0,1,0,1,1,1,0,2,0,0,2,0,1,0,2,1,0,1,0,1,3,1,1,1,0,2,1,2,0,0,0,1,0,2,1,1,2,0,2,1,0,2,0,0,2,4,3,1,0,2,1,0,0,0,1,1,1,1,2,0,0,0,1,0,2,1,1,0,1,1,0,1,1,0,0,0,1,0,2,2,2,1,1,0,0,3,0,0,1,2,1,0,0,1,0,1,2,1,4,0,0,0,2,2,0,1,3,0,1,1,2,1,1,1,0,0,0,1,1,0,1,1,0,0,0,1,0,1,1,2,0,0,2,0,1,2,1,0,4,3,0,1,2,2,1,0,0,0,3,0,0,1,2,1,3,2,1,0,4,0,0,2,0,1,0,1,0,0,0,0,3,1,2,0,1,2,1,2,1,0,1,1,1,3,1,1,0,0,2,2,0,0,2,1,4,1,5,1,1,0,0,0,0,0,2,1,1,0,0,2,0,3,0,0,2,1,2,1,1,1,1,2,1,1,0,2,1,0,1,0,1,0,1,0,1,2,1,1,1,2,0,3,2,4,0,0,0,0,3,3,1,3,0,3,1,0,3,0,2,1,1,2,2,2,2,1,0,1,0,0,1,3,0,0,2,1,1,2,2,1,1,2,0,0,0,2,0,0,2,0,0,0,1,0,0,0,1,1,1,0,0,2,2,1,2,2,0,2,3,2,1,1,2,0,0,4,0,0,1,1,0,0,1,1,1,2,0,1,1,1,1,0,0,3,0,3,1,2,1,0,2,0,0,0,1,0,0,0,0,0,2,1,0,2,0,4,1,0,1,3,1,0,0,0,2,0,0,1,0,1,0,0,0,3,0,1,0,1,1,1,1,1,2,2,0,3,0,0,2,0,1,0,2,0,2,2,1,2,2,1,0,1,2,3,2,0,1,2,0,3,1,1,3,2,1,1,1,0,0,2,2,0,0,1,0,0,3,1,2,1,1,1,0,3,1,0,1,0,0,2,1,1,0,0,1,0,2,1,0,1,3,2,2,0,1,1,1,1,2,1,0,1,0,0,0,1,0,0,2,1,1,2,1,0,0,1,1,1,1,1,1,2,0,3,1,1,1,0,0,1,0,2,4,1,0,2,2,0,1,0,0,1,2,2,0,2,2,0,2,0,1,1,1,3,3,2,1,1,1,0,2,2,1,0,2,0,3,2,2,3,4,3,1,2,3,0,1,1,1,1,2,1,0,2,1,1,0,1,1,1,0,0,2,1,0,2,0,1,3,1,2,0,2,1,1,1,0,3,0,0,3,0,0,0,1,1,1,2,1,0,0,2,2,2,0,0,1,1,1,0,3,1,1,0,2,1,3,1,1,0,2,2,1,0,1,0,1,1,2,1,2,0,1,1,0,1,1,0,1,2,1,1,1,0,0,0,1,0,1,1,2,2,2,1,2,0,1,1,0,0,2,0,1,0,2,2,2,1,1,2,0,0,0,0,2,3,2,1,3,0,0,1,1,1,0,0,0,0,1,1,1,0,2,4,1,0,0,1,0,0,2,0,1,2,0,1,1,0,1,0,1,1,0,0,0,1,1,4,3,1,1,2,3,0,4,2,0,0,2,0,0,1,1,3,0,3,2,1,2,0,2,3,1,1,0,0,1,0,1,2,1,2,1,1,0,0,2,1,0,1,2,2,1,3,2,0,0,0,3,0,1,1,0,0,0,0,2,0,2,0,0,1,0,1,2,0,0,3,3,0,2,2,1,1,1,0,3,0,2,2,3,2,0,0,2,2,1,1,0,1,1,2,1,0,1,1,1,0,2,0,1,2,3,2,1,0,0,0,0,1,0,0,0,0,0,0,0,2,2,2,1,2,3,0,1,1,3,1,1,1,1,2,1,2,0,0,2,0,0,1,0,0,1,1,1,1,1,0,3,0,0,0,0,2,2,0,0,1,0,0,0,4,0,0,1,1,0,1,1,1,0,1,3,1,0,2,3,0,0,0,2,0,0,0,3,1,0,3,0,1,2,0,1,2,0,2,1,0,1,1,0,0,0,1,0,0,0,0,0,3,1,1,0,0,1,0,0,1,1,2,0,2,1,1,2,1,1,0,0,0,0,2,0,0,1,1,1,0,0,1,2,0,0,1,1,2,2,1,0,2,2,2,3,2,3,2,0,1,0,0,1,1,1,1,1,1,0,0,2,1,1,2,0,1,0,0,0,1,0,0,0,0,1,0,0,1,2,1,1,1,0,0,0,0,1,0,1,2,1,3,1,1,2,1,1,0,0,0,2,0,1,2,0,1,3,1,1,3,1,0,0,1,0,1,1,1,0,0,2,0,0,3,2,2,4,1,0,0,0,0,3,0,0,2,1,0,1,1,2,2,3,1,3,0,1,0,4,1,1,1,0,2,0,1,4,0,2,1,2,0,3,2,2,1,3,0,1,0,0,0,0,2,2,0,1,0,1,1,1,0,0,1,2,2,0,0,1,0,1,0,1,1,2,2,0,3,1,1,2,0,0,0,0,1,0,1,0,0,1,1,0,1,1,2,0,2,3,3,1,1,2,2,0,4,1,1,2,0,0,0,0,0,0,0,0,1,0,0,0,1,1,1,0,1,1,2,0,1,2,1,1,1,1,1,2,1,0,0,2,1,1,0,0,0,1,0,2,1,0,0,3,1,0,0,2,0,1,1,0,0,3,1,1,2,3,2,0,2,1,1,4,1,0,2,1,3,2,1,1,1,0,2,0,1,0,1,2,1,0,0,0,1,1,0,0,2,2,1,0,1,2,1,2,0,1,2,0,2,1,0,1,5,1,0,3,1,5,0,1,0,3,1,0,1,1,1,0,2,0,1,0,2,0,1,1,0,0,1,0,0,1,0,2,3,1,2,1,1,1,1,0,1,1,0,0,1,0,2,2,1,1,2,1,1,1,0,2,2,0,1,1,0,2,2,2,2,2,0,0,1,1,1,1,0,0,0,3,0,2,0,1,2,0,0,0,0,3,1,3,1,2,0,1,0,3,1,1,2,1,1,2,0,1,2,1,0,0,0,3,0,0,5,0,3,1,2,0,1,0,0,0,0,4,0,0,1,1,1,2,0,1,0,2,2,1,2,0,1,0,0,1,2,2,1,1,3,0,1,1,1,1,1,3,1,1,0,1,2,0,2,2,2,2,1,2,0,1,1,1,2,0,2,1,0,1,1,0,0,2,4,1,2,2,1,1,3,1,1,1,1,1,0,1,2,1,1,0,2,3,1,0,1,1,2,0,0,0,2,3,1,0,1,0,3,0,2,2,0,0,0,1,3,1,0,3,1,1,1,0,1,0,1,1,2,3,1,0,1,0,2,1,2,1,3,0,1,1,0,0,0,0,2,2,0,1,1,0,1,1,0,0,0,1,1,0,2,0,1,2,1,0,0,1,0,0,1,1,2,2,0,0,1,1,3,0,0,1,0,2,2,1,0,1,0,0,1,3,1,0,4,4,1,2,1,0,0,0,1,1,0,1,2,1,2,0,0,2,1,0,0,2,3,1,2,0,0,0,1,0,1,0,0,1,1,1,0,1,0,1,1,0,1,1,0,1,4,0,0,0,1,2]},{"counters":[0,0,1,0,0,0,1,0,1,0,3,1,2,0,1,2,0,1,1,1,0,0,1,0,0,2,0,1,1,3,1,0,0,0,0,0,0,0,0,0,1,0,1,0,0,0,1,1,3,1,0,1,3,2,0,3,1,0,1,1,1,0,0,1,1,0,1,0,0,1,1,1,0,3,0,1,1,1,0,1,1,1,1,3,1,0,0,1,2,1,0,1,0,1,0,2,1,1,0,0,1,2,1,1,2,4,0,1,3,1,3,1,0,2,0,1,3,2,1,0,2,2,2,2,0,3,2,2,3,1,1,0,1,1,0,0,1,0,1,0,2,2,1,0,0,0,2,1,0,0,0,0,0,2,2,1,1,0,0,2,0,1,0,0,0,0,1,0,1,0,0,1,1,1,0,0,1,1,2,0,0,0,0,0,2,1,2,2,0,1,1,1,1,1,0,1,3,1,1,1,1,0,1,0,1,0,1,1,1,1,0,0,0,0,1,1,0,0,3,1,0,3,0,2,1,0,2,2,1,1,2,1,0,0,1,0,0,1,1,1,0,2,0,2,2,2,0,0,2,2,0,1,3,0,0,2,1,2,2,1,1,0,1,1,0,0,0,1,0,1,1,0,0,3,1,2,0,1,1,1,3,0,2,2,2,1,0,4,1,1,0,1,0,0,3,2,2,1,3,1,2,1,1,2,1,2,0,0,0,1,0,1,0,1,1,0,1,0,1,0,0,1,1,0,0,0,1,1,1,1,2,2,0,1,0,0,1,1,0,2,4,2,0,1,0,0,2,3,1,0,0,1,0,3,4,2,0,3,1,0,1,1,1,1,0,0,0,1,2,0,1,1,1,3,1,1,0,1,0,1,3,1,0,1,1,0,1,0,0,2,3,0,1,1,1,1,1,5,0,0,0,0,3,2,0,1,0,0,3,2,0,2,1,0,0,2,0,3,3,2,3,0,0,2,0,0,2,1,2,0,0,2,3,2,3,1,1,1,0,0,1,0,2,2,1,1,0,1,3,2,1,1,3,3,0,1,2,1,3,1,1,1,1,2,2,0,2,1,1,0,1,1,0,1,1,1,1,0,0,1,3,1,2,0,1,1,1,0,1,1,0,0,0,1,1,1,0,2,2,3,3,0,2,2,0,2,0,0,1,1,1,0,1,0,1,0,1,0,1,1,0,0,0,1,0,0,1,0,1,0,1,0,0,1,2,0,0,0,1,1,1,1,0,1,1,1,2,0,1,0,3,0,1,1,0,0,0,1,3,2,1,1,1,0,1,0,1,0,1,0,1,0,1,1,2,4,2,1,1,1,1,1,0,0,1,0,0,1,0,2,1,1,0,2,0,0,0,0,4,0,1,1,3,1,0,0,0,0,1,1,1,0,1,3,0,2,1,3,1,0,2,2,0,2,1,1,0,1,1,0,1,2,1,1,0,1,0,0,1,2,1,2,2,2,0,1,1,1,0,1,1,0,0,0,0,0,1,2,1,0,1,1,0,0,0,2,1,1,0,2,1,1,0,0,2,0,1,0,0,0,0,0,1,1,1,0,1,0,0,2,0,0,1,0,5,2,0,0,1,2,1,3,0,1,1,2,1,0,0,1,2,1,1,0,0,0,0,1,1,1,0,1,0,3,2,0,0,0,1,1,0,0,0,0,0,2,1,0,1,0,4,4,3,2,0,1,0,3,1,1,2,1,0,0,0,0,0,1,1,2,4,0,1,1,2,1,2,1,0,1,1,0,0,1,2,0,1,0,1,0,0,1,2,2,0,1,2,0,1,1,3,3,2,1,1,1,0,0,2,0,0,1,0,0,1,2,2,1,1,0,1,0,0,0,2,2,1,0,0,0,0,1,0,1,0,0,0,1,2,0,3,1,2,0,0,0,1,2,1,2,1,1,1,0,0,1,1,1,0,0,1,0,0,2,2,0,2,0,0,1,0,0,0,2,0,0,0,1,2,1,1,2,1,1,1,1,2,1,0,2,1,0,2,0,0,1,2,2,1,3,0,0,1,0,0,0,0,3,2,1,0,2,1,2,0,0,1,2,0,1,2,0,2,0,1,1,0,1,4,0,2,2,2,0,0,1,0,0,2,2,2,2,0,1,1,2,1,1,0,2,2,1,0,2,0,1,3,1,1,0,3,1,0,2,0,2,2,0,0,0,1,0,4,0,0,0,2,0,0,3,2,0,0,0,1,1,0,0,0,0,0,0,1,1,0,0,0,0,1,0,1,2,0,1,0,2,0,3,1,0,0,1,0,0,0,0,1,1,1,3,0,0,2,1,2,0,1,1,0,1,0,2,0,0,1,1,4,1,0,1,0,1,2,3,1,0,0,0,1,1,3,2,0,0,1,1,1,1,0,2,1,5,1,1,3,0,1,0,0,1,0,1,0,0,1,0,2,0,0,1,1,1,2,4,4,1,1,0,0,1,0,1,0,0,1,2,2,0,0,1,0,2,3,0,2,1,0,0,1,2,4,0,2,1,2,2,1,1,2,0,0,0,0,0,2,0,0,0,1,0,2,3,1,0,2,1,0,0,0,1,0,1,2,0,0,0,0,0,2,0,1,0,0,1,0,0,1,1,0,0,1,2,1,1,1,0,0,2,0,1,0,1,0,0,1,2,1,0,1,1,1,2,1,1,2,1,2,0,2,1,1,1,0,1,0,1,1,1,1,0,0,2,0,2,1,2,1,2,1,5,1,0,1,1,1,1,0,2,0,1,2,1,0,3,1,0,1,1,0,3,0,2,1,2,1,3,2,0,0,0,0,2,0,0,1,1,0,0,1,1,3,0,1,0,1,1,0,0,2,0,2,1,0,1,0,1,0,0,3,0,2,3,0,1,0,0,1,0,2,2,1,2,1,4,0,1,2,0,1,1,2,2,1,0,1,2,1,2,1,0,1,1,2,0,1,1,1,2,1,0,1,2,0,1,2,1,0,1,0,1,0,0,3,2,2,1,1,1,2,1,1,2,1,0,2,3,0,0,0,4,1,1,0,1,2,0,2,1,1,1,0,0,0,0,1,2,0,1,1,1,0,1,1,1,2,1,0,1,1,0,2,1,1,2,2,1,4,0,3,1,1,2,0,0,1,1,2,1,0,0,1,0,1,2,2,2,0,0,1,1,0,1,1,0,0,1,1,2,0,1,0,0,0,1,1,0,1,3,0,1,1,2,3,1,1,3,1,5,0,2,0,2,0,2,1,1,0,2,1,3,0,0,0,3,1,0,1,2,2,0,0,1,3,1,2,5,1,2,0,1,0,0,2,1,0,1,1,0,0,3,0,1,3,0,0,0,1,0,1,1,3,1,1,0,2,1,1,2,2,3,1,3,0,0,1,0,3,2,2,2,1,0,1,2,0,2,0,0,0,1,0,1,0,1,1,0,0,1,1,3,1,4,2,0,1,1,0,2,1,1,1,1,2,2,2,0,0,0,2,1,0,1,0,2,0,0,1,1,1,3,1,1,0,0,0,1,1,0,1,2,3,2,2,3,1,1,1,1,2,2,0,0,1,0,0,1,1,2,0,1,5,3,2,2,0,0,1,1,1,3,2,1,4,1,1,1,0,1,1,1,1,3,1,1,3,1,2,1,0,0,3,3,0,1,3,1,0,1,1,2,1,1,1,2,0,2,2,3,0,1,0,2,1,0,0,4,0,0,0,0,3,1,2,1,2,0,1,1,1,2,0,2,2,0,3,1,0,2,1,1,2,1,1,0,1,2,1,1,2,1,0,0,2,1,1,1,0,1,0,1,1,0,0,3,1,1,1,1,2,3,0,0,0,1,2,0,3,1,0,1,0,3,1,0,0,0,0,0,1,1,1,1,0,0,0,2,1,4,1,0,2,0,4,0,1,2,2,0,1,1,1,2,3,0,0,2,1,1,1,0,1,1,0,2,1,2,2,1,0,1,0,3,0,0,2,0,0,2,2,2,3,3,2,2,0,1,0,0,1,1,0,2,0,1,4,1,1,1,1,0,2,0,3,1,0,3,2,0,0,3,0,2,0,2,1,0,1,0,2,0,2,0,2,0,0,0,0,2,1,0,1,2,0,2,1,1,0,1,0,1,5,1,1,4,2,0,1,0,1,0,1,1,2,1,2,3,1,2,1,2,0,0,1,0,0,4,0,1,2,0,0,2,0,0,0,0,0,1,1,1,0,2,0,1,1,3,0,0,1,3,1,0,0,1,0,1,2,0,1,1,1,0,0,1,0,0,1,0,1,0,0,1,1,0,0,1,2,1,1,1,2,1,1,1,0,1,1,0,0,2,1,1,3,0,0,0,4,1,0,1,1,1,0,2,0,2,0,1,1,1,1,1,1,0,0,2,5,1,1,2,3,1,1,1,0,1,3,1,1,1,0,3,2,1,0,1,1,1,1,2,0,1,0,2,0,1,1,0,0,0,0,0,1,0,1,2,0,0,1,1,0,1,0,0,1,1,1,4,1,1,2,3,3,1,3,0,0,2,0,0,3,1,2,0,0,1,1,1,1,1,3,1,0,0,2,0,1,0,0,0,1,4,0,0,3,4,1,1,1,1,2,1,1,2,1,1,1,0,2,0,1,0,0,1,2,1,2,1,1,1,2,3,0,0,1,1,0,2]},{"counters":[0,1,1,0,1,0,1,1,1,0,1,1,1,3,0,1,0,1,3,1,0,3,0,1,0,0,1,1,3,1,0,0,1,0,0,0,1,0,0,4,2,1,2,0,2,1,1,1,2,0,1,0,1,0,2,2,0,1,0,1,1,0,1,1,0,0,1,1,0,1,1,0,1,0,2,1,2,3,1,0,0,1,1,0,3,0,2,0,2,2,1,1,0,1,2,2,1,2,1,1,3,0,1,0,1,0,1,1,1,0,0,1,2,1,1,1,2,1,1,1,1,0,0,1,0,0,2,0,1,0,0,1,1,0,1,0,1,2,1,1,2,0,0,0,1,0,4,0,1,1,1,0,0,1,3,1,0,2,1,0,2,0,2,0,1,0,0,1,1,3,1,1,0,3,0,2,0,1,1,0,0,0,1,1,1,1,1,2,0,1,1,2,1,1,1,1,1,0,1,3,1,0,0,1,0,0,1,0,2,1,1,3,1,1,0,0,0,1,1,2,0,1,0,2,1,1,3,0,0,0,2,2,0,2,0,1,1,3,0,0,3,0,0,4,0,1,2,3,0,0,2,2,0,2,0,1,1,2,1,0,2,0,0,3,1,3,0,0,0,1,1,4,0,0,1,0,0,1,0,2,0,2,1,2,3,5,1,1,0,2,0,6,0,1,0,0,2,1,1,3,0,1,0,1,3,2,0,2,0,0,1,0,1,0,0,2,1,0,2,0,0,5,2,2,1,1,0,0,0,0,1,1,1,0,1,0,1,1,2,1,0,3,1,1,0,0,1,1,2,1,0,1,0,0,0,3,1,1,1,2,1,3,1,1,0,0,3,0,1,0,1,0,1,1,0,0,1,3,1,0,2,0,2,1,1,0,2,3,1,0,2,1,2,1,2,1,2,2,1,3,1,3,2,1,1,0,1,1,1,0,0,1,1,1,1,2,0,0,0,1,2,2,0,0,2,2,2,0,2,0,1,1,1,2,0,1,1,1,1,1,2,3,2,1,1,1,2,1,0,1,0,0,1,0,1,0,1,0,0,0,0,1,1,3,1,0,0,1,0,1,0,2,0,0,1,2,0,1,3,1,1,0,1,0,0,0,1,1,2,2,3,0,0,0,0,1,1,4,0,1,0,1,0,0,1,2,0,0,1,3,2,1,2,0,0,1,0,2,3,3,0,1,0,0,1,1,0,1,1,0,1,2,0,0,1,0,2,0,0,1,0,1,0,1,1,0,2,2,1,0,2,1,3,4,0,1,2,1,0,0,0,0,1,2,2,1,0,1,1,3,0,1,0,1,0,1,0,0,0,1,4,2,0,1,3,1,1,1,1,2,0,2,0,1,1,1,0,1,0,1,0,2,0,0,1,0,1,1,0,2,0,0,1,3,1,2,1,0,1,1,0,1,0,1,1,0,1,1,2,1,2,1,1,1,1,1,1,1,0,1,2,2,2,2,0,2,2,0,2,4,2,1,1,1,0,2,0,0,0,0,2,0,0,2,0,0,0,1,2,3,1,0,1,1,1,1,2,2,1,2,2,0,0,0,1,3,2,2,0,1,1,0,1,1,1,1,0,0,0,0,1,5,2,0,1,1,0,0,2,0,0,1,4,1,1,3,1,2,3,1,1,1,0,0,1,0,1,2,3,3,2,0,1,1,2,1,0,0,1,4,1,0,1,2,0,2,2,3,1,0,1,0,1,0,2,1,0,3,0,1,0,1,1,0,2,2,0,2,0,2,1,2,2,2,0,0,1,1,0,0,1,0,2,2,1,0,1,0,1,0,3,1,3,4,1,1,0,0,0,1,1,1,0,1,0,1,2,6,1,2,1,1,1,0,0,0,2,0,2,0,0,1,0,2,2,0,0,0,1,1,0,2,1,1,0,0,1,0,1,0,1,2,0,1,0,1,0,0,3,0,1,2,0,3,1,1,2,1,1,0,1,1,2,0,1,1,1,2,0,3,3,1,1,2,0,1,2,0,2,1,1,0,0,0,0,1,1,1,1,0,0,0,4,1,1,4,0,3,1,1,1,1,0,0,0,3,2,0,0,0,2,0,1,1,3,2,1,3,2,1,0,1,0,2,0,1,2,0,1,1,1,1,2,3,2,0,3,1,1,3,1,1,2,3,1,2,1,2,0,1,0,1,0,2,1,1,2,1,1,1,3,0,2,1,1,1,0,1,1,0,0,1,0,0,0,1,1,2,0,2,0,1,0,2,0,1,1,1,1,0,1,0,1,1,0,3,0,0,1,0,0,0,2,1,0,1,1,2,1,1,0,0,1,0,0,0,0,1,1,0,0,3,0,0,0,0,1,2,0,0,2,1,1,1,1,1,1,0,1,1,0,0,1,1,1,1,0,1,1,0,1,0,1,0,1,2,1,1,1,0,3,1,1,2,0,0,1,1,1,0,2,2,0,0,0,0,0,1,2,2,1,2,2,3,0,1,1,2,0,0,0,0,1,1,0,1,0,0,2,2,0,0,0,0,1,1,1,2,1,0,0,1,1,2,1,0,0,1,2,1,1,1,3,0,0,1,1,2,1,0,1,0,0,1,0,1,0,3,1,0,1,0,0,0,0,0,1,3,4,1,1,1,0,2,0,1,0,0,1,0,1,0,0,1,1,1,2,1,1,0,1,1,0,1,2,0,1,1,0,1,1,0,0,1,0,1,0,0,2,0,2,0,2,2,1,3,0,0,1,2,3,1,1,1,0,2,1,1,0,2,2,1,1,1,1,1,1,0,1,1,0,2,2,0,2,0,0,2,0,1,0,1,2,0,0,0,1,1,0,1,1,0,0,0,2,1,2,0,0,2,0,0,1,1,2,1,1,0,0,0,0,0,3,2,1,0,1,1,1,1,0,1,2,0,0,1,0,1,0,0,1,2,2,0,1,2,2,1,1,2,1,0,2,0,0,0,0,1,0,1,2,3,0,1,0,2,1,1,1,2,0,1,2,3,2,0,2,2,0,0,0,1,2,0,0,2,0,1,4,1,0,1,0,0,1,1,1,0,0,0,2,3,1,0,2,1,1,2,0,0,2,1,1,0,0,1,1,2,0,0,2,1,1,1,3,2,1,0,0,1,2,4,1,0,3,1,2,1,1,0,2,0,1,1,0,0,0,0,1,2,1,1,0,1,2,1,0,1,0,2,1,1,1,1,2,0,2,1,0,0,0,2,1,2,1,1,1,0,5,0,2,0,0,2,1,0,1,1,1,2,2,1,2,0,2,2,1,2,1,0,1,2,0,2,1,0,0,0,2,1,0,0,0,0,0,0,0,1,1,1,2,2,3,0,2,0,1,1,1,2,1,0,0,2,3,0,1,0,3,0,0,0,0,1,0,1,1,0,3,0,2,0,1,0,1,0,0,0,1,2,1,2,0,2,1,2,1,1,3,3,3,0,1,3,1,0,1,1,0,1,0,2,0,1,1,1,3,2,1,0,1,2,1,0,0,2,1,0,0,0,2,0,1,2,0,1,1,1,0,0,0,0,1,1,2,2,1,0,1,2,0,1,1,1,2,0,1,2,2,2,1,1,2,1,1,0,0,0,2,4,1,1,1,0,1,2,1,1,0,1,0,2,0,0,2,1,2,0,2,0,1,2,2,2,5,0,0,1,0,0,1,2,1,2,1,0,0,1,0,0,0,1,0,0,1,0,0,1,0,1,1,2,1,0,3,1,1,1,1,2,0,1,1,0,0,0,1,0,0,1,2,1,0,0,3,0,2,2,1,2,0,0,0,2,0,1,0,0,0,2,1,1,3,0,2,1,2,1,1,2,0,0,2,2,2,1,1,0,1,3,0,1,0,0,1,1,0,1,0,1,1,1,0,1,1,0,1,1,0,0,0,3,0,0,2,0,1,3,2,0,0,0,1,2,0,0,1,1,0,1,1,1,1,2,0,0,0,2,0,1,1,0,3,3,1,2,1,0,2,1,0,0,2,0,0,3,0,1,0,1,0,1,1,0,3,1,0,3,1,1,0,0,3,1,4,1,0,0,1,1,2,2,0,2,0,3,0,0,1,2,0,1,0,1,1,0,1,0,1,1,1,0,0,0,0,0,0,1,0,1,2,1,1,1,1,0,1,1,1,2,1,0,1,0,1,1,1,1,1,0,1,1,1,0,1,1,0,1,0,2,2,1,0,1,2,2,2,1,1,0,0,2,0,0,0,1,1,4,2,0,0,1,1,0,1,1,2,0,2,2,0,1,2,0,0,1,0,0,0,1,3,1,0,2,0,3,2,2,0,1,1,0,1,0,1,3,1,1,1,1,0,1,0,0,0,1,2,1,2,2,3,1,1,0,2,2,3,1,2,2,2,1,1,1,1,0,0,4,1,2,1,2,2,0,4,2,1,1,0,0,0,1,1,0,3,1,1,2,2,1,0,1,1,0,2,0,0,1,1,0,0,1,1,1,2,3,2,0,1,1,0,1,1,2,0,0,2,3,3,1,1,0,2,0,0,0,2,0,2,0,0,2,1,2,3,1,3,0,2,3,1,3,1,1,1,1,1,1,0,2,2,0,3,4,1,2,1,0,3,2,1,1,0,0,3,0,0,0,2,3,3,2,1,0,0,0,2,0,0,0,0,0,1,4,2,3,3,1]}]},"null_count":0,"last_update_version":397952050429689856}},"indices":{},"count":2000,"modify_count":0,"version":0}