{"database_name":"test","table_name":"tbl_004","columns":{"a":{"histogram":{"ndv":2000,"buckets":[{"count":8,"lower_bound":"LTIxNDA3NzQ3NzI=","upper_bound":"LTIxMzE4MDg3MTI=","repeats":1},{"count":16,"lower_bound":"LTIxMzEyMDQxOTY=","upper_bound":"LTIxMjA1MzczOTI=","repeats":1},{"count":24,"lower_bound":"LTIxMTg0Mjc1ODc=","upper_bound":"LTIwOTA0MDQ3MzQ=","repeats":1},{"count":32,"lower_bound":"LTIwODgzOTEzODU=","upper_bound":"LTIwNzkxNzU3NDc=","repeats":1},{"count":40,"lower_bound":"LTIwNzE3MDU0OTI=","upper_bound":"LTIwNTMxODIzNzU=","repeats":1},{"count":48,"lower_bound":"LTIwNTMxODA3MzY=","upper_bound":"LTIwNDg2MDE1MzI=","repeats":1},{"count":56,"lower_bound":"LTIwNDUyNjQzNTk=","upper_bound":"LTIwMjcyMjExNjU=","repeats":1},{"count":64,"lower_bound":"LTIwMjAxNzMwNDE=","upper_bound":"LTIwMDkzNDAzMTI=","repeats":1},{"count":72,"lower_bound":"LTIwMDUxMDgwMDk=","upper_bound":"LTE5OTcyODkzNTk=","repeats":1},{"count":80,"lower_bound":"LTE5OTU3ODc4MDI=","upper_bound":"LTE5ODUyOTc1NTQ=","repeats":1},{"count":88,"lower_bound":"LTE5Nzc0MDk1MDE=","upper_bound":"LTE5NjQ0OTA5NDU=","repeats":1},{"count":96,"lower_bound":"LTE5NjAxNzg4Mzg=","upper_bound":"LTE5MzE2NTE5MDc=","repeats":1},{"count":104,"lower_bound":"LTE5MzEwMjAyNzg=","upper_bound":"LTE5MTI5MDUxMjU=","repeats":1},{"count":112,"lower_bound":"LTE5MDQ0Nzg0NjA=","upper_bound":"LTE4OTA2NzY3NDg=","repeats":1},{"count":120,"lower_bound":"LTE4ODY5MTA4NjY=","upper_bound":"LTE4NzI2NTk5Nzg=","repeats":1},{"count":128,"lower_bound":"LTE4Njk3OTc1NzM=","upper_bound":"LTE4NjIyNTMxOTM=","repeats":1},{"count":136,"lower_bound":"LTE4NTk5OTY0MjM=","upper_bound":"LTE4NDQyOTgzOTQ=","repeats":1},{"count":144,"lower_bound":"LTE4NDI4NDkzMjA=","upper_bound":"LTE4MzQ3OTQyMjQ=","repeats":1},{"count":152,"lower_bound":"LTE4MzEwNzI5MjA=","upper_bound":"LTE4MTk2NzU4NDQ=","repeats":1},{"count":160,"lower_bound":"LTE4MTg1OTE5MzE=","upper_bound":"LTE4MTI3NDg2ODM=","repeats":1},{"count":168,"lower_bound":"LTE3OTg4NzEyNjY=","upper_bound":"LTE3ODI5Mjc1ODE=","repeats":1},{"count":176,"lower_bound":"LTE3Nzg1NzEzMDQ=","upper_bound":"LTE3NzE3MDY2NDc=","repeats":1},{"count":184,"lower_bound":"LTE3Njk4NDE1OTI=","upper_bound":"LTE3NTMyNzEzMTQ=","repeats":1},{"count":192,"lower_bound":"LTE3NDU3NzgwNDk=","upper_bound":"LTE3MzY2MDE1MzQ=","repeats":1},{"count":200,"lower_bound":"LTE3MzQxNjUyODM=","upper_bound":"LTE3MjY5MTk5MDc=","repeats":1},{"count":208,"lower_bound":"LTE3MjU5ODE0OTE=","upper_bound":"LTE3MDQ1NTU0NDM=","repeats":1},{"count":216,"lower_bound":"LTE3MDE4NjkxMjE=","upper_bound":"LTE2ODQ0NzA4MDk=","repeats":1},{"count":224,"lower_bound":"LTE2ODMzNzAyOTc=","upper_bound":"LTE2NzA3ODQxMjU=","repeats":1},{"count":232,"lower_bound":"LTE2NjYxMjE2MDY=","upper_bound":"LTE2NTg0MzgzMzI=","repeats":1},{"count":240,"lower_bound":"LTE2NTA2ODcwMjk=","upper_bound":"LTE2NDQ3MzQ2MDg=","repeats":1},{"count":248,"lower_bound":"LTE2NDI5MTAzMjk=","upper_bound":"LTE2MzQ3ODg2OTY=","repeats":1},{"count":256,"lower_bound":"LTE2MzQxNjkyNTc=","upper_bound":"LTE2Mjk4MTY1NjM=","repeats":1},{"count":264,"lower_bound":"LTE2MjQ1NzcyMTQ=","upper_bound":"LTE2MDgwMDM1MjQ=","repeats":1},{"count":272,"lower_bound":"LTE2MDQ4Mzc1NjQ=","upper_bound":"LTE1ODI4MDYxNDU=","repeats":1},{"count":280,"lower_bound":"LTE1NzEzNDMzOTI=","upper_bound":"LTE1NjE0Mjg3NDc=","repeats":1},{"count":288,"lower_bound":"LTE1NTM2MTM1MDM=","upper_bound":"LTE1Mjg2MTg5NTc=","repeats":1},{"count":296,"lower_bound":"LTE1MjE3OTIzMTM=","upper_bound":"LTE1MTA0NzQ4NjA=","repeats":1},{"count":304,"lower_bound":"LTE1MDg0NTI1NzY=","upper_bound":"LTE1MDI1NDcyNjk=","repeats":1},{"count":312,"lower_bound":"LTE1MDIyMDUwNzc=","upper_bound":"LTE0NzgyNDg2MDg=","repeats":1},{"count":320,"lower_bound":"LTE0NzQ1MDg2MTc=","upper_bound":"LTE0NjU1NDEyNDM=","repeats":1},{"count":328,"lower_bound":"LTE0NjI0NDE5ODQ=","upper_bound":"LTE0NTUxODE1MDQ=","repeats":1},{"count":336,"lower_bound":"LTE0NDI5Mjk0NjU=","upper_bound":"LTE0Mjk1OTExMjQ=","repeats":1},{"count":344,"lower_bound":"LTE0MjkwODQ5MjQ=","upper_bound":"LTE0MjU2NjQ3MDU=","repeats":1},{"count":352,"lower_bound":"LTE0MjIyODEwNjQ=","upper_bound":"LTE0MTUwNDA1MzE=","repeats":1},{"count":360,"lower_bound":"LTE0MDg5MDEyOTE=","upper_bound":"LTEzOTcwNjk0NDc=","repeats":1},{"count":368,"lower_bound":"LTEzOTY1NTE4ODA=","upper_bound":"LTEzOTI4ODg5NjM=","repeats":1},{"count":376,"lower_bound":"LTEzOTIxNDM5MDY=","upper_bound":"LTEzODkyNjkyMDA=","repeats":1},{"count":384,"lower_bound":"LTEzNzg4NTIwMDM=","upper_bound":"LTEzNjU3MzM4Njc=","repeats":1},{"count":392,"lower_bound":"LTEzNTg4NTM0MDc=","upper_bound":"LTEzMzY4OTY2MTc=","repeats":1},{"count":400,"lower_bound":"LTEzMzEyOTE5MjE=","upper_bound":"LTEzMDc1OTk3NDE=","repeats":1},{"count":408,"lower_bound":"LTEzMDczMjcyOTU=","upper_bound":"LTEyOTg5NTcyMDE=","repeats":1},{"count":416,"lower_bound":"LTEyOTg3ODM0NTM=","upper_bound":"LTEyODc2OTM4Nzc=","repeats":1},{"count":424,"lower_bound":"LTEyNzk5ODExNzM=","upper_bound":"LTEyNjg2NTE2ODQ=","repeats":1},{"count":432,"lower_bound":"LTEyNjM3NTMxODU=","upper_bound":"LTEyNTQzMjMwNjI=","repeats":1},{"count":440,"lower_bound":"LTEyNTIwMzIwNjU=","upper_bound":"LTEyNDU4NjA2NzU=","repeats":1},{"count":448,"lower_bound":"LTEyNDA0NjYzMzc=","upper_bound":"LTEyMjY4NTgzOTM=","repeats":1},{"count":456,"lower_bound":"LTEyMjQ0NjQ4MDA=","upper_bound":"LTEyMTIwNzIxOTU=","repeats":1},{"count":464,"lower_bound":"LTEyMDI0Nzc3MDY=","upper_bound":"LTExODY1NDY4NTA=","repeats":1},{"count":472,"lower_bound":"LTExNzQxOTI3MTU=","upper_bound":"LTExNjQxMzYzNjc=","repeats":1},{"count":480,"lower_bound":"LTExNjA3ODk2MDY=","upper_bound":"LTExNTY4Mjk4MTc=","repeats":1},{"count":488,"lower_bound":"LTExNTIxNDQ1MTg=","upper_bound":"LTExNDEzNTIwMDc=","repeats":1},{"count":496,"lower_bound":"LTExMzkwNTk4Mzc=","upper_bound":"LTExMzI2MTc0NjQ=","repeats":1},{"count":504,"lower_bound":"LTExMjk0MjgzMTM=","upper_bound":"LTExMjM0NTEyMjM=","repeats":1},{"count":512,"lower_bound":"LTExMjI0MDEyMzU=","upper_bound":"LTExMTU2NzEzNzA=","repeats":1},{"count":520,"lower_bound":"LTExMTQ4MzI1NTI=","upper_bound":"LTExMDgyMTI3OTU=","repeats":1},{"count":528,"lower_bound":"LTExMDY3NDA2NTk=","upper_bound":"LTEwNzI0NjcxMDM=","repeats":1},{"count":536,"lower_bound":"LTEwNjQ4NDQ0OTU=","upper_bound":"LTEwMzgzMjkzNDU=","repeats":1},{"count":544,"lower_bound":"LTEwMjcyMjI2OTk=","upper_bound":"LTEwMTQzMjk3MTg=","repeats":1},{"count":552,"lower_bound":"LTEwMTEyNDQ1NTQ=","upper_bound":"LTk4MTk5MjkxNg==","repeats":1},{"count":560,"lower_bound":"LTk4MDk2ODQ2MQ==","upper_bound":"LTk3MDMzMzEzNA==","repeats":1},{"count":568,"lower_bound":"LTk2NjE1NTIwMw==","upper_bound":"LTk2MDExNDQ1MA==","repeats":1},{"count":576,"lower_bound":"LTk1OTA2MTI4Ng==","upper_bound":"LTk0ODg2Nzg3NQ==","repeats":1},{"count":584,"lower_bound":"LTk0MDA5MTIwMw==","upper_bound":"LTkzMDEzNTE1MQ==","repeats":1},{"count":592,"lower_bound":"LTkyNDAzMzQ5Mw==","upper_bound":"LTg5NDg0MTczNw==","repeats":1},{"count":600,"lower_bound":"LTg5MTU5MDA3OA==","upper_bound":"LTg4NTA2ODUyMg==","repeats":1},{"count":608,"lower_bound":"LTg2OTc1NjY5Nw==","upper_bound":"LTg1Mzk3MDkxNg==","repeats":1},{"count":616,"lower_bound":"LTg1MzczODYxNg==","upper_bound":"LTgzNDgyNjQwMw==","repeats":1},{"count":624,"lower_bound":"LTgzMzM3MzMzNA==","upper_bound":"LTgyMDM5NzU4OA==","repeats":1},{"count":632,"lower_bound":"LTgyMDI5MjA2Nw==","upper_bound":"LTgxODE3ODUwMg==","repeats":1},{"count":640,"lower_bound":"LTgxMjQzMTk4Ng==","upper_bound":"LTgwMDQ4MDczNA==","repeats":1},{"count":648,"lower_bound":"LTc5NDczOTc3Ng==","upper_bound":"LTc4MTY2ODkxMA==","repeats":1},{"count":656,"lower_bound":"LTc3ODU3NzQ5Mw==","upper_bound":"LTc1OTkyMzIyMQ==","repeats":1},{"count":664,"lower_bound":"LTc1OTUwOTI4Ng==","upper_bound":"LTczNDc4MTc4NA==","repeats":1},{"count":672,"lower_bound":"LTcyOTM1MzY0Ng==","upper_bound":"LTcxMDU0ODczMA==","repeats":1},{"count":680,"lower_bound":"LTcxMDUwMjkxOQ==","upper_bound":"LTY5Njg3ODk4MA==","repeats":1},{"count":688,"lower_bound":"LTY5Njc2MjQ4Ng==","upper_bound":"LTY4ODg5NjQ1Mw==","repeats":1},{"count":696,"lower_bound":"LTY3ODQ5MzE2OA==","upper_bound":"LTY3MDY4NzM1Ng==","repeats":1},{"count":704,"lower_bound":"LTY3MDI2MjE0NA==","upper_bound":"LTY1NDg3MDQzOQ==","repeats":1},{"count":712,"lower_bound":"LTY1MzY3NjM4Mw==","upper_bound":"LTY0MzU0NTYyMQ==","repeats":1},{"count":720,"lower_bound":"LTYzNzYxOTA4OA==","upper_bound":"LTYyOTc4ODgzMQ==","repeats":1},{"count":728,"lower_bound":"LTYyOTU3MjI0MA==","upper_bound":"LTYyNDQ2MzU0Ng==","repeats":1},{"count":736,"lower_bound":"LTYyMTEwMDQwMw==","upper_bound":"LTYxMTYzNjc1Mg==","repeats":1},{"count":744,"lower_bound":"LTYxMTQyNzE0MA==","upper_bound":"LTYwMjc5MTA4MQ==","repeats":1},{"count":752,"lower_bound":"LTU5OTY2OTQyMA==","upper_bound":"LTU4NzIxMzQ5MA==","repeats":1},{"count":760,"lower_bound":"LTU4MzY1NjQ5NQ==","upper_bound":"LTU3NTA0MjE4NA==","repeats":1},{"count":768,"lower_bound":"LTU3MTk1NzQxNw==","upper_bound":"LTU2MzUwNTEzNA==","repeats":1},{"count":776,"lower_bound":"LTU2MDQ2ODY3Mw==","upper_bound":"LTU1NTUwMDE0NQ==","repeats":1},{"count":784,"lower_bound":"LTU0OTIxNTk5OQ==","upper_bound":"LTU0NjM5NjA2NQ==","repeats":1},{"count":792,"lower_bound":"LTU0MjkxODExNA==","upper_bound":"LTUzMzczMTQ4Mw==","repeats":1},{"count":800,"lower_bound":"LTUzMDAzMzIyMw==","upper_bound":"LTUwMzgzMjk3MA==","repeats":1},{"count":808,"lower_bound":"LTUwMjkwNDA5OQ==","upper_bound":"LTQ5MDM1NDk5Mw==","repeats":1},{"count":816,"lower_bound":"LTQ4OTg3MjM2Nw==","upper_bound":"LTQ3NzUwOTU1NQ==","repeats":1},{"count":824,"lower_bound":"LTQ3NzE0NTQyMQ==","upper_bound":"LTQ3MDg3MjI1MA==","repeats":1},{"count":832,"lower_bound":"LTQ2ODY3MjcxMA==","upper_bound":"LTQ1MjczMjM5NQ==","repeats":1},{"count":840,"lower_bound":"LTQ0OTk3NjYwMQ==","upper_bound":"LTQ0MzQ3NTIxOA==","repeats":1},{"count":848,"lower_bound":"LTQzNTc4MTU5NA==","upper_bound":"LTQxNDUyMzA1Ng==","repeats":1},{"count":856,"lower_bound":"LTQxNDQ5NDM1NQ==","upper_bound":"LTM5OTExODEyMA==","repeats":1},{"count":864,"lower_bound":"LTM5ODI3NzM3MA==","upper_bound":"LTM4NTgwMDg2Ng==","repeats":1},{"count":872,"lower_bound":"LTM4NDgzNTk1Nw==","upper_bound":"LTM2NjA0NDE5Ng==","repeats":1},{"count":880,"lower_bound":"LTM2NTA2NjYzOA==","upper_bound":"LTM1ODExNDk1NQ==","repeats":1},{"count":888,"lower_bound":"LTM1NTU1OTAzMQ==","upper_bound":"LTM0MDI5OTQ2MQ==","repeats":1},{"count":896,"lower_bound":"LTMzNjc0MTk5Ng==","upper_bound":"LTMyNTUxMDYzMw==","repeats":1},{"count":904,"lower_bound":"LTMxNjk3NDA5OQ==","upper_bound":"LTMwMzc0NzYyMw==","repeats":1},{"count":912,"lower_bound":"LTMwMDU1ODI5OQ==","upper_bound":"LTI4NDgxNDI4NQ==","repeats":1},{"count":920,"lower_bound":"LTI4MDEyODQ0NA==","upper_bound":"LTI3MTEwNTk2Mg==","repeats":1},{"count":928,"lower_bound":"LTI3MDMyMzMxNw==","upper_bound":"LTI0MjQ5NTA0Ng==","repeats":1},{"count":936,"lower_bound":"LTIzMTkzMTUxOQ==","upper_bound":"LTIwNDA4Njc5Ng==","repeats":1},{"count":944,"lower_bound":"LTIwMjIzMDYxNQ==","upper_bound":"LTE4NzQ4NTY3OQ==","repeats":1},{"count":952,"lower_bound":"LTE3ODk0NTg2NA==","upper_bound":"LTE2OTc5OTM1Mg==","repeats":1},{"count":960,"lower_bound":"LTE2ODE4ODkwNw==","upper_bound":"LTE0NTcxMjI1Mg==","repeats":1},{"count":968,"lower_bound":"LTE0MjY4NjE5MA==","upper_bound":"LTEzMDk2MjU4MQ==","repeats":1},{"count":976,"lower_bound":"LTEyNjE1ODAwNw==","upper_bound":"LTEwOTUyOTk0NQ==","repeats":1},{"count":984,"lower_bound":"LTEwNDk2MTAwMw==","upper_bound":"LTg4ODExMDAw","repeats":1},{"count":992,"lower_bound":"LTg2MTcwMjM2","upper_bound":"LTczNTA5NDQ2","repeats":1},{"count":1000,"lower_bound":"LTczMjQyNzE4","upper_bound":"LTU4NzcwMTU1","repeats":1},{"count":1008,"lower_bound":"LTU3NzMyOTM2","upper_bound":"LTUxNzExODI1","repeats":1},{"count":1016,"lower_bound":"LTUwNjExNTQ3","upper_bound":"LTQ3NTQ1Mzc2","repeats":1},{"count":1024,"lower_bound":"LTQ1Njc0MjEw","upper_bound":"LTM1MjUyMTkx","repeats":1},{"count":1032,"lower_bound":"LTMzNDI5NTI2","upper_bound":"LTE5MjU3MjA4","repeats":1},{"count":1040,"lower_bound":"LTkyMzcyMDQ=","upper_bound":"MTAzMTA3ODY=","repeats":1},{"count":1048,"lower_bound":"MTA1MDQ2NDA=","upper_bound":"MTY4Mjg4MjQ=","repeats":1},{"count":1056,"lower_bound":"MjM5NDkzODE=","upper_bound":"MzUxODc4ODU=","repeats":1},{"count":1064,"lower_bound":"MzU1MDYxMDc=","upper_bound":"Mzk2MjIxODc=","repeats":1},{"count":1072,"lower_bound":"NDEwNTgyMTE=","upper_bound":"NTQ4OTYxNjU=","repeats":1},{"count":1080,"lower_bound":"NTczNzI1ODY=","upper_bound":"NzgzMzIyMzE=","repeats":1},{"count":1088,"lower_bound":"ODMwNDkyMjE=","upper_bound":"OTM2ODA5Mzc=","repeats":1},{"count":1096,"lower_bound":"OTU5NDc4MDM=","upper_bound":"MTA2NDM0MDcy","repeats":1},{"count":1104,"lower_bound":"MTEwNDI5NDMy","upper_bound":"MTMyNjM5Nzcy","repeats":1},{"count":1112,"lower_bound":"MTMzNjk2NzIx","upper_bound":"MTM2MzMwMzg3","repeats":1},{"count":1120,"lower_bound":"MTQyNzgzMDUy","upper_bound":"MTY0OTAzNDU1","repeats":1},{"count":1128,"lower_bound":"MTY4MjY0MDg5","upper_bound":"MTk2NjMyNzI3","repeats":1},{"count":1136,"lower_bound":"MjExNTAzMTQ3","upper_bound":"MjIyNDYyOTkw","repeats":1},{"count":1144,"lower_bound":"MjIzNTQwMjky","upper_bound":"MjM4Mzg0OTc4","repeats":1},{"count":1152,"lower_bound":"MjQwNzEzMjQy","upper_bound":"MjQ5MTg3MjAz","repeats":1},{"count":1160,"lower_bound":"MjQ5MzU2NjQw","upper_bound":"MjUwNzA3NjYx","repeats":1},{"count":1168,"lower_bound":"MjcxNDkyNDUx","upper_bound":"MjgzNTEwNDM5","repeats":1},{"count":1176,"lower_bound":"Mjk0NzkwNDEz","upper_bound":"MzEyMjI2MTUx","repeats":1},{"count":1184,"lower_bound":"MzE3MDQ3ODUx","upper_bound":"MzM1OTExNDMz","repeats":1},{"count":1192,"lower_bound":"MzQwMDM0Mjcw","upper_bound":"MzY0NjcyODY0","repeats":1},{"count":1200,"lower_bound":"MzY1MDc4NTQ3","upper_bound":"Mzc4NDk2NzE4","repeats":1},{"count":1208,"lower_bound":"Mzc5MjE2MDIx","upper_bound":"Mzg1ODkxNDE5","repeats":1},{"count":1216,"lower_bound":"Mzg2NDcyMjEx","upper_bound":"NDA3MTgxNDU3","repeats":1},{"count":1224,"lower_bound":"NDEwNTEzMTk0","upper_bound":"NDMzMTIzOTc3","repeats":1},{"count":1232,"lower_bound":"NDMzMTU1MTY5","upper_bound":"NDQ2MzExMDE4","repeats":1},{"count":1240,"lower_bound":"NDUzNTM4NjA4","upper_bound":"NDc1NDAwMzA5","repeats":1},{"count":1248,"lower_bound":"NDc5MjgwNTQx","upper_bound":"NDg3OTQxOTI2","repeats":1},{"count":1256,"lower_bound":"NDkxMjI0Nzc4","upper_bound":"NTAwMDU3ODMw","repeats":1},{"count":1264,"lower_bound":"NTAyMDk0ODIy","upper_bound":"NTE1OTcwMTcx","repeats":1},{"count":1272,"lower_bound":"NTIxODA0NTY4","upper_bound":"NTQ0OTg5MDgz","repeats":1},{"count":1280,"lower_bound":"NTQ1Mjk1MDIy","upper_bound":"NTUzMjg4ODMw","repeats":1},{"count":1288,"lower_bound":"NTU0NTk1NTQ3","upper_bound":"NTY1MTAxMTQ1","repeats":1},{"count":1296,"lower_bound":"NTczMjE0NjQx","upper_bound":"NTc5OTA3Njkw","repeats":1},{"count":1304,"lower_bound":"NTgxNDgzNDY1","upper_bound":"NTkwMTE4MTgx","repeats":1},{"count":1312,"lower_bound":"NTkwNzY0Mjg1","upper_bound":"NjEzNTAwNjY2","repeats":1},{"count":1320,"lower_bound":"NjE2ODUzOTM3","upper_bound":"NjM1MTQ4OTM1","repeats":1},{"count":1328,"lower_bound":"NjQ4MjI4NTY3","upper_bound":"NjU0NjUxNDU1","repeats":1},{"count":1336,"lower_bound":"NjU2NDU1MzQ4","upper_bound":"NjY1ODk0MTIx","repeats":1},{"count":1344,"lower_bound":"Njg0NTk1MjEw","upper_bound":"NjkxNDMzNTA5","repeats":1},{"count":1352,"lower_bound":"NjkyMTUzMDEy","upper_bound":"NzA4NzkzNDA4","repeats":1},{"count":1360,"lower_bound":"NzIxNDcxNDcx","upper_bound":"NzMxMTQ4NDE5","repeats":1},{"count":1368,"lower_bound":"NzM4NjMxMTI1","upper_bound":"NzQzNDUxMjIx","repeats":1},{"count":1376,"lower_bound":"NzQ3NzkxODg4","upper_bound":"NzYyMjEwMjEz","repeats":1},{"count":1384,"lower_bound":"NzY3NzUzNzY2","upper_bound":"Nzg2OTEzMjU2","repeats":1},{"count":1392,"lower_bound":"Nzk0OTA1NzI2","upper_bound":"ODAyMDEwNzgw","repeats":1},{"count":1400,"lower_bound":"ODA0OTA0Mjk2","upper_bound":"ODI1Mjg2MTQ2","repeats":1},{"count":1408,"lower_bound":"ODI5NTQxNTA5","upper_bound":"ODM3OTcxOTEw","repeats":1},{"count":1416,"lower_bound":"ODUzMDQ3MDg4","upper_bound":"ODY0MTE1MDkx","repeats":1},{"count":1424,"lower_bound":"ODY4NjM3MDU2","upper_bound":"ODkxMDgzODg2","repeats":1},{"count":1432,"lower_bound":"ODkzNTU5NTgx","upper_bound":"OTA0MzYyMTQ3","repeats":1},{"count":1440,"lower_bound":"OTA0NjUxMTgw","upper_bound":"OTExOTQ2MDcw","repeats":1},{"count":1448,"lower_bound":"OTEyNjA2MTk1","upper_bound":"OTIxNTE0ODE4","repeats":1},{"count":1456,"lower_bound":"OTIzMzExMDU3","upper_bound":"OTI1NzM2OTA5","repeats":1},{"count":1464,"lower_bound":"OTM5NDc2MDc5","upper_bound":"OTU3OTQwMTEy","repeats":1},{"count":1472,"lower_bound":"OTY3MzUyNTg1","upper_bound":"OTk2MDc3NzE2","repeats":1},{"count":1480,"lower_bound":"MTAwNjA3OTE0Nw==","upper_bound":"MTAyNDU1NDEzOA==","repeats":1},{"count":1488,"lower_bound":"MTAzOTE4ODkwNQ==","upper_bound":"MTA0Njk3MTg0MQ==","repeats":1},{"count":1496,"lower_bound":"MTA1MTg1ODI1NA==","upper_bound":"MTA2NjMyODM2OQ==","repeats":1},{"count":1504,"lower_bound":"MTA2NjgzNTAwNw==","upper_bound":"MTA3Mjk5NTQxNw==","repeats":1},{"count":1512,"lower_bound":"MTA3NDE4NjAyNQ==","upper_bound":"MTA4NTc5NTg0Nw==","repeats":1},{"count":1520,"lower_bound":"MTA5MTgyMDE0MQ==","upper_bound":"MTEwMzcyODE3MQ==","repeats":1},{"count":1528,"lower_bound":"MTEwNDQwMTgxNg==","upper_bound":"MTExMTg3ODE0MA==","repeats":1},{"count":1536,"lower_bound":"MTEyMjMxNzAyNQ==","upper_bound":"MTE1MDU1MDQ4Mw==","repeats":1},{"count":1544,"lower_bound":"MTE1NDYyNDI0Mw==","upper_bound":"MTE1ODU2NDIxNg==","repeats":1},{"count":1552,"lower_bound":"MTE3NTY4Mjk3Mg==","upper_bound":"MTE4MTQyMzczOQ==","repeats":1},{"count":1560,"lower_bound":"MTE4NTk3NTMwMg==","upper_bound":"MTE5NjE0MDM4Mg==","repeats":1},{"count":1568,"lower_bound":"MTE5OTkwODkzMw==","upper_bound":"MTIwNzUzOTQyOQ==","repeats":1},{"count":1576,"lower_bound":"MTIwODE1ODE4Nw==","upper_bound":"MTIxMzk2Nzk0MQ==","repeats":1},{"count":1584,"lower_bound":"MTIxNjM1NjQyOA==","upper_bound":"MTIzMTkxOTgyMQ==","repeats":1},{"count":1592,"lower_bound":"MTIzMzYwNDIxNQ==","upper_bound":"MTI0MzEyNjg4NQ==","repeats":1},{"count":1600,"lower_bound":"MTI0NDgzMzQ0Mg==","upper_bound":"MTI5OTA4ODgwNg==","repeats":1},{"count":1608,"lower_bound":"MTMwMjI0NjMyOQ==","upper_bound":"MTMxOTczMzUyNQ==","repeats":1},{"count":1616,"lower_bound":"MTMzMzMxNTM0MQ==","upper_bound":"MTM0NTMzNDA0MQ==","repeats":1},{"count":1624,"lower_bound":"MTM0NTM5MDQ4Nw==","upper_bound":"MTM0OTUwMzA1NA==","repeats":1},{"count":1632,"lower_bound":"MTM1MTQ1NTY5Ng==","upper_bound":"MTM2Mzc4NDk1Mg==","repeats":1},{"count":1640,"lower_bound":"MTM2NTY1NTEyMQ==","upper_bound":"MTM2OTA4OTA3OA==","repeats":1},{"count":1648,"lower_bound":"MTM4NzI4MDc2MQ==","upper_bound":"MTQ0OTQ2NDUxMg==","repeats":1},{"count":1656,"lower_bound":"MTQ1Mjk3MDgzMA==","upper_bound":"MTQ4MDExNjc2NQ==","repeats":1},{"count":1664,"lower_bound":"MTQ4MjM0MzM0MA==","upper_bound":"MTQ5MDQ2MDkyOQ==","repeats":1},{"count":1672,"lower_bound":"MTQ5MTg4MDAwMg==","upper_bound":"MTUwMzA2ODU1MA==","repeats":1},{"count":1680,"lower_bound":"MTUwNTEyODk5Ng==","upper_bound":"MTUxNTA0NjI5Mg==","repeats":1},{"count":1688,"lower_bound":"MTUxNjEzNDY1MQ==","upper_bound":"MTUyMDkzNjA1Nw==","repeats":1},{"count":1696,"lower_bound":"MTUyMTE3MDcxNg==","upper_bound":"MTUyOTE4OTU0Nw==","repeats":1},{"count":1704,"lower_bound":"MTUzMDA3NDE5MQ==","upper_bound":"MTUzNzA1NTg2MQ==","repeats":1},{"count":1712,"lower_bound":"MTU0MDExNTExMQ==","upper_bound":"MTU0ODEzMTE5NQ==","repeats":1},{"count":1720,"lower_bound":"MTU1MDAyNTc0NQ==","upper_bound":"MTU2MDYxNDIzMw==","repeats":1},{"count":1728,"lower_bound":"MTU2NjAzNjY4Ng==","upper_bound":"MTU3NzU0NTM5NQ==","repeats":1},{"count":1736,"lower_bound":"MTU4NDU0OTgxNQ==","upper_bound":"MTYwMTY1OTk4NQ==","repeats":1},{"count":1744,"lower_bound":"MTYwMjA4NTgxMg==","upper_bound":"MTYxNjM2NjYzNQ==","repeats":1},{"count":1752,"lower_bound":"MTYxNzEzNTc4Ng==","upper_bound":"MTYyNDczNjE2Ng==","repeats":1},{"count":1760,"lower_bound":"MTYzMDYxNDMzMA==","upper_bound":"MTY0NTIxMjA0MQ==","repeats":1},{"count":1768,"lower_bound":"MTY1NTQzNzc2Mw==","upper_bound":"MTY3NzUwMzI4MQ==","repeats":1},{"count":1776,"lower_bound":"MTY3Nzk4MTE1NA==","upper_bound":"MTY4NTczMjM0NA==","repeats":1},{"count":1784,"lower_bound":"MTY5MTQ3MTk1Nw==","upper_bound":"MTcwMzM3NTI5MQ==","repeats":1},{"count":1792,"lower_bound":"MTcxMjIyNjk2Nw==","upper_bound":"MTcxODY3NDY3OQ==","repeats":1},{"count":1800,"lower_bound":"MTcyMDkyMDkzMw==","upper_bound":"MTczODY5NTExMQ==","repeats":1},{"count":1808,"lower_bound":"MTc0MjQzMzExNQ==","upper_bound":"MTc1ODU4MjY1MQ==","repeats":1},{"count":1816,"lower_bound":"MTc2MTkxNzUwNQ==","upper_bound":"MTc2Mjk0MzI3Nw==","repeats":1},{"count":1824,"lower_bound":"MTc2Mzc1NzYxNw==","upper_bound":"MTc3NDI2MDc5NA==","repeats":1},{"count":1832,"lower_bound":"MTc4MjgxNzM2Mg==","upper_bound":"MTc5NjE5MTM0NA==","repeats":1},{"count":1840,"lower_bound":"MTgwNTQxOTU0OQ==","upper_bound":"MTgwODcwMjgxNQ==","repeats":1},{"count":1848,"lower_bound":"MTgwODc1NzMzNg==","upper_bound":"MTgyNDAxOTUwOA==","repeats":1},{"count":1856,"lower_bound":"MTgyNjI0MTIxNg==","upper_bound":"MTgyOTMyMzI5NA==","repeats":1},{"count":1864,"lower_bound":"MTgzMjc1OTEwMg==","upper_bound":"MTg0MjU4MDEzOQ==","repeats":1},{"count":1872,"lower_bound":"MTg0MzQxMTM4Mw==","upper_bound":"MTg1MTI5NTU4Nw==","repeats":1},{"count":1880,"lower_bound":"MTg1MTk4ODg3OQ==","upper_bound":"MTg2NTAzNTg2MA==","repeats":1},{"count":1888,"lower_bound":"MTg2NTczNzY1MQ==","upper_bound":"MTg4NDMyOTY2Mw==","repeats":1},{"count":1896,"lower_bound":"MTg5MjcwOTIzMQ==","upper_bound":"MTkwMTk2NjU5MA==","repeats":1},{"count":1904,"lower_bound":"MTkwNDY5Njg0Mg==","upper_bound":"MTkxNzcwMDYwNQ==","repeats":1},{"count":1912,"lower_bound":"MTkxOTAyOTA1NQ==","upper_bound":"MTkzNDI3NzU4MQ==","repeats":1},{"count":1920,"lower_bound":"MTk0NDg4MzI0Nw==","upper_bound":"MTk3Njg4MjQ3MQ==","repeats":1},{"count":1928,"lower_bound":"MTk4NzQ4NjkyMg==","upper_bound":"MTk5ODk1OTM4NQ==","repeats":1},{"count":1936,"lower_bound":"MjAwNjQ1NDM4Ng==","upper_bound":"MjAwOTUwODg2MA==","repeats":1},{"count":1944,"lower_bound":"MjAxNDcyMTAyOA==","upper_bound":"MjAyNjQyMjc1Mw==","repeats":1},{"count":1952,"lower_bound":"MjAyNzI1MDg0Ng==","upper_bound":"MjAyOTMyNDEwNA==","repeats":1},{"count":1960,"lower_bound":"MjAzNTkyMjEwNw==","upper_bound":"MjA0NTAxNzY5Ng==","repeats":1},{"count":1968,"lower_bound":"MjA0NTQ5MTc3Mg==","upper_bound":"MjA2NzI1MjI3OQ==","repeats":1},{"count":1976,"lower_bound":"MjA3MjMzNzU3MQ==","upper_bound":"MjA4MDkyMzY2Mw==","repeats":1},{"count":1984,"lower_bound":"MjA4Mzk4NzU2OA==","upper_bound":"MjA5NTMzNzk0Mg==","repeats":1},{"count":1992,"lower_bound":"MjExOTc0NDczOA==","upper_bound":"MjEzMzcxNDM3MA==","repeats":1},{"count":2000,"lower_bound":"MjEzNDgxNjg0NQ==","upper_bound":"MjE0MTIxODc2NQ==","repeats":1}]},"cm_sketch":{"rows":[{"counters":[1,1,3,3,0,1,0,1,1,1,2,0,2,1,1,1,0,0,1,0,1,1,0,0,1,0,2,0,0,3,1,0,1,0,1,1,1,1,1,2,1,2,1,1,2,0,0,0,1,3,0,2,0,2,0,0,3,1,1,0,1,1,1,1,1,1,2,1,0,1,2,1,0,3,0,2,2,1,3,0,1,1,3,0,0,0,0,1,1,0,0,1,1,0,3,1,1,0,0,1,2,2,0,0,1,0,4,2,1,1,0,0,0,1,3,0,0,0,1,1,0,0,1,3,1,5,0,0,0,0,3,2,3,0,3,1,0,1,0,2,1,0,0,1,0,1,0,0,0,0,0,5,0,1,2,1,1,0,0,0,1,0,2,2,0,2,1,1,1,3,1,0,1,0,1,1,0,2,2,0,1,0,0,1,3,0,0,1,0,1,0,2,0,1,2,1,2,3,0,2,0,0,1,2,0,2,2,1,1,0,0,1,2,0,1,0,0,1,3,1,1,1,1,0,3,3,3,1,0,2,0,2,0,2,4,0,2,1,1,0,2,0,1,0,0,1,1,1,1,2,0,1,3,0,0,2,2,2,0,2,1,2,1,1,0,1,1,1,1,1,2,1,1,3,1,1,1,0,0,0,0,0,0,2,0,2,2,2,0,0,3,1,0,3,1,1,3,0,2,1,1,3,0,0,1,1,0,0,0,1,0,0,1,1,0,1,2,0,0,0,0,1,1,2,2,1,0,0,3,0,0,1,0,0,2,1,0,0,1,1,0,0,2,0,1,0,3,1,1,2,1,0,1,0,1,0,2,2,1,1,1,1,1,2,0,2,1,2,2,2,0,1,0,0,1,1,1,0,0,1,0,1,3,0,0,0,2,1,1,0,0,1,0,1,1,1,2,0,1,0,0,0,0,1,0,0,1,4,1,0,0,2,1,0,2,0,2,2,1,1,2,0,0,1,1,0,2,0,2,1,1,1,1,1,1,1,1,1,1,0,0,0,0,1,2,1,2,0,0,0,2,0,0,1,1,0,2,1,1,4,0,2,0,0,1,3,0,1,2,1,2,0,0,1,1,2,1,1,0,1,3,2,3,1,2,2,2,2,1,1,0,1,1,0,0,0,0,2,6,1,0,1,3,0,1,0,2,2,1,1,1,1,1,1,1,2,1,2,0,0,0,0,2,1,0,1,0,1,0,0,2,1,0,1,1,1,0,2,0,2,1,1,1,1,0,4,3,2,1,0,0,0,2,0,2,1,1,1,1,2,1,0,1,0,1,2,2,1,1,1,0,1,2,2,1,2,1,0,1,0,0,0,1,0,1,0,0,2,1,2,1,1,0,1,1,0,2,0,1,1,2,2,2,0,1,0,4,2,1,3,2,4,0,2,1,0,1,0,0,0,0,2,2,1,2,0,1,1,1,0,0,1,1,0,0,0,1,0,1,0,0,1,1,1,0,1,0,0,0,0,1,0,1,2,2,0,3,0,2,0,0,0,0,1,0,1,0,3,0,0,1,2,0,1,1,1,2,0,0,3,1,0,0,3,0,1,0,1,1,0,0,1,0,1,0,3,2,1,0,1,3,0,0,0,1,1,1,2,0,0,1,0,1,0,1,1,1,0,2,1,0,3,0,2,0,2,1,2,4,0,1,2,1,0,0,4,1,3,1,0,1,1,2,0,0,3,0,1,0,0,0,0,0,0,0,0,0,1,1,1,3,0,0,1,1,2,4,2,2,0,0,1,2,1,0,2,2,1,2,0,2,3,0,0,0,0,2,2,0,1,1,3,1,0,0,0,0,0,0,0,0,0,1,1,0,0,1,0,1,2,0,3,1,2,1,1,1,1,2,0,0,0,1,1,0,1,1,2,0,5,1,1,1,0,1,2,0,1,2,1,1,0,0,1,1,2,3,1,3,0,0,0,0,1,2,0,0,1,1,2,0,2,2,3,0,2,2,1,2,1,1,4,0,2,1,0,0,1,1,2,1,1,1,3,0,0,0,1,1,1,1,3,1,2,1,0,0,2,1,0,0,0,3,1,1,2,2,0,2,1,1,0,2,1,1,0,0,2,0,0,2,1,1,2,3,2,0,1,1,1,2,0,1,1,0,0,2,2,1,2,0,1,1,2,1,0,1,1,0,1,1,3,0,0,0,0,0,1,0,0,1,2,1,1,1,0,1,1,2,0,1,1,1,2,2,3,1,1,2,2,0,2,1,1,1,2,0,2,0,0,2,1,1,1,1,0,1,3,1,0,1,0,2,0,0,2,1,2,1,0,1,1,0,3,1,1,2,2,1,0,1,1,1,2,0,2,1,1,0,2,2,2,2,0,3,2,0,3,0,0,0,1,1,1,1,4,0,1,1,2,0,1,1,3,1,0,0,2,0,1,1,0,1,1,2,1,4,2,1,0,0,3,2,0,0,1,1,0,0,1,1,1,0,2,2,0,0,1,0,0,0,0,1,0,1,0,0,0,2,1,2,1,1,3,0,2,2,0,1,0,1,3,1,0,3,1,1,1,0,1,1,0,0,0,1,2,2,0,0,1,0,2,1,0,1,2,2,3,2,2,3,0,0,0,1,3,1,1,1,1,0,2,1,0,1,0,1,0,2,1,1,0,0,0,0,2,0,0,0,0,0,0,1,1,0,1,0,2,1,0,1,1,1,1,1,0,0,1,2,1,1,1,0,2,2,1,1,2,3,1,1,1,0,1,0,0,2,2,1,0,2,1,1,1,1,1,1,2,0,4,1,0,1,1,0,0,0,1,0,1,0,0,1,2,1,1,3,0,0,1,0,0,0,1,2,2,2,0,1,1,0,1,1,1,0,1,1,0,2,1,0,1,2,1,2,1,2,2,0,1,2,1,0,2,0,0,3,0,0,1,0,1,2,1,1,0,0,0,0,1,1,1,2,1,0,1,0,1,1,1,2,2,1,2,1,4,2,0,0,1,0,3,1,1,0,0,1,2,2,0,1,3,0,0,0,1,1,0,1,2,2,3,0,0,0,1,3,0,0,1,1,1,1,2,0,2,2,2,1,1,0,0,1,0,2,3,1,0,2,1,1,1,1,1,1,3,0,1,1,2,0,2,0,2,1,1,0,1,0,1,1,3,1,1,0,0,0,0,1,0,0,0,1,2,2,1,4,1,2,0,1,1,1,1,1,2,0,0,4,1,1,1,2,2,0,1,1,2,0,0,1,0,2,0,0,1,3,0,0,1,0,0,1,1,2,2,1,1,1,1,2,0,1,1,1,2,0,0,1,0,0,0,2,1,2,1,2,2,1,2,1,1,1,1,1,2,2,1,1,1,1,1,1,1,0,0,0,1,1,1,0,2,0,2,0,0,1,1,3,0,2,3,1,0,0,3,0,1,0,0,1,1,1,0,1,1,1,0,2,1,0,0,0,3,2,1,1,1,0,1,0,2,3,2,1,1,2,0,2,0,1,0,0,0,1,1,1,3,1,0,3,0,3,3,0,1,1,0,1,0,1,3,3,1,3,0,3,2,0,1,3,2,2,3,1,1,2,1,2,1,1,1,1,2,0,4,0,0,0,0,0,1,0,0,1,1,1,1,0,1,0,0,1,1,0,0,2,2,0,0,1,3,2,0,1,0,0,2,2,1,2,0,1,0,2,0,0,4,1,1,1,2,1,2,0,1,0,2,0,0,0,0,2,0,1,0,0,1,0,2,0,3,1,0,0,0,2,1,2,0,0,4,1,1,0,1,1,0,1,0,2,0,0,1,3,3,0,0,1,1,2,2,0,1,0,1,0,0,0,3,0,1,0,3,0,2,0,2,0,1,2,0,2,1,1,0,0,0,1,3,2,2,0,4,1,1,3,0,0,2,1,0,0,1,0,0,2,0,0,2,1,0,0,1,3,2,0,0,3,1,2,4,3,0,1,0,0,1,2,2,0,0,1,0,1,2,1,0,1,3,2,1,1,3,0,0,1,1,1,1,1,1,0,0,0,3,3,0,0,0,0,1,1,4,2,0,3,1,1,0,2,2,1,1,2,2,0,1,2,3,0,0,1,1,1,0,1,0,0,1,1,0,2,3,1,1,0,2,0,0,1,1,0,2,0,1,2,3,0,2,0,3,3,0,1,0,0,1,1,0,2,1,1,4,2,1,1,2,2,1,0,3,1,0,0,1,0,1,0,0,0,3,0,1,0,2,0,0,0,1,0,3,0,0,2,2,1,1,2,0,2,1,1,0,0,2,1,1,1,0,1,1,3,0,2,0,1,2,1,2,1,1,1,0,1,1,1,0,2,1,1,1,0,0,2,0,0,1,2,0,2,2,1,1,1,1,1,1,0,0,0,0,0,2,1,0,2,1,0,1,0,2,2,1,0,0,1,1,0,1,2,0,2,0,2,1,0,0,0,1,0,0,1,0,0,0,0,0,0,1,1,0,4,0,0,3,0,1,2,0,0,1,2,1,0,0,1,2,0,0,3,0,1,0,1,1,0,3,1,0,1,1,2,1,1,0,0,0,0,0,0,2,0,1,1,0,1,0,0,0,0,3,2,0,2,2,1,1,0,0,1,0,1,1,0,1,4,2,1,1,1,1,1,1,2,0,0,0,1,1,0,1,1,1,1,2,1,2]},{"counters":[0,1,1,2,2,1,0,1,0,0,1,3,0,0,1,2,0,1,1,2,0,0,2,1,0,0,0,2,2,0,0,0,1,1,1,0,0,3,0,1,1,0,2,0,2,2,2,1,0,0,0,1,1,0,0,0,3,2,0,0,0,0,1,2,1,0,2,1,1,0,1,0,1,0,0,0,1,0,0,2,1,0,2,2,1,3,2,0,1,0,1,0,0,1,0,0,1,0,3,1,1,0,1,1,1,2,0,1,1,0,1,2,4,1,2,0,0,1,2,2,0,1,1,2,0,1,1,6,0,0,0,1,2,0,1,1,2,0,0,0,1,0,2,2,0,0,0,3,1,2,2,1,1,1,2,0,0,0,1,0,4,0,0,0,0,2,0,0,1,2,0,2,2,1,1,0,1,1,2,3,0,1,1,1,0,1,1,1,2,2,2,0,0,3,0,2,0,2,0,0,0,1,1,0,0,0,0,2,1,2,2,4,1,1,0,0,2,1,0,2,0,2,1,0,2,3,0,0,0,1,2,2,1,0,1,0,0,1,0,0,4,1,1,0,4,2,2,1,1,2,0,1,1,0,2,1,1,0,4,1,1,1,1,0,0,0,0,0,2,0,1,0,0,0,0,0,1,1,0,1,0,0,0,1,1,0,0,0,1,0,0,2,1,2,1,0,0,1,1,1,0,0,1,0,2,1,0,1,0,1,3,1,1,1,0,2,0,1,3,1,2,1,0,1,1,1,2,0,1,2,0,1,1,0,1,1,1,1,2,2,2,1,0,1,0,1,2,1,1,2,0,1,1,1,0,0,3,1,1,0,3,2,0,0,1,0,1,1,4,0,2,0,0,0,3,2,0,0,2,0,0,0,0,2,0,0,0,1,3,0,2,1,0,1,1,1,1,1,4,2,1,0,3,1,2,0,0,0,2,0,1,1,0,0,2,0,0,2,1,1,0,0,0,3,1,0,1,2,0,0,0,1,0,0,1,0,2,2,3,0,1,3,1,2,2,2,0,1,0,1,1,0,4,0,2,0,2,1,0,0,2,2,0,3,3,1,2,1,2,0,2,0,2,2,1,2,0,2,0,0,1,0,1,1,2,1,1,5,1,0,1,1,1,2,1,0,0,4,1,1,0,0,0,2,2,2,2,1,0,0,0,2,1,0,1,2,0,1,2,0,2,0,0,1,2,1,2,0,0,0,0,3,4,0,3,0,3,1,3,2,3,1,0,3,0,2,1,2,1,0,2,0,1,3,0,3,3,0,0,1,1,1,1,1,1,2,0,1,0,0,2,0,0,0,2,1,0,0,2,2,3,1,0,2,3,0,1,4,2,3,3,1,3,2,2,2,3,1,0,1,4,1,1,0,0,0,1,3,2,1,2,0,3,2,2,3,0,0,3,0,3,1,1,1,1,0,1,0,0,1,0,0,3,0,1,0,0,0,2,0,3,2,1,1,1,1,0,0,0,2,0,1,1,0,0,0,2,1,0,1,0,1,0,0,3,1,1,1,1,2,0,1,3,1,1,0,5,0,1,2,1,2,0,1,0,3,0,1,0,3,0,0,1,3,1,2,2,5,1,1,1,1,1,2,1,1,2,1,0,1,0,2,1,1,1,4,1,1,0,1,1,0,0,3,1,1,1,2,0,0,1,0,2,2,1,3,0,0,0,1,0,0,0,1,0,2,0,1,3,2,0,2,1,1,3,1,0,1,0,2,2,1,0,0,1,0,2,0,1,1,0,1,1,1,1,0,2,3,0,0,0,1,1,1,0,0,0,2,2,2,1,1,1,0,0,0,0,1,0,1,1,2,2,1,0,3,0,3,2,3,2,1,1,2,0,0,2,0,0,1,1,0,2,1,0,1,1,3,2,1,0,0,0,0,1,0,1,0,3,2,1,0,1,2,0,0,1,1,0,1,1,0,0,3,3,1,0,0,0,0,1,2,0,1,0,1,0,0,0,2,0,2,0,0,2,2,2,2,3,2,1,2,1,0,0,1,0,1,1,0,0,0,2,0,1,2,0,0,0,0,1,3,1,1,1,1,0,3,1,0,1,3,1,1,0,1,1,0,3,1,1,0,1,0,3,0,0,1,1,2,0,0,0,0,3,2,2,2,2,1,0,0,0,0,1,0,1,1,0,0,2,0,0,1,1,0,1,1,0,0,0,1,0,1,3,3,2,1,1,2,1,0,0,0,2,1,1,2,0,0,1,0,0,4,1,0,1,3,0,0,0,1,3,1,0,4,0,2,0,2,1,0,1,0,3,1,1,2,3,2,1,0,0,1,1,1,3,0,1,1,1,0,1,0,3,0,1,2,0,2,1,0,0,1,1,3,1,4,2,1,1,3,1,2,0,0,0,1,0,0,1,1,0,1,2,0,1,2,2,0,1,3,0,3,1,0,1,1,1,0,0,1,0,2,1,1,0,1,0,0,0,3,0,1,0,2,0,1,4,0,2,0,3,0,0,0,0,1,2,1,0,0,0,1,0,0,1,0,2,2,2,0,0,1,0,1,1,1,1,1,0,1,3,3,1,0,0,1,1,1,2,1,0,0,0,0,1,1,0,0,1,2,3,1,1,0,2,1,0,2,0,0,1,0,2,0,0,1,1,0,2,0,0,1,0,1,1,0,1,1,0,0,0,0,1,0,0,0,2,1,2,2,0,2,2,0,2,0,1,0,1,2,0,1,0,0,0,1,0,0,0,0,1,3,1,0,1,1,2,0,1,1,0,1,0,2,0,0,0,0,1,1,0,0,3,2,0,0,0,0,1,2,0,0,1,1,1,1,0,1,1,1,0,1,2,0,0,0,0,2,0,0,0,0,1,2,3,1,2,0,3,0,1,1,2,1,3,2,1,1,0,0,0,1,1,0,0,1,0,0,0,1,1,0,1,0,0,2,0,0,0,2,0,1,0,0,0,2,1,0,1,2,1,1,0,1,0,0,4,1,0,1,2,0,0,3,0,0,1,0,2,1,1,2,0,0,1,0,1,4,0,1,2,0,0,2,1,1,0,0,0,1,0,1,2,4,1,0,1,1,3,1,2,0,0,0,0,0,1,2,2,1,0,1,1,0,2,0,2,0,1,2,0,1,0,1,2,1,2,1,2,2,2,0,0,2,3,0,1,2,0,1,1,0,0,0,2,1,1,1,0,3,0,1,2,1,2,0,0,3,0,1,1,2,1,2,0,0,0,1,2,0,1,1,1,0,4,0,2,0,1,2,1,1,0,1,0,2,2,1,3,1,1,1,1,2,1,2,0,0,0,1,1,1,1,0,0,1,1,0,2,1,1,0,2,1,0,2,0,1,0,0,1,0,2,0,3,1,0,2,1,1,0,0,3,1,1,1,1,0,1,0,1,2,1,0,1,1,0,1,0,1,0,0,3,1,1,1,2,3,1,1,1,2,3,2,0,3,1,2,0,1,0,1,6,1,0,0,1,1,1,2,2,1,1,1,1,1,0,2,1,0,2,2,3,2,1,1,2,0,2,0,1,2,2,1,2,3,1,0,1,1,1,1,2,0,0,1,0,2,2,0,1,1,1,1,2,1,1,0,0,1,0,1,3,1,1,0,0,0,0,0,0,2,4,0,1,0,3,0,2,3,2,2,2,0,0,0,1,2,1,1,1,2,0,2,2,0,0,0,0,0,2,0,1,1,0,1,1,2,1,1,2,0,0,0,1,0,0,0,1,2,0,1,1,0,3,0,1,1,1,1,0,0,2,1,1,1,1,2,0,2,1,2,1,1,1,1,1,3,3,1,2,0,2,4,1,2,1,2,2,1,2,1,1,0,4,0,2,1,0,1,2,3,0,2,1,0,2,1,1,0,2,1,1,0,1,2,0,0,2,2,1,0,0,0,1,1,0,2,0,0,0,2,1,0,1,1,0,2,1,0,0,0,2,1,3,2,2,1,0,1,1,0,1,0,0,0,1,0,1,1,1,1,0,2,2,1,1,0,0,2,0,1,1,1,0,2,0,2,1,2,1,0,0,1,0,1,1,0,2,2,1,0,0,1,0,1,1,1,0,0,2,0,2,2,1,1,0,2,1,0,1,1,0,0,0,2,1,2,0,1,2,0,1,0,2,1,1,0,0,1,0,0,2,1,0,1,3,1,0,1,0,1,3,2,2,1,3,0,1,0,2,0,1,0,1,1,2,0,0,1,2,0,1,0,2,1,2,0,0,1,0,1,3,0,1,0,2,0,0,0,1,2,1,1,1,2,0,0,1,1,0,1,2,3,0,0,1,1,0,2,0,0,0,0,0,1,1,1,0,0,1,1,1,0,0,0,1,0,1,0,2,1,1,1,0,1,1,2,1,0,2,0,0,1,1,4,3,1,1,1,0,1,2,1,2,2,4,1,1,1,2,0,1,3,2,2,0,0,4,0,0,0,2,0,1,1,0,2,0,2,0,3,2,0,0,2,0,0,0,1,0,0,0,4,1,3,0,0,3,1,1,0,0,1,1,1,0,2,0,5,0,1,4,1,0,0,1,0,1,1,0,0,1,1,2,1,1,0,2,2,0,0,2,0,2,2,1,2,1,1,0,2,1,0,0,1,0,0,4,1,1,0,0,0,0,0,2,1,3,1,1,4,2,2,2,2]},{"counters":[0,0,1,0,1,3,0,0,1,1,2,0,0,2,3,1,1,1,2,0,1,0,1,1,1,0,2,3,0,3,1,1,1,0,1,0,0,0,2,0,0,1,2,1,0,0,1,1,2,3,1,0,2,1,0,0,1,1,0,1,2,0,1,1,2,1,0,0,0,3,1,2,2,0,1,0,2,1,2,1,0,1,1,1,1,1,1,0,1,3,1,2,2,3,1,1,0,1,3,1,0,1,1,2,1,0,0,0,2,0,0,2,1,1,1,0,2,1,2,0,1,2,0,1,2,1,1,1,2,0,1,2,0,1,1,0,3,2,2,2,1,1,0,1,0,2,0,0,0,0,0,0,2,2,0,2,1,0,0,1,0,1,0,0,0,3,0,0,1,0,0,0,1,1,1,2,0,1,1,2,0,0,0,1,1,1,4,2,2,1,0,1,0,1,0,2,1,2,1,1,0,2,1,6,0,0,0,1,1,0,2,1,1,0,0,3,2,0,1,3,0,1,1,0,0,1,0,0,1,1,1,2,1,0,1,1,3,0,0,1,3,2,2,2,0,1,2,4,1,2,0,2,0,1,1,2,1,1,2,0,1,0,1,1,1,0,2,2,0,2,1,2,2,0,1,2,0,1,0,2,0,2,0,1,1,2,1,1,0,0,0,1,0,0,1,1,1,1,0,0,1,1,2,2,1,1,0,0,0,3,2,2,1,0,0,1,0,1,1,1,2,1,2,1,3,1,1,0,0,0,1,0,0,0,1,1,0,1,2,0,0,0,0,0,4,2,0,1,2,1,3,0,1,0,3,0,2,2,2,1,0,3,1,4,1,4,1,2,1,0,0,0,0,1,1,2,2,0,0,1,0,1,0,0,2,0,2,1,1,1,1,0,0,0,0,2,0,1,0,2,0,0,6,1,1,0,1,1,1,2,1,1,0,3,0,0,2,1,3,0,2,1,1,2,0,1,1,1,1,1,1,1,0,3,0,2,0,2,1,0,1,4,3,0,0,3,1,1,1,1,1,1,1,0,2,0,1,1,0,1,1,0,0,1,1,0,1,0,0,0,0,1,2,1,1,2,2,3,2,0,2,1,1,2,2,1,1,3,2,1,1,1,2,0,1,4,0,0,0,0,1,2,0,1,1,4,0,3,2,1,1,0,3,1,1,0,1,2,0,3,0,1,0,2,2,3,1,0,3,3,1,3,0,1,1,2,2,1,0,1,2,3,2,1,0,0,0,2,1,1,0,2,2,1,0,1,2,2,0,2,3,1,0,1,1,0,1,0,1,3,3,2,0,1,0,0,0,0,1,0,0,0,2,1,3,1,1,1,1,1,0,0,0,1,0,0,0,1,0,0,1,2,1,2,0,0,1,1,0,2,0,1,4,0,1,0,1,1,1,1,0,2,1,0,0,1,0,0,0,2,1,1,0,0,2,1,1,2,0,2,1,2,0,1,1,2,2,0,1,1,3,1,0,1,2,1,0,1,1,3,1,2,2,1,2,1,0,1,1,3,4,0,0,0,2,1,0,0,0,0,1,1,0,1,1,0,0,1,0,1,1,0,2,0,0,0,1,3,1,0,0,1,2,3,1,2,0,1,2,2,0,2,2,1,1,1,1,0,2,1,1,2,0,1,1,3,0,0,1,3,2,0,0,0,2,1,3,1,1,0,1,3,1,0,1,1,0,0,2,0,1,1,1,2,1,0,0,0,0,2,4,2,1,0,2,2,0,1,1,1,0,1,1,2,0,0,1,0,2,1,2,3,1,2,0,0,1,0,3,1,1,0,1,3,3,1,2,0,0,1,1,2,0,1,4,2,1,1,1,1,2,2,0,3,1,0,0,0,0,0,2,4,0,0,5,3,1,0,1,0,2,1,0,1,1,0,1,0,2,1,0,1,0,1,0,3,0,1,0,1,0,1,1,0,2,2,2,1,1,1,0,1,1,0,2,0,0,1,0,1,0,2,0,0,1,1,0,2,0,1,0,0,0,1,0,1,0,1,1,0,1,2,2,1,0,1,1,0,1,1,0,1,3,1,0,1,0,1,1,0,0,0,0,2,1,0,2,0,2,1,0,0,1,0,1,0,2,1,1,0,0,0,1,0,0,0,0,0,0,1,2,1,3,1,0,0,0,1,0,0,0,1,2,2,0,0,0,0,0,0,0,1,0,1,2,0,1,0,0,0,2,1,1,2,0,0,0,1,0,1,0,1,0,0,1,1,0,1,0,2,0,0,0,1,1,1,0,2,2,0,0,2,2,0,1,0,0,3,3,0,0,0,2,3,2,1,1,1,0,1,1,0,6,1,1,3,0,2,1,0,1,0,0,2,1,2,2,1,0,0,1,2,2,1,1,2,1,0,1,2,1,1,2,0,2,0,1,1,2,3,1,0,0,0,0,1,2,2,2,0,1,0,0,1,0,2,1,1,1,0,0,0,0,2,1,0,0,0,1,0,0,1,1,0,3,2,1,1,2,2,0,0,2,0,0,1,0,2,1,1,1,2,0,0,3,0,1,1,0,1,0,2,0,1,1,2,2,1,0,2,0,3,1,0,0,1,0,0,2,1,0,0,0,0,0,2,0,0,3,1,1,0,0,1,1,2,4,0,0,2,0,1,3,1,1,0,0,1,1,1,0,0,1,0,1,1,0,0,3,2,0,1,0,0,0,3,0,0,1,1,1,0,0,1,2,1,3,1,1,2,2,0,1,2,1,1,0,1,1,1,0,0,0,0,1,0,1,2,1,1,1,1,2,1,0,3,2,2,3,0,1,0,2,0,0,0,2,2,0,2,1,0,1,1,1,1,0,0,1,1,1,1,1,0,2,1,2,1,0,1,1,2,1,0,2,1,1,1,1,1,0,2,0,1,1,0,2,2,1,2,2,1,1,1,0,3,4,0,0,0,1,1,1,5,1,1,1,0,3,0,0,1,0,0,1,1,1,0,2,0,0,1,0,0,3,2,3,0,1,0,0,0,2,0,1,1,0,2,2,0,1,1,2,3,1,4,2,2,1,0,1,1,1,0,1,0,2,1,0,1,3,1,2,0,3,1,1,0,1,2,0,1,0,0,1,2,0,1,1,3,1,0,0,0,0,1,2,0,0,2,1,3,2,3,2,1,1,3,1,1,2,1,1,0,0,1,0,2,1,5,1,1,0,2,1,1,0,0,2,0,1,0,3,0,3,1,1,1,3,0,1,1,0,0,0,0,2,0,1,0,0,3,1,0,3,0,2,1,0,0,0,0,0,1,1,0,2,2,0,0,0,2,0,2,1,0,1,2,0,0,0,1,0,1,0,0,0,3,2,3,1,0,0,0,0,2,0,1,0,0,2,1,0,0,0,0,2,0,3,3,0,1,3,4,1,1,0,1,1,0,0,0,0,0,2,2,0,2,0,0,2,0,0,2,0,0,1,1,0,1,1,2,0,2,0,1,2,1,2,1,1,2,2,1,0,2,0,1,1,0,1,1,1,2,3,3,2,1,1,0,0,2,0,0,0,1,0,1,1,2,2,1,1,1,0,1,2,0,2,0,4,0,0,2,0,2,0,2,0,2,1,0,2,2,1,0,0,0,2,1,0,4,0,1,1,1,1,1,1,0,3,0,2,1,0,3,1,0,1,3,1,0,1,1,1,1,2,1,2,0,0,0,0,0,1,2,0,1,5,1,1,1,0,1,0,1,2,0,0,0,2,2,0,0,1,3,1,0,1,1,1,0,0,0,0,0,3,1,0,0,0,0,1,2,2,4,0,2,0,1,0,0,1,2,1,0,0,0,1,2,1,1,2,3,0,0,0,1,1,2,1,0,0,1,1,1,0,2,1,3,1,1,0,1,1,4,1,0,1,0,2,2,0,1,4,1,3,1,0,0,0,0,1,3,1,0,1,3,1,2,1,0,2,1,1,3,0,1,3,3,2,0,2,1,0,2,3,1,1,0,0,0,0,1,0,0,1,1,1,0,1,0,0,1,2,1,0,0,1,0,0,2,1,0,1,1,0,1,0,3,1,1,2,0,0,2,0,0,3,1,1,1,0,0,0,2,0,0,2,0,0,1,0,0,1,2,0,1,2,2,3,1,4,1,1,3,3,1,1,4,1,0,2,0,1,0,1,1,3,0,1,0,1,0,1,1,1,1,1,1,1,0,0,1,2,0,0,0,1,1,1,2,0,2,1,3,2,1,0,1,1,1,1,0,1,0,0,1,0,2,1,2,0,0,3,1,0,1,0,1,2,2,0,2,0,1,1,0,0,2,2,2,0,1,0,2,0,1,1,1,0,1,1,1,4,3,2,0,1,0,1,1,1,0,0,1,0,3,1,3,0,1,0,0,0,2,1,2,2,1,2,3,1,2,0,1,2,2,2,0,1,0,1,0,2,0,1,0,2,0,0,0,0,2,0,1,0,0,1,3,0,1,0,1,0,1,0,0,2,1,0,1,1,0,2,1,0,2,3,1,2,0,0,1,2,1,3,0,1,1,0,0,1,2,0,1,0,2,1,0,1,0,0,1,0,1,1,4,3,0,0,0,0,0,1,0,0,1,1,1,1,0,1,2,1,0,0,1,1,0,2,1,1,0,1,3,1,0,1,2,0,0,1,1,2,0,3,1]},{"counters":[2,3,1,0,1,2,0,0,1,1,1,2,1,0,1,3,1,1,1,2,1,2,0,2,0,1,4,1,0,2,1,0,1,1,1,1,0,2,0,1,0,1,0,1,1,1,0,2,1,0,2,1,1,1,1,0,1,1,0,0,3,1,1,0,1,0,1,0,3,2,0,1,0,1,2,2,0,0,1,1,0,1,0,0,0,2,1,0,0,0,3,0,2,0,1,0,2,0,0,1,0,3,1,1,0,0,1,3,0,2,0,3,3,0,1,1,1,0,1,2,0,1,1,0,0,1,1,1,1,0,2,1,2,1,0,0,0,1,0,2,3,0,2,1,0,3,0,1,0,2,1,2,0,2,1,0,2,0,2,1,1,1,0,0,0,0,1,0,1,0,2,1,0,0,0,0,1,1,4,2,3,1,1,2,0,1,0,0,0,0,1,4,1,1,2,0,0,1,2,0,3,0,0,1,1,1,2,0,3,3,0,1,0,0,0,1,0,0,2,2,0,2,3,1,1,1,0,1,1,0,1,0,1,0,2,1,0,2,1,1,0,1,0,2,0,2,1,0,0,1,0,1,2,1,0,0,0,0,0,1,2,1,2,0,0,1,2,0,1,1,1,0,0,1,0,0,0,2,1,0,0,0,0,0,0,1,2,1,2,1,0,0,0,0,1,0,0,2,1,0,0,1,2,2,2,1,3,1,3,1,0,0,1,0,0,0,0,5,1,1,1,1,3,1,0,0,3,0,0,2,1,2,0,0,0,1,0,0,1,1,1,0,2,1,1,0,0,1,1,0,0,0,0,0,1,2,2,1,1,0,2,0,1,0,1,0,0,1,2,0,3,0,2,0,1,1,2,0,1,4,2,0,0,3,1,1,0,1,1,3,1,3,0,2,2,1,2,2,0,1,1,1,1,2,0,0,1,0,2,2,1,0,0,1,1,0,2,1,1,0,1,2,0,2,2,0,0,2,0,0,0,2,1,1,1,0,3,0,1,3,0,3,1,1,2,1,1,2,0,0,1,1,3,2,0,2,1,0,2,2,1,2,0,1,2,1,3,0,1,2,1,0,3,0,0,2,1,3,3,0,1,1,0,0,0,3,0,1,0,2,2,0,4,1,4,0,1,1,0,0,5,1,0,1,0,1,0,1,0,1,0,0,3,1,1,0,2,0,3,0,1,0,0,2,0,0,0,1,2,0,2,0,0,2,0,3,3,1,0,0,1,1,0,2,0,2,0,1,1,2,0,0,1,1,1,1,1,1,3,1,0,0,0,1,0,1,3,1,1,2,0,0,2,0,2,2,2,1,2,2,1,0,1,2,1,2,2,1,0,0,1,0,1,0,0,1,1,1,0,0,2,1,0,0,1,2,2,1,1,0,3,1,1,1,0,0,1,2,0,0,1,4,3,0,0,0,3,0,2,0,0,3,1,1,2,3,1,0,5,0,2,3,0,0,1,0,0,0,0,0,2,0,0,2,2,2,1,2,0,0,0,0,0,0,1,3,1,1,0,2,1,1,0,1,1,1,0,1,1,1,1,0,1,1,0,2,4,1,0,1,1,1,1,1,2,0,2,2,1,0,2,0,1,1,0,2,2,0,0,1,0,0,4,2,0,0,1,0,2,1,1,1,1,0,2,0,2,0,0,0,0,1,1,2,0,0,3,1,0,0,0,1,0,1,1,1,0,0,2,0,0,1,0,1,1,1,0,0,1,2,2,1,1,3,2,3,0,1,1,0,2,1,1,1,3,2,1,3,1,1,1,3,1,1,0,0,0,2,1,0,1,1,2,1,0,0,1,2,3,3,1,0,1,3,3,1,0,0,2,1,1,2,1,1,1,0,2,1,0,2,0,1,0,2,0,1,0,0,0,1,1,2,0,3,1,0,0,2,3,1,2,2,1,0,1,1,0,3,1,1,0,2,0,1,0,0,1,0,0,1,0,0,0,0,1,0,1,2,1,0,0,1,1,2,0,1,0,1,2,1,3,1,0,2,0,1,0,0,1,0,1,2,1,2,1,3,1,2,1,1,0,1,2,0,0,0,0,2,1,2,1,1,0,1,1,0,1,0,1,0,2,1,1,0,0,0,1,1,0,2,0,1,0,1,4,1,2,0,1,1,0,4,0,2,3,1,0,0,0,1,2,4,2,0,1,0,0,2,2,1,0,0,2,2,2,1,3,0,1,0,0,0,1,1,1,1,1,1,2,0,0,1,1,0,0,0,2,1,2,3,1,0,2,3,0,2,0,1,0,1,1,1,0,1,2,1,0,0,2,1,0,0,2,1,0,0,2,0,1,3,1,0,2,1,0,0,0,2,0,0,0,0,2,0,2,1,0,2,0,1,1,0,4,0,0,2,1,2,1,0,1,1,1,1,1,1,1,1,0,0,1,0,2,0,2,2,1,2,0,1,2,0,1,1,1,1,0,0,2,1,1,1,1,1,0,0,0,0,1,1,2,1,1,0,5,1,3,1,2,1,1,1,0,0,0,1,2,3,0,1,1,0,3,0,0,0,1,0,1,0,2,2,3,0,1,2,0,2,1,0,2,1,1,3,1,0,1,1,0,0,1,2,1,1,0,0,2,0,4,1,1,2,0,3,0,1,0,0,0,1,2,2,3,1,4,0,2,2,2,0,3,3,1,3,2,1,0,1,0,0,1,0,1,0,1,0,3,0,2,1,3,0,1,1,0,1,1,0,0,1,0,0,1,1,2,1,4,1,0,0,0,3,0,2,1,2,1,0,2,1,1,3,1,3,1,1,1,1,2,1,0,0,1,0,0,2,2,0,1,1,0,1,0,2,0,0,0,1,1,2,0,1,0,1,0,1,2,1,0,1,3,3,2,0,0,1,1,1,1,2,0,1,0,0,1,2,2,3,1,1,1,2,2,0,4,0,2,1,0,1,0,2,0,0,0,0,1,2,1,1,0,2,3,1,1,1,0,1,1,1,1,1,0,1,3,1,2,2,0,0,1,1,2,1,2,3,2,0,0,0,0,0,2,0,2,3,0,1,2,1,1,2,0,5,2,0,1,1,2,0,1,1,2,1,1,1,0,0,2,1,1,1,2,1,2,0,0,0,1,0,0,2,2,1,0,0,3,2,1,0,1,1,3,1,2,0,2,2,0,1,1,2,0,1,1,0,0,1,0,0,3,0,1,4,3,1,3,1,2,2,0,2,1,0,0,2,1,0,2,2,0,0,1,1,1,0,0,2,2,2,0,0,2,0,1,0,0,2,0,1,0,2,1,1,0,0,1,0,1,0,1,1,0,2,0,2,3,0,1,0,2,3,0,0,0,2,0,0,1,0,2,0,0,0,1,1,1,1,2,0,3,1,1,2,2,3,1,0,0,2,3,1,1,1,1,0,1,0,1,0,1,0,0,1,0,1,1,0,3,2,2,1,1,1,1,1,1,2,0,1,2,1,1,1,0,0,3,1,0,1,1,1,2,2,2,2,0,0,1,4,2,1,0,1,0,1,1,4,3,1,1,0,0,1,1,1,0,1,0,1,1,2,1,0,0,0,1,2,2,0,0,1,0,1,1,0,1,0,0,0,1,0,0,0,2,1,1,2,0,2,0,0,0,1,3,2,0,1,1,2,0,1,1,0,0,0,1,1,2,2,2,0,0,0,0,2,1,3,1,0,3,1,0,1,2,1,2,1,0,0,2,1,0,1,2,2,1,0,0,0,1,0,2,1,1,1,1,0,2,1,1,1,1,0,1,0,0,3,1,2,0,1,0,3,0,2,4,2,1,0,0,1,1,1,0,1,0,3,1,0,1,0,2,2,0,3,1,1,0,2,2,3,0,0,1,1,3,0,3,0,3,3,1,0,2,0,1,1,1,1,2,1,2,0,0,1,1,1,2,1,2,0,0,1,1,0,2,1,0,0,1,0,0,0,1,1,0,0,0,0,0,0,0,0,1,0,0,2,1,2,3,1,3,1,1,0,1,1,0,1,0,0,1,1,1,0,1,0,0,0,3,1,1,0,0,1,1,1,1,0,0,1,2,2,3,2,1,1,0,0,0,0,0,2,1,1,1,3,1,1,2,4,0,3,0,1,2,1,0,1,0,1,0,1,1,1,0,0,0,1,2,0,1,2,1,3,0,1,0,2,1,1,2,1,0,1,0,2,1,0,1,1,3,0,0,0,0,1,2,1,4,0,2,1,4,3,2,0,1,3,0,1,4,1,1,1,0,1,0,0,2,1,0,0,0,4,0,0,0,1,1,0,1,0,1,0,0,1,1,1,1,1,0,0,0,1,1,0,1,1,0,2,2,0,0,2,2,1,0,0,2,2,1,2,1,1,2,1,1,2,1,1,3,0,1,0,0,0,2,0,1,0,3,0,0,1,0,1,0,1,1,1,0,1,0,1,1,1,0,0,1,2,1,3,0,0,1,1,0,0,0,1,2,2,1,0,1,1,0,1,2,2,1,1,0,0,1,0,0,0,0,0,2,1,0,1,1,0,1,0,1,2,1,0,1,0,0,1,2,1,2,1,0,3,0,2,3,2,4,2,1,1,1,1,1,2,0,1,0,0,1,0,0,1,2,1,1,0,2,3,1,0,1,1,0,0,0,2,1,1,0,1,1,1,1,1,0,1]},{"counters":[0,1,0,0,2,0,0,0,1,1,0,1,1,0,0,0,1,1,0,2,1,2,0,2,2,2,0,0,1,2,1,1,0,1,1,1,0,0,0,2,2,0,3,0,1,2,0,0,1,0,1,1,0,1,0,0,1,0,0,2,2,2,3,1,0,0,0,0,2,1,3,0,3,3,3,2,1,3,0,0,3,1,0,3,0,0,0,1,1,1,0,0,1,1,0,0,1,2,3,0,0,2,2,2,0,2,0,0,0,0,1,1,3,2,3,1,2,2,0,3,1,1,0,1,0,1,0,0,1,3,1,3,1,0,0,0,2,1,0,1,0,0,0,1,1,3,0,2,0,1,0,0,1,2,3,0,0,2,0,2,0,1,0,1,0,0,1,1,2,0,1,4,1,2,0,0,4,3,0,2,1,1,0,2,0,1,1,1,4,0,1,1,0,0,1,1,0,0,2,0,1,0,0,2,0,2,1,0,2,0,1,0,0,2,2,1,2,2,3,2,0,1,0,0,1,0,0,0,3,1,2,2,1,2,3,1,2,1,1,1,0,1,0,1,1,0,2,3,0,2,0,0,0,2,1,1,0,2,0,2,2,4,1,0,1,2,1,1,2,0,1,2,1,3,2,3,1,2,2,0,3,5,1,1,0,0,0,1,1,0,0,1,0,1,3,0,1,0,2,1,0,0,2,0,0,0,1,1,1,0,2,0,1,0,2,1,2,0,2,1,1,0,2,2,1,1,0,1,0,0,0,0,1,4,1,1,1,3,0,0,1,1,2,0,1,2,2,1,0,1,1,3,1,1,0,1,0,0,2,3,0,1,0,2,2,3,0,3,0,1,2,1,2,1,0,2,2,1,1,0,2,1,1,1,1,3,2,0,2,0,1,1,1,2,1,0,0,0,0,0,0,0,1,1,1,3,1,0,0,1,0,0,0,0,0,0,1,0,1,1,1,0,1,1,2,1,1,2,0,1,2,1,0,2,0,2,2,1,0,1,0,3,1,1,0,2,0,0,2,1,2,2,2,0,3,1,1,0,1,1,1,2,1,0,0,2,0,1,3,0,2,0,0,1,0,2,1,3,2,2,1,1,1,1,1,2,1,2,0,0,1,0,0,0,2,1,0,2,3,1,0,2,1,1,2,0,1,1,1,1,0,3,0,0,2,1,1,1,0,2,0,1,2,0,0,0,0,0,0,2,1,3,1,2,1,1,1,1,1,1,0,1,2,0,0,0,2,1,1,1,0,2,0,1,1,0,1,2,0,0,3,2,0,3,3,1,1,1,1,1,0,1,0,0,1,2,0,1,1,0,1,2,3,0,1,0,3,2,1,2,0,4,0,1,0,2,1,2,2,0,1,0,0,1,1,0,1,2,1,1,0,1,1,1,0,1,0,1,0,1,0,0,5,1,0,2,1,0,1,0,3,1,0,1,1,6,1,0,0,1,0,0,1,0,0,0,0,0,0,1,1,2,1,1,1,2,0,0,0,1,1,0,1,0,0,1,3,2,1,0,1,0,2,0,0,2,1,1,1,1,0,1,2,0,1,1,0,3,5,2,1,1,2,1,0,1,1,2,3,1,0,0,1,1,1,0,2,2,1,3,0,0,1,0,3,0,1,1,1,0,1,1,0,1,1,0,0,1,1,0,0,1,2,0,1,0,0,0,1,2,1,1,0,1,0,2,0,3,0,1,0,0,2,1,2,0,2,3,2,3,3,0,0,2,1,0,2,2,0,1,0,1,0,1,3,0,0,0,1,0,1,0,1,0,1,1,2,1,4,0,0,2,0,1,1,2,0,1,2,2,1,3,4,2,1,1,0,1,0,0,2,1,2,0,0,1,0,1,1,2,1,1,0,0,1,0,3,2,0,1,1,1,2,0,0,0,1,0,1,1,3,2,0,0,0,1,1,1,0,3,2,0,2,1,1,0,1,1,1,0,1,1,2,1,0,3,0,1,2,2,0,1,2,1,0,3,0,1,0,1,0,1,2,1,1,0,0,1,4,3,1,2,1,1,0,1,0,4,1,0,1,1,2,0,2,2,0,5,3,1,0,0,1,0,0,0,2,0,0,0,2,1,1,0,1,0,0,1,0,0,0,2,2,2,2,2,1,1,1,1,2,1,2,2,0,2,1,2,2,3,2,2,1,1,0,1,1,2,2,1,0,0,1,2,1,1,1,1,3,2,0,0,1,2,2,2,2,1,0,0,2,0,0,1,2,4,2,3,0,2,1,3,0,2,2,0,3,2,2,1,0,1,0,0,0,0,0,0,1,0,1,1,0,2,1,1,1,0,2,2,1,1,0,0,2,1,3,0,1,1,2,2,0,0,0,0,3,1,0,0,1,0,0,0,1,1,2,0,2,0,1,1,1,2,1,0,1,1,0,1,0,0,1,0,0,0,2,1,1,1,1,2,0,0,2,3,1,2,1,1,1,1,2,0,2,1,1,2,0,1,3,0,1,2,2,1,0,0,0,1,3,0,1,0,0,2,1,0,2,1,1,3,0,2,0,3,2,2,1,2,1,1,2,1,1,0,0,0,2,0,3,2,0,2,1,0,0,1,0,2,2,0,0,0,0,1,1,2,0,1,1,1,1,0,0,1,0,1,0,1,2,0,0,4,0,1,0,0,0,1,0,1,1,2,1,0,1,3,1,4,0,2,0,1,1,2,5,0,1,0,0,2,4,1,0,1,1,0,1,1,0,2,0,0,0,1,1,1,0,2,0,2,0,0,1,1,3,0,0,0,1,0,0,1,0,0,2,1,1,0,0,0,1,2,1,1,2,1,0,1,3,4,2,1,2,3,1,0,2,0,1,1,1,2,0,1,3,2,1,2,2,1,2,0,1,0,0,1,1,0,2,1,2,3,0,1,0,0,1,0,1,2,0,2,1,0,1,0,1,1,0,0,1,0,1,2,2,1,0,0,0,0,2,0,0,2,1,0,2,0,1,0,0,1,1,1,0,0,2,2,1,0,2,0,1,1,0,3,0,1,0,0,1,0,4,0,0,1,0,1,0,0,0,4,1,2,1,1,0,1,1,1,1,2,0,2,0,1,1,1,3,0,1,0,0,1,0,0,2,1,1,4,0,2,1,0,0,3,0,0,1,1,1,2,0,0,2,0,0,0,2,0,1,2,1,0,0,1,1,0,0,0,1,1,1,2,1,1,2,1,0,1,0,1,0,0,3,3,1,0,3,0,2,2,1,0,0,2,1,0,0,0,0,1,3,2,0,1,2,2,1,0,2,2,1,1,0,1,0,0,0,1,1,1,2,0,0,0,2,1,0,2,1,2,1,0,0,0,0,2,1,0,1,0,1,0,1,0,3,2,0,0,1,0,0,1,1,1,1,3,1,0,0,3,0,0,0,0,2,1,0,1,0,0,0,0,2,2,1,1,1,2,3,1,1,0,2,2,0,2,0,0,0,1,1,5,0,3,1,0,0,1,1,0,3,0,1,0,1,0,1,1,2,0,0,0,3,0,1,3,0,0,0,1,2,3,1,1,0,1,0,0,3,2,1,0,1,0,1,0,2,3,0,2,1,2,0,0,1,3,2,0,1,1,0,1,2,0,0,1,1,2,0,1,3,2,0,2,2,0,1,1,2,1,0,1,1,1,2,4,0,0,1,1,1,2,1,1,1,1,2,3,1,0,2,0,0,2,0,0,0,0,1,1,0,0,0,1,0,1,1,1,1,1,0,3,0,0,0,2,0,1,0,1,0,0,0,0,1,2,1,1,1,3,1,0,1,3,1,0,0,2,1,0,0,1,0,0,1,0,2,0,1,1,2,1,1,1,1,1,1,1,1,2,2,0,1,0,3,1,1,0,1,1,1,0,1,0,0,0,2,0,3,2,1,0,2,0,2,1,0,3,0,1,0,2,3,0,0,0,3,0,0,0,0,2,0,2,0,2,1,1,1,0,2,0,1,0,2,0,1,0,2,2,0,2,1,3,2,1,2,0,4,1,0,3,0,0,0,1,2,1,0,1,1,0,2,2,1,0,0,1,1,1,1,1,2,1,1,2,0,2,1,0,1,0,1,1,1,0,0,1,2,3,2,1,0,1,1,2,4,0,0,3,0,1,0,2,0,0,3,1,0,1,0,1,0,1,1,0,0,1,1,0,0,2,0,1,2,0,2,1,1,1,0,0,0,0,0,3,0,0,0,2,0,0,1,0,1,3,1,0,1,1,4,0,4,2,1,0,2,1,0,1,1,1,2,0,3,3,0,1,1,0,3,0,0,0,1,0,0,0,1,1,1,3,2,2,0,1,0,0,2,0,1,2,1,1,3,1,1,2,0,4,2,2,2,0,0,0,2,1,2,0,0,1,1,1,1,2,0,2,2,3,0,0,2,1,0,0,0,0,1,0,1,1,0,0,1,1,0,0,1,0,1,1,0,1,0,3,1,1,1,1,0,0,1,1,1,2,1,0,1,1,2,0,1,0,0,1,2,1,0,0,0,0,1,0,1,1,0,2,0,1,1,1,0,2,0,0,1,1,1,1,0,1,1,0,1,1,1,2,0,0,1,0,0,0,0,1,2,0,0,1,0,0,2,2,1,0,0,1,2,0,0,3,1,2,1,0,3,1,2,0,0,1,0,2]}]},"null_count":0,"last_update_version":397952047068741632},"b":{"histogram":{"ndv":2000,"buckets":[{"count":8,"lower_bound":"LTIxMzg3MTY3NTE=","upper_bound":"LTIxMjI2MjgwMjk=","repeats":1},{"count":16,"lower_bound":"LTIxMjI1NDgxNTk=","upper_bound":"LTIxMDQxNDA1MTU=","repeats":1},{"count":24,"lower_bound":"LTIwOTkwNTYyNjM=","upper_bound":"LTIwODA1ODI4MTk=","repeats":1},{"count":32,"lower_bound":"LTIwNzcxNDQxNzk=","upper_bound":"LTIwNjY5MDIyMTQ=","repeats":1},{"count":40,"lower_bound":"LTIwNjY3ODEyMTk=","upper_bound":"LTIwNTIwOTk0MDU=","repeats":1},{"count":48,"lower_bound":"LTIwNDcyNDg3NTE=","upper_bound":"LTIwMzY0NTcyMjQ=","repeats":1},{"count":56,"lower_bound":"LTIwMzE3ODI0NjQ=","upper_bound":"LTIwMTYyNjUwMTM=","repeats":1},{"count":64,"lower_bound":"LTIwMTUxMzg5NjU=","upper_bound":"LTE5OTk2NjAyMDg=","repeats":1},{"count":72,"lower_bound":"LTE5OTQwOTgyMzg=","upper_bound":"LTE5ODY3NDQ0MjQ=","repeats":1},{"count":80,"lower_bound":"LTE5ODQyNTI2MDk=","upper_bound":"LTE5NzAyNDI1ODI=","repeats":1},{"count":88,"lower_bound":"LTE5Njk0NzU2NjI=","upper_bound":"LTE5NTM2NjIxMzY=","repeats":1},{"count":96,"lower_bound":"LTE5NTEzNjA4MDg=","upper_bound":"LTE5Mzc0MDc0OTQ=","repeats":1},{"count":104,"lower_bound":"LTE5MzcxODU5NDQ=","upper_bound":"LTE5MjY5NjYyNjg=","repeats":1},{"count":112,"lower_bound":"LTE5MjQ0MDE1MDg=","upper_bound":"LTE5MTE4OTU1OTI=","repeats":1},{"count":120,"lower_bound":"LTE5MDgxMTI4NTc=","upper_bound":"LTE5MDI2ODU2MjI=","repeats":1},{"count":128,"lower_bound":"LTE5MDEyNTA3ODQ=","upper_bound":"LTE4ODMxOTI4OTg=","repeats":1},{"count":136,"lower_bound":"LTE4NzYxMDc0Njk=","upper_bound":"LTE4NjY0MTM3OTM=","repeats":1},{"count":144,"lower_bound":"LTE4NjE0ODMwNTU=","upper_bound":"LTE4NTE0MDA0MTE=","repeats":1},{"count":152,"lower_bound":"LTE4NTAyMTI4NDM=","upper_bound":"LTE4NDE3NTk5OTU=","repeats":1},{"count":160,"lower_bound":"LTE4NDEwMTY1NzE=","upper_bound":"LTE4MTU5MzgwODM=","repeats":1},{"count":168,"lower_bound":"LTE4MDQ3MjkwNzE=","upper_bound":"LTE3Nzg3MzYyNDg=","repeats":1},{"count":176,"lower_bound":"LTE3NzgyMTA3NTA=","upper_bound":"LTE3NTQ5OTExMDM=","repeats":1},{"count":184,"lower_bound":"LTE3NTAyOTY1MDY=","upper_bound":"LTE3NDI0ODc1MjU=","repeats":1},{"count":192,"lower_bound":"LTE3Mzk3NzcwNTQ=","upper_bound":"LTE3MzU2MzAzMTQ=","repeats":1},{"count":200,"lower_bound":"LTE3MzUxMzk2NDg=","upper_bound":"LTE3MzI5MzY3MjE=","repeats":1},{"count":208,"lower_bound":"LTE3MzA5Nzg3MzA=","upper_bound":"LTE3MjIzOTkzNTk=","repeats":1},{"count":216,"lower_bound":"LTE3MTMzNjc0OTQ=","upper_bound":"LTE2ODY0MDA5ODU=","repeats":1},{"count":224,"lower_bound":"LTE2ODU5MDM1MDE=","upper_bound":"LTE2NzI1NjQ1MDQ=","repeats":1},{"count":232,"lower_bound":"LTE2NjM2NjgxMzc=","upper_bound":"LTE2NTM1ODE4NTI=","repeats":1},{"count":240,"lower_bound":"LTE2NDA2OTExNDI=","upper_bound":"LTE2MzE2NjE1MTk=","repeats":1},{"count":248,"lower_bound":"LTE2MjQxNTM3NjA=","upper_bound":"LTE2MDYzMDk0MDU=","repeats":1},{"count":256,"lower_bound":"LTE1OTkwNzAyNzE=","upper_bound":"LTE1OTE4NTA2OTk=","repeats":1},{"count":264,"lower_bound":"LTE1OTE2NTA2NDI=","upper_bound":"LTE1ODQxMjYxNDA=","repeats":1},{"count":272,"lower_bound":"LTE1ODIxNTg4MzE=","upper_bound":"LTE1NTkyMzc3MzY=","repeats":1},{"count":280,"lower_bound":"LTE1NTgwNDUyNjQ=","upper_bound":"LTE1NDU5MjkzMDY=","repeats":1},{"count":288,"lower_bound":"LTE1NDQ4OTI4ODc=","upper_bound":"LTE1MzEwMTE4NjQ=","repeats":1},{"count":296,"lower_bound":"LTE1MjkzNzQ2MTc=","upper_bound":"LTE1MTA2OTM0NTQ=","repeats":1},{"count":304,"lower_bound":"LTE1MDY1ODMyNTc=","upper_bound":"LTE0OTUwMDQ3NDU=","repeats":1},{"count":312,"lower_bound":"LTE0ODgyNTQwMzk=","upper_bound":"LTE0ODIzNjc0NTk=","repeats":1},{"count":320,"lower_bound":"LTE0NzA5MTgyNDQ=","upper_bound":"LTE0NjA0NTcwMjU=","repeats":1},{"count":328,"lower_bound":"LTE0NTc1MTI0NDA=","upper_bound":"LTE0NDE1ODEzNDk=","repeats":1},{"count":336,"lower_bound":"LTE0NDEzODM0ODE=","upper_bound":"LTE0MzkxMzA1OTU=","repeats":1},{"count":344,"lower_bound":"LTE0MzkxMDI5NzM=","upper_bound":"LTE0MzEwNzc0NTk=","repeats":1},{"count":352,"lower_bound":"LTE0MjU5MjExMTM=","upper_bound":"LTE0MTgyMDk0ODQ=","repeats":1},{"count":360,"lower_bound":"LTE0MTY2Mzg2NjY=","upper_bound":"LTE0MTE5MTE2NDE=","repeats":1},{"count":368,"lower_bound":"LTE0MDE3MzcwMjE=","upper_bound":"LTEzOTI4MjQ1Nzg=","repeats":1},{"count":376,"lower_bound":"LTEzOTE2NDExODM=","upper_bound":"LTEzNzgyMjc5MzI=","repeats":1},{"count":384,"lower_bound":"LTEzNjg4NzQ3MzU=","upper_bound":"LTEzNTc3NzIwNDg=","repeats":1},{"count":392,"lower_bound":"LTEzMzc5OTczMzI=","upper_bound":"LTEzMjg2NTc3NjA=","repeats":1},{"count":400,"lower_bound":"LTEzMjY4MjM4MTY=","upper_bound":"LTEzMjExMzM0OTM=","repeats":1},{"count":408,"lower_bound":"LTEzMTU3MjUzMjM=","upper_bound":"LTEzMDE2MTI1ODI=","repeats":1},{"count":416,"lower_bound":"LTEzMDE0NTc5MTY=","upper_bound":"LTEyODc3NDI1MTA=","repeats":1},{"count":424,"lower_bound":"LTEyODEyNzMwNzE=","upper_bound":"LTEyNzQ4MjQ3MTU=","repeats":1},{"count":432,"lower_bound":"LTEyNzQyMTQ1MjA=","upper_bound":"LTEyNjU1NDMxMDE=","repeats":1},{"count":440,"lower_bound":"LTEyNTYxMDI0ODg=","upper_bound":"LTEyMzMxNDU5NTU=","repeats":1},{"count":448,"lower_bound":"LTEyMzI5NzExNjg=","upper_bound":"LTEyMTI2MjE1NTQ=","repeats":1},{"count":456,"lower_bound":"LTEyMTE4NTY2Nzg=","upper_bound":"LTEyMDE2MDEyMDY=","repeats":1},{"count":464,"lower_bound":"LTExOTUzMTM3NDc=","upper_bound":"LTExODk2NjQ0NDQ=","repeats":1},{"count":472,"lower_bound":"LTExODg5NTEyMTc=","upper_bound":"LTExNzgxMzU0NTI=","repeats":1},{"count":480,"lower_bound":"LTExNzY4Mzc0MTU=","upper_bound":"LTExNjY3MjU2NTM=","repeats":1},{"count":488,"lower_bound":"LTExNTI3ODcxNDU=","upper_bound":"LTExMzU0ODAxODU=","repeats":1},{"count":496,"lower_bound":"LTExMjcyNTQ3MjQ=","upper_bound":"LTExMjQwNjU2MjM=","repeats":1},{"count":504,"lower_bound":"LTExMDgyMjc3MTE=","upper_bound":"LTEwOTk1MjI1MzE=","repeats":1},{"count":512,"lower_bound":"LTEwOTY1MjE4MTA=","upper_bound":"LTEwNzY2MDcxNDM=","repeats":1},{"count":520,"lower_bound":"LTEwNzA5MzI3ODg=","upper_bound":"LTEwMzk5MzMwNTA=","repeats":1},{"count":528,"lower_bound":"LTEwMzI1MzA1OTE=","upper_bound":"LTEwMjM1OTM4Njc=","repeats":1},{"count":536,"lower_bound":"LTEwMjMxOTU4NTc=","upper_bound":"LTEwMDczNzg3NjQ=","repeats":1},{"count":544,"lower_bound":"LTk5ODM4ODAzNA==","upper_bound":"LTk4NjM4MzYxNA==","repeats":1},{"count":552,"lower_bound":"LTk4MTM1MTk0MA==","upper_bound":"LTk3ODYxMzk2MQ==","repeats":1},{"count":560,"lower_bound":"LTk2MjYwMDc0OQ==","upper_bound":"LTk1MDY4Nzk4NA==","repeats":1},{"count":568,"lower_bound":"LTk0MzMxOTU2OA==","upper_bound":"LTkyODE0MzA2OQ==","repeats":1},{"count":576,"lower_bound":"LTkyNzE5ODA4Ng==","upper_bound":"LTg5NDIxNDE5NQ==","repeats":1},{"count":584,"lower_bound":"LTg4NDE5MzI3Mg==","upper_bound":"LTg2NTI4MDE0Mg==","repeats":1},{"count":592,"lower_bound":"LTg2MDEwNDQ3NA==","upper_bound":"LTg0NDc2MjY4MA==","repeats":1},{"count":600,"lower_bound":"LTgzNzI4ODkwMA==","upper_bound":"LTgyNjI0OTg2OA==","repeats":1},{"count":608,"lower_bound":"LTgwOTE0NzM4NQ==","upper_bound":"LTc4NTAzOTMzOQ==","repeats":1},{"count":616,"lower_bound":"LTc4MzgzODI0MQ==","upper_bound":"LTc3NjkwMjQ4MA==","repeats":1},{"count":624,"lower_bound":"LTc3MjA5MzQ4NQ==","upper_bound":"LTc2NTQ2NTEwOA==","repeats":1},{"count":632,"lower_bound":"LTc1NjY2ODc2Nw==","upper_bound":"LTc0NDY3NjcxMQ==","repeats":1},{"count":640,"lower_bound":"LTczOTM3NDMyMA==","upper_bound":"LTczNTMxMTcyOA==","repeats":1},{"count":648,"lower_bound":"LTczMzgxMjEwOA==","upper_bound":"LTcyMDA2Mzg5MQ==","repeats":1},{"count":656,"lower_bound":"LTcxOTc3NDU4NA==","upper_bound":"LTcxMzQzNDQ2Ng==","repeats":1},{"count":664,"lower_bound":"LTcwOTk0MzQ1Mw==","upper_bound":"LTcwNDEwMzIzOA==","repeats":1},{"count":672,"lower_bound":"LTcwMjQ1NDAyNg==","upper_bound":"LTcwMDkwMDgzNA==","repeats":1},{"count":680,"lower_bound":"LTY5NjY2NTA3MA==","upper_bound":"LTY3MzY4MzI5Nw==","repeats":1},{"count":688,"lower_bound":"LTY2NjQ4MTk0MQ==","upper_bound":"LTYzNjIwMjU3NA==","repeats":1},{"count":696,"lower_bound":"LTYzNTYzMjI0OA==","upper_bound":"LTYwNzIzNDEwOA==","repeats":1},{"count":704,"lower_bound":"LTYwMTU5MjM1MQ==","upper_bound":"LTU5Mzg1MjU5MA==","repeats":1},{"count":712,"lower_bound":"LTU4ODAyOTk0Ng==","upper_bound":"LTU3OTg0NTkzMQ==","repeats":1},{"count":720,"lower_bound":"LTU3Nzk0NTc1OA==","upper_bound":"LTU3Mjk2OTk5Mg==","repeats":1},{"count":728,"lower_bound":"LTU2NzI1NTAxMg==","upper_bound":"LTU0Njc5NjA4NQ==","repeats":1},{"count":736,"lower_bound":"LTUzOTQ3OTA4NA==","upper_bound":"LTUxNjUwNzEyMw==","repeats":1},{"count":744,"lower_bound":"LTUxMzg4ODU3MA==","upper_bound":"LTUwNzc5NTY2NA==","repeats":1},{"count":752,"lower_bound":"LTUwNTQ2ODczNQ==","upper_bound":"LTQ5ODU1NDY3NQ==","repeats":1},{"count":760,"lower_bound":"LTQ4NDMwODcwOA==","upper_bound":"LTQ2MjA4OTk3Ng==","repeats":1},{"count":768,"lower_bound":"LTQ2MTgxMTA0NA==","upper_bound":"LTQ1MTIwMjE0Nw==","repeats":1},{"count":776,"lower_bound":"LTQ0NzU2NDM4Mw==","upper_bound":"LTQzMzg0MjE2OQ==","repeats":1},{"count":784,"lower_bound":"LTQzMzc4MTUxMQ==","upper_bound":"LTQyODc2NjI0MA==","repeats":1},{"count":792,"lower_bound":"LTQyMzgwOTM1NQ==","upper_bound":"LTQwOTIyNzQ2Mg==","repeats":1},{"count":800,"lower_bound":"LTM5MzAyMTkyMA==","upper_bound":"LTM4MTg4MDA3OQ==","repeats":1},{"count":808,"lower_bound":"LTM2MTg1NzEwMg==","upper_bound":"LTM1NTk1NzQ2OQ==","repeats":1},{"count":816,"lower_bound":"LTM0OTQzMjYxNA==","upper_bound":"LTM0MTI4MDc3NA==","repeats":1},{"count":824,"lower_bound":"LTM0MDM4NTU5Mg==","upper_bound":"LTMzNTIwODMxMQ==","repeats":1},{"count":832,"lower_bound":"LTMzMTA3NDM1Mw==","upper_bound":"LTMxNjE2MTQ2Mg==","repeats":1},{"count":840,"lower_bound":"LTMxNTE3NTk4NQ==","upper_bound":"LTMwNTc1NTU0OA==","repeats":1},{"count":848,"lower_bound":"LTMwNTQ3NzA2Mg==","upper_bound":"LTI5MDc3OTA3NQ==","repeats":1},{"count":856,"lower_bound":"LTI5MDcyNTY1Ng==","upper_bound":"LTI4NzcwMjAxNw==","repeats":1},{"count":864,"lower_bound":"LTI3ODQxNjQ4MA==","upper_bound":"LTI3MDQ1NTA5NA==","repeats":1},{"count":872,"lower_bound":"LTI2NzcyODUyNQ==","upper_bound":"LTI0NDEwODk5NQ==","repeats":1},{"count":880,"lower_bound":"LTI0MDcyMzM3Nw==","upper_bound":"LTIzODU2OTU5OA==","repeats":1},{"count":888,"lower_bound":"LTIzMzEzMTkwMQ==","upper_bound":"LTIyMTQ1Nzk3MQ==","repeats":1},{"count":896,"lower_bound":"LTE5NjY3ODU5Nw==","upper_bound":"LTE4MTI1MzI0MA==","repeats":1},{"count":904,"lower_bound":"LTE3NTE3MDcyNA==","upper_bound":"LTE2NTA4MDU0MQ==","repeats":1},{"count":912,"lower_bound":"LTE1NDE5NjA4NA==","upper_bound":"LTE0OTQzMjcxNg==","repeats":1},{"count":920,"lower_bound":"LTE0ODkzMjY2Nw==","upper_bound":"LTEzMjczMTE5NA==","repeats":1},{"count":928,"lower_bound":"LTEzMDU4NjY4OQ==","upper_bound":"LTExNDA1NDM2Ng==","repeats":1},{"count":936,"lower_bound":"LTExMzA4Njg4Nw==","upper_bound":"LTk5NzU5ODY4","repeats":1},{"count":944,"lower_bound":"LTk2ODM1Mzk3","upper_bound":"LTc0OTA2NjIy","repeats":1},{"count":952,"lower_bound":"LTcxMjM3Mjc3","upper_bound":"LTY1Mzc3MDky","repeats":1},{"count":960,"lower_bound":"LTU3NDk5NTQw","upper_bound":"LTUwMjI2NDYy","repeats":1},{"count":968,"lower_bound":"LTQ4NDg5NjE5","upper_bound":"LTI2OTAwNjUy","repeats":1},{"count":976,"lower_bound":"LTIyNTIzMzI5","upper_bound":"LTE5OTY5NDUy","repeats":1},{"count":984,"lower_bound":"LTE3OTk3NTU5","upper_bound":"Mzg1NTM5OQ==","repeats":1},{"count":992,"lower_bound":"NDE4MjQwOA==","upper_bound":"MTU0NzA3Njk=","repeats":1},{"count":1000,"lower_bound":"MTY4NTU1NTY=","upper_bound":"MjU4NDkyMjk=","repeats":1},{"count":1008,"lower_bound":"MjkwMzQzNzQ=","upper_bound":"MzE3ODg4NDQ=","repeats":1},{"count":1016,"lower_bound":"NDc4NDI0Njg=","upper_bound":"NjQ2NDQxMzU=","repeats":1},{"count":1024,"lower_bound":"NjQ3ODMxOTY=","upper_bound":"NzM4ODUyNzE=","repeats":1},{"count":1032,"lower_bound":"NzQzODc5NzA=","upper_bound":"ODQ2NDk2NjM=","repeats":1},{"count":1040,"lower_bound":"OTE4ODc4NDk=","upper_bound":"OTk5OTcwMDI=","repeats":1},{"count":1048,"lower_bound":"MTAwOTMyOTc0","upper_bound":"MTAyNjE0NjE4","repeats":1},{"count":1056,"lower_bound":"MTA1NDM3MjM2","upper_bound":"MTExOTU0Njcw","repeats":1},{"count":1064,"lower_bound":"MTEyMjIxNjc0","upper_bound":"MTE5NDIxNjU3","repeats":1},{"count":1072,"lower_bound":"MTI1NzA3NzU2","upper_bound":"MTM2NDA0NzY5","repeats":1},{"count":1080,"lower_bound":"MTM4MDQzMTM3","upper_bound":"MTQ2ODQ2MTM5","repeats":1},{"count":1088,"lower_bound":"MTU0ODI5MzIy","upper_bound":"MTYzMDczMjUy","repeats":1},{"count":1096,"lower_bound":"MTY2NTcxOTE2","upper_bound":"MTc4MTY1NjMw","repeats":1},{"count":1104,"lower_bound":"MTc4NTYzMjkx","upper_bound":"MTkzNjA5ODA1","repeats":1},{"count":1112,"lower_bound":"MTk5OTEyODAw","upper_bound":"MjIxODI1MzUz","repeats":1},{"count":1120,"lower_bound":"MjI5MTU1NzEz","upper_bound":"MjM3MTg0MTI0","repeats":1},{"count":1128,"lower_bound":"MjQ3MzgzMDM0","upper_bound":"MjUyODg3MDgz","repeats":1},{"count":1136,"lower_bound":"MjU1MDkwODQ5","upper_bound":"MjY2NDQxNDk2","repeats":1},{"count":1144,"lower_bound":"MjcwNjEyMjY4","upper_bound":"Mjk0NTk0MTQy","repeats":1},{"count":1152,"lower_bound":"Mjk1MDEwMzc4","upper_bound":"MzA5OTA3MjE2","repeats":1},{"count":1160,"lower_bound":"MzEwMzU2MTc5","upper_bound":"MzE0MzQwNjU0","repeats":1},{"count":1168,"lower_bound":"MzE0NDk1ODc2","upper_bound":"MzIxNzE4NzAw","repeats":1},{"count":1176,"lower_bound":"MzI2MjgxODI3","upper_bound":"MzQzNzA2NTA4","repeats":1},{"count":1184,"lower_bound":"MzQ0ODUyNDQ3","upper_bound":"MzYwMjYzMDk0","repeats":1},{"count":1192,"lower_bound":"MzY4NTIzMzU2","upper_bound":"Mzc4NTA2MDkz","repeats":1},{"count":1200,"lower_bound":"MzgxMjMyNzEw","upper_bound":"Mzg4NzkyMTY0","repeats":1},{"count":1208,"lower_bound":"MzkwNjcxNzQ0","upper_bound":"Mzk2ODM5MjI4","repeats":1},{"count":1216,"lower_bound":"Mzk5NDM1MTY3","upper_bound":"NDA5NjY3NzY1","repeats":1},{"count":1224,"lower_bound":"NDE0NDIwMjMz","upper_bound":"NDIxMjI3MTAx","repeats":1},{"count":1232,"lower_bound":"NDI0NTIzMTI0","upper_bound":"NDM0NDA2NTA3","repeats":1},{"count":1240,"lower_bound":"NDM5MjI5MDY1","upper_bound":"NDQ1MDUyOTU2","repeats":1},{"count":1248,"lower_bound":"NDQ3MDkwMjEx","upper_bound":"NDUzODM1MDg0","repeats":1},{"count":1256,"lower_bound":"NDU2MzA2NTUw","upper_bound":"NDY5Nzg0MDcy","repeats":1},{"count":1264,"lower_bound":"NDcwNDAyNjUx","upper_bound":"NDgzNjY3NjMy","repeats":1},{"count":1272,"lower_bound":"NDkxNzU5MDc4","upper_bound":"NTE0NjU0NDkz","repeats":1},{"count":1280,"lower_bound":"NTIwOTIzNjUz","upper_bound":"NTM4ODMzMDA0","repeats":1},{"count":1288,"lower_bound":"NTUxNjI5MTE2","upper_bound":"NTc2MzQyNDY3","repeats":1},{"count":1296,"lower_bound":"NTc2OTM1OTI1","upper_bound":"NTgzOTk4NDc5","repeats":1},{"count":1304,"lower_bound":"NTg5NjgzNTQ5","upper_bound":"NjAzMDQyMzI3","repeats":1},{"count":1312,"lower_bound":"NjE2ODM0ODcy","upper_bound":"NjI1NjQ3MjQ2","repeats":1},{"count":1320,"lower_bound":"NjI4NzU4MTU4","upper_bound":"NjQwOTY0MDk2","repeats":1},{"count":1328,"lower_bound":"NjQ0OTk2NTY3","upper_bound":"NjU4NTU5NDE3","repeats":1},{"count":1336,"lower_bound":"NjYwNzU5MDQ1","upper_bound":"NjY2MjE1NjQ5","repeats":1},{"count":1344,"lower_bound":"Njc0Nzg0NTg3","upper_bound":"Njc4NjM1NDcy","repeats":1},{"count":1352,"lower_bound":"Njc5Mjk5OTU1","upper_bound":"Njg4NDA2OTA0","repeats":1},{"count":1360,"lower_bound":"NjkwNzA2MTgy","upper_bound":"NzAxMDY4NDg2","repeats":1},{"count":1368,"lower_bound":"NzI2Nzk4Mjc3","upper_bound":"NzMzMjcxMTk3","repeats":1},{"count":1376,"lower_bound":"NzMzODg1NzEy","upper_bound":"NzQwNjMzMDQx","repeats":1},{"count":1384,"lower_bound":"NzUxMzgyNDM5","upper_bound":"NzU5Nzc0NDIx","repeats":1},{"count":1392,"lower_bound":"NzY0NDIxOTg1","upper_bound":"Nzc2NTI4OTE0","repeats":1},{"count":1400,"lower_bound":"NzgwMzc3MzY2","upper_bound":"NzkwNjYyNTg0","repeats":1},{"count":1408,"lower_bound":"NzkxNTI4NTM1","upper_bound":"ODAyNTg4MTky","repeats":1},{"count":1416,"lower_bound":"ODAzMTY5NzEz","upper_bound":"ODI3Mzk0NTcw","repeats":1},{"count":1424,"lower_bound":"ODI3NTkxNjE2","upper_bound":"ODUxMjg3Njky","repeats":1},{"count":1432,"lower_bound":"ODUxODU3MDM0","upper_bound":"ODYxNzc2NjIw","repeats":1},{"count":1440,"lower_bound":"ODk3MzU2NjQw","upper_bound":"OTA5MzIzNzMw","repeats":1},{"count":1448,"lower_bound":"OTEzOTg4NTM5","upper_bound":"OTIyNDU1Mjgy","repeats":1},{"count":1456,"lower_bound":"OTI0MjIyODA5","upper_bound":"OTM0NDc2OTc2","repeats":1},{"count":1464,"lower_bound":"OTM1ODEyMTA0","upper_bound":"OTQyMDY4MjQy","repeats":1},{"count":1472,"lower_bound":"OTQyNzg3MTI0","upper_bound":"OTUzNTY3ODU1","repeats":1},{"count":1480,"lower_bound":"OTU4MjU2MTcw","upper_bound":"OTY4ODIxMzk0","repeats":1},{"count":1488,"lower_bound":"OTcxNDE0MzA5","upper_bound":"OTc3MDQ2MjY5","repeats":1},{"count":1496,"lower_bound":"OTgzMDYzNzU1","upper_bound":"OTk1MTE2NzUx","repeats":1},{"count":1504,"lower_bound":"OTk3NjY0MDM5","upper_bound":"MTAxOTA5OTkzNg==","repeats":1},{"count":1512,"lower_bound":"MTAzMzA0OTQ5OQ==","upper_bound":"MTAzOTYxNzc1NA==","repeats":1},{"count":1520,"lower_bound":"MTA0ODI3MjAzMw==","upper_bound":"MTA2MzU4NjA0OQ==","repeats":1},{"count":1528,"lower_bound":"MTA2NzE3NDE4Ng==","upper_bound":"MTA3OTg0Mzk5NQ==","repeats":1},{"count":1536,"lower_bound":"MTA4MDk5OTg2MQ==","upper_bound":"MTA4ODA2NTAwNg==","repeats":1},{"count":1544,"lower_bound":"MTA4ODY3MTQzNA==","upper_bound":"MTA5NDI2MjIyOA==","repeats":1},{"count":1552,"lower_bound":"MTA5NTQ5MTQyMQ==","upper_bound":"MTExMzE0MzE3OA==","repeats":1},{"count":1560,"lower_bound":"MTEyMjQ5OTQ1MA==","upper_bound":"MTEzMDkzMTc4Nw==","repeats":1},{"count":1568,"lower_bound":"MTEzMTMwMzUxMQ==","upper_bound":"MTE0NDE1MjA0NQ==","repeats":1},{"count":1576,"lower_bound":"MTE0ODYxMjcyOA==","upper_bound":"MTE1NzI2NTk3Ng==","repeats":1},{"count":1584,"lower_bound":"MTE3MzQ5OTAzNw==","upper_bound":"MTE5NjU3NzM0NA==","repeats":1},{"count":1592,"lower_bound":"MTE5OTA3ODM5Ng==","upper_bound":"MTIwNzk2MTAxMA==","repeats":1},{"count":1600,"lower_bound":"MTIwOTk0NTc0NA==","upper_bound":"MTIxODEzNjU1Mw==","repeats":1},{"count":1608,"lower_bound":"MTIxOTI1OTY5MA==","upper_bound":"MTIyMzQ1Njc4Mw==","repeats":1},{"count":1616,"lower_bound":"MTIzODc3MTc4MA==","upper_bound":"MTI0ODIyNzU2MA==","repeats":1},{"count":1624,"lower_bound":"MTI1MDgzNzk1Mg==","upper_bound":"MTI3MzgzMjEwMQ==","repeats":1},{"count":1632,"lower_bound":"MTI4NDM0Mzg3MA==","upper_bound":"MTI4NzQyNTcyMQ==","repeats":1},{"count":1640,"lower_bound":"MTI5MDU4NDY3Ng==","upper_bound":"MTMwNzQxNTAzMw==","repeats":1},{"count":1648,"lower_bound":"MTMyNzY5NDQwNQ==","upper_bound":"MTMzOTI3NTkwMA==","repeats":1},{"count":1656,"lower_bound":"MTM2MzUyNjk3Ng==","upper_bound":"MTM2OTEyNjkyOQ==","repeats":1},{"count":1664,"lower_bound":"MTM3NjY4Mjc2Mg==","upper_bound":"MTM4MDg3NzMyNg==","repeats":1},{"count":1672,"lower_bound":"MTM4MTg5MTQxMQ==","upper_bound":"MTQwMjA5ODg1NA==","repeats":1},{"count":1680,"lower_bound":"MTQwMjMyOTk5Mg==","upper_bound":"MTQxNzc2OTIxNA==","repeats":1},{"count":1688,"lower_bound":"MTQxOTA4NTQyMQ==","upper_bound":"MTQyMzI4NjQ0MA==","repeats":1},{"count":1696,"lower_bound":"MTQyNTIzNzMwMg==","upper_bound":"MTQ0MDI3OTI3Mw==","repeats":1},{"count":1704,"lower_bound":"MTQ0MzY2ODM2Ng==","upper_bound":"MTQ2Mjc1Mjk3Mw==","repeats":1},{"count":1712,"lower_bound":"MTQ2NTAwMzQyMQ==","upper_bound":"MTQ3MDc1ODU3NA==","repeats":1},{"count":1720,"lower_bound":"MTQ3MTM5NDg3Ng==","upper_bound":"MTQ3NTQ1Mzk1MQ==","repeats":1},{"count":1728,"lower_bound":"MTQ4NjExNjY3MQ==","upper_bound":"MTQ5MDYwNDAzNg==","repeats":1},{"count":1736,"lower_bound":"MTQ5NDcyMDA3MA==","upper_bound":"MTUxNTEzMDE5MA==","repeats":1},{"count":1744,"lower_bound":"MTUxNzE1MDI3Ng==","upper_bound":"MTUzMzY5ODU4OQ==","repeats":1},{"count":1752,"lower_bound":"MTU0MDU3NjcxMg==","upper_bound":"MTU1MjUwMzI5Ng==","repeats":1},{"count":1760,"lower_bound":"MTU1MjkxOTc5Nw==","upper_bound":"MTU1ODEyNTAxNA==","repeats":1},{"count":1768,"lower_bound":"MTU2MTk0MjI2NQ==","upper_bound":"MTU5ODMyOTA3MA==","repeats":1},{"count":1776,"lower_bound":"MTYwNTYxOTQ5MQ==","upper_bound":"MTYyMDQwNTMwOA==","repeats":1},{"count":1784,"lower_bound":"MTYyNDY1NTI3MA==","upper_bound":"MTY0NTMzNTM2Ng==","repeats":1},{"count":1792,"lower_bound":"MTY1NDUwODYzMA==","upper_bound":"MTY2ODg1Njc2Ng==","repeats":1},{"count":1800,"lower_bound":"MTY2OTAzNzAzOQ==","upper_bound":"MTY4NzMzMTA2Nw==","repeats":1},{"count":1808,"lower_bound":"MTY4ODUzNzY2MQ==","upper_bound":"MTY5MDEzMjQzMg==","repeats":1},{"count":1816,"lower_bound":"MTY5NTg2NDkzOQ==","upper_bound":"MTcwMTMyOTYwMw==","repeats":1},{"count":1824,"lower_bound":"MTcxMjQ5OTQ3Mg==","upper_bound":"MTczMTMzMjA0Mw==","repeats":1},{"count":1832,"lower_bound":"MTczMTc1Mzk3MQ==","upper_bound":"MTc0NzgxNDUyOQ==","repeats":1},{"count":1840,"lower_bound":"MTc1NDkwODY4MA==","upper_bound":"MTc2MDAzODc1Mw==","repeats":1},{"count":1848,"lower_bound":"MTc2NjI5MjM2OQ==","upper_bound":"MTc3ODM0NDcyMQ==","repeats":1},{"count":1856,"lower_bound":"MTc4MTg2MjU0Nw==","upper_bound":"MTgwNDkzNjE2NQ==","repeats":1},{"count":1864,"lower_bound":"MTgwNjUwMjI0Ng==","upper_bound":"MTgyNDQxODEwOQ==","repeats":1},{"count":1872,"lower_bound":"MTgyNzg0NTU1OQ==","upper_bound":"MTg0MTM2ODA3NQ==","repeats":1},{"count":1880,"lower_bound":"MTg0MzgyNzYzOQ==","upper_bound":"MTg2MzExMjkyMw==","repeats":1},{"count":1888,"lower_bound":"MTg2Mzk2NDAzOQ==","upper_bound":"MTg4NzQzMjUzNQ==","repeats":1},{"count":1896,"lower_bound":"MTg5NjEzMDkzMA==","upper_bound":"MTkwMTM2NzA1NQ==","repeats":1},{"count":1904,"lower_bound":"MTkwNTQzNzAxNg==","upper_bound":"MTkxNjY3MzQyOQ==","repeats":1},{"count":1912,"lower_bound":"MTkyOTE3NzU4NA==","upper_bound":"MTk1MDI0OTA0NQ==","repeats":1},{"count":1920,"lower_bound":"MTk1MzkxMjUyNA==","upper_bound":"MTk3NDM0MzE0OQ==","repeats":1},{"count":1928,"lower_bound":"MTk3NDQ1OTIxNQ==","upper_bound":"MTk4MDYwNjk0OA==","repeats":1},{"count":1936,"lower_bound":"MTk4MjUyODk3Mg==","upper_bound":"MTk5NTQ4MTI3OA==","repeats":1},{"count":1944,"lower_bound":"MjAxODQ5NjMxMQ==","upper_bound":"MjAzODc2MDcwOA==","repeats":1},{"count":1952,"lower_bound":"MjA0MzUzNDIwNA==","upper_bound":"MjA1MjczMDM5MQ==","repeats":1},{"count":1960,"lower_bound":"MjA1NDYxMDY0NA==","upper_bound":"MjA2OTcyMDU1NQ==","repeats":1},{"count":1968,"lower_bound":"MjA3MTMxODI0NQ==","upper_bound":"MjA4MTQ5MjEyMQ==","repeats":1},{"count":1976,"lower_bound":"MjA4MjE1MzY4NQ==","upper_bound":"MjA5NzkzMjU0OQ==","repeats":1},{"count":1984,"lower_bound":"MjEwMjM1Njg5MQ==","upper_bound":"MjEwNzY4ODEzOA==","repeats":1},{"count":1992,"lower_bound":"MjEwNzc0ODI3MQ==","upper_bound":"MjEyMTkyMDQ1MQ==","repeats":1},{"count":2000,"lower_bound":"MjEyOTI3MjQ3MA==","upper_bound":"MjE0NDk1MTk5Mg==","repeats":1}]},"cm_sketch":{"rows":[{"counters":[1,2,1,1,1,2,1,1,1,1,1,0,1,1,0,0,2,0,0,0,0,0,2,0,1,0,1,0,0,0,1,2,0,1,0,0,0,2,1,1,2,1,1,0,1,1,0,1,2,2,0,2,0,0,0,3,1,1,0,0,1,0,0,1,2,2,1,2,2,2,1,0,0,1,0,1,0,1,0,2,3,0,1,1,3,3,2,1,0,0,3,0,0,4,0,1,0,2,1,1,2,0,0,0,0,3,2,0,1,1,1,2,1,0,1,0,1,2,2,2,1,2,2,0,0,2,0,1,2,3,2,0,1,3,1,2,0,0,1,2,0,0,0,0,1,2,2,2,0,0,0,0,1,1,2,0,1,2,0,1,0,2,0,0,0,2,0,0,0,2,0,2,1,0,1,3,0,0,2,4,1,0,0,1,1,1,1,1,1,1,2,0,0,0,0,0,2,0,0,0,1,0,1,3,2,4,2,3,1,2,3,2,0,2,0,0,1,1,1,0,0,0,0,3,1,2,1,2,1,0,0,1,1,1,2,1,5,1,1,0,1,1,2,1,0,1,1,1,0,0,0,2,1,0,1,0,2,0,2,3,1,1,1,0,4,1,0,0,1,1,0,0,0,0,2,0,1,1,1,2,0,2,1,1,0,1,0,0,0,1,1,0,1,0,3,1,0,1,0,0,2,2,1,0,1,1,0,2,1,3,1,0,0,1,1,0,0,4,0,1,0,0,1,0,0,3,1,1,0,2,0,1,0,1,2,0,1,1,1,1,1,0,0,1,0,3,1,0,1,0,0,2,0,0,0,0,0,1,3,1,0,0,0,0,0,0,1,2,0,0,2,1,3,1,0,0,1,1,1,0,0,1,1,0,0,0,1,3,0,0,1,0,0,5,0,1,1,0,2,0,2,0,2,0,1,0,2,0,0,1,1,0,0,1,0,1,3,1,1,1,0,0,0,0,0,1,0,0,0,0,3,0,0,2,0,0,0,1,2,0,1,0,1,0,1,2,1,0,0,2,0,0,1,2,0,1,0,1,0,0,0,0,3,1,0,0,1,2,2,0,0,0,1,1,0,2,1,1,1,0,2,1,0,2,1,0,2,2,3,1,1,0,1,1,1,0,1,2,1,1,2,0,1,2,0,1,0,2,1,3,0,3,1,0,2,0,0,1,1,1,0,2,2,0,2,5,0,1,3,0,2,1,0,2,0,1,1,0,1,0,1,2,0,2,0,0,1,0,0,0,1,1,1,0,3,0,2,0,2,0,0,1,1,0,1,0,1,1,0,2,3,0,2,0,0,0,0,1,2,0,0,0,2,1,0,2,1,0,2,1,3,1,2,0,1,1,1,0,1,3,1,1,1,1,1,1,1,0,1,0,2,1,1,2,1,1,0,1,2,4,0,0,0,1,0,1,1,1,1,0,1,1,1,5,2,1,1,0,1,0,1,1,1,3,2,0,1,1,2,1,3,0,3,0,2,0,1,2,1,1,1,1,1,1,0,3,0,1,0,1,2,1,1,0,1,1,1,1,0,2,0,2,1,1,1,1,1,0,0,1,0,0,1,0,1,1,1,1,0,1,0,0,0,1,2,0,1,2,1,3,1,1,0,2,0,2,2,2,1,1,3,0,2,2,1,3,1,3,0,1,1,1,1,0,3,0,1,0,0,0,2,1,3,1,0,1,0,1,0,0,1,1,0,2,0,0,2,1,1,0,0,0,2,2,2,0,0,3,0,1,1,0,1,2,0,2,0,1,1,0,0,0,0,3,2,0,0,2,2,2,1,1,0,1,0,0,0,1,3,2,2,2,2,1,1,1,2,2,1,1,0,3,0,1,2,0,2,0,0,0,1,3,1,0,2,1,2,2,3,0,3,1,0,0,2,1,0,1,0,0,0,1,1,1,0,2,1,0,1,1,0,2,0,1,2,0,0,0,1,0,0,2,1,1,0,1,2,0,5,0,1,1,2,0,1,0,2,0,1,0,0,0,1,1,1,0,3,2,1,2,0,2,2,2,1,1,1,1,1,0,1,1,1,0,1,1,1,4,0,2,1,2,1,0,1,1,0,2,3,1,0,0,2,0,1,1,4,1,1,2,0,1,2,0,0,1,0,1,1,1,1,1,0,1,0,1,0,1,1,0,2,2,3,2,1,2,1,1,0,0,0,0,3,1,0,0,2,0,1,3,1,0,0,1,1,3,2,2,2,0,1,0,1,0,0,0,1,0,5,1,0,1,0,0,0,0,0,2,2,0,1,0,2,1,2,0,1,1,1,0,1,1,2,1,2,1,1,0,1,2,0,1,0,1,3,0,0,0,0,2,1,1,1,0,2,0,1,0,0,0,1,1,2,0,4,1,0,0,1,0,0,2,2,1,5,2,1,0,5,2,1,0,1,2,0,1,1,0,2,3,0,1,2,1,2,1,1,0,1,0,0,3,0,1,1,1,0,1,0,0,0,1,0,2,0,2,2,0,1,0,1,1,0,1,0,0,1,1,1,0,0,1,1,2,1,0,1,1,0,1,2,1,2,1,1,1,1,2,1,1,2,0,1,1,0,0,0,0,0,1,1,0,1,1,0,2,0,3,1,1,1,1,0,0,2,1,0,0,0,1,1,1,2,1,1,2,2,1,2,3,3,0,0,2,0,0,0,0,0,3,0,2,0,1,0,2,0,2,0,2,0,0,2,1,0,3,0,1,0,1,2,1,3,2,2,4,2,0,0,1,2,1,1,1,1,2,0,0,3,1,1,1,2,2,0,3,3,2,1,0,1,2,0,0,3,1,1,1,2,2,1,0,0,2,1,3,1,1,1,0,2,0,0,3,1,0,0,1,0,0,3,0,1,0,2,1,2,1,1,0,1,0,1,0,3,2,3,1,1,0,1,0,0,1,0,1,2,1,0,1,2,0,1,1,1,0,1,1,1,1,1,1,1,2,0,0,2,0,1,0,0,0,1,1,0,2,0,1,1,0,0,0,0,2,1,3,0,0,2,1,0,1,0,3,1,2,0,1,2,0,0,2,0,1,1,0,0,0,1,2,0,1,0,2,0,1,2,2,1,2,0,3,0,1,0,0,0,1,0,0,0,0,0,2,0,2,2,1,1,1,3,0,1,0,1,0,0,0,0,1,3,2,2,0,2,1,1,1,1,2,1,0,1,0,0,1,1,2,1,0,1,0,1,1,1,0,1,1,2,0,2,0,2,2,2,0,2,1,4,2,2,4,1,1,0,2,2,1,1,1,1,1,1,1,0,0,0,2,2,0,0,1,2,0,0,3,2,1,0,1,1,1,1,0,1,1,0,1,3,0,1,4,1,0,2,1,1,0,1,2,1,3,0,1,0,2,1,1,1,4,1,1,0,1,1,0,0,1,1,1,0,1,2,0,0,2,1,0,0,0,0,1,1,1,0,0,0,0,2,4,1,0,2,2,2,1,4,2,1,0,3,3,3,4,1,4,3,2,0,0,1,0,2,1,0,1,2,1,2,1,2,2,0,0,1,1,2,1,0,0,1,1,4,1,0,0,2,1,2,1,0,1,1,2,2,2,2,0,3,1,0,2,0,1,0,0,0,2,1,1,3,0,1,0,1,0,5,1,1,0,2,0,1,0,0,1,3,3,1,0,1,0,1,1,0,1,0,1,1,1,1,2,1,0,1,1,0,0,0,1,1,2,1,1,0,1,0,1,1,1,0,0,3,3,2,1,0,2,0,0,0,0,2,1,1,3,0,1,1,3,0,2,1,0,0,4,0,2,0,3,0,1,2,0,0,5,0,0,0,1,0,1,0,1,1,0,0,1,2,0,0,0,1,0,0,0,1,0,3,0,1,1,1,0,1,0,2,1,0,2,1,1,2,0,1,1,2,0,2,3,0,1,1,2,3,2,0,3,4,0,0,0,1,0,1,1,0,1,0,0,0,2,0,1,1,4,0,1,0,1,2,0,0,1,2,1,0,1,2,2,0,2,1,0,1,1,0,2,3,0,2,0,1,1,0,0,1,2,0,0,1,1,1,0,1,1,0,1,0,1,1,0,1,2,4,1,1,0,0,0,0,0,2,2,2,2,2,1,1,2,2,2,2,1,0,2,1,1,2,0,1,0,1,1,2,0,0,0,0,5,0,0,0,2,2,1,1,2,0,0,1,3,2,1,0,1,1,3,2,1,0,1,4,1,0,1,1,2,1,0,0,1,0,1,0,1,4,1,2,0,2,2,1,1,1,1,0,2,1,0,1,2,0,2,0,1,1,2,0,1,1,0,1,1,5,1,1,0,2,1,1,0,0,1,3,0,0,0,0,1,2,1,0,2,3,1,0,0,0,0,1,2,0,2,1,1,2,1,3,1,1,0,1,1,1,2,1,0,0,2,0,1,2,0,1,0,1,1,2,1,0,0,0,0,2,1,1,1,2,0,1,2,1,1,4,1,0,1,0,1,2,1,2,0,2,1,0,1,3,2,0,3,1,0,0,0,1,1,0,0,2,0,0,0,0,0,1,1,2,1,1,1,0,3,0,1,1,3,0,4,3,1,0,0,0,3,0,0,3,2,0,1,2,1,1,1,1,4,1,0,0,1,0,1,3,1,0,1,0,2,2,0,1,0,0,0,0,1]},{"counters":[0,1,1,1,2,0,0,1,0,1,2,0,0,2,0,1,1,2,1,2,1,0,0,3,1,2,0,2,1,0,0,1,3,3,1,2,1,2,0,1,3,2,1,1,0,1,1,2,0,0,1,1,1,0,0,0,3,0,1,0,1,0,1,0,0,3,1,2,0,0,0,0,2,3,1,1,3,0,3,1,1,1,2,3,0,1,2,2,1,1,1,3,2,2,0,1,0,0,2,4,0,1,1,2,0,0,0,2,1,1,1,0,2,3,2,1,1,0,1,1,2,2,0,0,1,2,1,1,1,0,0,2,0,2,2,1,1,3,1,2,0,1,0,1,0,3,1,0,1,1,1,1,0,2,3,0,0,1,2,1,0,3,2,1,1,4,1,1,0,1,0,0,0,1,1,1,1,0,1,0,1,1,0,1,0,2,0,0,1,1,0,0,1,2,2,0,0,2,3,1,0,2,1,1,0,3,1,1,1,3,1,0,0,1,1,0,0,0,2,0,0,1,0,2,2,2,1,1,0,2,2,0,2,3,1,1,1,1,1,1,0,1,0,1,0,1,1,0,2,0,3,1,0,0,1,1,1,1,0,1,1,0,0,2,0,0,1,0,1,2,0,1,0,0,3,0,2,1,2,2,3,1,0,1,0,3,1,1,0,1,0,0,1,0,2,0,1,1,1,0,0,1,0,1,1,0,1,0,0,0,1,1,1,2,0,1,0,1,1,1,0,1,0,2,1,1,0,1,0,3,1,2,0,0,0,1,1,0,1,1,1,1,0,1,0,1,1,2,0,0,1,2,0,2,2,2,0,1,0,1,2,1,0,2,3,2,2,2,2,0,2,1,1,1,2,1,0,2,3,0,1,1,2,1,1,2,0,2,2,0,1,5,1,3,3,2,1,0,1,1,0,1,2,0,1,2,2,2,0,0,2,0,3,1,0,0,1,1,2,2,1,0,1,0,2,0,0,0,0,0,3,0,3,0,2,0,1,2,1,1,1,4,0,0,4,0,1,3,1,0,1,0,0,1,1,1,0,1,0,1,1,3,3,1,1,1,2,2,0,2,3,1,5,0,1,0,2,2,1,1,0,0,1,1,1,0,1,1,1,2,1,2,1,0,0,1,1,2,1,0,0,0,2,3,0,2,1,2,2,1,2,1,1,0,2,0,0,0,3,2,0,0,3,1,0,1,1,1,1,0,1,2,1,0,1,2,1,0,2,1,1,1,3,1,0,2,0,1,1,1,1,0,0,0,1,1,0,1,0,1,0,2,1,1,1,1,1,4,2,0,0,2,0,4,1,0,1,0,3,0,1,1,2,1,1,0,1,2,1,2,1,1,0,1,0,2,0,0,1,1,0,0,4,1,2,1,1,1,1,2,0,0,0,2,1,0,0,1,0,0,1,1,2,1,2,2,3,2,1,1,0,0,2,1,1,1,0,0,0,0,2,1,2,1,1,0,0,0,1,2,1,1,1,1,2,1,2,0,0,0,2,0,3,0,1,1,0,0,1,0,3,1,0,0,1,1,1,0,1,0,1,1,0,2,1,0,2,1,1,0,0,2,0,1,0,1,1,0,3,1,0,1,1,0,0,3,1,0,2,1,1,0,1,2,1,0,2,2,1,2,0,0,1,1,1,1,2,1,0,2,1,0,1,1,0,0,1,0,2,0,1,0,2,2,2,1,2,0,4,0,0,0,1,0,0,3,2,1,1,0,0,0,1,1,0,1,0,1,0,2,3,0,2,0,1,2,1,1,0,2,0,1,0,1,0,0,0,2,1,1,1,1,1,0,1,1,2,0,2,0,1,0,2,1,0,2,1,0,1,1,2,1,1,0,0,0,0,0,0,2,0,1,1,0,1,1,0,0,2,1,1,0,0,2,0,0,0,1,0,2,1,0,0,0,0,1,1,2,1,0,0,2,1,0,1,1,1,0,1,0,0,1,0,0,0,0,3,0,0,1,1,2,0,1,1,0,3,0,1,1,1,0,1,1,0,2,0,3,0,0,3,1,2,0,1,4,1,1,0,2,1,1,4,0,3,0,1,1,4,1,2,0,3,0,1,0,1,1,1,0,1,0,1,2,1,2,1,0,0,1,1,0,3,1,1,2,2,0,0,0,0,0,3,3,1,0,0,2,3,1,3,0,4,3,1,0,1,3,1,0,0,1,0,1,2,2,0,1,0,0,0,0,0,0,0,0,2,0,0,0,1,0,3,0,1,1,2,2,2,2,2,0,1,1,1,2,0,0,0,1,0,2,0,2,0,1,1,1,1,1,2,0,0,1,4,1,2,0,1,0,2,1,0,0,0,0,0,2,1,1,1,1,0,2,2,1,2,1,1,0,0,2,1,3,2,0,0,1,1,3,1,0,0,2,1,1,1,2,1,1,1,1,1,1,0,4,2,1,2,1,0,3,0,4,0,0,2,0,2,1,1,1,0,3,1,1,0,1,1,1,0,3,1,0,1,2,1,0,1,0,0,2,0,0,2,0,0,0,1,2,2,0,1,4,0,0,1,2,0,0,1,0,1,0,0,1,1,0,1,0,0,1,0,0,0,0,5,2,0,0,0,2,1,1,3,1,0,1,1,0,0,1,2,0,1,2,0,2,0,0,1,2,0,1,1,1,2,1,1,0,1,1,1,2,0,0,2,2,0,2,1,3,1,3,1,0,1,1,1,1,1,1,0,2,0,1,0,2,0,1,0,1,1,2,0,1,2,1,0,1,1,1,0,0,1,1,0,1,1,2,0,0,2,2,2,0,1,0,4,1,0,0,1,4,0,0,1,1,1,1,0,1,0,0,0,1,2,1,0,0,1,1,1,1,1,0,0,1,1,0,1,2,2,2,0,2,2,0,4,3,1,1,1,3,0,0,0,0,3,0,4,1,1,0,4,4,0,1,4,1,2,0,1,1,2,0,2,0,0,1,1,0,0,1,0,2,0,0,3,1,0,1,0,1,2,0,3,0,0,1,1,0,1,2,2,0,0,1,3,0,0,1,3,0,1,0,1,2,0,0,2,0,1,1,0,1,1,1,2,0,0,2,1,0,2,0,0,0,1,0,0,0,2,1,0,0,2,1,0,1,1,0,1,1,0,4,0,0,3,0,0,1,0,1,0,1,4,0,1,1,1,1,3,0,1,1,2,0,0,1,1,0,1,1,0,1,3,1,1,0,0,1,1,1,1,1,0,2,1,1,0,2,0,1,0,1,1,0,2,2,1,1,2,2,1,3,1,2,1,2,0,3,1,1,0,0,3,0,1,1,0,2,2,1,2,3,1,0,2,1,0,0,2,2,2,2,0,4,0,1,0,2,2,0,1,0,3,2,2,0,0,0,1,1,0,1,2,0,1,1,1,2,2,0,2,0,0,3,2,1,1,2,3,1,1,2,1,0,1,0,0,1,0,0,1,0,3,1,0,1,2,1,1,1,1,1,0,1,0,0,2,0,1,1,1,0,2,1,1,0,2,0,0,0,1,1,2,2,0,0,0,0,1,0,1,2,1,1,0,0,0,1,3,1,1,1,2,2,2,2,2,0,2,2,2,1,0,0,0,1,0,3,0,0,0,1,1,2,1,0,2,0,0,2,0,1,0,1,0,1,2,0,0,4,2,1,0,0,2,1,0,2,3,1,0,1,1,0,1,0,2,4,3,2,0,0,0,0,0,0,3,0,0,0,0,1,1,1,3,3,0,0,1,0,1,1,4,0,2,1,0,2,0,1,0,2,3,0,0,1,0,0,3,2,1,2,1,1,0,1,0,2,0,1,1,1,1,0,2,2,0,0,1,2,3,1,1,1,0,1,2,0,0,0,0,0,0,2,1,0,0,1,0,1,1,0,1,0,3,1,0,3,2,0,2,0,0,0,1,1,1,1,0,2,1,1,1,1,1,1,1,2,5,0,0,1,2,1,0,0,1,1,0,1,0,0,0,4,1,2,3,2,0,2,1,2,2,2,2,0,1,2,2,1,1,0,0,0,0,0,2,2,1,2,0,3,0,0,0,0,2,1,0,0,0,2,1,2,0,1,1,2,0,2,0,1,0,1,2,1,0,1,1,1,2,2,1,1,0,0,1,1,0,0,2,0,0,0,3,0,2,2,0,2,1,0,3,0,1,0,0,2,0,2,2,0,1,1,3,1,1,0,3,0,2,1,0,0,2,0,2,0,0,2,2,0,0,0,0,0,1,0,2,1,0,0,2,1,2,0,4,1,1,0,0,0,1,0,0,0,1,0,2,1,1,1,1,1,0,2,1,1,0,3,0,1,0,2,0,1,0,0,0,0,4,2,2,1,0,0,1,0,0,0,0,0,0,2,0,2,0,1,0,1,0,1,2,0,0,3,3,0,1,0,0,1,1,0,2,1,1,1,2,1,1,1,4,1,1,1,1,1,0,1,0,0,1,0,0,2,2,1,1,0,0,4,1,1,2,0,1,1,2,1,1,1,0,1,1,2,2,0,2,1,2,0,1,0,1,1,1,1,0,0,1,1,1,0,0,0,2,0,0,2,1,0,1,1,0,2,1,1,1,1,1,1,1,1,1,0,0,1,0,2,2,2,0,0,1,2,4,1,1,2,0,0,0,2,0,1,0,0,0,3,1,2,0,4]},{"counters":[3,0,0,0,0,0,0,1,0,1,0,2,1,1,0,1,0,1,2,0,1,1,0,0,2,2,0,0,1,2,1,1,0,2,0,1,0,1,1,1,0,0,2,0,2,2,4,0,0,0,0,2,0,3,2,5,2,2,2,1,1,2,1,1,2,1,0,0,3,0,0,1,0,0,1,1,2,2,0,6,0,2,1,0,1,1,2,1,0,0,0,3,1,1,1,2,1,2,1,0,1,0,1,0,0,1,1,1,2,0,3,1,1,1,3,1,1,3,0,1,0,1,2,1,1,2,1,0,3,3,0,1,0,0,1,1,1,0,2,3,2,0,1,2,1,0,0,0,0,1,0,0,1,1,0,2,0,1,1,1,0,1,0,3,2,0,1,0,0,2,1,3,0,0,1,2,0,1,0,0,1,0,2,2,1,1,2,2,0,2,2,2,0,1,0,0,3,2,3,1,0,1,1,0,0,2,0,2,0,1,0,1,1,1,1,0,0,1,0,1,0,3,1,0,0,2,0,0,1,1,0,1,2,1,2,1,0,0,0,1,2,1,1,0,2,2,1,1,3,3,0,2,1,0,1,3,1,1,2,0,2,1,0,0,0,2,3,0,1,2,1,0,0,1,2,1,0,0,2,1,1,1,0,1,2,1,0,2,0,2,1,0,5,0,0,0,3,0,2,0,0,0,0,0,0,1,0,0,2,1,1,0,0,2,0,1,2,0,1,1,0,0,1,0,0,1,0,0,1,2,2,1,1,1,0,4,2,0,0,1,1,0,0,0,1,2,0,2,0,0,1,2,2,0,4,2,0,1,0,0,1,2,0,0,0,0,0,0,1,0,1,1,0,1,0,2,2,2,0,1,1,0,0,3,3,1,0,4,0,0,2,1,0,1,2,2,1,4,0,1,1,1,1,0,3,0,1,3,1,2,2,1,2,1,1,0,0,1,1,2,1,2,0,1,0,0,0,1,0,0,2,0,1,0,0,0,2,1,0,3,1,2,0,0,1,0,0,0,0,1,1,1,0,2,2,3,0,1,2,0,1,1,0,1,0,0,1,1,1,1,1,0,3,1,1,0,0,0,1,0,3,0,0,2,0,0,1,3,2,0,0,1,0,1,0,1,2,1,1,0,0,1,1,2,0,0,0,0,1,0,2,1,1,0,0,2,1,1,1,2,0,0,2,4,1,1,4,1,0,1,1,2,0,1,1,2,1,2,0,0,0,0,1,1,2,4,0,0,0,0,1,0,0,0,3,2,2,2,0,0,1,1,2,1,0,1,0,0,3,0,2,2,0,1,1,1,2,1,1,2,5,2,0,1,4,0,0,0,1,1,0,0,1,1,2,2,3,2,0,1,2,0,4,0,0,0,2,0,1,1,1,1,3,0,3,0,0,0,0,1,0,1,0,1,1,0,1,1,2,0,0,0,0,1,0,1,2,0,0,1,0,1,2,2,2,1,0,0,1,0,0,2,0,1,0,0,1,1,1,0,0,1,2,2,0,2,0,0,3,0,1,0,1,1,0,0,0,1,0,2,0,1,2,1,1,1,0,1,1,1,0,2,2,0,1,1,1,2,1,2,1,3,1,2,0,0,0,3,0,0,0,4,1,0,0,0,2,0,2,1,0,0,2,1,1,1,2,0,1,0,1,0,3,1,0,1,3,2,1,1,2,3,0,0,1,3,0,0,2,2,1,1,1,2,0,1,0,3,1,1,0,2,1,0,0,1,1,1,0,1,0,0,1,0,0,2,2,0,1,1,0,0,2,3,3,1,0,3,0,0,1,0,1,1,2,3,1,1,3,2,1,0,2,0,1,1,2,1,0,1,1,1,0,0,0,0,0,1,2,1,1,1,2,0,0,1,4,3,1,0,0,2,1,0,0,1,2,0,2,0,0,1,1,2,1,1,0,1,2,2,0,1,0,1,1,2,1,2,0,0,0,0,2,1,2,1,0,1,1,0,2,1,2,1,2,1,1,2,2,0,3,0,1,1,2,0,2,1,1,4,0,0,0,0,1,2,0,1,1,3,1,1,1,0,1,1,1,2,2,1,0,0,0,1,0,0,2,0,0,0,0,0,1,2,3,1,1,1,1,1,0,0,2,2,0,0,1,2,0,3,3,0,2,1,2,0,0,0,1,2,0,1,0,1,1,1,1,0,0,0,2,0,3,0,0,3,1,0,1,1,1,1,0,2,1,0,0,3,1,1,0,0,0,2,0,1,2,1,0,2,1,1,1,1,1,0,2,2,1,1,2,0,2,1,2,4,2,1,1,0,2,2,0,1,0,0,3,0,0,1,1,1,0,2,1,0,4,2,1,1,2,1,0,1,1,0,0,0,0,1,1,0,2,0,0,1,1,1,0,4,1,1,0,2,0,1,0,0,1,1,1,0,0,1,0,5,0,0,1,0,2,0,1,1,1,1,0,3,1,0,1,0,2,0,0,2,0,1,1,0,4,2,1,3,0,0,0,4,1,1,1,4,2,2,0,1,1,2,1,0,0,0,0,1,0,2,0,1,1,1,0,4,1,1,0,0,0,0,3,1,1,1,1,1,1,0,1,2,1,1,1,1,1,0,0,0,1,0,0,1,1,1,0,0,1,1,3,3,1,1,0,1,0,0,2,0,1,1,2,1,0,2,3,0,2,2,2,0,0,0,2,0,4,2,3,2,0,0,1,2,0,0,0,1,0,0,4,0,2,3,1,1,0,0,1,0,0,3,1,0,2,1,0,0,2,3,1,0,1,1,1,0,1,1,0,2,2,1,0,1,1,0,4,1,2,1,1,2,1,1,2,0,0,0,1,2,0,1,1,1,2,1,1,1,0,0,1,1,0,0,2,3,1,1,2,1,2,0,0,1,2,1,1,1,3,1,1,2,2,0,1,1,1,0,2,1,1,0,0,0,2,1,0,1,1,0,1,1,2,0,3,1,0,1,0,1,2,0,2,0,0,1,1,2,1,1,1,2,1,1,0,0,0,2,0,1,1,2,0,1,1,1,1,0,0,1,1,0,2,2,0,0,1,2,1,2,0,0,2,1,2,2,2,0,1,1,1,1,0,1,2,0,0,3,3,1,0,1,4,0,2,3,0,0,1,1,4,2,0,2,1,0,0,2,0,1,0,1,2,0,2,0,1,0,1,2,1,2,1,0,0,0,0,0,3,0,3,1,2,0,1,1,1,0,1,2,4,2,0,2,2,1,1,0,1,2,0,2,2,1,1,1,2,0,0,0,0,3,0,1,0,3,1,3,1,0,0,1,0,1,1,1,2,0,1,0,0,1,0,1,1,1,0,1,0,0,1,0,1,1,0,0,0,1,1,2,1,1,2,1,1,0,2,2,0,2,0,1,1,1,0,1,0,1,1,3,1,1,1,1,2,0,3,0,1,2,2,2,1,1,2,1,2,1,1,1,2,1,1,2,0,3,1,1,1,0,0,2,0,0,1,0,0,1,0,1,0,1,0,2,1,1,0,0,1,2,3,2,2,2,0,0,1,0,0,2,1,0,0,3,2,0,0,0,0,0,1,0,1,4,1,0,1,1,0,0,3,0,0,0,1,1,0,1,0,1,1,1,2,0,0,1,0,0,1,0,1,0,2,0,1,0,3,0,0,1,1,1,0,0,2,1,1,0,2,0,1,1,0,1,1,1,1,2,0,1,1,1,0,1,0,0,1,0,0,0,3,1,0,1,1,1,2,1,3,1,1,1,1,2,2,1,0,1,2,0,0,1,2,3,0,1,1,1,2,2,0,0,4,0,0,1,2,1,1,2,2,0,1,2,0,1,0,1,1,2,0,2,1,2,0,1,1,0,1,1,1,1,2,2,0,1,3,3,1,1,0,0,0,1,1,1,2,0,1,2,1,0,2,0,2,2,1,1,0,0,1,2,1,0,0,2,1,0,0,3,2,1,0,1,0,0,2,0,1,0,1,1,1,2,2,1,2,1,0,2,0,0,3,0,1,0,1,1,2,0,0,2,0,1,0,2,1,0,2,2,0,0,2,2,0,2,0,2,0,2,1,0,2,1,0,2,1,2,1,2,1,0,3,0,0,1,1,1,1,0,0,1,1,0,0,2,0,0,2,1,0,3,0,0,0,1,0,2,1,0,2,2,1,2,2,0,0,1,2,2,0,1,0,1,1,2,1,1,1,1,0,3,2,0,2,2,1,1,3,1,1,0,1,1,1,2,1,2,0,2,3,1,2,1,0,0,0,1,0,1,1,2,2,0,3,2,2,0,0,1,2,1,0,3,1,0,1,0,0,1,1,2,0,0,1,2,1,0,2,0,3,0,1,1,1,0,2,2,0,1,0,0,2,0,0,0,2,0,1,1,0,0,0,1,2,1,2,0,0,1,0,0,2,0,1,2,1,0,0,0,0,2,1,3,1,0,1,1,2,0,0,0,0,1,1,1,0,0,0,0,1,4,1,0,0,2,1,1,1,2,3,0,1,1,0,1,4,0,2,0,0,2,2,0,0,0,2,2,3,0,1,1,3,2,1,0,1,1,1,1,1,1,1,1,3,0,0,0,1,2,1,2,0,1,3,2,0,2,2,0,0,3,1,2,1,1,0,0,3,1,2,1,0,0,1,2,2,0,2,1,0,3]},{"counters":[2,0,0,2,0,1,1,0,2,1,0,0,0,2,2,0,1,0,3,1,0,2,0,0,0,0,0,0,5,2,0,2,2,1,0,0,0,0,0,2,2,0,0,0,0,3,1,0,2,2,0,0,1,0,0,1,0,2,1,2,0,0,1,0,2,2,1,0,1,1,1,0,1,2,1,0,3,1,2,1,0,2,1,1,2,1,0,0,2,2,0,0,0,0,0,1,1,1,0,1,0,1,0,0,1,1,0,1,0,0,2,0,0,4,0,1,2,0,2,1,1,2,0,0,1,2,1,2,0,0,0,0,0,2,0,1,1,1,0,2,1,1,2,2,1,2,2,0,1,0,0,1,1,1,0,2,0,0,1,1,0,2,0,1,0,2,1,2,1,2,1,0,1,1,0,0,0,7,0,2,2,1,2,0,3,0,1,2,1,1,0,2,1,1,1,3,0,1,0,1,1,1,1,1,0,1,1,1,1,1,2,0,0,0,0,1,2,0,1,2,0,0,1,1,1,1,0,1,2,1,2,2,1,1,1,1,1,1,0,1,0,0,1,1,1,2,0,0,0,1,1,2,0,1,0,0,1,0,0,2,1,2,2,3,1,2,0,0,0,0,1,3,2,2,2,1,3,0,5,1,2,0,1,1,0,2,2,0,3,0,0,0,2,2,0,0,1,3,1,1,0,1,1,1,0,0,1,1,1,4,0,1,0,1,0,2,0,0,0,1,0,0,1,2,1,1,1,2,2,0,2,3,2,1,0,2,1,1,1,0,0,0,0,0,3,2,2,2,1,1,2,1,0,2,0,0,1,2,1,2,0,1,0,0,1,1,0,0,0,1,0,1,1,1,1,3,0,3,1,1,0,1,1,2,1,1,0,0,2,0,0,5,0,1,0,3,1,2,2,2,2,1,2,3,0,0,0,0,0,0,1,1,0,0,1,0,0,1,2,1,1,1,0,0,0,0,0,1,0,0,0,1,2,0,1,1,1,1,1,1,0,0,0,2,1,0,0,1,1,3,0,0,1,0,2,0,0,2,1,2,1,1,3,0,1,2,0,1,1,0,0,1,1,2,1,1,1,0,3,0,0,0,1,2,2,0,2,0,0,2,1,1,0,2,2,3,1,1,1,0,0,0,0,0,2,0,0,3,4,1,1,0,0,1,0,2,1,0,1,1,0,1,1,1,0,2,3,2,1,0,0,2,1,0,2,1,0,3,0,1,0,0,1,1,0,1,1,2,0,1,0,0,0,1,1,2,0,1,4,0,2,1,4,3,0,0,0,0,1,1,1,0,0,0,0,0,2,0,1,2,1,0,1,3,0,0,2,0,1,1,2,0,2,2,2,2,1,1,1,0,1,1,0,1,3,0,1,1,1,0,1,2,2,1,0,1,0,0,2,1,1,1,1,2,0,1,2,1,2,0,1,1,4,1,1,1,0,0,2,3,1,2,3,0,2,0,0,0,2,2,2,1,2,1,1,0,0,2,2,0,1,1,1,0,1,1,1,1,0,1,1,0,0,2,4,0,1,1,0,1,1,0,2,2,0,1,4,3,1,1,1,2,1,1,0,2,1,2,1,0,0,2,0,0,0,3,0,0,3,0,2,0,0,2,1,1,1,1,1,0,2,1,2,2,1,0,1,1,3,3,1,0,0,2,2,0,0,0,3,0,1,1,2,0,1,0,3,2,1,2,2,2,5,1,3,1,0,1,1,1,0,1,0,0,0,1,1,0,2,2,2,0,0,0,1,0,0,0,0,4,1,0,2,0,2,0,0,0,0,1,3,2,2,0,1,0,1,2,2,0,3,2,2,1,0,1,1,2,0,0,0,1,1,0,1,1,1,1,0,0,0,1,0,0,1,2,2,1,0,1,4,0,4,2,3,2,2,2,3,0,1,1,1,1,0,2,1,0,1,0,1,1,0,0,1,0,2,0,2,1,1,0,0,1,0,5,2,1,0,2,0,3,0,1,0,1,1,2,2,0,1,2,1,0,2,0,0,2,2,2,3,3,3,2,1,0,1,1,2,1,0,1,1,1,1,2,0,1,3,0,1,0,2,0,0,0,3,1,2,1,0,0,0,0,0,1,1,0,3,0,2,0,0,3,2,2,0,0,0,1,0,0,0,2,2,0,3,1,5,1,1,3,2,0,2,2,0,1,1,0,1,3,3,0,1,0,1,1,2,3,0,1,1,1,2,1,0,0,0,1,0,1,1,1,0,1,0,2,1,1,0,0,2,2,1,0,1,1,0,0,1,0,1,2,1,1,1,0,1,0,1,1,2,2,1,1,2,0,1,0,2,2,1,0,2,0,2,1,1,0,1,2,2,0,1,2,1,1,1,0,2,0,4,1,1,1,1,3,0,0,0,1,0,1,4,1,2,0,0,0,1,1,1,0,2,0,3,2,1,3,1,2,1,1,0,1,0,1,1,3,2,2,0,1,0,0,0,1,1,0,0,0,0,3,2,0,0,2,2,2,2,1,2,0,0,0,0,0,0,1,1,0,1,2,2,0,1,0,2,0,3,0,2,0,1,1,1,3,0,2,0,1,2,3,0,2,1,1,1,1,2,1,3,0,1,2,1,1,1,3,1,1,3,0,2,2,0,0,1,0,0,1,1,2,1,1,2,1,0,0,0,0,0,2,0,2,0,2,0,0,0,0,0,1,0,0,0,0,0,1,2,0,2,0,1,0,0,2,3,3,2,1,0,0,3,0,0,1,1,1,1,3,1,1,1,0,1,0,0,3,0,0,1,0,2,1,0,0,0,1,1,1,1,3,1,2,1,1,1,1,1,1,0,1,1,4,1,0,0,0,1,0,2,3,2,0,0,0,1,0,2,0,1,2,2,1,1,2,0,0,0,0,1,1,1,0,0,0,2,0,0,2,0,2,0,1,2,1,0,1,2,0,1,1,1,1,0,1,0,0,0,1,1,0,1,0,2,0,1,2,1,1,3,0,2,1,0,0,1,1,0,1,2,0,1,0,2,0,0,2,0,0,0,2,3,1,1,0,1,0,1,1,1,2,2,1,1,2,1,2,1,2,0,1,2,2,0,1,0,1,1,4,0,1,3,0,0,2,1,3,1,2,3,0,1,0,0,1,2,1,2,1,1,3,2,0,0,0,1,1,1,1,0,0,0,0,0,1,1,1,2,1,0,0,2,0,1,1,0,1,1,0,1,2,2,0,3,2,0,1,0,0,2,0,2,1,1,1,0,0,1,0,3,2,0,0,0,0,1,3,1,0,1,1,3,0,1,1,0,1,1,1,2,1,0,1,1,0,2,1,0,2,0,0,0,1,1,1,2,0,0,1,2,1,3,2,4,0,2,2,1,1,0,2,0,0,0,1,3,1,0,3,0,0,1,0,3,1,1,2,1,0,1,0,2,0,0,1,0,1,2,0,0,2,2,2,1,0,1,1,1,1,0,1,1,0,1,1,1,1,1,1,1,1,0,0,1,0,2,0,0,0,2,2,4,1,0,3,2,0,0,2,0,0,1,4,2,1,0,1,0,0,1,1,1,1,1,1,1,0,1,2,2,0,0,2,0,1,1,1,3,2,0,0,4,1,0,0,0,2,1,0,2,0,0,0,2,1,2,0,3,0,0,0,1,3,0,3,2,1,1,2,1,0,1,0,3,3,3,0,1,0,0,1,2,1,2,2,1,1,1,0,2,0,0,0,0,1,3,1,2,0,1,0,0,2,0,1,2,1,0,2,1,1,3,0,1,1,1,0,0,0,0,2,0,1,1,1,0,0,2,1,0,1,0,1,0,2,1,0,2,1,1,0,0,0,0,2,2,1,1,1,0,3,0,2,1,2,1,1,2,1,1,1,1,3,1,1,1,0,1,0,0,0,1,1,2,2,0,1,0,0,2,0,1,0,0,0,1,3,0,2,0,1,1,0,1,0,0,0,2,1,1,1,0,0,2,1,3,0,2,0,2,0,0,3,0,1,0,0,0,0,0,1,1,0,1,0,1,2,0,0,0,1,1,1,1,1,0,1,2,1,1,0,2,0,0,1,1,2,0,2,0,1,0,2,2,2,2,2,1,0,2,1,2,0,2,1,0,1,1,4,1,0,3,2,1,0,1,0,0,3,1,0,1,0,0,1,0,2,1,2,0,0,0,0,3,1,0,0,0,1,1,0,0,0,2,0,0,0,1,2,1,4,1,0,1,1,3,0,0,1,1,2,1,1,1,2,0,4,1,1,2,1,0,1,0,1,1,1,1,3,0,1,1,0,0,0,2,3,0,1,0,1,0,1,0,1,0,3,2,1,0,1,0,1,1,1,0,0,0,2,1,0,0,1,0,2,0,4,1,0,2,2,0,2,1,1,0,0,2,1,0,1,1,1,4,0,2,1,0,0,0,0,1,0,3,1,3,0,1,2,1,2,1,0,0,1,0,3,1,0,3,2,2,0,1,0,0,0,0,0,0,2,2,0,2,1,1,0,2,0,1,0,0,0,2,2,0,0,3,2,1,1,1,2,0,1,1,0,1,1,3,1,1,2,0,3,1,0,0,0,1,0,1,0,1,0,0,3,0,2,2,1,1,0,2,0,0,1,0,0,2,3,1,2,2,1,1,1,0,1,0,3,3,1,1,2]},{"counters":[2,1,2,0,0,1,2,0,0,2,1,0,2,0,2,2,0,1,2,1,2,2,0,0,0,0,2,1,1,4,1,2,1,2,3,4,0,2,2,2,0,1,2,0,1,2,2,1,1,0,2,0,0,1,2,1,0,0,0,0,1,3,2,1,1,1,2,0,1,0,0,1,2,1,0,2,1,1,0,0,2,0,0,0,0,2,1,1,0,4,0,0,0,0,1,0,2,1,0,2,0,0,2,0,0,1,0,1,1,0,1,0,2,1,2,0,1,3,0,0,0,0,0,1,0,0,3,1,1,0,3,3,0,1,1,1,1,0,1,1,3,2,1,0,0,0,0,1,1,5,1,3,1,1,1,0,1,1,1,1,2,1,1,2,2,0,1,1,0,0,2,0,0,0,2,1,2,1,1,1,0,1,2,0,1,1,1,0,1,2,1,2,1,2,3,2,0,0,0,1,2,0,1,1,1,0,1,1,3,2,1,2,2,1,2,2,1,1,0,1,1,1,0,0,2,0,2,2,3,0,2,1,1,0,1,2,0,1,1,3,1,0,2,2,2,1,0,1,2,2,1,0,2,2,1,0,3,0,0,2,2,1,1,1,1,1,1,1,1,0,3,0,1,0,0,2,0,0,0,1,3,1,1,1,1,0,2,1,0,0,2,0,1,2,0,0,0,1,2,2,3,0,0,0,1,0,0,0,0,0,0,1,0,2,2,0,0,1,0,0,2,2,2,1,4,0,1,0,0,0,1,3,1,4,0,1,2,2,2,1,1,0,2,1,0,0,1,0,0,0,0,0,1,1,2,1,0,2,2,1,0,0,1,0,1,0,2,0,3,0,0,1,0,0,1,0,3,3,3,0,0,2,0,1,2,0,0,1,2,1,0,0,0,0,0,1,2,4,2,0,1,0,0,1,1,1,0,1,0,0,2,2,1,2,2,2,1,1,1,0,1,1,0,4,0,1,1,1,0,1,2,2,0,0,1,0,0,1,3,1,0,2,0,3,0,0,1,1,1,0,2,0,1,0,0,1,1,0,0,1,0,1,0,1,1,1,0,0,0,1,1,0,2,1,0,1,2,0,1,1,1,0,0,0,0,1,1,1,0,2,2,1,0,3,1,2,0,1,0,0,0,2,1,2,1,1,0,0,0,1,1,0,0,1,0,1,1,0,2,1,1,0,0,1,0,1,1,0,0,2,2,0,1,2,1,1,1,0,1,1,0,1,0,2,1,1,0,2,1,1,0,1,0,2,2,1,0,0,4,1,2,2,0,2,1,0,0,0,1,0,4,4,0,1,2,1,0,1,0,2,0,0,0,0,1,1,3,0,0,1,1,2,1,0,0,1,0,0,1,1,2,0,1,0,2,1,1,1,2,1,3,0,0,2,1,1,4,0,1,0,2,1,1,0,1,1,0,3,1,0,0,1,2,0,0,0,0,0,0,1,3,1,0,1,1,1,1,1,1,2,0,1,0,1,3,1,0,2,1,1,1,1,0,1,0,1,0,1,2,0,1,0,0,1,2,2,2,1,1,3,1,1,0,2,0,0,2,0,0,2,0,0,3,0,0,1,2,2,2,0,1,0,1,0,1,1,0,1,0,1,1,1,0,1,0,3,1,0,2,0,2,1,2,2,0,0,0,2,0,0,0,0,1,1,1,0,0,0,1,2,2,2,1,0,2,0,1,1,0,2,2,0,0,2,1,0,1,1,1,0,0,2,0,1,0,0,1,0,0,1,0,1,1,1,1,0,0,0,0,1,0,4,2,2,0,2,2,2,1,1,1,0,0,1,0,1,3,3,1,3,1,0,0,0,1,0,2,1,1,1,1,2,1,1,0,1,0,1,0,0,1,0,0,0,1,2,1,0,1,1,0,1,0,0,1,1,4,3,0,0,1,0,2,2,2,2,4,1,0,2,2,2,2,0,1,1,1,1,0,0,1,1,1,1,0,0,0,1,2,0,0,0,1,0,0,1,0,1,1,1,0,1,0,0,0,2,2,1,0,2,1,1,0,1,1,1,0,2,0,3,1,1,1,2,0,2,3,2,0,1,1,0,1,0,1,0,1,3,2,0,2,1,1,1,1,0,2,1,0,1,0,2,0,0,0,1,1,0,3,0,0,0,1,2,1,0,1,3,1,1,2,0,1,2,0,1,0,1,0,1,2,0,2,1,0,0,1,0,2,2,1,0,2,0,1,1,0,2,0,0,0,1,0,3,0,0,0,0,2,2,0,1,2,0,2,1,1,1,3,1,1,3,1,1,2,0,2,1,1,2,0,0,1,1,1,2,2,1,1,0,0,1,1,0,0,1,1,0,1,1,1,1,1,0,1,1,0,5,1,0,2,2,0,0,0,0,2,1,0,1,2,1,0,0,1,1,2,0,0,3,0,1,1,0,1,4,2,0,2,2,1,1,0,0,0,1,0,0,0,2,2,0,3,4,0,2,1,2,0,2,0,2,0,1,0,0,1,0,3,0,0,1,0,0,0,2,1,0,1,1,1,1,1,0,1,1,1,1,2,1,1,2,0,0,0,1,1,2,1,2,1,0,1,0,0,2,0,1,0,1,1,2,3,0,4,1,4,1,0,0,2,1,2,0,2,0,2,1,5,0,0,0,1,4,1,1,1,1,0,0,0,2,0,2,1,0,3,2,1,0,0,1,1,2,0,0,2,1,4,2,4,1,0,1,0,1,0,1,0,1,0,4,0,2,1,1,2,1,1,0,3,0,1,0,2,0,2,1,1,2,0,3,1,1,0,2,1,2,0,0,2,4,0,0,3,0,1,1,1,1,0,1,0,2,2,0,2,1,2,2,1,1,0,0,2,1,2,1,0,0,1,1,1,0,0,0,3,1,0,0,2,1,1,0,2,2,1,3,0,0,0,2,1,2,1,1,0,4,2,0,0,0,0,1,0,1,1,0,0,0,0,1,1,2,3,3,0,1,3,0,1,1,0,2,0,0,2,0,1,0,1,1,0,0,1,0,3,0,1,1,3,2,0,3,1,1,2,1,1,0,1,2,1,1,1,1,0,1,3,1,0,2,1,2,0,1,0,0,1,3,2,2,1,3,1,1,1,2,0,0,1,1,1,0,1,4,2,2,1,0,0,0,1,1,0,0,0,2,3,1,0,3,2,2,1,1,0,0,1,3,1,1,1,1,1,2,0,0,1,1,3,0,1,1,4,0,0,0,3,1,0,0,1,0,1,1,0,0,0,1,2,0,0,2,1,2,3,2,0,0,0,1,0,3,0,3,3,3,1,2,1,2,0,2,1,0,2,1,0,0,0,4,1,2,1,1,0,1,0,0,1,0,1,1,2,0,1,0,0,3,0,1,0,3,1,0,2,0,2,1,0,1,0,1,1,2,0,2,1,0,0,3,0,2,0,1,1,1,1,1,0,0,1,2,0,1,2,1,4,1,0,0,1,0,2,2,1,0,0,0,1,3,2,2,0,0,0,3,2,0,0,0,0,2,1,2,1,1,1,2,1,2,2,0,0,0,2,0,5,1,0,1,0,2,0,1,3,1,1,1,0,0,2,1,0,1,1,1,5,1,0,1,1,0,1,2,2,0,0,0,2,2,0,2,1,0,0,0,2,2,0,1,1,0,1,0,0,1,1,1,0,0,0,0,1,0,1,0,4,0,1,2,1,0,3,1,0,0,2,0,0,2,0,1,0,3,1,2,0,3,1,3,0,1,1,0,0,0,0,5,0,0,0,0,1,1,0,2,0,0,1,2,1,0,1,0,1,0,1,1,0,0,2,3,0,0,0,0,1,0,3,2,3,1,1,0,1,0,1,1,0,1,1,0,0,1,0,3,0,0,0,1,2,0,1,2,3,0,0,2,2,1,1,0,1,1,1,0,1,0,2,0,1,0,1,1,2,1,2,1,1,2,2,1,1,0,0,1,2,1,0,2,2,1,1,0,1,1,1,1,0,2,2,2,0,0,1,2,1,1,1,2,0,1,0,1,1,0,1,0,1,0,2,1,1,2,0,2,0,1,1,1,0,0,0,0,0,0,2,1,0,1,1,0,1,1,1,1,1,0,0,0,0,0,0,2,0,3,1,0,2,1,1,1,1,3,4,1,0,0,0,1,2,0,2,1,0,1,0,1,0,0,3,0,0,0,1,1,2,3,0,0,0,1,0,1,0,0,2,2,2,0,1,1,2,2,4,0,0,1,1,0,1,2,3,0,3,0,2,0,2,4,0,0,1,0,1,0,0,2,1,2,3,0,1,0,0,4,1,2,2,0,0,0,1,1,0,0,0,0,1,1,2,1,1,1,1,2,1,1,1,3,0,2,1,1,1,1,0,1,2,0,1,3,0,0,0,1,0,1,0,0,1,1,1,0,2,2,1,1,2,1,3,1,0,0,2,1,1,1,0,1,1,1,0,2,0,1,1,0,1,2,0,1,3,0,2,2,1,2,2,1,0,1,1,4,0,1,2,0,0,1,1,3,2,1,3,1,1,1,3,4,0,1,1,0,1,4,1,2,0,0,0,0,1,2,1,1,2,1,2,1,4,2,1,3,0,1,0,2,0,0,3,2,1,0,0,2,1,3,3,0,0,0,2,0,1,1,0,2,2,0,3,1,1,0,1,2]}]},"null_count":0,"last_update_version":397952047127986176}},"indices":{},"count":2000,"modify_count":0,"version":0}