{"database_name":"test","table_name":"tbl_005","columns":{"a":{"histogram":{"ndv":2000,"buckets":[{"count":8,"lower_bound":"LTIxMzgzNDEzODM=","upper_bound":"LTIxMzM2NDM5NDQ=","repeats":1},{"count":16,"lower_bound":"LTIxMjY0Nzg5MzE=","upper_bound":"LTIxMjMzNzA4Mjc=","repeats":1},{"count":24,"lower_bound":"LTIxMTc5MTc2ODI=","upper_bound":"LTIxMTIwNzI4ODI=","repeats":1},{"count":32,"lower_bound":"LTIxMTA1NjUwMjM=","upper_bound":"LTIxMDc4MDA2MDA=","repeats":1},{"count":40,"lower_bound":"LTIwOTgwMzc2MDc=","upper_bound":"LTIwODgyODE2NzA=","repeats":1},{"count":48,"lower_bound":"LTIwODYxMzUwOTM=","upper_bound":"LTIwNzE1Njc5OTM=","repeats":1},{"count":56,"lower_bound":"LTIwNjUxMjQxNzc=","upper_bound":"LTIwNTYxMDYzNzc=","repeats":1},{"count":64,"lower_bound":"LTIwNTIzNDUyNDk=","upper_bound":"LTIwMzE5NjAwNDc=","repeats":1},{"count":72,"lower_bound":"LTIwMzEwMTk4NjE=","upper_bound":"LTIwMjEwNTgwNjQ=","repeats":1},{"count":80,"lower_bound":"LTIwMTI1MDg4NjY=","upper_bound":"LTE5OTM2MjQ0OTk=","repeats":1},{"count":88,"lower_bound":"LTE5OTEwMzg2MjE=","upper_bound":"LTE5ODA2MzcyMzA=","repeats":1},{"count":96,"lower_bound":"LTE5NzY0NDk0OTU=","upper_bound":"LTE5NjQyMjM5ODY=","repeats":1},{"count":104,"lower_bound":"LTE5NTUzNjY1MzI=","upper_bound":"LTE5NDI0ODQxMDc=","repeats":1},{"count":112,"lower_bound":"LTE5Mzk0OTQyNjk=","upper_bound":"LTE5MTc4NzA1NTU=","repeats":1},{"count":120,"lower_bound":"LTE5MTE0MTU5MTM=","upper_bound":"LTE4OTMzODMxNjM=","repeats":1},{"count":128,"lower_bound":"LTE4ODQ1NjYwNzM=","upper_bound":"LTE4NzI2MDk5MjM=","repeats":1},{"count":136,"lower_bound":"LTE4NzA1MDIxMTY=","upper_bound":"LTE4NjEzMjg0OTg=","repeats":1},{"count":144,"lower_bound":"LTE4NTA1ODk3MjM=","upper_bound":"LTE4Mzc5OTQxNDQ=","repeats":1},{"count":152,"lower_bound":"LTE4MjkyNDM4MzA=","upper_bound":"LTE4MTQ4NzgwMTE=","repeats":1},{"count":160,"lower_bound":"LTE4MTE4NDIwOTQ=","upper_bound":"LTE3OTk3MDcwMzk=","repeats":1},{"count":168,"lower_bound":"LTE3OTgyNDg2MjA=","upper_bound":"LTE3OTMzMDM0NTQ=","repeats":1},{"count":176,"lower_bound":"LTE3ODU5MjQxMjQ=","upper_bound":"LTE3NzQ5MDc0NzA=","repeats":1},{"count":184,"lower_bound":"LTE3NzAyMTI0MTg=","upper_bound":"LTE3NTUzNDAyNzE=","repeats":1},{"count":192,"lower_bound":"LTE3NTM4MjkwNDA=","upper_bound":"LTE3NDEzNzgwMDc=","repeats":1},{"count":200,"lower_bound":"LTE3MzgyMTQ0NDI=","upper_bound":"LTE3MzAzOTY4MDQ=","repeats":1},{"count":208,"lower_bound":"LTE3MjQ2NzA4NDM=","upper_bound":"LTE3MTE4MDgyOTc=","repeats":1},{"count":216,"lower_bound":"LTE3MTE2ODkyODE=","upper_bound":"LTE2OTIyNTA3NTI=","repeats":1},{"count":224,"lower_bound":"LTE2OTE1MzQ2NzM=","upper_bound":"LTE2ODc4NDcwMTI=","repeats":1},{"count":232,"lower_bound":"LTE2ODY2MTY4NjM=","upper_bound":"LTE2NjM0MDY1NDE=","repeats":1},{"count":240,"lower_bound":"LTE2NjI0ODQyNDc=","upper_bound":"LTE2NTk1MTI3OTQ=","repeats":1},{"count":248,"lower_bound":"LTE2NTg0NTg1OTk=","upper_bound":"LTE2NDY2MzE0NTY=","repeats":1},{"count":256,"lower_bound":"LTE2NDMwMDY4OTA=","upper_bound":"LTE2MzUxODY3MjU=","repeats":1},{"count":264,"lower_bound":"LTE2MzA4NTEyOTE=","upper_bound":"LTE2MjMyNTA3NTc=","repeats":1},{"count":272,"lower_bound":"LTE2MTc2NjUxODY=","upper_bound":"LTE2MTM0MzQ2NjU=","repeats":1},{"count":280,"lower_bound":"LTE2MTI0MTg0NTI=","upper_bound":"LTE2MDQzNzE1NDE=","repeats":1},{"count":288,"lower_bound":"LTE1OTgzNzcwMTY=","upper_bound":"LTE1NjYzNTUzNjE=","repeats":1},{"count":296,"lower_bound":"LTE1NjMyMzU5MDQ=","upper_bound":"LTE1NTQzMjQyNTk=","repeats":1},{"count":304,"lower_bound":"LTE1NDc5MTM5OTE=","upper_bound":"LTE1MzM4MTgzNDQ=","repeats":1},{"count":312,"lower_bound":"LTE1MzE3NjA1OTM=","upper_bound":"LTE1MDE4MTczMjU=","repeats":1},{"count":320,"lower_bound":"LTE0OTE5NzY4NTQ=","upper_bound":"LTE0NzkzNzE0NDM=","repeats":1},{"count":328,"lower_bound":"LTE0NzkzNjA4NzE=","upper_bound":"LTE0NjQyMzgwNzU=","repeats":1},{"count":336,"lower_bound":"LTE0NjQwMjE3NzY=","upper_bound":"LTE0NjA3MjM2NDU=","repeats":1},{"count":344,"lower_bound":"LTE0NDc0MDQ5Mjc=","upper_bound":"LTE0MzUzMDk2Mzk=","repeats":1},{"count":352,"lower_bound":"LTE0MzE2NTA5NjQ=","upper_bound":"LTE0MTg3MDUxOTI=","repeats":1},{"count":360,"lower_bound":"LTE0MTc0NDgwMjA=","upper_bound":"LTE0MTQ4MDE3NDc=","repeats":1},{"count":368,"lower_bound":"LTE0MTQwNzIxODI=","upper_bound":"LTE0MDE3NzA0NDM=","repeats":1},{"count":376,"lower_bound":"LTE0MDAwMjA2Njc=","upper_bound":"LTEzNjA0OTYzMDE=","repeats":1},{"count":384,"lower_bound":"LTEzNTc2MTQ5OTU=","upper_bound":"LTEzNTU1MTkyMDg=","repeats":1},{"count":392,"lower_bound":"LTEzNTMwNjkwMDM=","upper_bound":"LTEzNDc5NTI1NjE=","repeats":1},{"count":400,"lower_bound":"LTEzMzk0MTA5NDY=","upper_bound":"LTEzMjUxNzI1NDI=","repeats":1},{"count":408,"lower_bound":"LTEzMjQzODk0NzM=","upper_bound":"LTEzMTQ2NDAyMDM=","repeats":1},{"count":416,"lower_bound":"LTEzMDc2ODU3NjE=","upper_bound":"LTEyOTUzOTY3MjQ=","repeats":1},{"count":424,"lower_bound":"LTEyOTUyNDk3NDg=","upper_bound":"LTEyNjYzNTY1MDk=","repeats":1},{"count":432,"lower_bound":"LTEyNjU0NjEyOTg=","upper_bound":"LTEyNTAxMzY5MTg=","repeats":1},{"count":440,"lower_bound":"LTEyNDg3Mjk2NzE=","upper_bound":"LTEyMzgzMDg0NTY=","repeats":1},{"count":448,"lower_bound":"LTEyMzM0Nzg0NzM=","upper_bound":"LTEyMjI5NzYyNTI=","repeats":1},{"count":456,"lower_bound":"LTEyMTQ3MDk0MzI=","upper_bound":"LTEyMDYyOTgwOTc=","repeats":1},{"count":464,"lower_bound":"LTEyMDM2ODM4ODQ=","upper_bound":"LTEyMDEyNTI0NjU=","repeats":1},{"count":472,"lower_bound":"LTExOTg2OTIzNjI=","upper_bound":"LTExODU1MjMzNzc=","repeats":1},{"count":480,"lower_bound":"LTExODM2NDA4ODE=","upper_bound":"LTExNzU5ODI4NzU=","repeats":1},{"count":488,"lower_bound":"LTExNzU5NDA1NDQ=","upper_bound":"LTExNzMwMDc5ODA=","repeats":1},{"count":496,"lower_bound":"LTExNjk4NDU3Nzk=","upper_bound":"LTExNjQ2OTU1Mjk=","repeats":1},{"count":504,"lower_bound":"LTExNTk2MTU5NTg=","upper_bound":"LTExNTczMTIwMzM=","repeats":1},{"count":512,"lower_bound":"LTExNTAwODQyODQ=","upper_bound":"LTExMzg1ODQxNjM=","repeats":1},{"count":520,"lower_bound":"LTExMzU2MzI5NDQ=","upper_bound":"LTExMTk4OTUwMzc=","repeats":1},{"count":528,"lower_bound":"LTExMTk0MDM2NDM=","upper_bound":"LTExMDY2NTE4NjQ=","repeats":1},{"count":536,"lower_bound":"LTExMDQwOTM5NDM=","upper_bound":"LTEwODA2NDk5MDY=","repeats":1},{"count":544,"lower_bound":"LTEwNzc3NTQzNDA=","upper_bound":"LTEwNjkzODQ1OTU=","repeats":1},{"count":552,"lower_bound":"LTEwNjc2Mjk4NTY=","upper_bound":"LTEwNTAwMDgzNTI=","repeats":1},{"count":560,"lower_bound":"LTEwNDk1ODc1NDY=","upper_bound":"LTEwMzI1NjA0Njk=","repeats":1},{"count":568,"lower_bound":"LTEwMjAxMjUwODI=","upper_bound":"LTEwMTM3NDM5MDE=","repeats":1},{"count":576,"lower_bound":"LTEwMTE5NDE4MzA=","upper_bound":"LTEwMDM1ODMxMzY=","repeats":1},{"count":584,"lower_bound":"LTEwMDExMTUzODY=","upper_bound":"LTk4NjkzNzE1Ng==","repeats":1},{"count":592,"lower_bound":"LTk4MjYxMTM5MA==","upper_bound":"LTk3MzMxMzI5MQ==","repeats":1},{"count":600,"lower_bound":"LTk2NzMyNDIzNA==","upper_bound":"LTk0NjAyOTg3OA==","repeats":1},{"count":608,"lower_bound":"LTk0NDMxNDQ3OA==","upper_bound":"LTk0MTU2NjcwMA==","repeats":1},{"count":616,"lower_bound":"LTkzNDU2MTc5OQ==","upper_bound":"LTkyMzI4NTY4MA==","repeats":1},{"count":624,"lower_bound":"LTkxODIzMjc4Nw==","upper_bound":"LTkxMTA2NTY4OQ==","repeats":1},{"count":632,"lower_bound":"LTkwODU0OTE4OQ==","upper_bound":"LTkwNDgzMTQxNw==","repeats":1},{"count":640,"lower_bound":"LTg5NDQ5NTQ5Ng==","upper_bound":"LTg3OTE4MjQ4Mw==","repeats":1},{"count":648,"lower_bound":"LTg2Mzc1ODcyOQ==","upper_bound":"LTg0NTE1NjQ5Mg==","repeats":1},{"count":656,"lower_bound":"LTgzODgwOTE4Ng==","upper_bound":"LTgyODc4NDg3Ng==","repeats":1},{"count":664,"lower_bound":"LTgyMjMyOTAwNg==","upper_bound":"LTgxNDUwODMxOQ==","repeats":1},{"count":672,"lower_bound":"LTgxMjgwNjk3OQ==","upper_bound":"LTc5NDQ2Mjg2OA==","repeats":1},{"count":680,"lower_bound":"LTc5NDA4MTYwOA==","upper_bound":"LTc4MzE0MzM2MQ==","repeats":1},{"count":688,"lower_bound":"LTc4Mjc1NjYzMA==","upper_bound":"LTc3NDIxMjA2Ng==","repeats":1},{"count":696,"lower_bound":"LTc2ODM4MjAzOA==","upper_bound":"LTc1NDI0MDg1Ng==","repeats":1},{"count":704,"lower_bound":"LTc0Nzg5NTc4Nw==","upper_bound":"LTczNzk4NzcwMA==","repeats":1},{"count":712,"lower_bound":"LTczMjA4MTgxOA==","upper_bound":"LTcxODQ0NjIwNg==","repeats":1},{"count":720,"lower_bound":"LTcxNzEwMDE0MQ==","upper_bound":"LTcwNDg3NTQ4OA==","repeats":1},{"count":728,"lower_bound":"LTcwNDQwODUzNQ==","upper_bound":"LTY5MjI1Mzc4Mw==","repeats":1},{"count":736,"lower_bound":"LTY5MDMzMDI5NQ==","upper_bound":"LTY3Njc2MTM1NQ==","repeats":1},{"count":744,"lower_bound":"LTY3MzgwMTA0Mw==","upper_bound":"LTY2NjE3Njg4Nw==","repeats":1},{"count":752,"lower_bound":"LTY1NjkwODU1Nw==","upper_bound":"LTY0NjYyODYwOA==","repeats":1},{"count":760,"lower_bound":"LTY0MzE0NDI5MQ==","upper_bound":"LTYxNzQyNTE3Mg==","repeats":1},{"count":768,"lower_bound":"LTYxMDk5MzExMA==","upper_bound":"LTU4Njc5Njc1MQ==","repeats":1},{"count":776,"lower_bound":"LTU3ODAzMDc5MQ==","upper_bound":"LTU2NzU2NDI3Mg==","repeats":1},{"count":784,"lower_bound":"LTU2MTAzMzg3Mg==","upper_bound":"LTU1NzQ3NTE4MA==","repeats":1},{"count":792,"lower_bound":"LTU1NjExODM2MQ==","upper_bound":"LTU0ODMzNjAxNw==","repeats":1},{"count":800,"lower_bound":"LTUyODMxODE4MQ==","upper_bound":"LTUxNTEyNDIzNA==","repeats":1},{"count":808,"lower_bound":"LTUwNTU3MDkxOA==","upper_bound":"LTQ4NDE0OTQ2MQ==","repeats":1},{"count":816,"lower_bound":"LTQ3NTQ2NDYzNw==","upper_bound":"LTQ2ODgyOTg0Mw==","repeats":1},{"count":824,"lower_bound":"LTQ2Nzc0MDk5Ng==","upper_bound":"LTQ2MTU2NzcxNg==","repeats":1},{"count":832,"lower_bound":"LTQ1ODY1NjI2NA==","upper_bound":"LTQzNDk1MzcwNA==","repeats":1},{"count":840,"lower_bound":"LTQyNzQ2NDcyOQ==","upper_bound":"LTQwNDAwMzk0OQ==","repeats":1},{"count":848,"lower_bound":"LTQwMjAyNDAzNw==","upper_bound":"LTM5MTc0MTk4MQ==","repeats":1},{"count":856,"lower_bound":"LTM4OTUwNjc3OA==","upper_bound":"LTM3NTM0MjI0OQ==","repeats":1},{"count":864,"lower_bound":"LTM2OTM5MzM5OA==","upper_bound":"LTM2Mzk0NDUwMw==","repeats":1},{"count":872,"lower_bound":"LTM2MTcxOTkwMw==","upper_bound":"LTM0NTA0OTA0Mw==","repeats":1},{"count":880,"lower_bound":"LTM0MjczNzM1Mw==","upper_bound":"LTMyNzEyNjU1NA==","repeats":1},{"count":888,"lower_bound":"LTMyNzEwODg4Mw==","upper_bound":"LTMyMTk0MzgxOQ==","repeats":1},{"count":896,"lower_bound":"LTMxNTc1NzU1Mg==","upper_bound":"LTMwMjAzMTg5NQ==","repeats":1},{"count":904,"lower_bound":"LTMwMDA4MjA4NQ==","upper_bound":"LTI4NjU1MTc3Nw==","repeats":1},{"count":912,"lower_bound":"LTI4NTQzMDE5OA==","upper_bound":"LTI3MTkyMjU4MQ==","repeats":1},{"count":920,"lower_bound":"LTI2NjI5NDk0Ng==","upper_bound":"LTI1NzEwMTI3MQ==","repeats":1},{"count":928,"lower_bound":"LTI1Mzk1ODMwOA==","upper_bound":"LTIzNjgyNDQxMQ==","repeats":1},{"count":936,"lower_bound":"LTIzNTY0MzUyMA==","upper_bound":"LTIyMDk4MjgwMw==","repeats":1},{"count":944,"lower_bound":"LTIxNzUwNTUyOA==","upper_bound":"LTIwNTA0MDg1MA==","repeats":1},{"count":952,"lower_bound":"LTE5ODAxOTc5Ng==","upper_bound":"LTE5MzYxNjY0Ng==","repeats":1},{"count":960,"lower_bound":"LTE4NTQwMDc1NA==","upper_bound":"LTE3MzYyMzc5NQ==","repeats":1},{"count":968,"lower_bound":"LTE2OTU3MjIzNg==","upper_bound":"LTE2NzUyNTY4MQ==","repeats":1},{"count":976,"lower_bound":"LTE2NTI0MDk0NQ==","upper_bound":"LTE1MjAyOTg2MA==","repeats":1},{"count":984,"lower_bound":"LTE1MTEzMTc1NA==","upper_bound":"LTEzNDgwNzk0Mw==","repeats":1},{"count":992,"lower_bound":"LTEzNDQ4MzkwMw==","upper_bound":"LTExMTIyODMwMg==","repeats":1},{"count":1000,"lower_bound":"LTEwODM2MTc4Mw==","upper_bound":"LTEwMjYwNzg3OA==","repeats":1},{"count":1008,"lower_bound":"LTk5ODI1NzA4","upper_bound":"LTc2MjE5MTM3","repeats":1},{"count":1016,"lower_bound":"LTcyMjM4NTQ3","upper_bound":"LTU1MDgwNTky","repeats":1},{"count":1024,"lower_bound":"LTUzNzEyOTc5","upper_bound":"LTMxODI4NTY2","repeats":1},{"count":1032,"lower_bound":"LTI4NTkyNTQ5","upper_bound":"LTIyNjU1MDcy","repeats":1},{"count":1040,"lower_bound":"LTE5MDE5NTI5","upper_bound":"LTExMTI3MTA2","repeats":1},{"count":1048,"lower_bound":"LTU3NTUxMTQ=","upper_bound":"MzQwMzY4OQ==","repeats":1},{"count":1056,"lower_bound":"MTA2MTIxMzU=","upper_bound":"MjYxNTIwOTI=","repeats":1},{"count":1064,"lower_bound":"Mjg2NDc5MTY=","upper_bound":"MzY4MzI0NTA=","repeats":1},{"count":1072,"lower_bound":"NTM0MzcwMzY=","upper_bound":"NjA2NzQzNTU=","repeats":1},{"count":1080,"lower_bound":"MTAwNjIwNzQ5","upper_bound":"MTEyNDg5MDI0","repeats":1},{"count":1088,"lower_bound":"MTE3NDkyMDg2","upper_bound":"MTI0OTE0NTAz","repeats":1},{"count":1096,"lower_bound":"MTI2NjQ2Mzkw","upper_bound":"MTM1NjY2Mjg2","repeats":1},{"count":1104,"lower_bound":"MTQwNjQ3MDA4","upper_bound":"MTQ3MTg4NDA5","repeats":1},{"count":1112,"lower_bound":"MTQ5MzA2MjMz","upper_bound":"MTcyNTA0MTE5","repeats":1},{"count":1120,"lower_bound":"MTcyOTIxMTI0","upper_bound":"MTk2MDQ3NDc1","repeats":1},{"count":1128,"lower_bound":"MjA5NjY1Nzc2","upper_bound":"MjMwMzQyMDk0","repeats":1},{"count":1136,"lower_bound":"MjM2MTA1Njk5","upper_bound":"MjY0MjUyNTQ0","repeats":1},{"count":1144,"lower_bound":"MjY0ODk1MDc1","upper_bound":"Mjc1MTM1ODAw","repeats":1},{"count":1152,"lower_bound":"Mjc4NDU0ODA1","upper_bound":"MjkyMDUxODI5","repeats":1},{"count":1160,"lower_bound":"Mjk1NTU0OTgy","upper_bound":"Mjk5MDI5MjI2","repeats":1},{"count":1168,"lower_bound":"MzExOTUwNjEy","upper_bound":"MzE3NDE5NjEy","repeats":1},{"count":1176,"lower_bound":"MzE4MzMyNDgz","upper_bound":"MzM1NDEzNDY3","repeats":1},{"count":1184,"lower_bound":"MzU1NDQ1MzYy","upper_bound":"MzY1OTU0ODA3","repeats":1},{"count":1192,"lower_bound":"MzcwNjI1NzA5","upper_bound":"MzkwMDUwMTA0","repeats":1},{"count":1200,"lower_bound":"MzkyMjM3NTQz","upper_bound":"NDEyNDQ3ODE0","repeats":1},{"count":1208,"lower_bound":"NDI3MDU0Nzc4","upper_bound":"NDQxODg2MzUy","repeats":1},{"count":1216,"lower_bound":"NDQ1OTc1ODg3","upper_bound":"NDY0MzAzMjY0","repeats":1},{"count":1224,"lower_bound":"NDc2NzI1OTY1","upper_bound":"NDgzMDE0Njc1","repeats":1},{"count":1232,"lower_bound":"NDg2ODU2ODU0","upper_bound":"NDk0MDQ4NjQ5","repeats":1},{"count":1240,"lower_bound":"NDk5NzY3MDE1","upper_bound":"NTA3NjU3NTgy","repeats":1},{"count":1248,"lower_bound":"NTA4ODk0ODEy","upper_bound":"NTEyMDQzMjE0","repeats":1},{"count":1256,"lower_bound":"NTE1MjQyMDgw","upper_bound":"NTI0NjQ4MDM4","repeats":1},{"count":1264,"lower_bound":"NTM4MDI2Mjc3","upper_bound":"NTQ2MTc5NzQw","repeats":1},{"count":1272,"lower_bound":"NTUxODAyNzg1","upper_bound":"NTY1NTg5Nzc3","repeats":1},{"count":1280,"lower_bound":"NTY5MjQyODQ0","upper_bound":"NTczMTI1NTYy","repeats":1},{"count":1288,"lower_bound":"NTg2NTQ1MzE0","upper_bound":"NjEzMDg0MTcx","repeats":1},{"count":1296,"lower_bound":"NjE1NjU5MjMx","upper_bound":"NjIwMjA1ODEx","repeats":1},{"count":1304,"lower_bound":"NjI4Njc2NzUx","upper_bound":"NjMzNjU3MjEw","repeats":1},{"count":1312,"lower_bound":"NjM1ODI0NDQw","upper_bound":"NjM5NzE3NDI1","repeats":1},{"count":1320,"lower_bound":"NjQ5NjI2OTAy","upper_bound":"NjU0MjI5ODM5","repeats":1},{"count":1328,"lower_bound":"NjU2Mjk3OTM0","upper_bound":"NjczMzU3Mjk4","repeats":1},{"count":1336,"lower_bound":"Njg0MjkzNzU1","upper_bound":"NjkyOTEwNDI2","repeats":1},{"count":1344,"lower_bound":"Njk2NTE2NjM1","upper_bound":"NzAyMDI1MDU4","repeats":1},{"count":1352,"lower_bound":"NzAzNjU4OTIx","upper_bound":"NzExMzMzODQ3","repeats":1},{"count":1360,"lower_bound":"NzExMzg5NTI0","upper_bound":"NzM4MTMyOTU2","repeats":1},{"count":1368,"lower_bound":"NzM5MTgyODE2","upper_bound":"NzYyNTk0MjI4","repeats":1},{"count":1376,"lower_bound":"NzY0MDk0NjM3","upper_bound":"Nzc3NTUxNjEx","repeats":1},{"count":1384,"lower_bound":"Nzc5Nzk1OTUw","upper_bound":"NzkwMzk5NDM1","repeats":1},{"count":1392,"lower_bound":"NzkxMDY3NDE0","upper_bound":"ODAwOTU2MzA0","repeats":1},{"count":1400,"lower_bound":"ODA0Nzk4NjU2","upper_bound":"ODA2NzQwMDQz","repeats":1},{"count":1408,"lower_bound":"ODE0NTY0NTY0","upper_bound":"ODMwNDkyMDI3","repeats":1},{"count":1416,"lower_bound":"ODM0MzQ0NTA1","upper_bound":"ODQ0MzE4NjMx","repeats":1},{"count":1424,"lower_bound":"ODUxMTAyMTM2","upper_bound":"ODU5MjEzMzI1","repeats":1},{"count":1432,"lower_bound":"ODYwODU3NDE3","upper_bound":"ODc0NTIxMzk1","repeats":1},{"count":1440,"lower_bound":"ODc0Nzk3MDMy","upper_bound":"ODgyNDA4NjQz","repeats":1},{"count":1448,"lower_bound":"ODg0ODk4OTU5","upper_bound":"OTE0OTU3NzUy","repeats":1},{"count":1456,"lower_bound":"OTE5Nzg3NzEw","upper_bound":"OTMzNDQwOTY5","repeats":1},{"count":1464,"lower_bound":"OTQ5NjI2ODI3","upper_bound":"OTY0MTEwMTU0","repeats":1},{"count":1472,"lower_bound":"OTcyMjE1NDkz","upper_bound":"OTg0MzA5ODQ1","repeats":1},{"count":1480,"lower_bound":"OTg2MDQ1Mzcy","upper_bound":"OTk5Mzc4Njc3","repeats":1},{"count":1488,"lower_bound":"OTk5NzU5NzE4","upper_bound":"MTAxOTI4MzA4Mw==","repeats":1},{"count":1496,"lower_bound":"MTAyOTIwNzczNw==","upper_bound":"MTA0NDg5NzEyNA==","repeats":1},{"count":1504,"lower_bound":"MTA0NzIyNzQ1Mw==","upper_bound":"MTA3MDY2NTIwNw==","repeats":1},{"count":1512,"lower_bound":"MTA4Nzc3MTM5Ng==","upper_bound":"MTEwMDc5NzUzMg==","repeats":1},{"count":1520,"lower_bound":"MTEwMTMzNTM5Ng==","upper_bound":"MTExMjA4NzEzNA==","repeats":1},{"count":1528,"lower_bound":"MTExMjg1NTYyMw==","upper_bound":"MTExOTI1NjI1OQ==","repeats":1},{"count":1536,"lower_bound":"MTEyNzQ0NzQwMw==","upper_bound":"MTEyOTcyNDcwMQ==","repeats":1},{"count":1544,"lower_bound":"MTEzMDY5MjcyOA==","upper_bound":"MTEzNjgzMDMzOQ==","repeats":1},{"count":1552,"lower_bound":"MTE0MDQ0MTA2Ng==","upper_bound":"MTE1NTk3NDI0MQ==","repeats":1},{"count":1560,"lower_bound":"MTE1Njk5MzY5Mw==","upper_bound":"MTE3MTIyMTkyOA==","repeats":1},{"count":1568,"lower_bound":"MTE3NzExNDY3MQ==","upper_bound":"MTE5MTk2NjkzNw==","repeats":1},{"count":1576,"lower_bound":"MTIwMTQyNTE3NA==","upper_bound":"MTIxNDQ1OTUwMg==","repeats":1},{"count":1584,"lower_bound":"MTIxNDk3MDQ5NA==","upper_bound":"MTIzOTI2OTA4Mw==","repeats":1},{"count":1592,"lower_bound":"MTI0MTUzMjM5NA==","upper_bound":"MTI0NDg1NjU3NQ==","repeats":1},{"count":1600,"lower_bound":"MTI0NzI2NjY1MQ==","upper_bound":"MTI2MDUzOTc0NA==","repeats":1},{"count":1608,"lower_bound":"MTI2MjA4ODU3Mw==","upper_bound":"MTI3NzE5NTUwOA==","repeats":1},{"count":1616,"lower_bound":"MTI4NDUwNjA4OA==","upper_bound":"MTI5OTQxMTY3Ng==","repeats":1},{"count":1624,"lower_bound":"MTMwMTQ2NzM5OQ==","upper_bound":"MTMwNjMwOTEwMg==","repeats":1},{"count":1632,"lower_bound":"MTMwNjU2MDU5Mw==","upper_bound":"MTMxNTc2OTI1MQ==","repeats":1},{"count":1640,"lower_bound":"MTMxOTg0Njc2MQ==","upper_bound":"MTM0MDMyNTc1OA==","repeats":1},{"count":1648,"lower_bound":"MTM0Mjc5MzcwNg==","upper_bound":"MTM1MDEzMjk3MQ==","repeats":1},{"count":1656,"lower_bound":"MTM1NTI2MjAzNw==","upper_bound":"MTM2Mzk3NTUwNg==","repeats":1},{"count":1664,"lower_bound":"MTM2NDExODIyOA==","upper_bound":"MTM4MTM5ODk3Nw==","repeats":1},{"count":1672,"lower_bound":"MTM4MzQwMDAxNA==","upper_bound":"MTM4NTExNzUzOQ==","repeats":1},{"count":1680,"lower_bound":"MTM5NzQyMTIyNg==","upper_bound":"MTQyMjU2MDY4OQ==","repeats":1},{"count":1688,"lower_bound":"MTQzMDcxMDQyNg==","upper_bound":"MTQzNzY0OTk5OA==","repeats":1},{"count":1696,"lower_bound":"MTQzOTEwNjI0Ng==","upper_bound":"MTQ0OTU3OTcxOA==","repeats":1},{"count":1704,"lower_bound":"MTQ1MzYyOTcxMw==","upper_bound":"MTQ2NDAyMjUxNw==","repeats":1},{"count":1712,"lower_bound":"MTQ4MzgzNjY5MA==","upper_bound":"MTUxMTc1MTYxNA==","repeats":1},{"count":1720,"lower_bound":"MTUxMzYwODczMg==","upper_bound":"MTUyNzYyOTk2MQ==","repeats":1},{"count":1728,"lower_bound":"MTUzNTQ4ODczMQ==","upper_bound":"MTU0ODMwNTUyNg==","repeats":1},{"count":1736,"lower_bound":"MTU0OTYxNDI4NA==","upper_bound":"MTU1MTc1MjI2OQ==","repeats":1},{"count":1744,"lower_bound":"MTU1NDgwNDg1Mg==","upper_bound":"MTU2NjU4NzU3MA==","repeats":1},{"count":1752,"lower_bound":"MTU3MzQ0OTI1MQ==","upper_bound":"MTU3ODkyMjE1Ng==","repeats":1},{"count":1760,"lower_bound":"MTU4NjM4MTU5OA==","upper_bound":"MTYxODM3OTcxNA==","repeats":1},{"count":1768,"lower_bound":"MTYyMzc4NTAxMA==","upper_bound":"MTYzMzg2NjM1Nw==","repeats":1},{"count":1776,"lower_bound":"MTYzOTU2NDA0MQ==","upper_bound":"MTY1MzM0NjU1OQ==","repeats":1},{"count":1784,"lower_bound":"MTY1MzU2NDk0MA==","upper_bound":"MTY2NjU4MjUyMA==","repeats":1},{"count":1792,"lower_bound":"MTY3NzM5MzIwNg==","upper_bound":"MTcwNDMxNjU2Nw==","repeats":1},{"count":1800,"lower_bound":"MTcwNTUzNzYyMw==","upper_bound":"MTcwOTkxMTcwNw==","repeats":1},{"count":1808,"lower_bound":"MTcxNDMxMTI3Mg==","upper_bound":"MTcxOTA1OTkzMA==","repeats":1},{"count":1816,"lower_bound":"MTcyNzk5NjEwOQ==","upper_bound":"MTc0NTc5NDI4OA==","repeats":1},{"count":1824,"lower_bound":"MTc1MDA3NDcwNg==","upper_bound":"MTc3MTk1NDkzNQ==","repeats":1},{"count":1832,"lower_bound":"MTc3Mzc2NTU0MA==","upper_bound":"MTc3ODY0NjY2NQ==","repeats":1},{"count":1840,"lower_bound":"MTc5MzkyNTk5MA==","upper_bound":"MTgwMjgyNzQ0OQ==","repeats":1},{"count":1848,"lower_bound":"MTgwNTc0MjYwNg==","upper_bound":"MTgxMzM4ODYxNA==","repeats":1},{"count":1856,"lower_bound":"MTgxMzgwMDIxNA==","upper_bound":"MTgyMDkxODA3OQ==","repeats":1},{"count":1864,"lower_bound":"MTgyMTYwNzM2NA==","upper_bound":"MTg1MjIyMDgyNQ==","repeats":1},{"count":1872,"lower_bound":"MTg1NDQyNTMzMQ==","upper_bound":"MTg1ODUzMDY4Nw==","repeats":1},{"count":1880,"lower_bound":"MTg2MDMzODEwNg==","upper_bound":"MTg3MzQ3MTQ3OA==","repeats":1},{"count":1888,"lower_bound":"MTg3NTMyNjYzNA==","upper_bound":"MTg5MDk2NjcyOQ==","repeats":1},{"count":1896,"lower_bound":"MTg5MTI0NDUyMg==","upper_bound":"MTkwODU2NDAyNA==","repeats":1},{"count":1904,"lower_bound":"MTkwOTgxMDY3OA==","upper_bound":"MTkxOTM4NTM3Mw==","repeats":1},{"count":1912,"lower_bound":"MTkyNDIzODUwMA==","upper_bound":"MTk1MjAzNDExNw==","repeats":1},{"count":1920,"lower_bound":"MTk1NzI0NTE3MA==","upper_bound":"MTk2NTU0Nzg2NQ==","repeats":1},{"count":1928,"lower_bound":"MTk2ODYyMzY2Nw==","upper_bound":"MTk3NjIyMjA0OA==","repeats":1},{"count":1936,"lower_bound":"MTk3NzYxODc5NA==","upper_bound":"MTk5NzczMzk2MA==","repeats":1},{"count":1944,"lower_bound":"MTk5ODY4OTY1NQ==","upper_bound":"MjAyNzEyODA3MQ==","repeats":1},{"count":1952,"lower_bound":"MjAyODAyMDQ2MA==","upper_bound":"MjA2MjMzMDA0Mw==","repeats":1},{"count":1960,"lower_bound":"MjA2MjQ1MzU2MQ==","upper_bound":"MjA3MzA4NjkzNA==","repeats":1},{"count":1968,"lower_bound":"MjA3NjQ3NDk0OQ==","upper_bound":"MjA4NjczNTQ5Mg==","repeats":1},{"count":1976,"lower_bound":"MjA5MDczMjI5Nw==","upper_bound":"MjA5MzgzNzMyMA==","repeats":1},{"count":1984,"lower_bound":"MjA5OTIyMjI3MQ==","upper_bound":"MjExNzQ2MDYzMg==","repeats":1},{"count":1992,"lower_bound":"MjEyNjczMDc4OQ==","upper_bound":"MjEzNzQxNzk3OQ==","repeats":1},{"count":2000,"lower_bound":"MjEzNzkyMzkzOA==","upper_bound":"MjE0MjI0ODc4NA==","repeats":1}]},"cm_sketch":{"rows":[{"counters":[1,4,4,1,1,0,1,2,0,0,1,3,3,0,2,2,0,0,3,2,1,3,1,2,2,2,0,1,1,2,1,2,1,0,0,0,0,1,0,1,0,0,4,0,0,1,0,2,1,1,0,2,3,0,1,1,1,0,0,0,0,0,0,0,1,1,1,1,0,0,0,2,0,2,1,0,1,1,1,0,1,1,1,1,1,1,1,1,2,2,0,0,2,0,2,1,1,2,1,0,1,0,2,0,2,1,1,0,2,4,1,0,1,0,3,1,2,0,1,0,2,2,0,0,0,1,1,0,2,0,0,2,3,2,0,0,0,1,0,1,2,1,0,0,2,4,0,0,0,1,4,1,1,2,1,0,0,2,1,0,1,1,3,1,2,1,0,1,1,3,0,1,1,2,0,1,0,0,1,0,1,1,1,0,0,0,1,0,1,2,1,1,3,2,1,0,1,0,3,0,0,1,0,1,1,1,0,1,1,0,0,2,0,2,3,3,0,0,0,0,3,2,1,1,0,1,0,2,0,1,0,1,1,2,2,1,2,0,2,1,1,0,1,2,1,1,1,1,0,2,0,0,1,1,2,1,2,0,1,0,1,2,1,1,0,0,2,0,1,0,0,1,2,0,3,1,2,2,1,1,1,3,0,1,1,1,1,1,1,0,0,2,1,2,0,1,0,2,0,1,2,1,0,2,1,1,3,2,1,0,1,0,0,0,2,0,1,0,0,2,1,0,0,1,1,2,1,2,0,1,0,1,1,0,1,3,1,0,1,1,0,1,2,4,1,0,0,1,5,0,1,1,2,0,1,1,2,1,2,2,2,2,2,0,0,2,1,0,1,3,0,1,3,1,0,1,1,2,1,2,0,1,1,1,0,1,1,0,0,1,2,2,1,1,1,0,1,1,0,1,2,0,0,0,1,1,0,2,1,0,0,1,1,1,0,1,0,2,2,1,0,0,1,0,0,1,0,3,0,1,0,0,1,0,0,0,0,0,1,1,1,0,0,2,0,0,3,0,1,0,0,2,0,2,1,2,0,2,1,0,1,0,2,1,0,2,2,1,1,3,0,1,2,1,1,0,3,0,1,0,0,2,1,2,0,1,3,1,3,5,1,0,0,0,2,1,1,1,2,3,0,0,0,3,0,3,1,1,0,0,2,2,3,1,0,0,1,0,1,2,2,1,0,1,1,1,2,1,0,1,0,1,2,5,2,2,1,0,1,0,0,0,0,0,2,1,1,1,0,0,0,2,2,0,1,0,1,2,0,1,3,0,0,1,0,2,0,0,1,1,1,0,2,1,0,1,3,1,1,1,0,1,1,1,0,1,1,2,0,2,3,0,2,0,0,4,2,0,2,3,2,1,2,1,1,1,2,3,0,0,1,3,4,2,1,0,2,1,2,1,0,2,1,1,3,1,1,3,1,0,0,5,0,2,0,3,0,2,0,0,0,1,1,0,1,5,0,0,0,0,1,1,0,0,2,0,0,1,0,0,0,2,1,1,0,0,2,0,3,1,0,1,0,1,1,1,0,0,2,0,1,1,0,0,1,3,0,1,1,1,1,0,0,3,2,3,2,0,1,0,1,2,2,2,1,0,0,0,0,0,1,1,1,1,1,0,1,1,1,1,0,0,0,2,1,3,1,0,3,1,1,2,2,0,1,2,0,0,0,3,0,1,0,1,3,1,0,1,1,1,1,5,0,2,1,4,1,1,0,0,1,3,2,0,0,3,0,3,0,1,2,3,2,1,0,1,1,0,1,1,2,2,1,1,1,1,1,1,2,2,0,1,2,1,2,0,1,0,1,2,1,1,1,1,0,1,0,1,0,0,0,1,0,0,1,1,0,1,3,0,0,1,1,1,1,0,2,2,0,0,1,2,2,2,5,0,1,1,2,1,2,1,0,0,2,2,1,1,1,1,0,0,0,1,1,1,0,0,0,1,1,1,1,0,1,1,2,1,0,0,2,2,1,1,4,0,2,0,1,0,0,0,1,3,1,0,2,1,2,0,1,2,1,1,2,2,1,0,2,0,1,1,1,4,2,0,1,1,1,3,0,1,1,0,0,1,1,1,0,2,1,0,2,1,0,2,2,3,1,0,1,0,0,0,0,0,1,0,3,0,0,1,3,0,1,0,0,0,3,0,0,0,0,2,1,1,2,2,0,1,0,0,3,1,0,0,1,1,0,1,1,0,1,2,0,1,0,0,1,3,1,0,0,0,0,0,1,1,2,2,2,1,1,0,1,1,1,1,2,1,0,1,0,0,1,1,2,1,3,1,1,1,2,1,1,1,2,0,1,1,0,3,0,1,2,1,2,1,1,0,2,2,0,0,0,4,2,0,0,3,1,0,1,1,1,1,2,2,0,1,0,0,0,2,2,0,0,2,0,0,0,1,6,0,2,3,3,1,2,0,1,3,1,0,1,0,0,2,0,0,0,0,0,1,1,0,0,0,1,0,1,3,2,1,1,1,2,1,0,1,2,1,0,0,0,1,2,3,0,0,0,0,1,1,0,1,1,0,1,1,1,1,0,1,1,1,1,0,0,2,0,2,0,2,0,2,0,2,1,1,1,0,2,0,3,0,1,1,2,0,1,0,2,1,2,1,0,0,0,0,0,1,2,1,0,2,1,0,0,0,1,2,0,1,1,3,2,0,2,1,3,1,0,0,4,0,2,0,0,0,2,1,0,2,1,1,0,1,2,0,1,2,2,2,1,0,0,0,3,0,0,1,3,0,0,3,0,0,0,0,1,2,0,1,0,0,4,1,1,1,2,1,3,0,1,1,0,0,1,3,1,2,1,1,2,1,0,0,0,0,0,0,2,1,0,2,1,1,1,1,1,2,1,1,0,1,2,1,0,1,0,2,0,0,1,4,1,0,2,2,0,1,2,1,2,0,1,3,3,0,2,1,0,1,2,1,1,0,1,0,0,1,1,0,1,0,0,2,0,1,2,1,1,0,1,0,1,0,0,2,0,0,1,1,0,0,1,0,2,1,0,2,2,1,0,1,1,1,1,0,1,0,2,2,2,2,1,4,1,0,2,1,0,0,0,0,2,1,1,0,0,1,0,0,3,1,1,2,0,1,0,1,1,2,1,1,0,0,0,0,0,0,0,0,1,1,0,1,2,0,1,1,0,3,1,0,3,0,0,3,1,1,1,1,0,0,2,2,0,0,1,0,3,0,0,3,1,0,0,0,1,1,1,1,0,2,1,0,0,0,1,3,0,1,0,1,0,0,4,1,1,1,0,0,0,1,2,0,1,2,1,1,0,0,0,2,0,2,2,1,0,0,1,0,0,3,2,2,0,1,1,0,0,1,1,0,2,0,0,2,0,0,0,2,0,3,0,0,0,2,0,1,0,1,1,2,1,1,3,2,1,0,0,0,0,1,1,2,3,2,1,1,0,0,1,1,1,1,2,1,1,0,0,1,0,1,1,1,2,1,1,0,2,0,0,0,0,0,3,0,0,2,1,1,1,0,1,1,0,0,0,2,0,0,3,2,1,1,2,2,0,2,0,0,0,0,0,0,2,2,1,1,2,0,3,1,0,1,3,0,0,0,1,0,0,0,3,0,0,1,1,4,0,1,1,1,0,0,2,0,1,2,0,0,0,1,1,0,1,0,1,0,0,0,0,0,4,1,0,0,0,2,1,3,0,1,0,2,0,4,2,3,0,1,1,0,1,1,0,1,1,0,1,0,0,0,0,2,1,2,2,0,1,1,1,3,0,3,0,1,0,1,0,1,2,1,1,1,3,0,3,1,0,0,1,1,0,1,2,2,0,1,0,1,0,1,3,1,2,2,1,0,1,0,1,1,1,0,1,2,2,2,0,2,2,0,3,0,3,1,2,1,2,2,1,2,1,3,1,5,0,1,6,0,1,0,2,1,1,3,2,1,0,1,1,0,0,3,0,1,1,1,1,1,0,1,1,2,2,0,1,1,1,1,0,1,3,1,2,0,1,0,2,1,0,3,2,1,1,1,2,2,1,0,0,0,2,2,0,0,0,0,0,1,1,1,0,1,1,1,1,1,0,1,0,0,1,2,0,0,0,1,1,0,1,2,2,0,0,1,0,0,2,0,1,2,0,2,1,0,0,0,2,0,0,3,1,1,2,2,2,1,0,2,1,0,0,1,1,1,4,0,1,0,1,2,1,1,2,1,0,0,0,1,0,0,0,2,1,1,0,0,1,0,0,1,0,0,0,0,1,1,0,0,1,1,0,0,3,0,0,0,2,1,0,2,0,1,1,1,1,1,1,3,0,2,0,1,0,2,1,1,3,0,2,3,1,1,0,2,1,3,1,2,0,0,3,0,0,1,0,1,0,1,1,2,1,0,2,0,2,1,0,3,2,4,0,0,2,1,3,1,1,0,2,1,3,0,1,1,1,1,2,1,2,0,1,0,0,0,1,1,1,0,0,1,1,1,0,3,0,0,1,3,1,2,1,1,0,2,1,0,0,1,1,1,0,0,2,0,1,0,0,2,3,0,2,0,1,1,1,1,1,2,1,2,0,0,1,3,3,3,0,2,1,1,2,4,1,0,0,0,0,2,1,2,1,1,0,1,3,1,0,1,1,2,0,0,1,1,0,2,0,1,4,0,1,0]},{"counters":[0,1,2,0,0,1,4,1,0,1,1,0,0,0,2,0,1,1,1,0,0,1,1,1,1,1,0,1,2,0,3,0,2,2,3,2,1,2,0,2,2,1,1,3,2,2,1,0,4,0,1,1,1,0,2,0,0,1,0,1,1,3,0,1,2,2,1,0,1,0,0,2,2,3,0,1,2,2,1,1,1,0,3,2,1,1,1,1,0,0,0,2,1,1,3,1,1,0,2,2,1,2,1,1,2,0,1,1,0,0,2,0,1,2,2,0,0,0,2,1,1,1,0,2,0,1,1,1,0,1,0,2,1,0,3,1,1,0,0,0,1,0,4,0,0,1,3,0,0,0,1,1,2,3,0,1,0,2,2,0,1,0,1,1,1,0,2,0,2,1,1,3,3,1,0,2,1,3,0,1,1,1,0,1,0,1,1,0,1,0,0,0,0,1,1,0,0,0,0,3,0,0,1,1,1,2,1,1,2,0,0,0,1,0,0,2,0,2,1,0,1,1,1,1,0,1,1,2,1,2,3,1,1,0,3,1,0,1,2,1,0,0,1,2,0,2,0,0,0,2,0,0,1,0,1,0,3,2,0,1,2,0,0,1,0,0,0,1,2,2,0,0,1,1,2,0,1,1,1,1,1,3,1,0,2,3,1,0,0,0,0,1,1,1,1,0,1,0,2,0,0,1,2,0,0,1,2,1,1,1,1,2,2,1,3,2,0,1,0,2,1,0,1,0,0,0,0,0,0,2,5,4,0,2,3,0,1,1,1,1,1,1,2,1,2,0,1,0,1,0,2,0,0,1,1,2,1,2,2,0,0,1,1,1,2,1,2,2,1,1,1,2,1,1,2,2,2,0,1,1,1,1,2,2,0,1,1,2,0,0,1,1,2,1,2,0,2,3,1,0,1,0,1,2,0,0,0,3,1,1,0,2,0,1,1,2,0,0,2,1,1,2,0,1,1,1,1,0,2,1,3,1,1,0,0,3,2,0,0,1,0,1,2,0,2,2,0,3,0,0,1,1,1,1,1,0,0,1,0,2,2,2,0,2,1,0,0,2,1,0,0,0,1,1,3,0,1,1,1,1,1,1,0,1,4,0,0,2,1,2,1,1,2,0,0,0,1,2,0,1,0,0,0,1,2,1,0,1,0,0,2,2,1,0,1,0,2,2,3,2,0,0,1,0,0,3,1,1,0,3,0,1,0,2,2,1,0,5,0,2,3,0,0,0,3,0,0,4,0,0,0,0,2,4,2,0,1,2,1,1,0,1,0,4,0,0,1,1,1,1,2,0,1,1,1,2,1,1,0,0,2,2,1,0,0,2,0,3,1,0,0,0,1,1,0,0,0,0,3,1,0,0,1,0,1,1,0,1,2,1,0,0,1,1,1,4,0,1,0,0,0,1,0,0,1,3,5,0,2,0,1,1,1,0,1,1,0,2,2,2,0,0,1,2,0,2,1,2,0,0,0,1,0,1,1,1,1,3,2,0,2,1,0,0,2,0,2,1,0,0,1,1,1,1,0,1,1,1,2,3,0,2,0,0,1,1,0,0,1,1,0,2,2,3,3,2,1,0,1,0,1,0,0,0,3,1,0,3,1,3,0,0,1,0,1,2,0,3,0,0,2,0,0,3,1,1,0,3,0,1,0,2,0,3,2,1,1,0,2,1,3,2,1,0,1,0,0,1,0,0,1,1,1,0,1,1,0,2,0,3,0,0,1,0,0,3,1,0,0,1,0,1,1,1,0,1,2,0,0,0,1,0,1,0,3,0,0,1,1,0,1,0,1,0,1,2,0,0,2,0,1,2,1,3,2,1,0,0,1,2,1,0,1,0,0,0,0,4,1,2,1,2,0,1,0,1,2,1,2,1,1,1,0,1,1,1,2,0,1,1,0,0,3,1,0,0,0,3,3,0,1,2,2,0,2,0,2,3,2,3,0,0,0,0,2,2,2,4,1,0,2,2,0,1,1,2,2,0,3,0,2,1,2,0,0,2,1,0,1,3,2,1,1,0,0,1,3,2,1,3,0,4,0,2,0,0,1,0,0,3,0,1,2,1,0,2,0,0,0,0,0,1,1,1,0,2,1,1,0,1,0,1,2,0,0,0,1,0,1,2,0,1,1,1,0,0,0,2,2,3,3,3,1,0,1,1,1,1,0,2,0,0,2,0,3,1,1,0,1,2,1,2,3,0,0,1,4,0,2,2,0,3,1,1,0,2,2,1,2,1,2,1,0,1,0,4,1,0,0,3,0,0,1,1,1,1,1,2,0,1,0,1,0,0,1,0,0,2,0,3,1,0,1,1,1,1,1,2,0,1,0,0,1,3,0,0,2,1,0,0,1,1,0,2,0,3,0,2,3,1,1,4,0,4,1,3,0,0,3,0,2,0,2,1,0,3,1,0,1,0,1,4,3,3,0,0,0,0,1,0,1,0,1,0,2,1,2,2,2,2,2,1,0,0,1,2,1,3,0,0,0,2,0,0,3,1,1,0,0,3,0,2,0,0,1,1,1,1,1,2,0,0,1,0,0,0,0,0,1,0,1,1,0,2,1,2,0,0,2,2,0,1,0,2,0,1,2,2,1,1,1,1,1,1,1,0,2,0,1,1,1,1,2,1,1,3,0,0,1,0,1,2,3,0,0,0,1,0,0,0,1,0,1,0,1,0,0,1,0,0,0,2,1,1,1,0,1,0,1,0,0,1,3,0,1,0,1,0,1,0,0,0,0,0,0,1,1,1,1,0,1,0,3,0,1,0,1,1,1,3,0,1,0,1,1,1,0,2,0,2,1,0,1,0,0,1,4,2,0,0,4,1,2,0,1,1,1,1,1,1,1,0,0,1,1,1,1,2,0,2,2,1,1,0,1,1,1,0,1,1,1,1,0,0,2,0,0,1,1,0,0,1,0,1,0,0,2,1,1,1,0,2,0,3,0,0,2,1,1,1,3,2,0,1,0,0,0,2,2,0,0,3,1,0,0,1,0,4,0,0,0,0,1,2,3,2,0,0,2,1,0,1,1,1,0,0,0,2,1,0,0,1,0,2,1,1,2,1,1,1,1,1,0,1,0,0,1,1,1,0,3,0,1,1,2,0,0,1,0,0,2,1,1,0,1,2,0,1,2,0,3,0,2,2,0,2,3,1,2,2,0,2,3,1,2,3,2,0,0,1,0,3,2,0,1,1,1,0,1,0,1,0,1,2,3,4,3,1,2,1,2,2,3,2,0,1,4,0,2,1,1,2,0,0,0,4,2,1,0,2,0,2,4,0,1,0,1,3,2,1,3,1,1,1,2,1,0,0,0,0,3,0,2,0,1,1,1,1,2,1,0,2,2,0,3,2,1,2,2,3,0,1,1,0,2,0,2,1,1,0,0,1,0,0,0,2,1,1,1,2,0,0,0,2,0,1,0,1,2,2,2,0,0,0,1,1,0,2,0,2,1,1,0,0,2,0,1,0,3,0,0,2,0,2,6,2,2,1,0,0,1,2,1,0,0,0,1,1,1,0,2,0,1,1,1,1,1,1,3,2,0,1,1,0,1,1,1,0,1,1,0,0,0,1,2,1,0,1,1,0,0,1,0,0,0,0,2,0,0,2,0,0,1,2,3,1,0,1,1,1,0,0,1,1,1,1,1,0,1,1,0,1,0,1,2,0,2,2,0,2,1,0,4,0,0,0,2,0,2,2,0,2,2,0,1,1,1,0,0,0,1,3,0,1,1,0,2,0,0,1,0,2,3,1,0,1,1,0,1,0,0,2,1,1,2,1,1,2,1,0,0,1,2,0,0,2,2,0,2,1,0,0,1,1,0,0,0,0,0,0,0,2,1,0,0,0,4,1,0,2,1,2,1,0,0,1,0,1,0,1,2,0,2,2,0,0,3,0,2,1,1,0,1,0,1,3,0,1,1,0,0,0,1,1,0,0,0,1,2,1,0,2,1,1,2,1,0,0,0,1,1,0,1,3,0,2,3,1,0,0,5,1,0,2,0,0,0,4,0,1,0,0,3,2,0,1,2,1,0,1,2,2,2,1,1,1,0,1,2,3,0,0,0,0,2,3,2,2,1,2,1,1,1,0,2,0,1,3,1,2,0,1,1,2,1,1,1,0,3,2,1,1,2,0,0,0,2,1,1,1,1,0,1,0,0,1,1,1,0,2,1,2,1,0,0,1,1,1,0,1,1,2,1,1,1,2,0,0,1,1,0,0,2,0,1,0,0,0,0,0,0,0,2,0,1,1,1,2,1,1,0,1,1,0,0,2,1,1,0,2,3,2,2,0,0,1,3,1,5,0,1,1,1,1,1,0,0,1,0,1,0,1,0,1,1,1,0,2,1,1,1,2,0,0,1,1,1,0,1,0,0,0,0,2,0,0,2,1,2,1,3,0,2,0,0,3,0,0,0,0,1,0,1,1,0,1,0,0,1,2,1,0,1,0,0,0,0,3,0,2,0,0,1,0,1,0,3,3,2,1,2,1,1,0,2,2,1,1,2,0,2,0,4,1,2,1,2,2,1,1,1,0,5,2,0,1,2,1,0,0,1,0,1,0,1,1,1,1,0,1,0,1,0,0,1,0,1,0,0,1,1,1,1,1,1,3,0,1]},{"counters":[1,1,3,0,1,0,0,0,0,0,2,0,0,2,1,2,1,1,0,1,1,2,0,3,1,2,1,1,1,3,0,0,1,1,1,3,0,3,1,0,1,0,1,0,2,1,2,1,1,0,0,0,0,1,1,0,2,0,2,0,2,2,0,0,3,1,0,2,0,0,1,1,1,0,3,2,1,0,1,0,2,0,3,2,1,0,2,1,0,1,0,2,0,1,1,2,2,2,1,1,2,1,0,1,0,1,1,1,1,1,0,0,0,0,1,1,1,2,0,2,0,0,4,0,0,1,1,2,1,2,0,1,1,2,0,1,0,2,1,1,0,4,0,0,0,4,0,0,2,1,1,2,2,0,1,0,0,1,1,0,0,0,2,0,1,0,2,2,1,1,1,0,0,0,0,1,0,1,1,0,2,2,1,1,0,3,0,0,1,0,2,1,2,1,2,2,1,3,4,1,0,4,1,2,2,1,2,1,0,4,0,0,1,0,2,2,1,0,2,2,0,0,1,2,1,0,0,1,0,0,0,0,3,1,1,0,1,1,1,0,1,4,1,3,0,1,0,1,2,1,3,2,2,2,0,0,1,0,1,1,1,0,1,0,1,0,0,1,0,1,0,1,1,1,0,0,1,0,0,0,0,0,2,3,1,2,0,0,0,1,2,1,2,3,2,2,3,0,3,0,0,2,0,2,1,0,0,1,0,0,0,1,1,1,2,0,0,1,0,0,0,0,0,1,1,1,1,3,0,2,0,0,1,0,1,0,1,4,1,0,1,1,1,3,0,0,2,1,0,0,1,1,3,1,1,1,0,0,4,1,1,2,0,2,0,1,0,0,0,2,1,0,2,2,2,2,1,2,1,1,3,0,0,0,1,1,1,2,1,1,0,1,1,2,2,2,0,1,0,1,3,2,1,1,0,1,1,2,0,1,1,0,2,1,2,0,1,1,1,1,2,0,2,1,1,1,0,0,4,0,0,0,1,1,1,0,2,2,2,1,3,1,0,2,2,1,0,0,1,1,1,0,2,0,1,0,0,0,1,0,0,1,2,1,0,1,0,2,1,1,1,1,0,0,1,1,1,0,2,1,2,1,0,1,0,1,1,0,1,0,2,0,2,0,2,0,0,0,1,1,0,2,4,0,0,1,1,1,0,0,3,1,0,0,0,2,0,0,1,1,3,1,2,1,1,0,1,0,1,0,2,1,0,2,2,3,3,0,2,2,4,1,1,2,0,0,2,1,3,0,0,1,2,0,1,0,1,2,1,1,0,2,2,0,2,3,1,0,2,2,2,1,0,0,0,0,1,1,1,2,0,1,2,0,1,1,1,1,0,1,0,1,0,1,0,2,4,2,1,0,1,0,2,1,3,1,1,1,1,0,0,2,2,4,4,0,0,1,0,0,0,1,2,2,0,0,1,1,2,0,0,2,0,2,2,1,2,2,0,2,3,0,0,0,0,1,2,0,0,1,0,0,1,1,0,1,0,2,0,3,0,0,0,0,2,2,0,1,0,2,2,2,0,2,5,3,0,2,0,1,1,0,1,0,2,1,1,0,1,1,1,1,1,0,3,1,1,0,3,0,1,0,0,1,1,0,1,2,4,0,1,2,0,2,1,0,2,0,0,1,2,1,0,2,1,0,1,0,0,4,1,1,1,1,0,1,0,2,1,1,2,0,1,0,1,1,1,0,3,0,1,1,5,2,1,0,1,0,1,0,1,2,0,1,2,0,0,1,0,0,2,2,1,0,0,3,1,1,1,3,2,1,0,1,2,0,0,0,1,3,1,0,1,1,1,0,0,1,2,1,2,3,0,0,0,3,0,0,0,2,0,1,1,0,0,1,3,1,0,2,2,1,0,3,2,0,1,0,1,1,0,0,1,2,1,0,3,2,0,2,0,1,0,1,0,1,1,1,1,0,1,1,1,0,0,2,2,0,0,0,1,1,1,2,1,1,0,1,0,0,0,0,2,1,1,2,0,0,2,2,0,0,0,0,0,0,3,2,0,1,3,0,0,1,0,0,0,2,2,1,0,1,0,1,1,1,1,1,0,1,1,2,0,0,3,2,1,0,1,1,1,1,2,1,0,1,1,0,1,2,1,1,0,0,2,3,1,0,1,3,0,2,1,1,2,0,1,0,2,2,1,1,3,0,1,0,0,1,1,0,0,1,1,2,1,0,1,0,1,2,0,0,1,1,1,3,3,4,2,0,0,2,2,1,0,1,2,1,0,1,0,1,1,1,1,3,0,2,3,1,1,0,0,0,0,0,0,1,0,2,0,1,1,0,1,0,0,0,0,0,2,1,0,0,1,1,2,2,0,0,3,0,0,0,1,2,0,1,0,1,0,0,1,2,1,0,1,0,0,1,0,0,3,0,0,1,1,0,2,1,2,0,2,3,2,2,3,2,2,2,1,0,1,1,0,5,2,0,1,1,2,2,0,0,2,3,2,0,3,0,2,2,1,1,1,2,0,1,1,3,0,1,0,0,0,0,1,1,3,1,0,4,1,0,1,1,2,1,1,0,0,0,2,0,2,1,1,1,0,1,1,0,0,0,2,2,2,2,1,0,0,1,0,1,3,0,1,2,0,1,0,2,1,0,3,2,1,0,0,1,0,0,0,1,1,0,1,0,1,1,1,0,1,1,1,1,0,1,2,0,1,0,1,0,0,2,0,1,0,0,1,0,0,0,0,1,0,1,0,2,0,0,2,4,1,2,0,0,0,1,0,0,0,0,1,0,0,3,0,3,1,1,1,1,1,1,0,3,1,1,1,0,2,0,2,4,0,1,1,0,1,2,0,0,1,1,1,1,3,1,0,3,0,1,1,1,0,1,0,1,1,1,2,1,0,2,1,1,2,0,0,2,0,0,0,0,0,1,4,1,2,1,1,0,1,2,0,1,2,1,2,1,0,1,0,1,0,1,1,4,1,0,2,1,2,0,2,2,1,1,1,0,1,1,2,2,1,1,3,1,0,0,1,2,0,5,2,0,1,0,1,3,1,1,0,1,0,0,2,1,0,0,2,3,0,4,0,1,0,1,1,1,2,0,2,0,1,2,0,4,3,1,4,4,0,2,1,0,0,1,0,1,1,0,0,1,2,0,2,1,0,1,1,1,0,1,1,1,2,0,1,0,0,0,2,1,2,0,0,0,0,2,2,0,0,1,2,1,3,0,1,0,0,0,1,0,1,4,0,1,1,1,1,1,1,0,0,1,1,2,1,0,1,1,2,1,0,4,1,1,0,2,0,3,0,1,1,1,0,0,2,1,0,1,1,1,0,1,1,1,0,2,0,1,2,1,1,1,1,0,0,1,2,1,0,0,1,0,0,1,1,0,0,0,3,2,1,0,0,2,0,0,0,0,1,3,2,0,1,1,0,2,1,1,3,2,3,3,0,2,0,0,1,1,1,2,1,0,0,0,1,1,1,1,0,1,2,1,0,0,1,1,0,3,0,1,2,1,0,2,0,1,1,0,0,1,0,1,1,1,3,2,1,1,2,1,1,0,1,1,0,0,2,1,0,1,0,1,0,1,1,0,1,1,1,4,3,1,1,3,0,1,2,1,0,0,1,2,2,0,1,0,2,1,0,0,2,1,1,2,3,0,2,0,2,1,0,0,1,2,1,1,0,0,1,1,2,1,3,0,1,3,1,0,1,2,0,1,2,3,1,1,3,0,1,1,1,1,0,0,0,0,0,1,1,3,0,0,0,0,1,1,0,1,0,1,2,1,0,0,0,0,1,2,4,0,1,0,2,1,2,1,0,0,2,1,2,0,0,1,0,0,1,0,2,1,1,1,1,0,0,0,0,0,2,1,0,3,0,2,1,1,2,2,1,0,2,1,0,2,1,2,2,1,1,0,5,1,2,1,0,1,2,2,0,0,2,2,2,1,0,0,0,0,0,2,0,2,1,1,2,2,2,1,1,1,0,1,1,1,0,1,2,0,0,0,1,0,0,3,2,2,3,1,0,0,1,3,3,0,0,0,0,0,1,5,1,3,1,0,1,1,0,0,0,2,0,3,2,1,0,2,0,0,0,0,0,1,1,3,2,2,0,0,0,1,4,1,1,3,1,2,0,2,0,0,0,0,0,2,3,0,2,0,2,1,2,1,1,1,0,1,1,1,0,2,1,2,1,2,1,2,2,0,1,1,2,1,1,2,1,1,2,2,1,1,1,0,2,0,0,1,2,1,0,0,0,0,1,2,1,1,0,1,1,1,0,1,1,0,1,3,2,0,0,1,1,1,0,1,1,1,0,1,0,0,0,1,1,1,0,2,0,2,0,3,1,0,3,0,2,0,1,1,0,1,1,1,0,1,2,0,1,0,2,1,0,0,0,4,0,1,2,2,2,1,0,1,1,1,3,2,1,2,1,0,1,1,0,0,2,1,0,0,0,2,1,0,1,0,1,2,0,1,2,0,0,3,2,3,1,0,2,2,0,1,2,2,2,1,0,1,2,1,0,1,3,2,1,1,0,0,0,4,0,0,0,0,0,1,1,1,0,0,1,1,1,1,2,2,2,0,2,0,1,3,0,0,0,0,3,0,0,1,0,1,0,1,0,2,0,0,1,0,2,1,0,1,0,2,1,0,0,2,2,0,1,0]},{"counters":[3,1,0,2,0,1,2,0,1,0,1,1,2,0,0,3,0,1,2,2,2,0,1,2,2,0,1,0,0,1,2,0,0,0,0,1,0,1,0,2,1,0,2,1,0,0,1,0,1,2,0,1,0,2,1,1,0,1,2,1,1,1,0,1,1,1,0,2,3,2,1,1,1,1,1,0,1,1,1,0,2,2,1,0,0,0,1,2,0,3,0,1,3,0,1,1,1,2,1,1,1,0,1,0,1,2,1,0,0,1,0,1,0,1,2,0,1,0,0,1,1,1,2,2,0,2,0,1,3,1,1,1,0,0,2,0,0,2,5,0,0,0,0,1,3,2,2,1,0,1,1,0,0,2,1,3,3,1,0,1,1,2,0,0,0,1,1,1,2,0,0,3,1,0,1,0,1,4,0,0,2,1,1,1,1,2,2,1,1,1,1,3,0,2,1,1,4,0,2,2,1,2,0,0,0,1,1,0,0,0,2,0,0,1,2,2,3,2,1,6,1,1,2,0,1,1,2,1,0,1,0,1,0,0,3,0,1,0,1,0,0,0,1,0,3,1,0,1,2,1,1,1,1,0,1,0,2,1,1,0,0,0,0,1,1,0,0,2,0,3,0,2,0,1,0,0,2,1,1,0,0,1,2,1,0,2,0,0,0,1,0,0,1,0,1,1,2,2,2,0,1,1,2,1,2,0,1,0,0,1,2,2,0,1,0,2,1,0,0,0,3,1,2,0,0,2,1,0,0,1,0,1,2,2,1,2,0,0,0,1,0,1,3,1,3,0,2,0,1,2,3,1,2,1,0,1,1,1,1,1,0,1,1,0,2,0,3,1,1,0,1,1,2,1,0,1,0,0,0,0,2,0,0,2,0,2,2,0,1,0,0,1,0,1,2,1,0,0,2,0,1,0,1,1,0,1,2,1,2,1,1,2,0,2,1,3,3,2,1,3,1,0,2,0,1,0,0,1,3,2,3,0,0,0,0,1,2,1,0,1,0,1,1,0,0,0,0,0,1,1,0,0,2,3,1,0,2,0,0,0,0,2,1,3,0,0,0,2,2,1,0,1,2,1,0,1,0,0,0,2,0,0,0,1,2,0,2,0,0,0,2,2,0,1,1,0,1,1,0,0,0,1,2,0,0,0,1,1,1,1,0,0,1,0,1,1,1,0,0,2,0,0,0,1,3,2,1,2,2,0,1,1,1,2,0,0,0,0,0,0,1,0,0,1,1,2,2,2,2,2,1,0,1,1,0,1,0,0,1,1,2,0,1,0,1,1,1,3,2,0,4,1,1,3,2,0,0,3,1,0,2,2,1,0,1,1,3,1,2,0,1,1,1,0,1,2,1,0,1,2,1,0,1,2,1,1,0,4,0,0,0,0,1,1,1,2,1,1,0,2,1,0,2,3,1,3,1,1,1,2,2,2,2,1,3,1,2,0,0,1,1,2,1,3,2,0,1,2,1,1,1,3,2,2,2,2,2,1,0,1,2,1,2,0,0,1,0,3,0,0,0,0,1,0,0,1,1,1,2,0,0,0,2,1,1,1,0,0,3,0,2,3,0,0,0,1,2,1,1,2,1,1,0,2,1,0,1,0,0,1,1,2,2,2,3,1,1,2,0,0,0,1,0,0,0,1,2,1,0,2,2,1,0,3,2,2,0,2,0,1,0,1,1,3,1,1,2,0,0,0,1,3,0,1,0,0,0,0,0,0,0,1,0,1,0,1,1,1,1,3,1,0,0,1,0,1,0,1,1,0,1,0,0,0,0,1,0,2,2,2,1,1,1,1,1,1,2,0,0,0,0,1,3,0,1,1,1,1,1,0,0,0,1,0,1,0,0,3,0,3,1,0,0,1,0,1,0,1,1,1,2,2,0,2,0,1,1,2,0,3,0,2,0,1,1,2,2,1,0,2,0,0,0,0,0,2,1,1,0,0,0,3,0,1,1,1,1,1,1,1,0,2,0,1,4,3,1,0,2,1,1,1,0,1,0,3,1,1,2,1,4,0,0,0,0,0,2,2,1,0,0,1,1,3,0,0,0,2,0,1,1,2,0,2,1,1,1,1,1,0,1,3,1,1,0,1,0,1,0,1,1,1,0,0,1,0,0,1,0,1,0,1,1,2,2,0,1,2,1,2,1,1,2,1,1,0,1,0,1,2,3,5,2,1,1,1,0,2,0,0,0,2,2,0,0,1,1,0,0,0,1,3,0,1,0,1,2,1,2,0,0,1,1,1,1,1,0,1,1,1,0,3,0,0,0,0,1,1,0,1,1,1,1,1,1,0,0,3,1,0,1,1,1,1,1,1,0,0,1,1,3,0,0,1,1,4,1,0,1,0,1,0,0,1,1,0,2,1,1,0,0,3,2,0,1,2,3,1,1,1,1,2,3,1,0,0,0,3,2,0,0,3,0,2,2,0,0,1,2,0,0,0,0,1,0,0,1,1,2,2,1,0,0,0,2,0,0,0,0,0,0,1,0,1,1,1,0,0,1,0,3,1,0,0,0,0,1,2,0,1,3,0,1,2,1,3,4,0,4,1,1,1,1,0,2,2,0,1,0,1,0,1,0,1,1,0,2,0,1,0,0,1,3,0,1,1,0,0,0,2,0,0,0,2,1,0,0,1,1,0,0,1,0,0,0,1,2,1,1,0,1,2,1,1,0,0,2,1,2,1,1,2,0,2,2,1,0,3,1,2,1,1,0,0,0,0,4,2,1,0,1,0,1,0,0,1,0,0,1,1,2,1,3,1,0,0,2,1,1,0,1,0,1,1,1,1,0,1,1,0,1,0,1,0,2,0,0,1,1,0,1,0,2,1,2,0,0,1,0,1,0,3,0,0,2,2,1,0,0,0,1,0,1,0,1,4,1,0,1,4,1,0,1,1,1,2,1,1,0,1,1,2,2,2,1,0,2,1,0,3,1,0,0,0,0,2,2,1,5,1,0,1,2,1,1,0,0,0,0,0,0,1,2,2,2,1,2,1,1,1,1,1,0,1,2,1,0,1,0,0,1,3,1,3,0,2,0,0,2,1,2,4,2,0,2,0,3,6,2,2,0,0,0,2,0,1,2,0,1,1,1,2,1,1,3,0,2,1,1,1,0,0,1,1,3,2,1,0,2,1,0,0,1,2,0,1,0,0,0,1,2,2,1,0,2,1,1,1,2,4,0,1,2,0,1,1,0,0,1,0,4,2,1,2,0,2,2,2,0,1,2,0,1,0,2,1,1,0,1,2,1,1,1,0,4,1,1,2,1,2,1,0,1,1,1,3,3,0,1,1,2,1,2,1,1,0,1,2,1,1,0,2,2,0,2,3,2,2,2,1,0,0,2,0,0,2,1,0,0,1,1,0,0,5,2,0,0,0,2,0,0,3,2,3,2,1,0,1,2,1,0,1,0,0,2,0,2,0,2,0,3,0,3,1,3,1,0,1,0,0,0,0,0,3,1,0,0,0,1,1,0,0,0,2,3,0,1,1,2,1,2,1,0,1,1,1,1,0,1,1,2,1,0,0,1,0,2,0,1,1,1,1,1,1,0,0,0,0,5,1,0,0,0,2,0,1,2,2,2,1,1,0,1,0,1,0,0,2,2,0,3,1,0,3,2,1,1,1,0,0,1,2,0,0,0,1,1,1,1,1,1,2,0,1,1,1,0,0,1,0,0,1,1,0,0,4,2,2,0,2,0,0,2,0,2,1,0,1,0,2,1,1,0,0,1,1,0,4,0,0,3,3,0,1,0,2,0,1,2,1,0,0,2,0,3,2,0,1,2,3,2,0,0,0,2,1,2,3,0,3,1,0,0,1,1,2,1,1,1,0,1,0,2,3,0,0,0,0,5,0,1,2,1,1,2,2,0,3,0,1,0,3,0,1,1,0,0,2,0,2,2,2,4,1,0,2,3,1,0,2,2,2,1,0,2,1,1,0,0,1,1,0,1,1,0,1,2,0,2,0,0,1,0,1,1,1,0,0,0,1,2,2,3,1,2,1,3,0,2,2,1,1,2,2,1,0,2,1,0,1,1,0,1,0,1,2,0,1,0,1,2,0,1,1,2,3,0,0,3,1,1,1,0,1,0,3,0,1,0,1,2,0,2,1,1,0,1,1,1,3,1,1,1,2,0,2,1,1,1,1,3,0,1,2,0,1,2,1,0,1,1,2,3,1,0,1,1,0,0,2,0,2,4,0,1,0,1,3,0,0,1,1,1,1,0,2,0,1,1,0,2,2,2,2,0,0,0,2,3,0,1,1,1,2,1,0,1,0,0,1,0,2,1,3,1,1,2,0,0,1,1,0,2,1,1,0,0,1,1,1,0,1,1,1,0,0,1,1,1,0,1,0,1,1,3,0,0,3,1,0,2,0,1,0,0,0,0,1,1,0,1,1,1,0,2,1,0,0,4,4,4,1,1,2,0,0,3,3,1,1,0,2,0,1,0,0,1,2,0,1,0,0,0,0,0,1,0,1,1,2,3,0,1,1,2,1,1,0,0,0,0,0,2,0,5,1,0,0,1,2,0,1,0,0,2,2,1,0,1,2,1,0,1,0,3,0,0,0,2,3,3,0,0,3,1,1,0,0,1,0,1,0,0,0,1,4,2,2]},{"counters":[0,1,3,0,0,3,3,0,0,1,0,1,1,0,1,0,1,0,0,1,3,0,1,1,0,0,0,2,0,0,1,1,3,0,0,1,0,0,1,2,2,1,0,1,2,1,0,0,1,1,0,2,1,2,0,2,3,1,4,2,1,0,2,1,3,1,1,2,1,0,3,2,0,1,2,0,0,1,2,2,0,0,1,0,1,1,0,3,1,1,1,0,0,0,3,0,1,1,2,1,1,0,3,0,0,2,0,0,2,0,0,2,0,5,1,0,0,2,3,1,0,1,3,1,0,4,3,2,1,1,1,0,2,0,0,0,1,1,1,1,1,2,2,1,0,0,2,1,1,1,0,0,0,2,0,0,1,1,0,1,1,0,1,1,0,3,0,1,0,2,0,2,1,1,0,0,1,1,3,2,1,0,0,0,0,1,2,2,0,1,0,1,1,1,0,1,1,1,0,0,1,0,0,1,0,1,1,1,0,1,2,2,1,3,1,0,0,1,1,0,0,1,1,0,1,1,0,1,0,0,1,2,1,1,1,1,1,2,2,1,2,2,0,3,2,0,2,1,1,0,2,0,0,2,0,1,0,2,1,0,0,3,1,3,0,0,1,0,1,1,1,1,4,0,0,1,1,1,1,1,0,0,1,1,0,2,3,2,0,1,0,2,1,0,0,1,0,2,0,2,2,0,1,1,1,0,1,0,1,0,0,1,1,0,0,0,1,1,1,1,0,1,4,0,1,0,2,0,0,0,1,0,2,0,3,0,1,1,2,0,1,0,1,0,3,0,2,0,0,2,3,0,0,1,1,0,2,2,0,1,0,2,0,1,1,1,1,0,2,0,1,0,0,1,1,0,0,1,1,0,1,2,1,3,0,0,1,2,1,0,0,1,0,2,0,0,1,2,0,1,0,2,0,1,0,0,2,1,2,2,2,0,2,1,2,1,0,0,0,0,0,0,2,0,0,1,2,1,0,1,1,2,0,0,0,2,0,2,0,1,1,0,3,1,3,2,1,0,1,0,1,2,1,0,0,0,0,0,0,1,1,1,0,1,1,0,0,1,2,2,2,2,1,1,0,1,1,0,2,1,1,1,0,2,1,0,0,0,1,2,2,2,2,0,0,0,0,1,0,1,1,2,1,0,1,0,1,1,2,0,2,0,0,2,2,1,2,0,1,3,3,4,2,3,2,0,4,1,0,1,1,0,0,1,0,0,0,3,1,1,2,2,0,0,1,0,3,1,1,0,0,2,1,2,0,1,1,1,0,2,2,0,0,1,1,0,0,0,1,0,0,1,1,0,0,1,0,0,1,0,0,0,1,2,0,0,3,1,1,1,0,3,0,1,2,2,2,0,0,1,1,4,2,2,1,0,3,2,1,0,2,0,1,2,2,1,0,1,1,0,0,1,0,0,1,1,0,0,1,1,2,2,1,0,2,2,0,1,0,0,0,3,3,1,1,0,2,1,0,1,1,0,2,1,3,0,1,0,2,2,0,1,0,1,1,0,0,0,1,0,0,1,1,0,1,1,0,2,0,1,3,0,1,0,2,1,1,0,0,2,6,1,1,0,1,0,1,1,0,0,1,0,0,1,0,1,1,0,0,1,0,0,1,2,2,1,1,3,0,3,0,0,0,1,1,0,1,0,1,1,1,1,3,1,2,1,1,0,0,0,0,2,1,0,1,0,1,3,1,2,0,1,0,1,0,3,1,1,1,1,2,2,1,1,0,1,0,0,0,1,0,0,1,0,1,1,1,1,2,0,1,2,0,2,0,1,0,0,2,1,2,2,0,0,0,0,1,1,0,1,1,0,2,1,5,0,1,1,0,2,1,0,1,2,1,4,0,4,2,1,0,0,2,1,0,1,2,2,1,1,1,2,1,0,1,2,0,2,2,2,0,0,1,0,0,2,0,2,1,1,0,1,3,2,1,0,0,1,0,0,1,2,2,0,2,0,0,2,0,4,1,1,0,0,0,1,0,0,0,1,1,0,0,0,0,3,1,1,1,0,1,0,0,1,1,1,0,2,0,1,3,1,1,3,1,0,3,3,2,1,0,0,0,0,0,0,0,1,0,0,0,0,1,2,0,1,1,3,0,0,1,0,0,0,0,0,0,2,1,3,0,0,2,1,0,0,1,1,1,1,0,1,2,4,1,0,0,0,2,3,1,3,0,0,1,1,1,2,1,1,0,1,1,0,1,0,2,0,0,1,0,1,2,1,0,1,3,3,2,1,2,0,5,1,1,1,0,3,0,0,1,2,2,2,0,1,0,2,0,1,2,1,1,2,0,0,2,1,1,0,1,1,1,1,1,0,0,0,1,2,0,0,1,1,1,2,1,0,2,0,2,1,0,3,1,0,1,1,0,0,1,2,1,1,1,3,1,2,0,0,0,1,1,4,0,1,2,3,0,2,2,0,1,2,1,2,2,1,1,2,0,0,1,2,1,1,0,1,1,0,0,1,2,0,0,1,1,1,2,0,3,1,0,1,1,0,0,2,1,0,2,1,0,1,1,1,2,3,1,3,1,0,1,0,1,0,1,2,1,0,1,0,1,1,0,0,3,0,1,1,0,1,1,2,1,0,1,0,0,0,0,1,1,2,1,2,0,0,1,0,0,1,3,0,0,1,1,3,2,1,2,4,0,3,0,2,1,0,1,1,0,1,2,2,0,2,1,2,0,0,0,0,1,0,2,1,1,1,1,1,2,0,0,0,0,0,0,2,0,0,2,1,1,2,0,0,0,2,0,0,0,1,0,3,0,2,1,1,0,1,0,1,1,1,1,2,2,1,1,2,2,1,1,0,1,0,1,0,2,1,3,0,2,0,1,3,2,0,1,3,2,0,0,2,1,1,2,1,3,1,0,1,2,1,0,1,0,3,0,1,1,1,1,1,1,3,0,0,2,0,2,1,2,0,2,1,0,2,0,1,1,0,1,2,1,0,2,0,1,1,1,0,0,2,2,1,0,1,0,2,0,1,0,0,0,0,3,1,1,1,0,1,1,3,0,1,3,2,2,0,1,1,1,1,2,0,0,1,0,1,1,2,1,1,0,0,0,0,0,0,1,2,1,0,1,2,0,1,1,0,1,2,1,3,3,3,0,1,1,2,1,1,2,0,2,2,0,0,0,1,0,3,1,0,2,0,4,1,0,1,0,0,4,0,1,1,0,2,2,2,1,0,0,1,1,0,2,1,1,1,1,3,0,0,2,2,1,3,1,1,3,1,0,1,2,3,0,0,0,2,1,0,0,1,1,0,2,1,1,1,1,0,1,1,2,2,1,1,0,2,1,0,2,2,1,2,0,0,0,1,0,3,2,1,2,0,0,1,0,1,0,0,2,0,0,0,1,1,2,1,0,1,1,3,0,1,6,2,0,0,1,0,4,2,0,0,3,4,2,0,0,3,0,1,2,0,1,0,3,0,1,1,1,0,1,0,0,0,1,3,1,0,2,1,1,1,1,0,0,1,1,0,1,1,0,0,0,1,0,0,1,1,0,2,1,0,2,1,1,0,2,1,1,1,0,0,1,4,1,1,1,2,1,0,3,0,0,1,2,0,1,1,1,1,0,3,1,1,1,0,1,0,1,3,0,3,1,0,0,2,1,2,0,1,2,0,0,0,3,1,2,0,0,1,2,1,0,0,0,2,1,2,3,1,3,1,1,2,1,2,0,0,2,0,0,0,2,0,0,0,0,0,0,2,0,0,1,0,1,1,1,0,0,0,3,3,2,1,2,0,1,2,0,1,0,0,0,2,1,0,1,2,1,1,0,0,1,1,1,2,0,2,0,0,2,3,0,2,1,0,1,2,1,0,2,1,3,0,4,1,1,0,0,3,1,0,2,1,2,3,3,0,2,0,0,0,0,1,1,0,1,5,0,2,1,1,0,1,1,2,2,1,2,0,3,2,2,1,1,1,1,1,2,0,3,0,0,2,0,2,4,1,0,2,3,2,0,0,1,0,0,2,0,0,2,2,1,0,0,2,0,2,1,1,3,2,0,0,1,1,0,2,1,0,0,4,1,2,1,1,1,1,0,1,2,2,3,1,1,4,2,2,2,2,0,0,0,1,0,1,1,1,3,0,1,1,1,0,0,1,1,2,1,2,3,1,1,3,1,0,4,1,1,2,0,3,1,0,2,1,2,1,1,0,0,0,2,0,1,0,2,2,0,2,0,1,5,0,1,0,2,2,3,1,0,2,0,1,2,1,0,0,0,0,0,0,2,2,1,2,1,4,0,1,2,2,0,0,0,2,1,2,1,0,0,1,5,0,0,1,0,1,1,1,1,1,0,0,0,1,0,0,0,0,2,0,0,1,0,0,2,3,1,0,2,1,1,2,1,1,0,1,0,1,4,1,0,1,1,2,1,0,0,0,0,1,1,0,0,1,1,1,2,2,0,0,1,1,3,0,1,2,0,0,2,0,2,2,0,2,2,0,1,0,3,1,0,1,0,0,3,0,1,1,0,1,3,1,0,0,0,1,1,1,1,2,2,0,0,1,0,1,2,1,0,1,2,1,2,2,1,0,3,1,0,3,1,1,0,1,0,2,0,2,1,0,3,1,0,3,2,2,1,3,0,0,0,1,2,0,0,0,0,1,0,1,1,2]}]},"null_count":0,"last_update_version":397952047758180352},"b":{"histogram":{"ndv":2000,"buckets":[{"count":8,"lower_bound":"LTIxNDU4MTk2MDc=","upper_bound":"LTIxMzQ1OTA5NDQ=","repeats":1},{"count":16,"lower_bound":"LTIxMjU4ODI3NzE=","upper_bound":"LTIxMTg2NTgyMDk=","repeats":1},{"count":24,"lower_bound":"LTIxMTg0ODg1OTQ=","upper_bound":"LTIxMDQ0Mzc0Njc=","repeats":1},{"count":32,"lower_bound":"LTIxMDMzNTY1Njg=","upper_bound":"LTIwOTAxMzc2MDA=","repeats":1},{"count":40,"lower_bound":"LTIwODQyNjA4Njc=","upper_bound":"LTIwNjUxNTM2NzI=","repeats":1},{"count":48,"lower_bound":"LTIwNjM0NDgyNjg=","upper_bound":"LTIwNTAyODYxOTc=","repeats":1},{"count":56,"lower_bound":"LTIwNDk1MzgwNTY=","upper_bound":"LTIwMzgzOTc1MTg=","repeats":1},{"count":64,"lower_bound":"LTIwMzQ1MTYxOTQ=","upper_bound":"LTIwMjEyNTQzNTI=","repeats":1},{"count":72,"lower_bound":"LTIwMTgzNDE1MjU=","upper_bound":"LTIwMDc5NzEwNzU=","repeats":1},{"count":80,"lower_bound":"LTIwMDc2Nzg1MTg=","upper_bound":"LTE5OTUyMzU1NjM=","repeats":1},{"count":88,"lower_bound":"LTE5ODkxNDQ5Njk=","upper_bound":"LTE5NzA2MTQ2OTY=","repeats":1},{"count":96,"lower_bound":"LTE5NzAxNDk5NjM=","upper_bound":"LTE5NDgzOTQ5MjI=","repeats":1},{"count":104,"lower_bound":"LTE5NDY2NDMyNTE=","upper_bound":"LTE5MzQ0NTc4MDc=","repeats":1},{"count":112,"lower_bound":"LTE5MjkzNjEyNzQ=","upper_bound":"LTE5MjA0MjkxMzY=","repeats":1},{"count":120,"lower_bound":"LTE5MjAwMTI1NDg=","upper_bound":"LTE4OTY5MTkyNDk=","repeats":1},{"count":128,"lower_bound":"LTE4ODg3MTY2NDg=","upper_bound":"LTE4ODAzNTAzMTI=","repeats":1},{"count":136,"lower_bound":"LTE4NzgyOTkwNjU=","upper_bound":"LTE4NjkyNTczMTk=","repeats":1},{"count":144,"lower_bound":"LTE4NjkyMjI5MDU=","upper_bound":"LTE4NTc0OTkzNjk=","repeats":1},{"count":152,"lower_bound":"LTE4NTcyOTAzODU=","upper_bound":"LTE4NDc1NTQ0OTA=","repeats":1},{"count":160,"lower_bound":"LTE4NDQzMTU2MTQ=","upper_bound":"LTE4MjIxNjQ1NzA=","repeats":1},{"count":168,"lower_bound":"LTE4MjEyNzM4MDE=","upper_bound":"LTE4MDQ5NzcxMTk=","repeats":1},{"count":176,"lower_bound":"LTE4MDM5OTYwNjI=","upper_bound":"LTE3OTE1NTczMjA=","repeats":1},{"count":184,"lower_bound":"LTE3ODk5NTc1Mzk=","upper_bound":"LTE3NjE1NTAxMzQ=","repeats":1},{"count":192,"lower_bound":"LTE3NTkwMjYyMjU=","upper_bound":"LTE3NDUxNTQxMTM=","repeats":1},{"count":200,"lower_bound":"LTE3NDA4NDAzODE=","upper_bound":"LTE3MjkwNzcxMzg=","repeats":1},{"count":208,"lower_bound":"LTE3MjkwNzEzODk=","upper_bound":"LTE3MjcyMDQyODk=","repeats":1},{"count":216,"lower_bound":"LTE3MTQ3OTQ4MTU=","upper_bound":"LTE2OTY1NjQ1MTM=","repeats":1},{"count":224,"lower_bound":"LTE2OTM3OTA3NjM=","upper_bound":"LTE2NjQ1MzQwMTA=","repeats":1},{"count":232,"lower_bound":"LTE2NjQzNjg5MTU=","upper_bound":"LTE2Mjk2OTc0ODg=","repeats":1},{"count":240,"lower_bound":"LTE2Mjc2MzgzOTk=","upper_bound":"LTE2MjE1MDIxNzc=","repeats":1},{"count":248,"lower_bound":"LTE2MTY1OTEwMTU=","upper_bound":"LTE2MDAzMjg2ODI=","repeats":1},{"count":256,"lower_bound":"LTE1OTc3OTg3NjA=","upper_bound":"LTE1ODk4MzI4MTU=","repeats":1},{"count":264,"lower_bound":"LTE1ODkyNzc0MzE=","upper_bound":"LTE1NzU1MDU5NDc=","repeats":1},{"count":272,"lower_bound":"LTE1NzM0MzQ0NjQ=","upper_bound":"LTE1NzAwNzA5NDg=","repeats":1},{"count":280,"lower_bound":"LTE1NjkzOTYwODc=","upper_bound":"LTE1NTk3NjY1Mjg=","repeats":1},{"count":288,"lower_bound":"LTE1NTE2MjU4NDA=","upper_bound":"LTE1MjU5MTUzOTE=","repeats":1},{"count":296,"lower_bound":"LTE1MjMyNDYzNzU=","upper_bound":"LTE1MDgxNDAyNzc=","repeats":1},{"count":304,"lower_bound":"LTE1MDU0NDM0MjE=","upper_bound":"LTE0OTY0MDIwODg=","repeats":1},{"count":312,"lower_bound":"LTE0OTM2MjkwMzU=","upper_bound":"LTE0ODM1MzQ3NjQ=","repeats":1},{"count":320,"lower_bound":"LTE0ODA0OTcwODk=","upper_bound":"LTE0NzIxNjUyMDA=","repeats":1},{"count":328,"lower_bound":"LTE0Njg2NTE0Njk=","upper_bound":"LTE0NDg1Nzg1Mzg=","repeats":1},{"count":336,"lower_bound":"LTE0NDc0NTc0NjQ=","upper_bound":"LTE0MzQ2NjY5OTQ=","repeats":1},{"count":344,"lower_bound":"LTE0MzE3NTI3MTI=","upper_bound":"LTE0MzAwOTM0NDI=","repeats":1},{"count":352,"lower_bound":"LTE0Mjk2NTM2NjE=","upper_bound":"LTEzOTI5MzcwOTY=","repeats":1},{"count":360,"lower_bound":"LTEzOTIwNjk0NDY=","upper_bound":"LTEzNjYxMjUzNDA=","repeats":1},{"count":368,"lower_bound":"LTEzNTk5MTg0NDI=","upper_bound":"LTEzNTE5NzgxNTQ=","repeats":1},{"count":376,"lower_bound":"LTEzNTA4Njg2MTY=","upper_bound":"LTEzMzYwNzIyODk=","repeats":1},{"count":384,"lower_bound":"LTEzMzIzNTE5NDE=","upper_bound":"LTEzMjAyMDY0ODY=","repeats":1},{"count":392,"lower_bound":"LTEzMTcwMzA1NTM=","upper_bound":"LTEyODcxMTQ1NzM=","repeats":1},{"count":400,"lower_bound":"LTEyODQ1MDA2Mjc=","upper_bound":"LTEyNzM1NzY3MzE=","repeats":1},{"count":408,"lower_bound":"LTEyNzMwNzM5NzY=","upper_bound":"LTEyNjg3ODEzOTE=","repeats":1},{"count":416,"lower_bound":"LTEyNjQ5MTY0MTc=","upper_bound":"LTEyNDgxNTc5NjQ=","repeats":1},{"count":424,"lower_bound":"LTEyMzc3OTcwNTY=","upper_bound":"LTEyMTQ2Mzc0NDA=","repeats":1},{"count":432,"lower_bound":"LTEyMTE3MjE1OTU=","upper_bound":"LTEyMDEzNjM2NjY=","repeats":1},{"count":440,"lower_bound":"LTExOTk5ODUwMjk=","upper_bound":"LTExOTg2NzIzOTE=","repeats":1},{"count":448,"lower_bound":"LTExOTM4NDk5Nzg=","upper_bound":"LTExNzA5ODczNDk=","repeats":1},{"count":456,"lower_bound":"LTExNTc2MzQ5Mjg=","upper_bound":"LTExNTA4NjU5MjM=","repeats":1},{"count":464,"lower_bound":"LTExNDk4MjcyMjE=","upper_bound":"LTExNDAzNjg3NzY=","repeats":1},{"count":472,"lower_bound":"LTExMzk1NTQ5MjA=","upper_bound":"LTExMTkzMzk4NTI=","repeats":1},{"count":480,"lower_bound":"LTExMTQ4NDU5MDY=","upper_bound":"LTExMTA0MzU0NTg=","repeats":1},{"count":488,"lower_bound":"LTExMDk1NTA4MzA=","upper_bound":"LTExMDA2MjYxMTY=","repeats":1},{"count":496,"lower_bound":"LTEwOTE3MTE0MDA=","upper_bound":"LTEwNjcyMzM1Nzk=","repeats":1},{"count":504,"lower_bound":"LTEwNjY1NDc0OTQ=","upper_bound":"LTEwNTIzMjAyMzI=","repeats":1},{"count":512,"lower_bound":"LTEwNDYzOTkwMzM=","upper_bound":"LTEwMzg2MjkyNzQ=","repeats":1},{"count":520,"lower_bound":"LTEwMzU5MzUzNzU=","upper_bound":"LTEwMjQ5MjQzNzg=","repeats":1},{"count":528,"lower_bound":"LTEwMTc2MjkyODc=","upper_bound":"LTEwMDAwMDAyNjA=","repeats":1},{"count":536,"lower_bound":"LTk5NTcwNjM1Mw==","upper_bound":"LTk4MzI1NjM5Mw==","repeats":1},{"count":544,"lower_bound":"LTk4MDIwMTM1OQ==","upper_bound":"LTk1NjMyMTgxNw==","repeats":1},{"count":552,"lower_bound":"LTk1NTk2MzQzOA==","upper_bound":"LTk0MzY0MzAyOQ==","repeats":1},{"count":560,"lower_bound":"LTkzODg3OTMxNw==","upper_bound":"LTkzMjkyNjg5OQ==","repeats":1},{"count":568,"lower_bound":"LTkyNzEwNjgwOA==","upper_bound":"LTkwODM5NTU2OQ==","repeats":1},{"count":576,"lower_bound":"LTkwNzU0OTg0Mw==","upper_bound":"LTg5ODc0NTQwMw==","repeats":1},{"count":584,"lower_bound":"LTg3NTA2MzkwOA==","upper_bound":"LTg2MDk3MjAwMg==","repeats":1},{"count":592,"lower_bound":"LTg1Njg5MDUxNg==","upper_bound":"LTg1MzU3NjkwMA==","repeats":1},{"count":600,"lower_bound":"LTg1MDM1NTU2OA==","upper_bound":"LTgxNzI4Njg5Ng==","repeats":1},{"count":608,"lower_bound":"LTgxMzgyNzk2Ng==","upper_bound":"LTgwODgyNTYzNw==","repeats":1},{"count":616,"lower_bound":"LTc5MzM3ODYzOQ==","upper_bound":"LTc4MzI2OTI2Mw==","repeats":1},{"count":624,"lower_bound":"LTc2ODA2OTkxMg==","upper_bound":"LTc2NzI2OTgzNg==","repeats":1},{"count":632,"lower_bound":"LTc2NjQ5MjY4NA==","upper_bound":"LTc2MzA3MzI2Mw==","repeats":1},{"count":640,"lower_bound":"LTc2MjMwNzg1OA==","upper_bound":"LTc1NDA4NTI4Ng==","repeats":1},{"count":648,"lower_bound":"LTc1MDg5NjEyMA==","upper_bound":"LTcyNzg2MzAwNg==","repeats":1},{"count":656,"lower_bound":"LTcyNjA1NDgyMA==","upper_bound":"LTcxNTg3MTI5OA==","repeats":1},{"count":664,"lower_bound":"LTcxMTEwMjgyNw==","upper_bound":"LTY4NzA3NDUxOA==","repeats":1},{"count":672,"lower_bound":"LTY3NjM0NjY0NA==","upper_bound":"LTY1MDg3MzQ0MQ==","repeats":1},{"count":680,"lower_bound":"LTY0ODc2MjU2MA==","upper_bound":"LTYzNjgzMDczNg==","repeats":1},{"count":688,"lower_bound":"LTYzNjU0OTIzOA==","upper_bound":"LTYxNTkyMDYwMw==","repeats":1},{"count":696,"lower_bound":"LTYwODYzMjI1MQ==","upper_bound":"LTYwMDQwMzMzMQ==","repeats":1},{"count":704,"lower_bound":"LTU5NjU3NjQzNA==","upper_bound":"LTU4ODUxMDM3Mw==","repeats":1},{"count":712,"lower_bound":"LTU4MDE3MjU2Nw==","upper_bound":"LTU3MjY1MzA4Mg==","repeats":1},{"count":720,"lower_bound":"LTU3MTkxODE2Mw==","upper_bound":"LTU1OTc5MDAwNA==","repeats":1},{"count":728,"lower_bound":"LTU1NjkwMzM0OA==","upper_bound":"LTU0NTYxMzExOQ==","repeats":1},{"count":736,"lower_bound":"LTUzMTkxODcxNw==","upper_bound":"LTUxMzMwMTI1Mw==","repeats":1},{"count":744,"lower_bound":"LTUwNDkwODc2MQ==","upper_bound":"LTQ4NjU1MDE1NA==","repeats":1},{"count":752,"lower_bound":"LTQ4Mzk4MjUxNQ==","upper_bound":"LTQ3Njg5Mjg3NQ==","repeats":1},{"count":760,"lower_bound":"LTQ1OTU3MjI2OQ==","upper_bound":"LTQ1Mzk4MDYzMw==","repeats":1},{"count":768,"lower_bound":"LTQ0ODc2MTQyOA==","upper_bound":"LTQ0MDg1MDc0OA==","repeats":1},{"count":776,"lower_bound":"LTQzNjA3NDEwMg==","upper_bound":"LTQyOTc2MDU0OA==","repeats":1},{"count":784,"lower_bound":"LTQxMjA5NzE4Mw==","upper_bound":"LTQwNDAwMTM3Ng==","repeats":1},{"count":792,"lower_bound":"LTQwMzc3NzM0OA==","upper_bound":"LTM3NDQ3Mjk3OA==","repeats":1},{"count":800,"lower_bound":"LTM2MDU0NDEzNg==","upper_bound":"LTM1MTQ1NTI1OA==","repeats":1},{"count":808,"lower_bound":"LTM0ODU3NjQyMw==","upper_bound":"LTMzNjMyNjMwNQ==","repeats":1},{"count":816,"lower_bound":"LTMzNDM0OTEyNg==","upper_bound":"LTMyODI0Nzc2NQ==","repeats":1},{"count":824,"lower_bound":"LTMxNzk0OTc4NQ==","upper_bound":"LTI5OTQ3MDIxMA==","repeats":1},{"count":832,"lower_bound":"LTI5NDM4NDgzMw==","upper_bound":"LTI4MTE3NjA3NQ==","repeats":1},{"count":840,"lower_bound":"LTI3ODQwOTIzMg==","upper_bound":"LTI2NTIwODM4Nw==","repeats":1},{"count":848,"lower_bound":"LTI1OTgyMjg1NQ==","upper_bound":"LTI1MjkzMzQ3Nw==","repeats":1},{"count":856,"lower_bound":"LTI1MDg1MTc4MQ==","upper_bound":"LTI0MDU3OTY1NA==","repeats":1},{"count":864,"lower_bound":"LTIzNzAyMjg0NQ==","upper_bound":"LTIxOTUzMDc3NA==","repeats":1},{"count":872,"lower_bound":"LTIxMjM0MDQyNg==","upper_bound":"LTE5NzI3OTE3MQ==","repeats":1},{"count":880,"lower_bound":"LTE5MTAwOTY2MQ==","upper_bound":"LTE3MjA0ODk4NQ==","repeats":1},{"count":888,"lower_bound":"LTE3MDY2NjE0Mg==","upper_bound":"LTE2NTAwMjcyMQ==","repeats":1},{"count":896,"lower_bound":"LTE2NDQ4MjYxMw==","upper_bound":"LTE0Nzk5OTIwNg==","repeats":1},{"count":904,"lower_bound":"LTE0MTAyMzYyMg==","upper_bound":"LTEyODk0MTg1NA==","repeats":1},{"count":912,"lower_bound":"LTExOTQ1OTcwNw==","upper_bound":"LTk5MTM1NDEy","repeats":1},{"count":920,"lower_bound":"LTk2NjAxOTAz","upper_bound":"LTkwMzI4MTAx","repeats":1},{"count":928,"lower_bound":"LTgwNTMwNDcz","upper_bound":"LTc0NjQyMDM5","repeats":1},{"count":936,"lower_bound":"LTY1NjUyNzAw","upper_bound":"LTEyMzcyNDA2","repeats":1},{"count":944,"lower_bound":"LTEyMTQyMjk3","upper_bound":"LTQ5OTM1MDQ=","repeats":1},{"count":952,"lower_bound":"LTE3NDQ0NTE=","upper_bound":"MTAyODkxNTU=","repeats":1},{"count":960,"lower_bound":"MTI3OTk4NjE=","upper_bound":"MjAyMDA1NjQ=","repeats":1},{"count":968,"lower_bound":"MzUyMzAyMzI=","upper_bound":"NTc0OTc2MjQ=","repeats":1},{"count":976,"lower_bound":"NTc5MDM5MzQ=","upper_bound":"NjE3NzIyMzU=","repeats":1},{"count":984,"lower_bound":"NjM1OTc2NzU=","upper_bound":"ODU1Mzk3Mjk=","repeats":1},{"count":992,"lower_bound":"ODk5NDU3MjE=","upper_bound":"MTAwNzU1MzI1","repeats":1},{"count":1000,"lower_bound":"MTA0MTA4NDkx","upper_bound":"MTM0Njc5ODQ2","repeats":1},{"count":1008,"lower_bound":"MTM1NjI2MTc5","upper_bound":"MTQ0MjM3MjY5","repeats":1},{"count":1016,"lower_bound":"MTQ1ODE2OTkx","upper_bound":"MTUxODIxNTg3","repeats":1},{"count":1024,"lower_bound":"MTYwNTYzNTQ4","upper_bound":"MTc4NjgyNTE2","repeats":1},{"count":1032,"lower_bound":"MTgxODIxNDA2","upper_bound":"MTgzNjY0NDgz","repeats":1},{"count":1040,"lower_bound":"MTg0MjA5NzI2","upper_bound":"MTk3Njk4Nzg5","repeats":1},{"count":1048,"lower_bound":"MjAyNjYyMTU4","upper_bound":"MjExMzYyNDE2","repeats":1},{"count":1056,"lower_bound":"MjIzODY0NjYz","upper_bound":"MjQxMzY1NDgy","repeats":1},{"count":1064,"lower_bound":"MjQ0MjQ3MTg4","upper_bound":"MjU2NzQ5MjQ3","repeats":1},{"count":1072,"lower_bound":"MjU3OTAyNzAx","upper_bound":"MjYxNTkxMTAw","repeats":1},{"count":1080,"lower_bound":"MjYyNzg0Mzcz","upper_bound":"MjY2ODM5Mzc0","repeats":1},{"count":1088,"lower_bound":"MjY4MTQyNTEw","upper_bound":"MjgxNDY2NTA4","repeats":1},{"count":1096,"lower_bound":"MjgxNTEyNTEz","upper_bound":"Mjg1MzA3Nzc1","repeats":1},{"count":1104,"lower_bound":"Mjg1ODIyNTU4","upper_bound":"Mjk0NTk2NjAz","repeats":1},{"count":1112,"lower_bound":"Mjk2NjU3MzMz","upper_bound":"MzEwMDEyNTEy","repeats":1},{"count":1120,"lower_bound":"MzE1MDU1NzUy","upper_bound":"MzM5MTk1NzQ4","repeats":1},{"count":1128,"lower_bound":"MzQzNjU1NjY1","upper_bound":"MzU4NzkwOTEx","repeats":1},{"count":1136,"lower_bound":"MzY2OTQ0MjA5","upper_bound":"Mzg3NDc5MjA3","repeats":1},{"count":1144,"lower_bound":"Mzk3MjMyNzcz","upper_bound":"NDAyNzI2NzAx","repeats":1},{"count":1152,"lower_bound":"NDA4NTU4NDIw","upper_bound":"NDMyNTAwNjgx","repeats":1},{"count":1160,"lower_bound":"NDMyNjk2NDM1","upper_bound":"NDQwMzQ1NjAy","repeats":1},{"count":1168,"lower_bound":"NDQ0ODQ1ODQ2","upper_bound":"NDUyNjUyMzQ5","repeats":1},{"count":1176,"lower_bound":"NDU1ODY0NTI4","upper_bound":"NDY0MDA5NTc1","repeats":1},{"count":1184,"lower_bound":"NDY5NzIxMjEz","upper_bound":"NDc1ODQyMTg0","repeats":1},{"count":1192,"lower_bound":"NDc3NjY4Mjk3","upper_bound":"NDgxNzg5NDgx","repeats":1},{"count":1200,"lower_bound":"NDgzOTI4NDE4","upper_bound":"NDk1NDIxOTI4","repeats":1},{"count":1208,"lower_bound":"NTAwOTkzNzc5","upper_bound":"NTI3ODc3Mzg1","repeats":1},{"count":1216,"lower_bound":"NTI5NjAzMTc3","upper_bound":"NTQyMDQ5Njcx","repeats":1},{"count":1224,"lower_bound":"NTQ4MzcyNTQ5","upper_bound":"NTY3Nzc0OTQx","repeats":1},{"count":1232,"lower_bound":"NTY4NjEzMjYz","upper_bound":"NTcyMzIxMTQ3","repeats":1},{"count":1240,"lower_bound":"NTczMzYzNTU0","upper_bound":"NTgyNDcwMjM0","repeats":1},{"count":1248,"lower_bound":"NTg1OTU0ODAz","upper_bound":"NTkwMTczMTU2","repeats":1},{"count":1256,"lower_bound":"NTk5OTc0Njk1","upper_bound":"NjIwMTY0OTk0","repeats":1},{"count":1264,"lower_bound":"NjIzMjQ0MTIy","upper_bound":"NjI5NzYwMzA3","repeats":1},{"count":1272,"lower_bound":"NjMwNzM3MzM4","upper_bound":"NjU3Mjc4OTEx","repeats":1},{"count":1280,"lower_bound":"NjU3NTIwMjQy","upper_bound":"NjY5Mjc0ODY5","repeats":1},{"count":1288,"lower_bound":"NjcwMTc1ODgz","upper_bound":"Njk3MjI4NTcz","repeats":1},{"count":1296,"lower_bound":"Njk5OTAwMDky","upper_bound":"NzE1NzA4ODQw","repeats":1},{"count":1304,"lower_bound":"NzE2MzY2NjA0","upper_bound":"NzIzNzA1OTEw","repeats":1},{"count":1312,"lower_bound":"NzI4NjA4Nzgw","upper_bound":"NzU0OTEwNjQ0","repeats":1},{"count":1320,"lower_bound":"NzU4MDk5NDkz","upper_bound":"NzgwNzg3NDcx","repeats":1},{"count":1328,"lower_bound":"NzgyMTk2NjQy","upper_bound":"Nzk1MjU1MzY3","repeats":1},{"count":1336,"lower_bound":"Nzk5MDYzNDQx","upper_bound":"ODA3Nzc2MzQ3","repeats":1},{"count":1344,"lower_bound":"ODE0Njg1NDUy","upper_bound":"ODMzODAwNjE3","repeats":1},{"count":1352,"lower_bound":"ODM5NjA2NjM3","upper_bound":"ODQ2MjIyMzgz","repeats":1},{"count":1360,"lower_bound":"ODUwNTI5OTk5","upper_bound":"ODgzMjc4MTEy","repeats":1},{"count":1368,"lower_bound":"ODg2MjY1OTQw","upper_bound":"OTAwNzg1MTQ1","repeats":1},{"count":1376,"lower_bound":"OTAxODM4MDE4","upper_bound":"OTM2ODQwMjAz","repeats":1},{"count":1384,"lower_bound":"OTM2ODk1NDM0","upper_bound":"OTQ1MTM5MTA0","repeats":1},{"count":1392,"lower_bound":"OTQ2OTA1NjU3","upper_bound":"OTU0MDU0ODQ5","repeats":1},{"count":1400,"lower_bound":"OTU2MjUzMDEz","upper_bound":"OTg5NTcyNTIz","repeats":1},{"count":1408,"lower_bound":"MTAwMzYzNTc1Mg==","upper_bound":"MTAxNjM3NDcwMg==","repeats":1},{"count":1416,"lower_bound":"MTAyMjc3MzM3MQ==","upper_bound":"MTA0ODI4MDU0NQ==","repeats":1},{"count":1424,"lower_bound":"MTA1NzU1NTQ1Mw==","upper_bound":"MTA2OTMyNjk3Mg==","repeats":1},{"count":1432,"lower_bound":"MTA3MTIyNDc0OA==","upper_bound":"MTA3NjkzOTU5NA==","repeats":1},{"count":1440,"lower_bound":"MTA3OTU4MzQ4OQ==","upper_bound":"MTA5Nzk0OTYxMQ==","repeats":1},{"count":1448,"lower_bound":"MTA5OTE1NjY2NQ==","upper_bound":"MTExMTM5NTkzOA==","repeats":1},{"count":1456,"lower_bound":"MTExNzQ5NzU4Nw==","upper_bound":"MTEyOTgzMDQ0NA==","repeats":1},{"count":1464,"lower_bound":"MTE0NDQyODk1Ng==","upper_bound":"MTE2MDg5NDg3OQ==","repeats":1},{"count":1472,"lower_bound":"MTE2MjM5NjA0MQ==","upper_bound":"MTE2NjUzMzIzMQ==","repeats":1},{"count":1480,"lower_bound":"MTE2NzI5MjYwOQ==","upper_bound":"MTE3OTc4MDYzNg==","repeats":1},{"count":1488,"lower_bound":"MTE4MzI0NTE4Mg==","upper_bound":"MTE4OTEzMDY1MA==","repeats":1},{"count":1496,"lower_bound":"MTE5MjQ4NzQ5MQ==","upper_bound":"MTIwODMzNDczMA==","repeats":1},{"count":1504,"lower_bound":"MTIxNDg3MTgxOA==","upper_bound":"MTIyMTEyMzUwMQ==","repeats":1},{"count":1512,"lower_bound":"MTIyMjc2MTIxMA==","upper_bound":"MTI0NTgxMDk3NQ==","repeats":1},{"count":1520,"lower_bound":"MTI0NzU0NzgzMA==","upper_bound":"MTI1NjU3NzA4Nw==","repeats":1},{"count":1528,"lower_bound":"MTI1NjY3ODcxNw==","upper_bound":"MTI2Njg2OTc4MQ==","repeats":1},{"count":1536,"lower_bound":"MTI3MDA2MzE2OA==","upper_bound":"MTI4MjYwOTMxMQ==","repeats":1},{"count":1544,"lower_bound":"MTI4MzM3MjU2Ng==","upper_bound":"MTI5MDA2NjcyNw==","repeats":1},{"count":1552,"lower_bound":"MTI5MjI2NzM1Ng==","upper_bound":"MTMwMjM0NjU4Nw==","repeats":1},{"count":1560,"lower_bound":"MTMwNDcyOTM2NA==","upper_bound":"MTMxMDcxMTgzOQ==","repeats":1},{"count":1568,"lower_bound":"MTMxNjAxNDk3MA==","upper_bound":"MTMyMzk5NTQ0OA==","repeats":1},{"count":1576,"lower_bound":"MTMzNDg0MTkwMw==","upper_bound":"MTM0NDMyMDQ2Mw==","repeats":1},{"count":1584,"lower_bound":"MTM0NTI5NzA3NQ==","upper_bound":"MTM1NDQwMTIyMg==","repeats":1},{"count":1592,"lower_bound":"MTM1NjAzNzgzMw==","upper_bound":"MTM2NzkwNDk2NA==","repeats":1},{"count":1600,"lower_bound":"MTM3MTQwNDgwOQ==","upper_bound":"MTM4MTk2MjgyNQ==","repeats":1},{"count":1608,"lower_bound":"MTM4NDY2ODc0Mw==","upper_bound":"MTQxMDAyMTk4MQ==","repeats":1},{"count":1616,"lower_bound":"MTQxMjc2NzU3OQ==","upper_bound":"MTQxNjgwOTc0Mw==","repeats":1},{"count":1624,"lower_bound":"MTQyMjA5MDA4Ng==","upper_bound":"MTQ0Nzk3NDUwOA==","repeats":1},{"count":1632,"lower_bound":"MTQ1MDg5NTYxMw==","upper_bound":"MTQ3MTE4ODg3OQ==","repeats":1},{"count":1640,"lower_bound":"MTQ3OTAzOTA1OQ==","upper_bound":"MTQ5MzM2NjE3MA==","repeats":1},{"count":1648,"lower_bound":"MTQ5MzM4OTk2OQ==","upper_bound":"MTUwNzY0MjE1NQ==","repeats":1},{"count":1656,"lower_bound":"MTUxMzk4NTAxNg==","upper_bound":"MTUyNDcxODcxNA==","repeats":1},{"count":1664,"lower_bound":"MTUyODE4OTQwNQ==","upper_bound":"MTUzMjI3Njg5Nw==","repeats":1},{"count":1672,"lower_bound":"MTUzOTU3NjQ2MA==","upper_bound":"MTU1MDg1MzIzMg==","repeats":1},{"count":1680,"lower_bound":"MTU1NDQ2MDY4OA==","upper_bound":"MTU2MTY2NTIwNw==","repeats":1},{"count":1688,"lower_bound":"MTU2MzU0NDUxMw==","upper_bound":"MTU4MDQ3MjUzMg==","repeats":1},{"count":1696,"lower_bound":"MTU5MDAzMTgzNg==","upper_bound":"MTU5Njk3MzAwOA==","repeats":1},{"count":1704,"lower_bound":"MTU5NzU1ODMyNQ==","upper_bound":"MTYxNTU1MzQzNg==","repeats":1},{"count":1712,"lower_bound":"MTYxNTY0NDE4Mg==","upper_bound":"MTYyNjc2NDc1Mg==","repeats":1},{"count":1720,"lower_bound":"MTYyNzk0MDU0OA==","upper_bound":"MTYzMzU5NzMwMg==","repeats":1},{"count":1728,"lower_bound":"MTYzNDAzODk3NA==","upper_bound":"MTY0NTMxODg4MQ==","repeats":1},{"count":1736,"lower_bound":"MTY0NTkzMjMwMA==","upper_bound":"MTY1MjY2OTAwNQ==","repeats":1},{"count":1744,"lower_bound":"MTY1Njc1ODc2MA==","upper_bound":"MTY3NDE2ODg3NQ==","repeats":1},{"count":1752,"lower_bound":"MTY3NDc2ODI1Ng==","upper_bound":"MTY5MjM1NDgxMg==","repeats":1},{"count":1760,"lower_bound":"MTY5ODA4ODc3NQ==","upper_bound":"MTcwOTEyNTY2OA==","repeats":1},{"count":1768,"lower_bound":"MTcxNDUxODY3Mg==","upper_bound":"MTcyMzA1MDQ2Nw==","repeats":1},{"count":1776,"lower_bound":"MTcyNjEyMDU2Ng==","upper_bound":"MTczNjA5MjYyMA==","repeats":1},{"count":1784,"lower_bound":"MTczODA2MjA3Mw==","upper_bound":"MTc0NDQ5NzIwMg==","repeats":1},{"count":1792,"lower_bound":"MTc0Njc0NzAzMw==","upper_bound":"MTc2NzI5ODExMA==","repeats":1},{"count":1800,"lower_bound":"MTc3OTk0NDI3Mg==","upper_bound":"MTc5NTAwNzg0OQ==","repeats":1},{"count":1808,"lower_bound":"MTc5NTU4NzI3MQ==","upper_bound":"MTgwMjA0NzUxNw==","repeats":1},{"count":1816,"lower_bound":"MTgwOTcwODAxOQ==","upper_bound":"MTgxOTg0MDAxOA==","repeats":1},{"count":1824,"lower_bound":"MTgyMjY3MDM5NQ==","upper_bound":"MTg0NTUwNTE2Mw==","repeats":1},{"count":1832,"lower_bound":"MTg0NTU2MTYwMg==","upper_bound":"MTg0NzQ2OTk4Ng==","repeats":1},{"count":1840,"lower_bound":"MTg0OTYyOTc5MA==","upper_bound":"MTg3MDM0OTY3Ng==","repeats":1},{"count":1848,"lower_bound":"MTg3NTIwNzU1Nw==","upper_bound":"MTg4NTcyNDIyMA==","repeats":1},{"count":1856,"lower_bound":"MTg4NjExNDQxOQ==","upper_bound":"MTg5NDIyMjYyNw==","repeats":1},{"count":1864,"lower_bound":"MTg5NDgxOTQzMQ==","upper_bound":"MTg5OTQ0MzY1OA==","repeats":1},{"count":1872,"lower_bound":"MTg5OTc0MjI3Mg==","upper_bound":"MTkyMTUzNzY0OA==","repeats":1},{"count":1880,"lower_bound":"MTkyMjEyNTU0OQ==","upper_bound":"MTkzMjc4MTU3MA==","repeats":1},{"count":1888,"lower_bound":"MTk0NDM0OTY2Mw==","upper_bound":"MTk2NjM5OTI5Ng==","repeats":1},{"count":1896,"lower_bound":"MTk3MzA4MjcyNw==","upper_bound":"MTk3NzEyOTkxMg==","repeats":1},{"count":1904,"lower_bound":"MTk4NjIwODAzNA==","upper_bound":"MTk5MDYwMTQzNw==","repeats":1},{"count":1912,"lower_bound":"MTk5MTgxNTU4OQ==","upper_bound":"MTk5NzAxMjIyNA==","repeats":1},{"count":1920,"lower_bound":"MTk5ODQwOTgwNA==","upper_bound":"MjAwMjM2OTExNQ==","repeats":1},{"count":1928,"lower_bound":"MjAwOTQ2MTU2Ng==","upper_bound":"MjAyOTI1ODYyNg==","repeats":1},{"count":1936,"lower_bound":"MjAyOTcxNTk1Mw==","upper_bound":"MjAzMTcwNzQxOA==","repeats":1},{"count":1944,"lower_bound":"MjAzMjcwOTcxNg==","upper_bound":"MjA1NDIzMDY4Ng==","repeats":1},{"count":1952,"lower_bound":"MjA1NTE0NzcxOQ==","upper_bound":"MjA2OTQ4MDA4MA==","repeats":1},{"count":1960,"lower_bound":"MjA3MDQ3NDU1Ng==","upper_bound":"MjA3ODU2NzAzOA==","repeats":1},{"count":1968,"lower_bound":"MjA4ODg3NDYxNA==","upper_bound":"MjA5MTQxMjI0OQ==","repeats":1},{"count":1976,"lower_bound":"MjA5NDM2Nzk4Mg==","upper_bound":"MjEwNjE5Mzk0Mw==","repeats":1},{"count":1984,"lower_bound":"MjExMTAzNDA5MQ==","upper_bound":"MjExMzIxMzQ3OQ==","repeats":1},{"count":1992,"lower_bound":"MjExODg5NzIxNg==","upper_bound":"MjEyNzI3Mjc2Mg==","repeats":1},{"count":2000,"lower_bound":"MjEyNzQ2MDgwMw==","upper_bound":"MjE0MzIxMTY1MQ==","repeats":1}]},"cm_sketch":{"rows":[{"counters":[0,3,0,2,0,0,1,1,1,0,1,1,2,0,1,1,2,1,0,0,1,1,1,1,0,1,0,1,1,0,1,1,0,4,1,0,0,1,0,1,0,0,2,0,2,1,2,2,0,2,0,1,2,0,0,0,1,2,3,2,1,0,2,0,2,0,0,0,1,0,1,0,2,1,0,2,2,1,1,1,0,1,0,0,2,2,1,3,3,0,2,1,0,0,1,0,1,1,0,1,1,1,1,0,2,0,1,2,1,3,2,1,2,1,1,0,2,1,0,0,1,0,0,1,2,0,1,0,1,0,3,2,1,3,2,3,1,1,1,0,3,0,0,3,2,2,1,2,2,1,0,2,0,2,0,1,1,0,1,0,0,1,1,1,0,2,0,0,0,0,0,1,0,1,1,1,2,2,3,0,1,1,0,2,1,1,1,2,1,1,1,0,1,0,3,3,1,1,1,0,1,3,1,1,1,1,1,2,1,1,1,5,0,0,1,0,0,1,1,1,1,0,0,2,0,0,1,4,1,1,0,0,3,0,4,0,2,1,1,1,0,0,1,0,1,0,0,0,2,1,0,1,1,1,0,1,1,1,2,0,1,0,0,3,1,0,0,0,2,2,1,1,1,1,4,1,1,1,0,2,1,1,3,0,2,0,1,0,1,2,0,5,0,1,0,0,1,2,0,1,1,1,2,0,1,1,2,1,1,1,0,1,1,2,2,1,2,0,1,1,1,0,1,3,0,0,0,1,2,0,0,2,3,1,1,3,1,2,0,0,1,1,0,2,1,1,1,1,1,1,0,0,2,4,1,0,1,1,2,2,0,1,1,1,0,1,1,2,1,0,1,0,0,0,0,1,0,2,3,3,1,1,0,0,0,1,4,1,0,1,2,1,1,1,2,0,1,0,0,1,3,0,0,3,1,3,3,0,1,0,2,0,2,1,0,4,1,1,1,0,1,0,2,0,1,1,1,2,0,1,0,1,0,1,0,0,1,1,2,0,0,2,1,0,0,2,0,1,0,0,1,1,0,0,1,0,2,0,0,3,2,0,0,0,1,0,0,0,1,2,2,0,1,1,1,0,2,0,0,0,0,1,1,0,2,0,1,2,1,0,1,1,0,2,0,2,1,1,0,0,0,1,0,2,0,0,1,2,1,2,0,1,2,0,1,2,3,0,0,2,1,0,0,1,2,1,1,2,2,1,2,3,1,0,2,0,0,5,1,1,0,2,2,1,0,2,1,0,0,2,1,1,1,0,0,1,0,2,1,1,1,0,4,0,0,4,0,1,0,1,2,2,3,1,0,3,0,0,3,2,1,0,1,1,1,1,0,2,0,1,0,1,0,1,0,0,3,0,1,1,0,0,2,2,2,0,0,1,1,1,0,0,0,0,0,1,0,2,4,0,0,1,1,2,2,2,0,0,0,0,0,2,2,2,0,0,1,0,0,1,1,2,1,1,1,0,0,0,0,2,1,2,1,0,1,1,0,2,1,2,0,0,1,0,1,2,1,1,0,0,0,1,2,1,1,1,1,1,0,1,0,1,3,0,2,0,0,2,1,1,3,0,1,0,2,0,2,2,0,0,3,3,0,1,2,0,3,2,1,0,0,4,0,3,0,1,1,0,1,1,2,0,4,0,2,1,2,0,0,0,0,1,0,1,0,2,0,0,0,2,1,1,2,2,1,1,0,1,1,1,0,1,1,0,2,2,0,0,2,3,1,1,0,1,1,0,2,0,1,1,0,0,0,0,0,0,1,0,1,1,0,0,0,1,2,0,0,0,1,2,0,0,2,1,0,1,3,1,0,3,0,1,3,0,1,0,2,0,1,2,3,0,1,0,0,2,1,1,1,0,1,1,2,0,3,0,3,0,1,0,0,4,0,0,2,2,0,1,2,0,0,3,3,1,0,1,1,0,1,0,1,3,2,0,2,0,0,0,0,0,1,0,1,0,1,1,1,2,1,1,2,1,0,0,2,2,0,1,1,0,0,0,0,1,5,3,1,0,1,0,2,1,0,2,0,1,2,0,0,2,1,2,2,1,2,0,2,0,1,1,0,1,2,2,1,1,1,2,1,3,2,3,2,2,1,2,1,2,0,0,1,1,0,1,1,1,3,1,3,1,2,0,1,1,2,1,3,0,0,1,1,2,0,0,2,1,1,1,0,2,2,0,0,2,2,1,0,0,0,2,0,1,0,2,1,0,0,1,0,1,1,1,0,3,0,0,2,0,1,0,0,2,0,1,0,0,3,1,1,1,0,1,1,1,0,1,0,1,0,0,0,0,0,3,1,1,2,2,3,2,1,1,3,1,0,0,0,0,1,0,1,0,1,1,3,0,0,1,1,0,0,1,0,2,1,2,0,0,2,3,0,1,0,1,1,0,1,0,4,1,5,2,2,1,0,0,0,2,1,2,2,4,1,1,0,2,1,2,0,2,1,0,3,1,0,0,1,1,1,2,0,2,1,1,0,1,2,2,1,1,1,1,0,0,3,0,1,1,0,2,1,1,0,0,1,2,3,1,0,0,3,1,1,2,2,0,2,3,1,3,0,1,2,0,1,1,1,2,2,2,0,2,0,2,0,0,1,2,1,0,3,2,1,0,2,1,1,0,0,1,0,0,1,1,0,0,0,1,0,0,0,1,0,0,0,1,1,2,3,0,4,1,1,1,1,1,1,0,2,1,1,2,0,0,1,0,2,1,1,0,0,0,1,2,0,1,3,1,0,0,1,2,2,1,0,0,4,1,0,1,1,1,1,1,0,2,0,1,1,0,1,0,1,0,0,3,1,0,1,2,2,1,0,1,0,1,0,1,0,2,0,2,1,0,1,1,4,1,2,2,3,1,1,1,1,0,0,1,0,1,1,0,1,2,0,0,0,0,0,1,0,1,2,2,1,1,1,3,0,2,2,1,1,1,1,1,2,2,1,0,2,0,1,0,0,0,1,2,1,0,3,2,2,1,0,0,0,0,1,2,2,1,2,2,0,0,2,1,3,0,0,0,0,0,3,3,1,1,0,0,0,0,1,0,1,1,0,0,1,4,0,0,2,1,0,1,0,0,0,0,1,0,0,1,0,0,0,0,1,2,1,0,2,2,1,2,0,0,1,0,3,1,2,0,0,2,0,0,0,1,0,1,2,1,0,1,2,2,2,0,0,1,3,0,0,0,0,0,2,0,0,0,1,0,2,1,2,0,0,0,0,3,2,3,0,2,1,0,1,0,0,1,1,2,2,0,0,0,1,0,2,1,1,3,0,0,1,1,1,3,0,1,1,2,1,2,1,1,2,1,1,2,3,2,2,1,3,3,0,1,1,1,1,0,0,0,1,1,0,3,2,2,1,4,2,0,0,1,1,0,0,2,0,2,1,1,3,0,2,3,3,1,1,1,1,2,0,0,2,0,1,1,4,0,1,1,1,0,0,3,0,0,1,1,1,2,1,1,1,0,2,1,0,3,5,0,2,0,1,2,0,3,1,0,1,1,0,1,1,2,1,0,1,1,0,1,0,1,1,2,1,2,1,1,0,0,0,0,0,1,1,0,1,0,0,1,1,1,2,0,0,1,0,0,1,0,3,1,2,2,0,0,1,1,0,1,0,0,0,1,1,0,0,2,2,2,2,3,0,1,0,0,1,0,0,2,0,0,3,1,3,2,0,1,2,1,0,1,1,0,0,1,1,3,0,0,2,2,1,1,0,0,1,0,1,1,3,3,1,1,2,1,2,1,0,0,0,1,0,0,0,5,1,0,1,1,2,4,0,1,0,1,2,2,1,3,0,0,3,1,1,0,1,1,2,0,1,0,2,2,0,3,1,1,1,1,1,2,1,0,0,2,1,1,0,1,1,1,0,0,1,0,0,2,1,0,0,1,2,2,1,1,1,0,3,3,0,1,0,0,0,0,3,0,0,1,0,1,0,1,1,0,0,0,0,2,1,0,1,1,0,0,1,1,2,0,0,1,0,1,1,1,1,0,1,1,1,1,1,1,0,2,0,4,0,1,0,3,1,3,0,1,2,0,0,1,1,1,2,0,0,1,1,0,0,3,1,1,2,1,1,1,2,0,0,0,1,3,1,1,1,1,1,2,1,0,3,2,1,0,1,0,4,3,1,2,0,0,1,1,1,0,2,0,3,1,1,0,0,0,2,1,0,4,0,1,2,1,1,0,1,3,1,3,1,1,0,0,1,0,0,0,1,2,2,1,2,0,2,2,0,2,3,1,0,0,1,0,4,2,0,0,0,1,1,0,1,0,1,0,3,0,1,1,0,1,0,1,0,1,0,1,0,3,2,0,1,0,1,0,0,0,1,3,0,2,2,1,0,0,3,3,0,0,1,0,0,1,1,1,1,3,1,1,2,1,1,2,0,1,0,3,0,1,3,2,4,1,2,1,3,1,0,1,0,1,1,2,0,1,1,1,1,1,0,0,0,0,4,1,2,0,1,0,0,1,0,2,1,3,0,1,0,0,0,1,1,1,0,1,0,1,1,4,1,0,0,0,0,1,2,0,3,1,0,1,3,0,2,1,0,0,0,0,3,2,0,1,0,1,0,1,1,2,1,1,1,1,0,0,0,0,1,0,4,1,1,1,0,0,0,0,1,2,0,2,0,1]},{"counters":[0,0,3,2,1,1,0,0,0,1,1,1,1,2,2,2,1,1,1,1,1,1,1,0,2,0,2,2,1,0,2,2,2,0,2,0,0,3,2,2,1,1,0,0,1,0,0,2,1,4,0,1,0,2,1,0,0,0,0,2,2,0,0,1,0,1,2,0,0,0,4,2,2,2,0,0,1,0,0,0,3,1,0,0,1,1,0,2,1,2,1,2,1,0,1,2,0,2,0,1,1,2,0,1,0,1,3,3,2,1,0,2,0,1,0,2,1,1,1,0,0,3,0,1,1,1,1,2,0,4,1,1,1,1,1,2,0,0,2,2,2,0,1,2,1,1,2,0,1,0,0,0,1,2,1,0,0,2,2,1,2,0,0,1,2,2,1,1,1,2,1,1,1,3,1,1,1,1,1,1,0,1,0,2,1,0,0,1,2,0,3,1,1,0,1,1,1,2,2,1,1,1,3,1,0,1,1,1,1,2,0,0,2,0,0,0,1,0,0,0,1,1,2,0,1,1,0,0,1,0,0,0,0,0,1,2,3,0,1,0,1,3,1,0,1,0,0,2,0,0,0,1,0,1,1,1,2,0,1,1,1,0,0,0,2,2,1,0,0,3,0,3,3,1,0,2,0,0,1,0,5,0,2,2,1,0,1,0,1,0,1,1,1,1,0,0,0,1,0,3,1,1,0,0,2,0,1,2,0,1,2,1,2,1,2,3,3,2,0,1,0,2,0,0,0,2,2,1,0,2,1,1,0,1,0,0,1,1,2,3,2,0,4,3,0,0,2,1,3,0,0,3,0,3,1,0,3,0,2,0,2,2,2,0,3,0,2,0,1,1,1,0,3,4,1,1,2,0,0,1,1,1,0,0,0,2,0,0,1,1,1,0,2,0,0,0,2,0,0,0,0,1,2,0,1,3,0,2,0,1,0,2,0,1,1,0,0,0,0,2,2,3,0,1,2,2,3,4,0,1,0,0,0,0,0,2,0,2,2,1,3,1,1,1,0,3,1,1,1,1,0,1,2,0,0,0,0,0,0,1,0,1,1,0,1,0,0,1,0,3,1,0,1,0,0,2,1,2,2,1,0,1,1,0,0,1,1,0,1,1,5,2,2,0,3,2,0,1,1,4,1,2,0,1,3,0,4,0,1,0,3,2,0,3,0,0,0,0,0,0,1,0,0,3,1,0,2,0,2,1,0,1,0,0,3,2,1,0,1,1,0,1,0,1,3,1,3,2,0,3,0,0,1,2,2,1,1,1,0,1,0,0,3,1,0,1,1,2,2,0,1,1,1,0,1,3,0,1,2,1,0,1,1,1,0,1,1,1,2,1,2,0,3,0,0,0,3,1,1,0,2,0,1,0,1,1,0,2,0,0,1,1,4,0,0,0,1,0,2,0,2,0,0,1,1,2,0,1,0,1,2,0,0,1,1,1,1,0,0,2,0,2,0,0,1,2,3,1,0,1,0,1,3,0,1,1,2,1,2,0,2,3,1,0,0,0,1,2,1,2,2,2,0,1,0,1,0,0,1,2,0,0,3,2,1,1,0,0,3,0,1,0,2,0,1,0,0,3,1,0,0,4,0,1,1,1,0,0,1,0,0,1,1,1,0,2,1,0,1,2,2,2,1,0,3,2,0,0,0,0,0,0,1,1,0,0,1,0,2,0,1,2,3,1,1,1,2,0,1,2,0,1,2,3,0,1,1,1,0,0,0,1,1,0,3,2,1,0,2,0,0,1,1,1,0,3,1,1,1,2,1,1,0,1,0,1,1,0,2,0,0,1,0,0,1,0,3,0,3,0,1,0,1,2,0,3,1,1,3,0,2,2,2,0,1,0,0,3,1,1,0,1,0,2,1,1,1,0,1,2,0,1,1,1,0,0,1,1,0,0,2,3,1,0,0,0,1,1,0,2,0,0,0,0,1,1,1,1,1,2,0,2,0,3,1,0,1,5,2,0,2,2,0,2,1,0,0,2,2,1,0,1,0,2,2,1,0,2,2,1,1,0,0,1,1,1,0,1,1,0,4,3,0,0,3,0,2,2,0,1,1,1,2,0,0,1,0,2,1,0,0,2,0,0,1,0,0,0,0,2,1,1,3,2,3,0,1,1,3,1,0,0,1,3,0,2,0,0,0,0,1,1,0,0,0,2,1,0,1,0,3,0,1,0,0,0,2,2,0,1,1,1,1,1,0,1,1,2,0,0,1,0,0,0,0,1,0,1,2,2,2,0,1,0,0,0,0,2,1,1,1,0,2,2,0,1,1,3,0,0,1,0,0,1,2,0,2,0,0,1,0,0,2,0,1,3,1,1,1,2,2,0,1,0,1,3,0,2,1,1,0,2,1,0,0,2,1,2,2,1,2,1,0,1,0,0,1,0,1,0,0,0,4,1,0,0,1,2,1,0,0,1,2,1,0,1,0,0,0,3,1,0,1,4,1,3,1,1,1,1,0,2,0,1,0,0,1,2,1,0,2,3,1,0,1,0,0,0,1,1,1,2,0,1,1,2,2,1,2,0,0,1,2,1,3,3,0,0,1,1,1,1,1,0,2,0,0,0,3,2,0,5,0,2,3,4,1,1,0,2,0,2,1,0,1,2,3,0,2,2,0,0,2,3,0,1,1,1,0,0,0,2,1,2,2,1,3,0,1,1,1,1,1,0,0,1,1,0,3,0,2,1,0,0,4,0,1,0,1,2,1,0,1,2,0,1,0,1,1,0,2,1,2,4,2,3,0,0,1,2,1,1,2,0,2,0,2,0,1,3,1,0,0,2,0,0,2,1,4,1,1,1,1,1,0,0,1,0,1,0,0,1,1,2,1,0,4,0,1,0,4,1,3,0,0,0,0,0,0,2,1,1,0,1,0,0,0,0,0,0,0,3,0,2,0,0,2,0,0,0,1,1,1,2,2,0,1,3,1,0,2,0,0,3,2,2,1,1,3,0,2,1,0,0,1,2,1,0,0,0,0,0,2,2,0,0,0,1,2,0,0,1,1,1,1,1,0,1,1,1,0,0,1,0,2,1,0,3,2,0,0,4,2,0,1,7,1,2,3,1,1,1,0,2,0,1,1,1,1,0,4,0,1,3,2,1,0,1,0,1,1,2,0,0,0,1,2,2,0,0,1,0,0,1,0,0,1,0,0,0,0,3,2,1,1,0,0,0,1,0,0,1,2,0,0,1,2,1,0,1,0,2,3,1,1,2,0,2,0,1,0,1,3,0,2,3,2,1,0,0,0,0,1,1,3,1,0,0,0,1,1,0,0,1,1,0,0,2,0,2,4,0,1,1,1,1,1,0,0,1,1,2,0,0,0,2,0,1,2,0,1,0,0,0,2,1,0,1,1,0,0,1,0,0,2,2,2,2,1,1,1,0,0,1,1,0,4,0,1,0,1,0,1,1,2,1,2,1,0,3,1,0,1,0,2,0,2,1,2,1,0,1,4,1,1,4,0,1,1,0,0,1,0,1,0,0,0,3,2,2,1,1,1,2,1,2,1,1,1,2,2,1,2,0,1,1,1,0,0,0,1,0,2,0,3,1,0,2,0,3,2,3,1,0,0,2,1,3,2,0,1,2,2,1,1,0,3,0,2,3,1,1,0,2,1,1,0,0,0,1,2,1,0,0,3,0,1,1,1,0,0,2,1,0,1,2,1,3,1,0,1,1,2,1,1,0,2,1,3,4,1,0,0,0,1,0,0,5,1,2,0,2,0,2,0,1,0,2,1,0,0,1,1,2,0,2,1,2,0,1,0,2,1,1,0,0,0,1,1,0,1,0,1,0,2,1,1,2,2,0,1,2,3,1,3,4,2,0,1,0,0,1,2,0,0,3,0,0,1,1,0,0,0,1,2,2,0,1,1,3,2,0,0,2,0,1,1,2,0,0,0,4,1,1,1,1,1,0,0,1,2,2,1,1,0,0,1,0,1,0,2,2,2,0,1,1,1,1,2,0,1,1,2,2,1,2,1,3,3,1,1,1,1,3,1,0,0,0,0,1,0,0,2,1,1,2,0,2,0,1,4,0,0,0,2,0,2,0,0,3,0,1,0,1,2,1,3,3,3,0,0,1,1,3,1,0,0,0,2,1,2,0,0,0,0,3,0,1,1,1,1,1,0,1,2,2,1,1,0,0,1,0,2,1,0,0,0,3,1,2,0,3,0,0,0,2,1,0,1,1,0,1,1,1,1,0,0,0,3,0,0,0,1,1,0,1,0,0,0,2,0,0,0,1,0,1,1,0,2,3,0,2,1,1,1,0,3,2,0,0,1,3,0,0,0,2,1,2,1,0,1,2,1,2,1,0,1,1,0,3,0,1,1,0,1,0,3,1,0,2,0,0,1,0,0,1,0,1,1,0,1,0,0,1,1,1,1,0,0,3,0,1,0,0,3,1,0,1,0,1,0,3,1,2,1,1,0,0,0,1,2,0,2,0,0,1,1,0,1,0,1,2,0,0,0,4,0,0,1,2,2,0,3,1,0,1,2,0,1,1,0,1,4,1,1,1,2,1,1,1,1,0,0,1,0,1,0,2,0,3,0,0,0,0,2,0,0,0,1,1,2,1,1,1,1,0,0,1,1,0,1,0,0,2,3,3,1,1]},{"counters":[2,1,0,1,0,0,1,0,2,0,1,3,0,0,0,0,1,1,1,0,1,2,0,1,0,0,1,0,2,1,2,2,0,0,0,1,1,0,1,1,2,0,1,1,1,0,2,0,1,3,0,1,1,0,0,0,0,1,1,4,3,0,1,1,0,2,0,0,0,1,2,0,1,1,1,1,0,0,1,4,5,0,0,1,2,0,0,0,2,1,1,2,2,1,1,0,0,1,1,1,4,0,2,0,0,3,0,1,1,0,1,0,0,0,0,2,1,2,0,3,1,1,1,1,1,0,1,0,1,0,0,1,3,2,0,2,0,0,1,2,2,1,1,1,1,2,0,0,2,2,1,0,1,3,1,2,2,1,1,0,0,1,0,0,0,2,1,0,0,1,1,2,1,1,0,1,0,1,3,0,0,0,0,1,2,1,1,0,1,2,0,0,1,1,0,1,2,1,0,2,0,0,1,3,0,0,1,3,0,2,2,2,0,0,0,2,0,1,1,0,1,2,1,1,1,1,1,0,1,2,1,0,1,1,0,2,0,2,1,0,5,0,2,2,1,0,2,1,1,1,0,1,0,2,1,0,1,0,0,2,1,0,1,0,2,1,0,0,2,1,1,0,1,0,2,1,4,0,1,0,5,0,1,0,2,2,2,1,0,1,0,1,0,1,1,1,1,0,1,1,0,0,1,0,0,0,1,2,1,0,2,0,1,0,2,0,1,0,1,2,0,0,1,1,1,2,4,0,0,2,1,0,1,2,0,4,1,0,0,2,0,4,2,0,4,1,1,1,1,2,1,1,0,0,1,0,1,1,0,0,0,0,1,0,0,0,2,1,3,0,3,1,1,1,2,0,2,1,1,1,0,1,0,3,1,0,1,0,0,2,1,0,1,0,1,1,2,0,5,1,1,1,1,3,2,0,3,1,0,0,3,0,1,0,0,1,1,3,1,0,0,0,1,1,0,0,2,1,1,1,1,2,1,3,0,0,0,2,1,0,0,2,3,1,1,0,0,1,0,0,1,0,0,1,0,2,1,0,0,4,2,2,0,1,0,3,3,1,0,3,2,2,1,1,3,2,3,1,1,2,1,1,1,1,1,0,2,0,2,1,0,0,1,0,0,1,1,1,1,1,1,0,1,0,0,0,0,1,0,0,0,0,2,1,0,2,1,1,3,1,1,1,1,2,0,0,3,0,1,1,0,1,1,2,1,0,1,0,3,1,1,1,2,0,2,0,2,0,1,0,0,1,0,1,5,4,2,1,1,1,4,0,3,1,2,2,0,3,1,1,0,1,0,1,1,1,2,1,1,4,1,3,1,2,0,0,1,2,1,0,1,0,0,1,0,3,2,1,1,0,1,2,2,3,0,1,0,1,1,0,2,1,1,2,1,1,1,1,2,0,1,3,0,0,2,1,0,0,1,1,2,2,0,0,0,2,1,0,3,0,2,1,2,0,1,1,1,3,1,0,2,1,0,1,1,1,2,1,1,2,1,2,3,3,3,0,2,2,0,0,1,1,1,1,1,2,0,2,1,0,1,0,0,0,0,2,1,2,2,0,2,2,0,2,1,1,1,1,0,1,3,0,2,3,0,2,0,3,1,3,1,1,1,1,0,2,1,0,1,3,0,2,2,2,1,2,3,4,2,6,2,1,0,0,0,1,1,0,2,1,1,1,0,1,0,1,1,2,2,1,1,0,1,1,0,0,2,2,0,1,3,1,0,0,0,1,0,4,0,1,0,5,1,1,1,2,1,1,0,0,0,0,0,0,0,2,0,0,0,1,0,0,5,0,3,4,1,0,3,1,1,0,0,2,1,1,0,0,1,1,1,1,0,0,2,0,1,0,1,2,3,1,0,1,0,0,1,2,4,1,1,0,4,2,1,0,1,1,0,5,0,0,0,2,2,3,1,2,1,3,1,0,1,1,3,0,0,2,0,1,0,2,4,3,2,2,0,2,3,2,2,1,0,0,0,3,0,0,1,0,2,0,4,1,1,1,0,0,0,2,2,0,1,1,2,2,1,2,1,1,2,2,0,1,0,2,0,0,0,1,0,1,2,2,0,1,2,1,0,0,0,0,0,0,2,0,0,3,0,2,0,0,0,1,1,1,0,2,0,4,1,1,1,0,1,3,1,0,2,1,1,0,0,2,0,1,1,0,3,0,2,1,1,0,0,3,1,0,1,0,2,0,0,2,1,2,2,0,0,1,0,1,2,0,2,1,0,2,0,0,2,1,2,1,4,1,1,1,0,0,0,1,1,0,3,1,0,0,0,0,0,2,3,0,1,0,0,0,0,2,0,0,1,2,0,0,1,1,3,3,1,1,3,1,1,0,1,0,2,1,2,1,2,2,0,3,1,0,0,2,0,2,1,2,1,0,0,1,0,0,0,2,1,0,0,2,1,0,1,1,0,2,0,2,3,0,0,2,0,3,0,2,1,0,0,0,1,0,1,2,1,1,0,2,0,0,2,0,2,0,0,1,2,3,3,0,1,1,1,0,0,0,2,0,1,1,0,1,1,0,0,0,0,0,1,1,0,1,0,2,0,1,1,0,4,0,0,2,0,2,0,0,3,2,0,0,0,1,1,2,0,1,0,1,1,1,2,2,1,2,1,1,2,1,1,1,0,1,0,2,0,2,0,1,0,1,1,2,1,1,1,2,1,1,1,2,2,0,0,2,0,2,0,1,0,0,1,2,1,2,0,1,0,1,0,2,1,3,3,2,1,1,1,0,1,0,0,0,0,2,1,2,2,2,1,0,0,1,4,2,1,1,0,1,1,0,1,0,0,0,1,0,1,0,2,0,3,0,0,1,2,2,1,2,0,1,0,2,1,2,0,0,1,0,0,2,2,1,1,1,3,0,3,4,2,1,1,0,1,2,1,0,1,0,2,1,0,2,2,1,1,1,1,1,1,1,2,0,1,1,0,1,2,2,3,1,0,3,1,1,2,0,1,0,2,1,2,0,4,0,1,0,2,0,1,1,1,3,2,1,0,1,1,0,0,1,1,1,0,0,1,1,0,0,1,0,2,0,2,0,2,2,1,1,3,2,0,1,1,1,4,0,0,0,0,2,1,0,1,1,0,0,1,1,1,1,1,2,1,1,0,0,1,1,0,1,2,3,1,1,0,1,0,1,0,1,0,3,1,0,3,0,3,1,1,1,0,3,2,1,2,1,0,1,0,1,1,0,0,0,0,2,1,0,0,3,0,2,2,1,0,2,1,0,0,1,0,0,0,1,0,0,3,2,0,0,2,0,1,2,1,1,1,0,2,1,0,2,4,1,0,0,0,1,0,1,2,3,1,1,0,3,0,1,1,0,1,2,0,1,1,0,1,0,1,0,3,0,2,0,1,2,0,2,1,1,1,0,2,2,1,2,3,1,1,0,1,1,2,0,0,0,0,1,1,1,0,2,0,0,1,1,1,0,1,3,2,0,2,1,2,0,0,3,1,2,0,0,1,0,2,1,1,1,2,0,0,0,0,0,1,0,0,0,1,1,0,1,1,1,0,0,0,0,1,2,0,1,0,1,1,0,0,1,2,1,1,1,2,1,0,1,3,0,0,1,3,0,1,1,0,1,2,1,1,1,0,3,1,4,1,2,0,0,0,2,0,1,0,1,1,1,1,4,1,0,0,1,2,0,1,0,1,0,0,0,2,0,1,3,1,0,0,2,0,1,2,1,0,1,0,0,0,0,1,2,1,2,3,1,1,0,1,0,0,1,0,0,2,2,1,0,1,3,1,0,0,0,0,0,3,0,1,0,1,1,1,0,1,0,1,2,0,1,1,2,1,2,1,0,0,1,0,2,1,0,1,0,1,0,3,0,0,1,2,0,2,2,0,0,1,1,1,2,1,0,1,2,2,0,1,1,0,0,0,2,1,1,1,2,0,0,1,0,0,2,2,1,1,1,0,0,0,2,0,0,1,0,0,1,1,0,2,1,1,0,1,3,2,0,1,1,0,0,1,1,0,1,0,1,2,0,1,1,2,2,1,1,2,1,2,0,3,3,0,0,1,0,1,0,1,3,0,0,0,0,0,1,0,1,0,0,2,0,3,1,2,0,1,4,0,1,1,0,3,0,0,3,0,2,1,0,0,2,0,2,0,1,0,1,0,0,0,2,1,1,0,0,0,1,0,0,1,1,2,0,1,1,2,1,2,2,0,0,5,0,0,4,0,0,1,0,0,1,0,2,0,1,0,2,0,0,1,2,2,0,1,1,0,0,1,1,1,0,2,1,1,0,0,0,1,3,2,1,1,1,1,0,1,0,1,2,1,0,1,0,1,2,1,0,0,0,0,0,0,1,3,1,2,0,2,0,0,1,2,2,0,0,1,2,1,2,0,1,2,1,3,0,0,0,1,1,2,1,0,1,0,2,1,1,1,1,0,2,0,0,0,0,0,3,0,0,2,1,1,2,0,1,1,2,0,1,0,0,1,0,0,1,1,0,2,4,1,0,2,0,2,2,1,3,0,2,0,2,2,0,0,1,3,0,2,0,0,1,2,0,0,2,1,1,1,0,1,0,1,1,2,1,0,0,2,0,0,0,0,2,1,2,0,0,0,2,0,0,1,0,0,1,1,0,2,2,2,3,0,0,0,4]},{"counters":[2,3,3,1,2,0,1,1,1,0,0,0,1,0,0,3,1,0,0,0,0,2,0,0,1,1,2,1,0,0,2,1,1,0,0,0,1,0,1,1,2,1,1,0,1,0,0,2,0,2,1,1,1,2,1,0,3,1,3,1,0,0,0,1,1,0,1,1,0,1,2,2,1,1,0,2,0,2,2,1,1,0,2,1,2,0,0,0,0,0,0,0,0,0,1,0,2,0,0,0,0,3,0,1,2,0,0,2,1,0,1,1,0,0,2,0,5,1,2,1,2,1,1,0,3,3,1,3,1,1,1,2,2,0,0,0,1,0,0,3,0,0,2,0,1,1,1,3,1,0,0,1,1,0,1,0,0,1,2,0,1,1,0,0,2,0,2,1,0,1,2,1,2,0,0,0,0,0,0,0,3,1,2,1,0,0,0,1,3,0,0,1,0,0,0,2,0,2,0,1,1,1,3,2,0,1,2,1,1,1,1,1,0,1,1,1,0,1,0,2,1,1,1,1,0,0,0,0,0,0,2,1,1,1,1,2,2,0,0,0,0,0,0,3,0,0,0,2,0,0,1,1,0,1,1,1,1,1,0,1,1,3,1,0,1,0,2,0,0,1,2,0,0,0,1,2,1,2,0,0,2,2,0,0,0,1,0,0,0,1,0,1,0,3,0,1,1,0,0,0,3,0,2,1,1,1,0,1,2,2,3,1,1,1,1,1,0,1,1,1,2,0,0,2,0,0,0,1,2,2,1,2,2,1,0,0,1,0,1,1,0,1,2,1,1,0,3,1,1,0,1,0,1,2,0,0,2,0,1,2,1,0,0,2,0,1,0,0,1,3,3,3,2,1,0,3,0,0,2,0,0,2,1,2,0,4,1,1,4,0,0,0,2,2,2,1,0,1,3,3,3,2,1,1,1,0,0,2,1,0,1,1,0,1,1,2,4,1,2,1,0,4,0,1,0,1,0,0,0,1,0,1,1,1,1,1,1,2,1,0,2,4,0,0,0,0,1,2,0,1,3,1,1,1,1,1,0,1,1,0,2,3,1,0,0,0,3,2,1,2,0,0,0,1,3,1,1,1,2,0,1,0,0,0,3,1,1,2,0,1,2,1,0,1,0,0,0,0,0,1,4,2,2,3,0,1,0,0,4,1,1,0,0,0,3,0,3,0,0,0,1,1,1,0,3,2,1,0,0,0,1,2,0,0,0,1,0,0,2,0,1,2,1,3,1,3,2,1,0,1,1,2,0,1,0,3,0,0,0,0,0,0,1,2,1,3,1,0,1,1,0,1,1,1,1,1,0,1,2,1,2,1,0,0,1,1,0,3,0,1,0,0,1,5,1,0,0,1,0,3,0,1,1,0,0,1,0,1,2,0,0,3,2,0,1,0,0,2,1,2,1,1,0,1,2,3,1,0,0,2,1,2,0,1,1,1,1,0,0,3,0,2,1,1,1,0,0,0,0,1,3,0,2,3,1,2,0,0,0,1,2,2,1,2,0,0,0,2,2,1,0,0,0,1,0,2,0,3,1,1,2,1,1,3,3,0,0,1,1,4,0,2,0,1,2,0,1,0,0,2,2,2,2,0,0,0,0,1,2,0,1,0,1,0,1,0,1,0,2,0,1,0,2,0,1,1,0,1,1,0,0,0,2,3,3,0,3,0,2,1,2,0,2,0,1,1,1,0,1,0,0,0,0,2,4,0,1,2,1,1,0,0,2,0,1,0,1,2,3,0,0,1,0,2,1,2,3,0,1,1,0,1,1,1,1,3,2,1,0,0,2,2,1,2,0,0,0,2,3,2,0,1,0,2,1,1,1,1,3,0,2,0,1,1,0,1,1,2,1,1,2,1,0,1,1,3,2,1,0,0,0,1,2,1,1,0,1,3,0,1,0,2,0,0,1,1,1,1,1,1,1,1,2,1,2,1,0,4,1,0,0,1,2,0,1,3,0,2,0,1,1,1,0,1,2,1,0,0,0,0,1,2,0,0,1,0,1,0,1,0,1,1,2,2,3,1,2,2,0,0,0,0,4,2,0,1,1,2,1,1,0,1,0,0,5,0,1,0,1,0,0,2,0,0,3,0,0,1,2,1,0,1,3,3,0,1,1,0,1,2,0,0,3,1,0,1,2,0,0,2,0,1,2,1,0,1,0,2,2,1,1,2,0,1,0,0,1,0,0,2,2,2,2,0,0,2,1,2,3,0,2,0,3,1,0,0,0,1,1,0,1,2,0,1,1,1,0,0,2,1,2,0,1,0,0,4,2,0,1,0,1,1,0,1,0,0,0,0,1,0,2,2,2,3,3,0,0,1,0,2,1,1,3,3,1,3,1,0,1,2,1,3,2,2,0,0,2,3,2,0,1,1,1,1,2,0,1,1,1,0,1,0,0,1,0,1,2,0,0,0,0,1,0,2,1,0,1,1,1,0,1,2,1,1,1,0,0,2,0,1,0,0,0,0,2,1,2,3,1,1,1,0,1,3,0,1,2,1,0,2,1,0,2,3,0,1,0,2,0,0,0,0,0,2,0,0,2,1,1,0,1,0,0,4,2,3,1,1,3,2,0,3,0,0,1,0,1,1,3,0,0,2,1,1,3,1,1,1,0,0,0,0,0,1,1,0,1,2,1,1,1,0,1,0,2,2,0,1,2,1,0,1,1,0,2,2,1,1,1,1,2,0,1,1,2,0,3,1,1,1,0,1,3,0,1,0,2,2,2,1,1,0,4,0,0,2,0,3,0,3,1,2,3,2,1,0,1,1,1,1,1,1,1,0,0,1,3,0,1,1,1,1,1,0,0,0,3,2,0,0,1,1,1,0,0,0,0,0,0,1,1,1,0,1,1,2,1,1,1,1,0,2,1,0,0,2,0,0,2,1,1,0,1,2,1,0,2,3,1,1,1,1,4,1,1,0,2,0,0,0,0,0,2,0,3,1,1,2,0,2,0,0,0,0,1,2,0,1,1,0,2,1,1,1,0,5,0,1,1,4,1,1,0,1,0,1,2,1,1,2,2,0,0,1,1,1,0,0,0,1,1,0,1,0,0,1,1,2,0,0,0,1,1,1,1,0,2,1,1,1,0,0,0,0,2,2,1,1,2,0,3,1,0,2,0,1,1,1,3,1,0,4,0,3,1,0,2,1,2,1,1,1,0,0,1,1,0,1,1,2,0,1,0,1,2,1,0,2,0,2,1,0,0,1,0,2,1,2,0,0,1,2,1,1,0,0,2,1,2,2,0,1,1,3,2,3,4,0,1,0,0,1,3,2,1,0,2,2,0,4,0,0,1,0,0,0,1,1,1,1,0,0,1,0,1,0,0,0,2,1,2,3,1,0,0,1,1,0,3,0,1,1,0,1,0,1,0,1,4,2,0,1,1,1,0,1,1,0,0,1,1,0,1,0,4,0,0,3,2,1,1,1,2,0,0,1,3,0,0,1,2,1,1,3,0,0,0,2,3,1,1,1,1,0,1,2,2,1,1,0,2,0,0,1,2,1,0,0,1,2,0,1,3,1,1,0,0,0,1,0,1,1,2,0,1,4,1,0,0,2,2,2,0,2,0,1,1,1,0,2,1,1,4,1,2,3,0,2,2,1,0,1,0,2,0,0,0,1,2,0,1,0,2,0,1,1,0,0,1,1,2,1,0,2,1,0,1,0,2,0,0,2,1,2,0,1,1,2,1,0,0,2,0,0,1,3,2,1,1,0,1,1,2,3,0,1,2,1,0,2,0,0,0,0,2,1,0,2,2,2,1,2,1,1,2,1,1,0,0,1,0,0,0,0,0,0,0,1,0,0,1,2,0,1,2,1,0,0,1,0,1,2,1,1,3,0,0,0,1,1,2,1,1,1,0,2,0,2,0,1,0,2,0,3,2,2,1,0,2,1,0,2,2,1,5,0,3,2,1,2,0,1,1,0,1,2,4,1,2,1,0,1,1,2,1,0,1,0,0,1,3,2,0,4,0,1,2,0,2,2,2,2,1,1,2,2,0,0,0,1,2,0,1,2,0,3,0,0,0,1,1,2,1,0,2,1,2,3,1,3,1,0,1,0,0,0,0,1,1,1,0,1,0,4,0,1,0,0,4,4,1,1,1,3,0,0,0,1,1,1,0,3,1,2,0,0,1,1,0,0,1,2,1,1,3,0,2,1,2,0,1,1,0,1,2,2,0,1,1,1,2,0,1,2,2,1,0,0,2,1,2,2,1,1,1,0,1,0,3,2,1,1,2,2,0,1,0,1,2,1,0,2,1,1,1,0,0,2,1,1,0,0,1,0,2,1,0,2,1,1,0,0,0,1,2,1,0,1,1,0,1,0,2,0,0,1,1,0,1,0,1,1,0,2,2,1,1,0,0,0,0,0,1,1,1,0,1,0,0,1,0,0,1,2,1,0,1,1,0,0,1,0,1,2,2,2,2,0,0,1,2,1,1,1,1,3,0,1,0,1,1,2,1,3,0,1,4,2,1,1,0,2,0,0,1,1,0,0,0,0,0,2,1,0,1,0,1,0,1,3,0,2,3,0,0,0,1,0,0,2,0,0,1,0,1,2,2,0,1,0,0,0,3,1,2,3,0,2,1,2,0,2,1,3,0,2,2,3]},{"counters":[2,2,1,3,0,2,3,0,1,2,0,1,0,1,1,2,1,1,1,1,1,1,0,1,2,0,1,1,5,0,3,0,2,1,2,1,0,0,0,1,1,2,1,0,2,1,0,2,0,2,4,0,0,0,1,2,1,0,1,2,1,0,3,1,0,0,0,1,2,1,1,1,0,0,1,1,0,2,1,0,1,2,2,0,0,1,0,0,0,2,1,1,1,4,2,2,0,0,0,0,0,0,0,2,2,1,0,2,0,3,3,0,1,1,1,0,0,0,0,1,0,0,0,2,1,1,0,2,1,0,0,2,0,1,4,2,0,2,2,1,0,0,0,0,0,1,0,2,2,1,1,0,0,0,1,2,1,1,0,3,2,0,0,2,1,0,1,0,0,0,2,0,0,1,2,5,0,0,1,0,0,1,0,3,0,0,0,1,1,1,1,1,0,1,4,0,1,1,0,1,1,3,0,3,1,0,0,0,0,0,1,0,1,1,0,1,1,2,2,2,1,1,0,2,0,0,0,0,1,0,1,0,1,1,4,2,0,0,3,0,2,1,1,2,1,0,0,3,1,1,0,0,1,3,2,1,0,0,1,2,3,1,0,1,1,1,2,0,1,1,1,1,0,2,0,1,0,1,2,2,0,0,0,1,4,1,0,1,1,0,0,0,2,2,0,0,1,1,0,0,1,1,1,2,0,1,0,1,1,2,0,2,0,0,2,2,3,0,0,0,1,1,0,2,0,2,0,1,2,0,1,0,1,0,1,1,0,0,2,0,0,0,0,0,0,2,0,1,0,2,0,0,0,2,0,3,2,1,1,1,1,1,4,1,0,0,0,0,0,2,2,3,1,0,0,1,1,1,1,0,1,0,2,0,1,1,2,0,0,1,1,0,0,1,0,1,0,0,1,2,1,1,0,2,1,0,1,2,1,0,2,0,1,1,1,2,3,0,1,1,0,0,0,1,2,0,2,0,0,0,0,1,1,1,1,0,1,3,1,0,1,1,2,2,7,1,0,1,0,4,0,4,1,0,1,1,0,0,1,0,2,1,1,2,1,1,0,0,1,1,0,3,1,1,0,2,1,2,1,0,2,0,0,1,0,3,2,2,1,1,1,0,0,1,1,2,1,0,0,1,0,0,0,2,2,0,1,4,2,0,0,0,1,2,1,1,0,1,1,0,2,0,1,0,0,2,1,1,0,1,2,3,0,0,0,1,2,0,0,1,0,3,1,2,0,2,0,1,0,1,2,2,0,0,0,0,0,2,0,0,0,0,1,0,1,1,2,3,0,2,2,2,0,1,1,3,1,0,1,0,2,0,1,2,1,1,1,1,0,0,0,3,0,0,1,0,1,0,3,1,2,0,0,3,1,4,2,1,1,2,0,0,1,3,0,1,1,0,3,4,1,1,1,1,2,3,2,2,0,0,2,0,2,3,2,0,1,0,3,2,2,1,1,0,1,2,1,2,1,0,1,0,2,3,0,2,1,2,1,0,2,1,1,1,0,3,4,1,0,1,2,0,2,2,2,1,1,0,1,2,0,0,2,2,0,4,2,1,0,3,0,0,1,0,1,1,0,1,0,0,3,1,1,2,3,0,0,0,0,1,0,1,3,0,1,0,0,0,2,1,1,1,1,1,1,1,1,0,2,1,0,3,2,2,1,0,0,2,0,0,1,0,1,1,0,0,2,2,3,1,1,0,2,0,2,3,1,1,2,3,1,0,0,3,1,1,0,2,1,1,1,2,0,0,2,4,1,4,1,0,1,1,3,0,0,3,0,1,0,2,1,3,3,0,1,4,0,1,2,1,1,2,1,1,2,2,4,0,1,1,1,2,0,0,2,0,0,0,0,1,0,2,0,0,1,0,0,0,1,0,0,0,1,0,0,1,0,0,1,1,2,1,2,3,0,2,0,0,2,0,0,2,0,2,2,1,0,0,0,0,1,0,0,2,0,2,2,1,1,3,3,1,0,0,0,1,4,1,0,2,1,3,0,0,3,0,1,1,0,0,0,0,0,1,2,1,2,0,0,1,2,3,1,1,1,1,3,1,2,1,0,3,1,3,1,1,1,0,0,3,3,1,1,1,0,0,1,2,0,0,4,1,2,1,3,0,1,0,2,4,2,0,0,0,1,0,0,0,2,1,0,1,0,1,1,0,1,4,0,0,6,1,0,0,3,1,1,2,0,1,1,0,0,1,0,3,0,1,0,1,3,0,1,1,1,0,2,0,1,5,0,0,1,0,1,1,1,1,1,0,0,1,2,0,0,1,1,0,1,1,1,1,0,1,1,1,0,0,2,2,0,0,2,0,2,0,3,0,0,0,2,1,1,1,0,0,1,2,1,1,2,3,0,1,1,0,3,3,1,2,1,1,2,0,2,2,1,2,0,0,1,2,1,1,1,1,2,3,2,1,0,1,1,3,2,1,0,0,0,2,2,0,0,0,1,0,3,0,0,1,2,0,1,0,0,1,1,0,1,4,2,2,2,0,0,1,1,0,1,0,1,0,2,0,2,2,0,0,0,2,0,0,1,2,1,1,0,2,1,0,0,0,0,2,1,4,0,1,0,1,0,1,2,1,1,0,2,2,2,3,1,2,0,0,0,0,2,0,2,1,1,0,1,0,1,0,1,2,2,1,0,0,0,0,1,0,2,0,3,0,0,1,0,2,3,1,1,2,2,0,0,0,5,2,2,1,1,0,1,0,1,0,1,0,0,0,1,0,3,1,0,1,1,0,0,1,1,2,0,2,0,0,1,0,0,1,2,2,2,0,1,1,0,2,0,0,3,0,0,1,1,0,2,1,3,1,0,0,1,0,2,3,1,1,1,1,2,1,0,1,0,2,1,0,4,0,0,2,4,2,1,0,1,1,0,0,4,3,1,0,0,1,1,1,0,1,1,0,1,1,0,0,0,1,1,0,1,1,0,0,0,0,0,0,2,2,2,1,1,0,0,2,0,0,1,0,1,1,1,0,0,0,1,1,1,0,0,2,1,2,0,2,3,0,3,0,1,0,0,1,0,1,0,2,3,0,1,1,0,2,1,1,0,1,2,1,0,2,1,0,3,1,1,1,3,0,0,0,0,0,1,2,1,1,4,1,0,1,0,0,1,0,2,1,2,1,0,0,1,0,3,0,1,1,1,0,0,2,1,0,2,0,0,1,2,1,2,1,1,1,1,3,1,1,0,0,1,0,1,0,1,0,1,1,1,0,1,1,0,2,1,1,0,1,3,1,0,1,0,2,1,1,0,1,0,0,1,0,0,2,1,0,1,1,0,0,1,2,1,2,1,0,1,1,0,0,0,0,1,1,2,1,1,0,1,0,1,0,0,0,0,1,2,0,0,1,2,1,1,1,0,1,0,1,3,0,1,2,0,0,0,1,2,1,2,0,0,1,1,1,0,1,1,3,0,1,3,0,1,3,4,0,1,2,2,1,4,1,1,0,1,0,0,2,1,2,1,0,1,0,3,1,1,1,1,1,1,2,0,1,1,2,0,0,2,1,2,0,0,1,0,2,0,1,3,3,4,0,1,0,0,2,1,1,0,1,1,0,1,0,2,1,0,0,2,2,2,2,1,1,0,2,0,2,1,2,2,2,1,2,0,0,1,1,0,0,0,1,0,0,0,0,2,0,0,2,2,0,0,0,2,1,1,0,1,0,2,2,0,0,3,1,0,1,0,2,2,2,1,1,1,1,1,0,1,0,2,1,1,1,1,0,1,6,1,4,3,0,0,2,1,1,2,1,1,1,0,1,0,1,1,1,0,0,2,1,1,1,0,3,0,0,1,1,0,2,0,1,1,2,0,1,0,0,0,0,1,2,0,1,2,1,1,0,1,0,1,1,0,1,0,2,0,1,0,2,2,1,1,2,0,1,4,0,1,0,0,0,0,0,2,2,4,2,0,1,0,2,3,0,0,1,1,1,1,0,1,0,1,1,0,1,1,2,0,1,1,1,0,2,2,3,2,0,1,1,1,1,3,0,0,0,1,0,1,1,1,0,0,4,2,1,0,2,0,0,2,0,1,1,2,1,0,1,1,0,1,1,0,3,1,1,1,1,1,1,0,1,1,3,0,0,1,3,1,0,0,0,0,2,1,1,0,1,1,1,2,1,2,1,1,0,0,2,3,3,4,3,1,1,3,1,3,3,0,4,2,0,0,2,0,2,1,1,0,1,0,1,0,0,2,0,2,0,2,0,1,2,1,1,1,0,1,2,0,0,3,2,2,2,2,0,2,1,0,1,2,1,0,3,0,1,2,2,0,0,1,1,0,0,2,1,0,0,0,2,0,1,0,0,0,1,0,1,2,1,1,1,0,0,2,1,1,0,1,0,1,0,1,0,0,1,1,3,2,0,1,0,1,2,2,0,1,3,1,1,1,0,2,1,0,1,1,1,0,2,1,0,0,1,1,2,1,0,0,0,3,1,0,1,0,0,0,2,2,2,1,0,2,2,0,0,2,1,2,0,0,0,1,0,2,1,1,0,1,1,1,0,2,1,0,0,2,0,2,0,1,1,0,2,1,0,2,1,1,1,1,2,0,0,1,0,1,2,1,3,0,0,0,1,1,0,0,0,0,2,1,3,0,4,0,2,0,0,0,0,0,2]}]},"null_count":0,"last_update_version":397952047847833600}},"indices":{},"count":2000,"modify_count":0,"version":0}