{"database_name":"test","table_name":"tbl_003","columns":{"a":{"histogram":{"ndv":2000,"buckets":[{"count":8,"lower_bound":"LTIxNDQ5Njc4MzM=","upper_bound":"LTIxMzU2NTk1MzE=","repeats":1},{"count":16,"lower_bound":"LTIxMzQ0MjcyNjk=","upper_bound":"LTIxMjU2NjUyNjI=","repeats":1},{"count":24,"lower_bound":"LTIxMjM2OTgwNzM=","upper_bound":"LTIxMTExNzk5NDY=","repeats":1},{"count":32,"lower_bound":"LTIxMDc3NzA4Njg=","upper_bound":"LTIwODc5Mzg2NTk=","repeats":1},{"count":40,"lower_bound":"LTIwODM2MzUxODc=","upper_bound":"LTIwNzQ2ODAwMzI=","repeats":1},{"count":48,"lower_bound":"LTIwNzIyMzEwNzg=","upper_bound":"LTIwNjc3MTUyNzI=","repeats":1},{"count":56,"lower_bound":"LTIwNjQzMDg3Mjg=","upper_bound":"LTIwMzY5MjgyMjE=","repeats":1},{"count":64,"lower_bound":"LTIwMzQzNTA2MDg=","upper_bound":"LTIwMjY0MjU0MTk=","repeats":1},{"count":72,"lower_bound":"LTIwMjQ4OTM0NzM=","upper_bound":"LTIwMDc3MTEzMjg=","repeats":1},{"count":80,"lower_bound":"LTIwMDc1NTU4NDM=","upper_bound":"LTE5OTgwODMyNDA=","repeats":1},{"count":88,"lower_bound":"LTE5ODcxNzAwMzQ=","upper_bound":"LTE5NzgxOTE3MDk=","repeats":1},{"count":96,"lower_bound":"LTE5NzgwNTY5MTM=","upper_bound":"LTE5NjM5NzkyMTk=","repeats":1},{"count":104,"lower_bound":"LTE5NTcwODM0ODg=","upper_bound":"LTE5NDI3MTMxOTc=","repeats":1},{"count":112,"lower_bound":"LTE5NDIzOTQwMzQ=","upper_bound":"LTE5Mjk1OTY4MDE=","repeats":1},{"count":120,"lower_bound":"LTE5MjgwMjg0NTc=","upper_bound":"LTE5MjI3NDAxMjU=","repeats":1},{"count":128,"lower_bound":"LTE5MTM0ODQzMzc=","upper_bound":"LTE4OTk1NTM4NDA=","repeats":1},{"count":136,"lower_bound":"LTE4OTg5NTYzNzE=","upper_bound":"LTE4ODI5MjM3MjY=","repeats":1},{"count":144,"lower_bound":"LTE4ODI0MDE0MDk=","upper_bound":"LTE4NjkyMTQ3Njk=","repeats":1},{"count":152,"lower_bound":"LTE4NjgxMjMwNjI=","upper_bound":"LTE4NDY0MzUwNjM=","repeats":1},{"count":160,"lower_bound":"LTE4NDU5MjA3NDA=","upper_bound":"LTE4MjQzNDkwNjQ=","repeats":1},{"count":168,"lower_bound":"LTE4MTU4NDQ5NzM=","upper_bound":"LTE3OTcyOTUxNjE=","repeats":1},{"count":176,"lower_bound":"LTE3ODEwNDg5MzQ=","upper_bound":"LTE3NzM0Mzc4MDY=","repeats":1},{"count":184,"lower_bound":"LTE3NzIwMTA4NDk=","upper_bound":"LTE3NDU4MzY3OTQ=","repeats":1},{"count":192,"lower_bound":"LTE3NDMxNzU1MjA=","upper_bound":"LTE3NDE0MjU4MjI=","repeats":1},{"count":200,"lower_bound":"LTE3MzgwMjgzODc=","upper_bound":"LTE3MjU1MDg5NTY=","repeats":1},{"count":208,"lower_bound":"LTE3MjM2NTExODg=","upper_bound":"LTE2OTg1Mjk2NDE=","repeats":1},{"count":216,"lower_bound":"LTE2OTM5MjEwOTM=","upper_bound":"LTE2Nzc1MDkxMDY=","repeats":1},{"count":224,"lower_bound":"LTE2NjkwNzU4MzQ=","upper_bound":"LTE2NjE4MzA4MDI=","repeats":1},{"count":232,"lower_bound":"LTE2NTUyNjE0OTk=","upper_bound":"LTE2NDUwOTQ5MzI=","repeats":1},{"count":240,"lower_bound":"LTE2NDM0NTI4MDE=","upper_bound":"LTE2Mzk3NjM0MDM=","repeats":1},{"count":248,"lower_bound":"LTE2Mzc0NTYyNTU=","upper_bound":"LTE2MTk2MTAzNTY=","repeats":1},{"count":256,"lower_bound":"LTE2MDgyNTMzMjM=","upper_bound":"LTE1OTg1NDg0MzU=","repeats":1},{"count":264,"lower_bound":"LTE1OTMwNDEwNTE=","upper_bound":"LTE1Njc5MzExOTQ=","repeats":1},{"count":272,"lower_bound":"LTE1NjM3NzgyNjg=","upper_bound":"LTE1NTY3ODE4Nzg=","repeats":1},{"count":280,"lower_bound":"LTE1NTQ2OTc3NTM=","upper_bound":"LTE1MzcyMzQ1MDI=","repeats":1},{"count":288,"lower_bound":"LTE1MzI0NzM3MzE=","upper_bound":"LTE1MjMxNTQyOTA=","repeats":1},{"count":296,"lower_bound":"LTE1MjExMzQ0NzQ=","upper_bound":"LTE1MDk5MjEyOTc=","repeats":1},{"count":304,"lower_bound":"LTE1MDc4MTg5OTI=","upper_bound":"LTE0OTQ4MDQ5MjA=","repeats":1},{"count":312,"lower_bound":"LTE0OTI4NzUyNTM=","upper_bound":"LTE0NzczNjEzNjg=","repeats":1},{"count":320,"lower_bound":"LTE0NjY3NjU2OTE=","upper_bound":"LTE0NTk3Mzk5MzE=","repeats":1},{"count":328,"lower_bound":"LTE0NTkyNjE3NzU=","upper_bound":"LTE0NTEzODc1MDM=","repeats":1},{"count":336,"lower_bound":"LTE0NTA4NTY5MTA=","upper_bound":"LTE0MzMxODg5MjU=","repeats":1},{"count":344,"lower_bound":"LTE0MjY4MTc1NzM=","upper_bound":"LTE0MTI2NzI3NjM=","repeats":1},{"count":352,"lower_bound":"LTE0MTE2NDc5Njc=","upper_bound":"LTEzOTc4NzQ2Nzg=","repeats":1},{"count":360,"lower_bound":"LTEzODg2MjgxMjU=","upper_bound":"LTEzNjUwODIzMzU=","repeats":1},{"count":368,"lower_bound":"LTEzNjQ3NjY2Mzc=","upper_bound":"LTEzNTI4NzA4Njc=","repeats":1},{"count":376,"lower_bound":"LTEzNDkzODY5NDQ=","upper_bound":"LTEzNDUxMDE0MzI=","repeats":1},{"count":384,"lower_bound":"LTEzMzgwNTM1NDI=","upper_bound":"LTEzMTk0NTY5MDk=","repeats":1},{"count":392,"lower_bound":"LTEzMTg1NTY1NTY=","upper_bound":"LTEzMDk4MzI4NTI=","repeats":1},{"count":400,"lower_bound":"LTEzMDU5NDYyODk=","upper_bound":"LTEyODg1NzEzNDg=","repeats":1},{"count":408,"lower_bound":"LTEyODc4MzU1ODg=","upper_bound":"LTEyNzU4MDc2NTk=","repeats":1},{"count":416,"lower_bound":"LTEyNzUzMjY0MjU=","upper_bound":"LTEyNTQ4NjA3ODQ=","repeats":1},{"count":424,"lower_bound":"LTEyMzk1ODkyMjk=","upper_bound":"LTEyMTg0OTUzNDg=","repeats":1},{"count":432,"lower_bound":"LTEyMTc1MDI1ODI=","upper_bound":"LTEyMDg4ODk3NzY=","repeats":1},{"count":440,"lower_bound":"LTEyMDQ5MTM0Nzk=","upper_bound":"LTExODI5MDA3NzA=","repeats":1},{"count":448,"lower_bound":"LTExNzQ5MzQ0OTE=","upper_bound":"LTExNjQxNzE1ODI=","repeats":1},{"count":456,"lower_bound":"LTExNjE5OTA0MDc=","upper_bound":"LTExNTIxMTMzODY=","repeats":1},{"count":464,"lower_bound":"LTExNDcxMjM3ODE=","upper_bound":"LTExMzIxNzI5NDU=","repeats":1},{"count":472,"lower_bound":"LTExMjg5NTk5NTg=","upper_bound":"LTEwOTc5Mjg1MDg=","repeats":1},{"count":480,"lower_bound":"LTEwOTY4MTc0ODE=","upper_bound":"LTEwOTM2NzM5OTE=","repeats":1},{"count":488,"lower_bound":"LTEwOTAzNDkyMzY=","upper_bound":"LTEwNzA4NDA2OTA=","repeats":1},{"count":496,"lower_bound":"LTEwNjgwMzcwODk=","upper_bound":"LTEwNDQ1OTA2ODI=","repeats":1},{"count":504,"lower_bound":"LTEwNDEyNTE2NTY=","upper_bound":"LTEwMzA2MjU5OTM=","repeats":1},{"count":512,"lower_bound":"LTEwMzAxMjUwNzE=","upper_bound":"LTEwMjQ4MTI3OTA=","repeats":1},{"count":520,"lower_bound":"LTEwMjI0MjM0Nzg=","upper_bound":"LTEwMTA4ODYwODk=","repeats":1},{"count":528,"lower_bound":"LTEwMDYzNzQyMzQ=","upper_bound":"LTk5NjI3MTI3NQ==","repeats":1},{"count":536,"lower_bound":"LTk5MjY5NzEyNw==","upper_bound":"LTk3Nzg2Mzg3Ng==","repeats":1},{"count":544,"lower_bound":"LTk3MTgwNjIxNg==","upper_bound":"LTk2MjczMDI5Mw==","repeats":1},{"count":552,"lower_bound":"LTk1NzA1MDAzNg==","upper_bound":"LTk0NTE0NDUzNQ==","repeats":1},{"count":560,"lower_bound":"LTk0MTk5MDUwMg==","upper_bound":"LTkzMjQ3MDgwMw==","repeats":1},{"count":568,"lower_bound":"LTkzMTY5MjM0NA==","upper_bound":"LTkxNzE1NzE2NA==","repeats":1},{"count":576,"lower_bound":"LTkxNjU4NDMwOA==","upper_bound":"LTkxMTcyMjY0MQ==","repeats":1},{"count":584,"lower_bound":"LTkxMTMxMzIyMg==","upper_bound":"LTg5NDU4MDQxNg==","repeats":1},{"count":592,"lower_bound":"LTg4OTQxNjEyOQ==","upper_bound":"LTg1NTk4MjM2Mg==","repeats":1},{"count":600,"lower_bound":"LTg0MTU4OTMwNA==","upper_bound":"LTgyOTU3MDA0MA==","repeats":1},{"count":608,"lower_bound":"LTgyMjA3OTQyNQ==","upper_bound":"LTgxNzQwODA3OQ==","repeats":1},{"count":616,"lower_bound":"LTgwMjIyOTU4Mg==","upper_bound":"LTc4ODk2MzA5Mw==","repeats":1},{"count":624,"lower_bound":"LTc4ODg4OTg2OA==","upper_bound":"LTc4MDE4MDE3MQ==","repeats":1},{"count":632,"lower_bound":"LTc2Nzc1MjgwNQ==","upper_bound":"LTc1NDIxMTYyMA==","repeats":1},{"count":640,"lower_bound":"LTc1MTQ0MzkxOA==","upper_bound":"LTc0MDYxNDQ3OA==","repeats":1},{"count":648,"lower_bound":"LTczOTUxMjI3Ng==","upper_bound":"LTczNTk2MTgzNw==","repeats":1},{"count":656,"lower_bound":"LTcyMTU5NDQ3Nw==","upper_bound":"LTcwODgxNzM1NA==","repeats":1},{"count":664,"lower_bound":"LTcwNDk2NzU4OA==","upper_bound":"LTcwMTY3ODYwNA==","repeats":1},{"count":672,"lower_bound":"LTcwMDIyNzk1OA==","upper_bound":"LTY4Mzg3NjM2NQ==","repeats":1},{"count":680,"lower_bound":"LTY4MTQxOTk4OA==","upper_bound":"LTY2OTI1MjQ0NA==","repeats":1},{"count":688,"lower_bound":"LTY2MjI5MzIzNg==","upper_bound":"LTY0OTM3NzEzNA==","repeats":1},{"count":696,"lower_bound":"LTY0ODQ0Nzk3OQ==","upper_bound":"LTYzNDY1NjI2MA==","repeats":1},{"count":704,"lower_bound":"LTYzMzMyODYzNA==","upper_bound":"LTYyNTkzNTY1MQ==","repeats":1},{"count":712,"lower_bound":"LTYyNDU3MTYxNA==","upper_bound":"LTYxNjIxMTE0Ng==","repeats":1},{"count":720,"lower_bound":"LTYwNTI3ODczNA==","upper_bound":"LTU5NzkxMzMyMA==","repeats":1},{"count":728,"lower_bound":"LTU5NTE1NDc4Mg==","upper_bound":"LTU3OTcwMDM3Ng==","repeats":1},{"count":736,"lower_bound":"LTU3NzY1ODI2Mg==","upper_bound":"LTU2OTg2Mjc5NA==","repeats":1},{"count":744,"lower_bound":"LTU2NjQ3MDQ4OA==","upper_bound":"LTU1NDM1NjI0MA==","repeats":1},{"count":752,"lower_bound":"LTUzNzY3NDI3OA==","upper_bound":"LTUyNjM0NzgyNg==","repeats":1},{"count":760,"lower_bound":"LTUyMzA0MTA5OQ==","upper_bound":"LTUxMzU2NDg3Ng==","repeats":1},{"count":768,"lower_bound":"LTQ5NzI2NTY1Mg==","upper_bound":"LTQ4NjA2NzczNg==","repeats":1},{"count":776,"lower_bound":"LTQ4Mzk3NzE5MA==","upper_bound":"LTQ3NDUyNjc3NQ==","repeats":1},{"count":784,"lower_bound":"LTQ2NDE2MDkyOA==","upper_bound":"LTQ0NzgyODc4OA==","repeats":1},{"count":792,"lower_bound":"LTQzNzU1NTE1Mw==","upper_bound":"LTQyMzU3NjYxMg==","repeats":1},{"count":800,"lower_bound":"LTQyMDA0MjgxMQ==","upper_bound":"LTQwNTA5NjE3NA==","repeats":1},{"count":808,"lower_bound":"LTM5ODU5NzE0NQ==","upper_bound":"LTM5MDg3MDkzMQ==","repeats":1},{"count":816,"lower_bound":"LTM4OTU5MTA2OA==","upper_bound":"LTM2NjQ2NzEwNg==","repeats":1},{"count":824,"lower_bound":"LTM2MTkyMzE4Mg==","upper_bound":"LTM0NjE4MDQ5Ng==","repeats":1},{"count":832,"lower_bound":"LTM0NTY2NzgxNQ==","upper_bound":"LTMxNzY2Nzc1OA==","repeats":1},{"count":840,"lower_bound":"LTMxNzQ5MTI0Mw==","upper_bound":"LTI5ODgxMjU5OQ==","repeats":1},{"count":848,"lower_bound":"LTI4NzQzODkyMA==","upper_bound":"LTI3NjM2NjE3OQ==","repeats":1},{"count":856,"lower_bound":"LTI3MzA0NTUzOQ==","upper_bound":"LTI2MjcyMTcwNg==","repeats":1},{"count":864,"lower_bound":"LTI2MDkwMTUxMw==","upper_bound":"LTI0MTUwNTY5Mg==","repeats":1},{"count":872,"lower_bound":"LTI0MTMyMTM0OQ==","upper_bound":"LTIzMjcyMjQ0MA==","repeats":1},{"count":880,"lower_bound":"LTIyODM0NjA0Mw==","upper_bound":"LTIyMjEzNzAwOQ==","repeats":1},{"count":888,"lower_bound":"LTIyMTMzMTU2NQ==","upper_bound":"LTIwODU3NzA4Nw==","repeats":1},{"count":896,"lower_bound":"LTE5MDE3MDkzMA==","upper_bound":"LTE3ODc5NDA0NA==","repeats":1},{"count":904,"lower_bound":"LTE2OTIyNTc1OQ==","upper_bound":"LTE1ODYxMjkxMA==","repeats":1},{"count":912,"lower_bound":"LTE1MDg2MzI3Ng==","upper_bound":"LTE0NTg5NTUyMw==","repeats":1},{"count":920,"lower_bound":"LTEzODEwNTczNg==","upper_bound":"LTEzMjAyNTUxMg==","repeats":1},{"count":928,"lower_bound":"LTEyNDQ3ODYwMw==","upper_bound":"LTExMDE0MzE4Ng==","repeats":1},{"count":936,"lower_bound":"LTEwOTc3NDU0Ng==","upper_bound":"LTEwNTIzMzY5NA==","repeats":1},{"count":944,"lower_bound":"LTEwMjYwMjE2OQ==","upper_bound":"LTkxNTA3MDg4","repeats":1},{"count":952,"lower_bound":"LTg3Mjc3MTk0","upper_bound":"LTc0MTgyMTg0","repeats":1},{"count":960,"lower_bound":"LTY4NDcxNjQ5","upper_bound":"LTU3NTM4NjA1","repeats":1},{"count":968,"lower_bound":"LTUyOTM0MTY1","upper_bound":"LTQ0MTQ3ODI4","repeats":1},{"count":976,"lower_bound":"LTQzMjQzMjAy","upper_bound":"LTI4NzMwOTUx","repeats":1},{"count":984,"lower_bound":"LTI4MjY4OTA3","upper_bound":"LTE2NDY5NjU4","repeats":1},{"count":992,"lower_bound":"LTE0ODY4Njc2","upper_bound":"LTEyNjQzNzQ=","repeats":1},{"count":1000,"lower_bound":"MjI0MDc1Ng==","upper_bound":"MTEzNDA1ODQ=","repeats":1},{"count":1008,"lower_bound":"MTE4MDU0MDg=","upper_bound":"MjExMDg5Mzk=","repeats":1},{"count":1016,"lower_bound":"MjMyNTEwOTU=","upper_bound":"Mjg0MDA0NDQ=","repeats":1},{"count":1024,"lower_bound":"Mjk1NTE0Mjc=","upper_bound":"NDI2NTMyNzU=","repeats":1},{"count":1032,"lower_bound":"NDQ0Nzk5Mzg=","upper_bound":"Njg4MTg2OTU=","repeats":1},{"count":1040,"lower_bound":"NjkyMzQ2NDU=","upper_bound":"NzgyMzk0NDQ=","repeats":1},{"count":1048,"lower_bound":"ODI1NTEzNTU=","upper_bound":"MTE0MjQxNjYw","repeats":1},{"count":1056,"lower_bound":"MTE1MDMwNDY2","upper_bound":"MTI2OTUwNzgx","repeats":1},{"count":1064,"lower_bound":"MTMxNTQ1MDEx","upper_bound":"MTM3MzcwNjEx","repeats":1},{"count":1072,"lower_bound":"MTQwMjc1Nzcw","upper_bound":"MTQ4Njc3ODU0","repeats":1},{"count":1080,"lower_bound":"MTUyNTg4ODIy","upper_bound":"MTY5NzcwMzk3","repeats":1},{"count":1088,"lower_bound":"MTc5NjAzOTgy","upper_bound":"MTg3NDQ4MDcw","repeats":1},{"count":1096,"lower_bound":"MTg4NDIzOTA0","upper_bound":"MTkzMDE2NDUy","repeats":1},{"count":1104,"lower_bound":"MTkzMTk0OTMx","upper_bound":"MjA5OTY2NTY4","repeats":1},{"count":1112,"lower_bound":"MjEwODU3MDQx","upper_bound":"MjIxNjMwMDgy","repeats":1},{"count":1120,"lower_bound":"MjIyOTU3ODQw","upper_bound":"MjQ3MTA0Mzg4","repeats":1},{"count":1128,"lower_bound":"MjUzOTc2NzIw","upper_bound":"MjY4MDE5Njk0","repeats":1},{"count":1136,"lower_bound":"MjY5MTYwMTgx","upper_bound":"Mjg0NTY4NDk2","repeats":1},{"count":1144,"lower_bound":"Mjg0Nzc3ODUw","upper_bound":"MjkwMTczNjM2","repeats":1},{"count":1152,"lower_bound":"MjkwNzkxODAw","upper_bound":"MzAwNjA0Nzk1","repeats":1},{"count":1160,"lower_bound":"MzAyMTg3NDUw","upper_bound":"MzE0NzM0MzE0","repeats":1},{"count":1168,"lower_bound":"MzE3MzU1MTgw","upper_bound":"MzIxNjEwNjY2","repeats":1},{"count":1176,"lower_bound":"MzIxODc5NjI5","upper_bound":"MzMxNjM5MDk4","repeats":1},{"count":1184,"lower_bound":"MzM2MDEwNzg2","upper_bound":"MzQ2NzM1Njg5","repeats":1},{"count":1192,"lower_bound":"MzQ4OTUzNjI1","upper_bound":"MzY3NTkyOTE3","repeats":1},{"count":1200,"lower_bound":"MzY4MTExMzQw","upper_bound":"Mzk1NDk3Mjgw","repeats":1},{"count":1208,"lower_bound":"Mzk5NTc5OTYy","upper_bound":"NDEyMDM3NjY4","repeats":1},{"count":1216,"lower_bound":"NDEzNTQ5NjUz","upper_bound":"NDE2NTU1MjYx","repeats":1},{"count":1224,"lower_bound":"NDE3NTgwNjE1","upper_bound":"NDI2NTQzMjI1","repeats":1},{"count":1232,"lower_bound":"NDI2ODQ3MDU3","upper_bound":"NDM0NzA4NjYw","repeats":1},{"count":1240,"lower_bound":"NDM1MjgzNTM0","upper_bound":"NDU1MTI4NjQ3","repeats":1},{"count":1248,"lower_bound":"NDU1NDM1MTc1","upper_bound":"NDU3NzYzNjMy","repeats":1},{"count":1256,"lower_bound":"NDY5MDg1MTU4","upper_bound":"NDg3OTQwNTg2","repeats":1},{"count":1264,"lower_bound":"NDg5NDg3NjM3","upper_bound":"NTA3NjgxNzgz","repeats":1},{"count":1272,"lower_bound":"NTE2NzQ1NDY5","upper_bound":"NTI5ODUxNjMz","repeats":1},{"count":1280,"lower_bound":"NTMwNjMxMTcz","upper_bound":"NTQ3NTIyMTY1","repeats":1},{"count":1288,"lower_bound":"NTQ4OTQxMzIz","upper_bound":"NTU1NTg3Mzk3","repeats":1},{"count":1296,"lower_bound":"NTcyNDE5NzU5","upper_bound":"NTkyODgxOTI5","repeats":1},{"count":1304,"lower_bound":"NTk4ODgwOTQz","upper_bound":"NjE2Mjc4NjI0","repeats":1},{"count":1312,"lower_bound":"NjE2NDczMjc1","upper_bound":"NjMzMzQ5MjU4","repeats":1},{"count":1320,"lower_bound":"NjQ0ODAyNDY3","upper_bound":"NjUyNDA1ODA5","repeats":1},{"count":1328,"lower_bound":"NjU3OTExMzM3","upper_bound":"Njc0NzczMDY1","repeats":1},{"count":1336,"lower_bound":"Njc4NzMxODUz","upper_bound":"Njg5NDQ3NTQ1","repeats":1},{"count":1344,"lower_bound":"NjkwOTE0MDcw","upper_bound":"Njk1Nzg2ODU1","repeats":1},{"count":1352,"lower_bound":"Njk5NDk5MTE3","upper_bound":"NzA3NDQ0NTEy","repeats":1},{"count":1360,"lower_bound":"NzIwNzE1MDE2","upper_bound":"NzM1NjQ2MTQy","repeats":1},{"count":1368,"lower_bound":"NzM5MDMzNTQw","upper_bound":"NzUzMzE1MjU2","repeats":1},{"count":1376,"lower_bound":"NzYxNjM0MzQ0","upper_bound":"NzY4MDUxMjgw","repeats":1},{"count":1384,"lower_bound":"NzY5ODA5NzI5","upper_bound":"ODEzMDM1NzU2","repeats":1},{"count":1392,"lower_bound":"ODIwNDUwNTAw","upper_bound":"ODI2NjkzOTA4","repeats":1},{"count":1400,"lower_bound":"ODMwNzc1OTY0","upper_bound":"ODM5MzQwODQ5","repeats":1},{"count":1408,"lower_bound":"ODQwMjM3NDc2","upper_bound":"ODUzOTYxMTk1","repeats":1},{"count":1416,"lower_bound":"ODU0NDgwMTYw","upper_bound":"ODU2ODIzMDQz","repeats":1},{"count":1424,"lower_bound":"ODYxMTI2NzU0","upper_bound":"ODc2NjEzNTQw","repeats":1},{"count":1432,"lower_bound":"ODc3NTA4ODk3","upper_bound":"ODg3Nzk2NTY1","repeats":1},{"count":1440,"lower_bound":"ODkxMjc4OTc0","upper_bound":"ODk1MTcwMzQ5","repeats":1},{"count":1448,"lower_bound":"ODk2MjE5MjA1","upper_bound":"OTE3ODA5NDk1","repeats":1},{"count":1456,"lower_bound":"OTI1MzE3Njg0","upper_bound":"OTQwMzM2MDc3","repeats":1},{"count":1464,"lower_bound":"OTQyOTc2NTQx","upper_bound":"OTcxNTkzNDI0","repeats":1},{"count":1472,"lower_bound":"OTg4NjYwODQz","upper_bound":"MTAwMjUzNzQ1MQ==","repeats":1},{"count":1480,"lower_bound":"MTAwMzY5MTI2OQ==","upper_bound":"MTAyMzkzMDIwOA==","repeats":1},{"count":1488,"lower_bound":"MTAzNDc1NzQwMw==","upper_bound":"MTAzOTc5OTg1NQ==","repeats":1},{"count":1496,"lower_bound":"MTA0MTU5MDIwOA==","upper_bound":"MTA1MDI1MTA4OA==","repeats":1},{"count":1504,"lower_bound":"MTA2Mzk2MzI4Mw==","upper_bound":"MTA2OTM2MjQ0Ng==","repeats":1},{"count":1512,"lower_bound":"MTA5MTYxMjQ4MQ==","upper_bound":"MTEwNTk5NjUyMg==","repeats":1},{"count":1520,"lower_bound":"MTEwNjA1ODA5OQ==","upper_bound":"MTExNzI2ODgxNg==","repeats":1},{"count":1528,"lower_bound":"MTEyMjM3ODE1Mw==","upper_bound":"MTEzOTk2MzQyNw==","repeats":1},{"count":1536,"lower_bound":"MTE0NDAwNDkzNA==","upper_bound":"MTE1NjI4MDUyNA==","repeats":1},{"count":1544,"lower_bound":"MTE1ODYzNTQwMg==","upper_bound":"MTE2NDY1MDg0MQ==","repeats":1},{"count":1552,"lower_bound":"MTE2NjYwOTY5Nw==","upper_bound":"MTE3MTcwNjY3NA==","repeats":1},{"count":1560,"lower_bound":"MTE3NzQ5NjEzMQ==","upper_bound":"MTIxNzI5NDgwMA==","repeats":1},{"count":1568,"lower_bound":"MTIxODUxOTA3NQ==","upper_bound":"MTIzMTM4OTg2OA==","repeats":1},{"count":1576,"lower_bound":"MTIzODMyMjk2MQ==","upper_bound":"MTI0ODU3NDkwOQ==","repeats":1},{"count":1584,"lower_bound":"MTI1MDE4MTE1MA==","upper_bound":"MTI2ODM5OTI0Mg==","repeats":1},{"count":1592,"lower_bound":"MTI3MzQyODAyNw==","upper_bound":"MTI4MzM2MTU4OA==","repeats":1},{"count":1600,"lower_bound":"MTI5NjAzOTk1Mg==","upper_bound":"MTMxMDk1MjIzMw==","repeats":1},{"count":1608,"lower_bound":"MTMxNDE4OTk5MQ==","upper_bound":"MTMyNTYwMjY1Mw==","repeats":1},{"count":1616,"lower_bound":"MTM0NTUwMzI1NQ==","upper_bound":"MTM1MzE3MTU0OQ==","repeats":1},{"count":1624,"lower_bound":"MTM2MDcyMjUxOQ==","upper_bound":"MTM3OTg0NjY3Ng==","repeats":1},{"count":1632,"lower_bound":"MTM4MTA1NjE1OQ==","upper_bound":"MTM4NTgzOTcxNQ==","repeats":1},{"count":1640,"lower_bound":"MTM5NTQxODc5Ng==","upper_bound":"MTQwODMzNDMyMQ==","repeats":1},{"count":1648,"lower_bound":"MTQxMzkyMjAyMw==","upper_bound":"MTQxNzkzNjQ4OA==","repeats":1},{"count":1656,"lower_bound":"MTQzOTc2NTk3MA==","upper_bound":"MTQ0NTE0NzQyNg==","repeats":1},{"count":1664,"lower_bound":"MTQ1NzkwMDM4OA==","upper_bound":"MTQ2NDUyODQ3Mg==","repeats":1},{"count":1672,"lower_bound":"MTQ2ODM2NTg0NQ==","upper_bound":"MTQ3ODk5OTc1OA==","repeats":1},{"count":1680,"lower_bound":"MTQ3OTExMjIzNw==","upper_bound":"MTQ5OTQzNDcwOA==","repeats":1},{"count":1688,"lower_bound":"MTUwMDE2OTMzMA==","upper_bound":"MTUxMjY3MTAyOQ==","repeats":1},{"count":1696,"lower_bound":"MTUxMzAxNzAzNg==","upper_bound":"MTUyMDMyODI5Mw==","repeats":1},{"count":1704,"lower_bound":"MTUyNjA2MTY0Mw==","upper_bound":"MTUzNjYyNTM3MQ==","repeats":1},{"count":1712,"lower_bound":"MTUzNzA3NTUyNw==","upper_bound":"MTU2MTA3OTc0NA==","repeats":1},{"count":1720,"lower_bound":"MTU2MTQxNDA1OA==","upper_bound":"MTU2OTg2MzEzNw==","repeats":1},{"count":1728,"lower_bound":"MTU3MTQ0OTMxNw==","upper_bound":"MTU4MTkzMDAwMA==","repeats":1},{"count":1736,"lower_bound":"MTU4OTk3MDkyNw==","upper_bound":"MTU5ODU3NjA1Nw==","repeats":1},{"count":1744,"lower_bound":"MTU5OTM3ODQ0Ng==","upper_bound":"MTYwODY3MDkzOQ==","repeats":1},{"count":1752,"lower_bound":"MTYxMDUyNjk2MQ==","upper_bound":"MTYxNjg2MDczNA==","repeats":1},{"count":1760,"lower_bound":"MTYxODM5NTYwMg==","upper_bound":"MTYyNzU1NTIyMQ==","repeats":1},{"count":1768,"lower_bound":"MTYyODY1NzI4Mw==","upper_bound":"MTYzNDYzMjI3Nw==","repeats":1},{"count":1776,"lower_bound":"MTYzNTk1MDQ2Mg==","upper_bound":"MTY0MTY2NzIyNw==","repeats":1},{"count":1784,"lower_bound":"MTY0MjQ0MzEyMA==","upper_bound":"MTY2MzkxNjA0OQ==","repeats":1},{"count":1792,"lower_bound":"MTY2NDY5MTE5Mw==","upper_bound":"MTY3ODIwNTM4Mw==","repeats":1},{"count":1800,"lower_bound":"MTY3ODgzOTI0Mw==","upper_bound":"MTY5Mzg0MzgzNQ==","repeats":1},{"count":1808,"lower_bound":"MTcxNzEyODYxMg==","upper_bound":"MTcyMTQ3ODA5NQ==","repeats":1},{"count":1816,"lower_bound":"MTcyMzk0NjYxNQ==","upper_bound":"MTczNTUwNTIyMQ==","repeats":1},{"count":1824,"lower_bound":"MTczNjk3MTM4Nw==","upper_bound":"MTc0Njc1MDEyNw==","repeats":1},{"count":1832,"lower_bound":"MTc0Njc4Njg1OQ==","upper_bound":"MTc2NTUyNDUwNg==","repeats":1},{"count":1840,"lower_bound":"MTc2NjM0MTgzOQ==","upper_bound":"MTc2OTUzNDUxMQ==","repeats":1},{"count":1848,"lower_bound":"MTc3MTg4Nzc1OQ==","upper_bound":"MTc5MTkyNjU1Mg==","repeats":1},{"count":1856,"lower_bound":"MTc5MzY2Mzk2NA==","upper_bound":"MTgxMjk1MTM0Mw==","repeats":1},{"count":1864,"lower_bound":"MTgyMTU2ODI5MA==","upper_bound":"MTg0ODM0ODYwMA==","repeats":1},{"count":1872,"lower_bound":"MTg1OTE4OTAyOQ==","upper_bound":"MTg3NzcwMTYxNA==","repeats":1},{"count":1880,"lower_bound":"MTg4MTE3MzE0NA==","upper_bound":"MTg5OTA3MTc1MQ==","repeats":1},{"count":1888,"lower_bound":"MTg5OTc3MTAxNA==","upper_bound":"MTkxODk4ODE2MA==","repeats":1},{"count":1896,"lower_bound":"MTkyMzk0NDg2Mg==","upper_bound":"MTk1MDM2NTUwOQ==","repeats":1},{"count":1904,"lower_bound":"MTk1MDM5NTM4MA==","upper_bound":"MTk1Njg4NzIzNw==","repeats":1},{"count":1912,"lower_bound":"MTk1ODA4ODIxMQ==","upper_bound":"MTk2MjQxMDU2Mg==","repeats":1},{"count":1920,"lower_bound":"MTk2Njc2NTA0Ng==","upper_bound":"MTk2OTg5MTE5OQ==","repeats":1},{"count":1928,"lower_bound":"MTk3MzczMjM5MQ==","upper_bound":"MTk4MTYyNzk5Mg==","repeats":1},{"count":1936,"lower_bound":"MTk4NTc3MDMyMA==","upper_bound":"MTk5MzExOTUwNA==","repeats":1},{"count":1944,"lower_bound":"MTk5MzUwMDY4Mw==","upper_bound":"MjAxMDYzODgzNA==","repeats":1},{"count":1952,"lower_bound":"MjAxMTQ4MzY2MA==","upper_bound":"MjAxODM1MjcwMw==","repeats":1},{"count":1960,"lower_bound":"MjAyMzc1MzgyMA==","upper_bound":"MjAzNDk0MzY0Mg==","repeats":1},{"count":1968,"lower_bound":"MjAzODE5MzM0Mg==","upper_bound":"MjA0NzM4ODQ5MQ==","repeats":1},{"count":1976,"lower_bound":"MjA1NTI0NDA1MQ==","upper_bound":"MjA3NTk0MjE5Nw==","repeats":1},{"count":1984,"lower_bound":"MjA3NzA4ODQ5OQ==","upper_bound":"MjA5MzY5NTMwMQ==","repeats":1},{"count":1992,"lower_bound":"MjEwMjc1MzA0OA==","upper_bound":"MjEyODM2MDYzNg==","repeats":1},{"count":2000,"lower_bound":"MjEzMDU1OTk0Nw==","upper_bound":"MjE0NDc0NDY2Mg==","repeats":1}]},"cm_sketch":{"rows":[{"counters":[3,0,2,1,0,0,2,1,0,0,1,3,0,1,3,0,0,1,2,3,1,1,1,1,1,2,1,0,1,0,2,0,0,2,0,0,1,1,1,2,0,1,1,2,1,1,0,0,1,2,0,0,2,0,0,1,1,1,1,2,1,2,1,2,0,0,0,0,2,0,1,1,0,3,2,0,2,0,2,1,0,1,1,0,0,0,0,1,0,0,0,1,0,1,1,0,0,0,0,0,1,1,1,1,0,1,0,2,1,0,0,0,1,3,2,0,1,0,2,0,0,1,1,0,1,0,0,1,1,0,2,2,1,1,1,2,0,0,0,0,1,2,3,0,2,1,1,1,3,0,1,0,1,1,1,2,1,0,0,1,2,1,2,1,0,0,3,2,0,0,0,0,1,1,1,2,0,0,0,1,1,1,0,2,2,1,2,1,0,2,4,0,1,0,0,2,0,0,0,2,2,0,0,1,1,0,1,0,2,0,0,1,2,0,0,0,1,2,0,0,2,0,2,1,1,1,1,2,0,0,0,0,2,1,2,1,2,0,0,1,1,2,2,2,1,0,0,1,1,2,2,2,1,0,2,1,2,1,0,0,0,0,1,2,1,2,2,0,0,3,1,1,1,0,2,0,0,0,2,1,1,2,0,0,2,1,1,0,1,1,0,0,0,0,0,1,2,0,2,0,0,0,2,2,0,2,1,1,3,0,0,0,2,0,3,1,0,1,3,0,1,0,0,1,1,1,0,3,0,1,2,0,1,1,1,1,0,0,0,2,2,0,2,2,1,2,2,1,1,1,1,1,0,2,1,0,0,3,2,0,1,0,0,0,3,1,1,3,1,1,2,0,2,0,2,0,3,3,0,2,2,0,4,0,2,1,1,1,0,1,1,3,1,1,0,1,2,0,0,0,0,2,2,2,2,1,2,0,1,1,0,3,0,0,2,5,0,2,1,0,0,0,0,2,1,2,2,2,2,2,3,1,1,1,1,0,0,0,1,1,0,2,1,0,1,0,1,3,1,1,2,0,1,1,1,1,2,2,2,1,0,3,1,1,1,2,1,0,1,0,0,4,4,1,2,0,0,0,1,1,2,1,2,2,0,1,0,1,2,0,1,0,1,2,1,5,1,1,1,1,0,1,2,1,2,2,1,0,1,1,1,2,3,1,1,1,1,0,0,1,0,3,2,0,0,1,2,2,3,2,1,3,1,0,1,0,2,0,1,4,0,2,0,0,1,2,1,1,0,0,0,1,2,1,1,0,0,0,1,1,0,3,1,0,0,0,1,2,2,1,0,3,0,0,5,2,0,1,1,1,2,0,3,2,0,0,2,0,1,0,1,4,1,0,1,0,1,0,1,1,2,2,4,0,0,0,1,1,0,3,0,0,0,2,1,0,1,0,1,1,1,2,0,0,1,0,0,2,1,4,1,2,1,0,0,0,0,0,1,1,0,1,0,1,1,1,0,1,1,2,1,1,0,2,1,3,3,0,0,0,1,0,2,0,1,0,0,1,0,1,0,3,1,1,1,2,2,0,0,2,1,0,0,0,1,1,1,0,1,0,2,1,0,2,1,0,0,2,1,0,2,2,2,0,2,0,0,3,1,1,1,1,1,0,1,1,2,0,0,1,0,0,0,0,0,3,0,1,0,2,1,0,0,0,0,2,0,0,1,0,0,1,1,1,0,1,3,0,0,1,1,1,3,1,2,0,0,1,2,2,1,2,3,0,4,0,2,5,0,1,1,1,1,1,1,0,1,1,2,1,1,0,0,0,2,2,1,1,1,1,0,1,0,2,0,1,0,1,0,2,2,3,1,0,3,1,0,2,1,2,1,0,1,2,2,0,0,2,0,1,2,0,1,1,0,0,1,1,1,1,3,1,1,3,1,1,0,1,1,2,0,0,0,3,2,1,0,0,1,1,0,1,0,1,1,3,0,0,3,0,1,0,1,0,0,1,0,0,1,1,1,1,1,0,0,2,1,1,0,0,0,0,3,0,0,2,4,2,0,2,0,3,0,2,3,3,1,2,0,1,1,2,0,2,1,1,0,1,0,5,0,2,4,3,0,1,3,0,1,1,0,0,1,1,2,0,1,0,0,1,1,1,2,0,1,2,1,0,0,2,0,0,2,1,0,0,2,2,1,2,2,3,0,0,1,0,1,1,4,1,1,2,1,2,0,0,1,1,2,0,0,0,0,1,0,0,2,1,1,0,0,1,0,2,0,2,2,0,3,3,1,2,0,1,0,2,2,2,2,1,0,1,2,1,2,1,1,2,1,1,0,0,0,1,2,2,0,1,1,0,1,1,0,1,0,0,0,1,1,1,2,1,1,2,1,1,0,1,1,0,1,1,0,0,0,2,1,1,2,2,0,1,2,1,4,1,4,1,1,2,3,1,1,0,2,0,1,0,3,0,1,1,2,1,1,1,2,2,2,3,0,1,2,2,0,0,3,1,2,2,2,3,0,0,1,1,0,1,1,0,0,1,0,0,1,1,3,0,1,0,0,2,0,0,3,2,1,0,1,1,0,1,2,0,1,2,0,1,0,1,1,1,0,0,1,1,3,1,1,0,1,0,0,0,1,0,0,0,0,1,3,1,0,0,2,1,0,0,1,0,0,1,3,1,2,1,1,1,1,1,1,1,0,2,0,2,0,0,1,0,1,2,1,1,0,2,1,1,1,0,0,1,0,1,2,1,1,0,2,0,1,2,0,1,3,2,2,1,0,2,2,1,1,1,2,2,2,2,0,0,2,2,0,0,2,1,1,1,0,1,1,2,2,0,0,0,1,1,2,1,2,0,1,3,0,0,1,1,3,1,0,0,0,1,1,1,0,0,0,0,1,1,0,0,1,0,1,3,0,1,1,1,2,0,2,3,0,1,2,1,2,1,0,1,0,1,1,0,1,3,1,0,2,1,0,0,0,2,1,0,1,1,1,0,0,2,0,0,1,2,1,1,2,0,2,0,1,0,1,1,2,0,0,0,0,1,0,0,0,1,1,0,3,1,0,4,0,1,0,1,0,3,5,1,1,0,2,0,0,2,1,1,1,1,0,0,1,0,3,0,1,1,1,2,0,1,1,0,0,0,0,0,2,2,1,0,0,0,1,1,1,0,1,1,0,3,0,1,1,1,1,0,1,0,0,0,1,4,1,1,0,3,1,3,0,2,2,2,1,0,1,2,1,0,1,1,0,0,2,1,0,0,1,0,0,1,1,0,0,0,2,0,0,1,0,1,2,2,1,1,2,2,0,1,0,3,1,0,0,2,1,0,0,2,0,0,1,0,2,0,1,2,2,2,1,0,1,1,0,0,2,0,0,0,1,0,2,1,0,1,3,1,1,1,2,2,3,1,1,2,0,1,2,0,1,1,1,0,0,2,0,1,1,1,0,2,0,1,0,2,1,0,1,2,0,1,0,1,1,1,3,1,0,0,5,2,0,2,0,0,0,0,0,0,1,3,3,0,0,1,1,1,0,1,0,1,0,1,2,1,0,3,0,0,1,1,0,2,0,1,1,0,1,1,1,2,1,2,0,0,1,1,0,0,2,1,1,0,1,3,0,2,0,2,1,1,1,1,0,2,1,2,0,0,1,1,0,0,1,0,0,1,0,0,1,2,1,1,0,1,0,2,0,0,0,2,1,3,0,1,1,1,0,0,1,1,3,2,2,0,1,0,1,1,3,0,1,0,4,1,0,0,1,3,4,0,2,1,0,0,0,2,1,1,0,2,0,0,1,0,0,2,2,0,3,0,1,0,0,0,1,0,3,0,2,0,2,1,3,0,3,0,0,3,2,2,2,0,2,1,0,1,2,1,1,3,1,0,1,0,1,1,0,1,1,2,0,1,1,0,0,1,2,1,0,0,0,2,1,1,2,1,1,2,1,1,1,1,1,1,0,0,1,0,0,1,0,1,1,4,0,1,2,3,0,0,1,1,1,0,1,0,1,1,1,1,0,1,1,1,0,2,2,0,0,0,1,3,2,1,0,0,2,1,2,0,3,1,0,0,4,0,1,0,2,1,0,0,1,3,1,2,2,1,0,0,2,0,1,0,0,0,0,0,1,0,1,0,0,2,0,1,0,0,1,2,1,0,2,1,1,0,1,2,0,0,1,0,1,0,4,0,0,0,0,1,1,1,2,1,1,0,0,0,3,0,1,2,1,3,2,1,2,0,0,0,1,2,1,0,1,0,4,0,3,1,1,1,1,0,1,2,2,3,1,1,1,2,0,1,0,0,2,4,1,1,1,0,1,1,1,1,0,0,1,0,1,4,1,1,1,3,1,1,0,0,2,2,1,2,3,3,0,0,1,1,4,0,2,0,3,1,0,0,0,0,1,1,2,0,2,0,1,1,0,2,1,2,2,2,0,0,2,0,0,1,0,2,1,0,0,0,1,1,2,1,2,1,2,2,2,1,0,1,1,0,0,1,1,0,2,0,1,2,1,2,1,2,0,2,2,3,1,1,1,1,0,4,0,1,2,0,0,2,0,0,1,0,0,3,0,0,0,1,2,1,1,2,2,0,2,1,0,0,0,2,0,3,0,0,2,0,1,1,0,1,2,1,2,0,3,1,0,1,0,1,2,1,1,2,2,2,2,0,0,1,0,3]},{"counters":[0,1,1,0,0,1,2,1,0,0,0,0,3,0,0,2,0,0,0,1,1,0,2,0,1,2,0,1,1,4,0,0,1,1,2,2,0,2,2,1,0,2,0,0,0,1,0,2,0,0,2,1,1,1,2,1,0,0,1,0,3,4,0,2,1,1,0,0,2,1,2,1,3,0,2,1,0,3,1,1,2,0,0,0,1,2,0,0,1,0,1,1,2,0,0,1,1,1,1,1,0,0,2,3,0,2,0,2,2,1,3,0,0,1,1,0,0,0,3,4,1,1,2,1,0,0,1,1,0,0,2,1,2,1,1,2,1,0,1,1,1,0,1,0,0,0,3,1,3,1,1,0,1,0,1,0,1,2,2,1,0,1,2,1,2,1,0,0,0,1,1,2,0,1,1,3,1,3,0,0,0,1,3,2,2,3,1,1,0,3,1,1,4,1,1,1,1,0,0,2,0,0,0,1,0,2,0,1,0,1,0,0,1,1,1,2,0,1,2,0,2,1,1,0,0,0,1,2,0,1,0,1,1,0,4,2,0,0,1,2,0,1,0,0,1,2,0,1,0,1,0,1,4,4,0,1,1,0,1,1,1,1,1,0,0,1,0,1,1,0,1,1,2,0,2,0,0,2,0,0,1,0,0,1,2,1,0,0,1,1,0,0,0,2,0,0,2,0,0,0,0,4,1,1,1,0,0,0,1,2,2,0,1,1,0,0,0,2,1,0,1,1,1,3,0,0,1,2,4,2,1,2,0,1,0,0,2,1,2,2,0,0,3,0,0,1,2,4,2,0,0,2,0,0,0,0,1,2,2,0,0,2,2,2,1,1,0,0,1,0,1,2,3,3,0,1,1,0,0,0,2,0,1,2,1,0,1,0,2,2,0,1,5,1,0,0,0,0,1,1,1,0,0,1,0,1,0,0,1,0,1,2,0,0,1,0,0,1,0,0,2,0,1,3,0,2,1,0,0,1,1,0,1,1,0,0,0,0,2,0,1,0,1,1,0,2,0,1,0,1,2,1,2,5,0,1,1,0,1,1,0,1,2,0,0,2,3,1,0,1,1,1,2,1,3,1,0,0,0,0,0,2,1,1,3,0,1,1,1,2,1,4,1,1,1,1,0,1,0,2,2,2,2,1,0,2,1,2,0,1,0,0,0,1,1,0,4,1,2,0,0,3,0,0,0,0,0,0,0,1,3,2,0,1,0,1,0,2,1,0,1,0,2,1,1,0,1,1,0,0,2,0,0,1,1,0,0,3,3,0,1,1,0,2,1,0,2,0,0,1,0,0,1,1,2,1,1,0,1,0,1,3,1,3,0,0,1,0,0,2,0,1,0,0,2,1,2,0,1,0,1,1,3,1,1,1,3,1,1,1,0,2,2,0,1,2,0,2,2,1,0,1,0,0,2,0,1,3,0,0,0,1,4,0,0,1,0,0,0,2,2,0,0,2,1,1,1,1,0,0,1,1,1,2,1,1,0,1,2,0,1,0,1,1,0,2,1,0,1,2,1,2,0,1,0,0,0,0,2,2,0,1,2,1,0,2,2,0,0,1,1,1,1,0,0,0,3,0,2,2,2,1,3,2,1,2,0,0,3,0,2,3,1,0,1,0,4,0,1,2,2,1,1,1,1,0,1,1,3,1,0,2,3,0,0,3,1,1,1,0,2,1,1,0,0,3,2,1,2,2,2,0,1,0,0,0,0,2,0,4,1,3,1,3,1,1,0,0,2,0,0,0,1,1,1,1,0,1,0,1,1,0,3,0,0,2,3,0,1,0,0,1,1,1,1,1,0,0,1,0,0,1,2,2,2,1,1,1,1,2,1,0,3,1,1,0,1,1,2,0,1,1,4,2,0,0,1,1,4,0,0,1,1,0,1,0,2,1,0,1,2,1,0,2,1,0,1,0,0,4,0,2,1,1,1,1,3,0,1,0,0,2,0,0,1,1,2,1,2,1,1,0,0,1,0,2,0,2,0,0,0,1,0,0,1,1,0,1,1,0,0,0,2,3,1,0,0,0,1,0,1,2,0,0,1,0,2,0,0,2,0,2,0,1,4,1,0,1,1,1,0,0,2,2,0,2,0,1,1,0,0,2,1,2,0,2,1,2,0,1,1,0,1,1,0,0,0,1,1,2,0,1,0,3,1,1,2,1,2,1,2,0,2,1,1,2,0,3,0,1,0,0,1,4,0,0,0,0,0,0,0,2,2,3,1,0,1,2,1,3,1,1,0,0,0,0,0,0,1,2,1,0,2,0,3,2,1,1,3,1,0,0,1,3,2,0,0,1,0,3,1,3,0,0,0,0,2,1,3,0,2,1,1,3,1,0,4,0,0,1,0,1,1,1,0,1,2,2,1,0,1,2,2,0,4,2,1,1,3,1,0,0,1,0,0,1,2,3,1,0,2,1,3,3,3,1,0,2,2,1,1,1,0,1,0,0,0,2,0,3,1,1,2,1,0,1,0,0,2,0,2,2,2,0,0,1,1,0,2,1,0,1,1,1,0,2,1,1,1,0,2,3,0,1,2,2,0,1,3,0,0,0,2,0,0,1,2,2,0,1,1,2,1,1,1,2,2,1,1,1,1,1,2,0,1,0,0,0,1,1,2,1,0,0,4,0,1,1,3,1,1,0,0,1,1,1,2,2,1,3,0,1,0,0,1,1,0,3,0,1,0,0,0,1,0,1,0,1,0,0,3,2,0,2,0,1,0,2,0,0,1,3,2,0,2,1,1,0,3,0,1,0,1,1,1,0,2,0,0,2,2,3,0,1,0,1,0,1,2,0,1,0,2,1,0,0,0,0,0,0,1,2,1,1,0,0,1,0,0,1,1,1,1,0,0,0,0,1,4,1,1,2,0,0,0,1,1,1,1,0,0,0,1,1,1,1,0,1,0,1,3,3,2,2,1,2,0,1,2,1,0,1,2,0,0,2,2,1,1,2,0,0,0,1,2,2,0,0,2,1,5,0,0,1,0,1,3,1,1,0,0,0,0,3,0,3,1,1,0,0,0,3,1,0,1,0,1,2,0,5,0,3,0,1,2,0,0,0,0,0,2,1,1,2,0,0,1,0,2,2,0,1,1,1,0,0,2,1,1,0,0,2,0,0,1,0,1,2,0,3,0,0,1,1,0,1,0,1,2,0,1,2,1,1,2,1,1,2,1,0,1,1,0,1,2,1,2,1,2,0,0,1,0,2,1,1,2,0,0,1,1,2,0,1,1,2,1,1,1,0,0,1,0,2,0,0,0,1,0,2,1,1,2,2,0,0,1,1,0,1,0,0,1,2,1,0,2,0,2,4,0,0,0,1,1,3,0,1,3,2,0,0,3,0,1,1,2,1,0,0,0,3,2,1,0,1,0,3,0,0,1,0,0,0,2,2,1,1,2,0,1,2,2,1,2,0,2,2,1,2,1,0,1,0,0,0,2,0,1,1,0,0,3,0,1,1,0,0,0,2,0,0,2,0,0,1,0,0,0,0,1,0,0,1,2,1,1,1,1,2,0,3,0,1,2,0,1,1,1,0,0,0,0,1,1,2,0,4,0,4,1,2,3,0,0,0,0,4,1,2,0,2,1,2,0,1,0,1,1,3,1,0,1,1,1,1,1,1,1,2,2,0,0,0,0,1,2,1,1,0,0,1,0,4,1,0,1,2,0,1,3,0,0,1,0,1,2,1,1,1,1,2,0,4,4,1,2,0,3,3,2,2,0,1,0,2,1,0,2,1,2,0,1,1,1,3,0,0,3,4,1,0,1,0,0,0,0,0,1,1,4,3,1,0,0,1,0,0,0,0,1,2,1,0,0,2,2,0,1,3,2,0,2,2,0,0,1,0,2,1,3,0,2,2,0,0,2,3,1,0,1,1,0,1,0,2,1,1,0,1,1,0,0,1,1,2,1,0,0,1,1,1,1,2,0,3,0,0,3,1,4,0,0,0,1,2,0,0,0,4,1,3,0,1,1,1,2,3,2,1,2,2,0,1,0,1,1,0,2,1,1,0,0,1,0,1,1,1,1,4,1,0,0,1,1,2,0,1,1,1,0,0,0,5,0,2,1,0,0,2,4,0,0,1,2,1,2,0,0,0,1,0,0,1,1,0,0,0,0,1,0,1,1,0,2,3,0,0,1,1,0,0,0,2,2,1,0,3,1,1,3,0,1,0,2,1,0,0,1,1,4,1,1,1,0,1,1,0,0,1,1,1,3,0,2,2,1,2,1,1,1,2,1,3,2,2,3,3,0,1,0,2,0,1,0,0,0,0,1,0,1,1,1,2,2,0,2,1,3,1,0,1,0,1,0,0,0,2,0,0,2,1,1,2,1,0,0,0,3,0,0,2,0,1,1,1,2,0,3,2,2,1,1,1,0,0,0,1,1,1,3,1,1,1,0,0,0,0,2,2,1,2,2,2,0,1,0,1,2,2,0,1,1,3,3,0,0,0,1,2,1,1,2,2,0,0,3,1,1,0,1,0,1,0,0,0,0,1,4,0,2,1,1,2,2,1,1,4,2,2,2,1,3,0,0,1,0,2,2,0,1,1,1,3,2,1,1,0,3,1,0,0,0,4,0,2,0,0,1,1,2,1,2,0,2,2,1,0]},{"counters":[1,0,2,0,2,0,0,1,3,1,3,0,1,1,1,1,1,3,0,1,3,0,0,1,0,3,1,3,1,0,2,0,1,1,1,3,2,1,0,1,0,0,2,0,2,0,2,1,1,0,6,0,0,0,1,1,0,1,0,0,1,0,1,1,1,1,3,1,0,1,0,0,1,0,0,0,1,1,1,0,2,0,2,1,1,0,1,0,0,1,1,0,1,1,2,0,0,0,1,1,2,2,0,1,2,0,1,5,0,1,1,2,3,1,1,3,1,1,0,2,0,0,1,3,0,0,0,1,0,1,0,0,0,1,2,2,0,1,0,1,1,1,2,2,0,1,1,1,3,0,1,2,0,2,0,1,2,3,3,0,3,1,2,0,3,0,0,0,0,0,0,0,0,1,1,0,1,2,1,1,2,0,0,0,1,0,1,0,1,0,0,3,0,2,2,2,0,1,1,0,1,2,1,1,0,1,1,0,0,2,1,0,1,2,2,1,1,3,1,2,0,0,0,0,0,2,1,1,1,4,1,0,3,1,2,1,1,0,0,1,1,1,0,0,2,1,0,2,1,1,1,2,0,1,0,0,1,1,0,3,0,1,0,3,0,1,0,0,1,1,1,0,1,0,0,0,1,1,0,0,0,2,1,0,1,0,0,1,0,1,0,1,2,1,0,3,0,1,2,0,2,1,1,0,2,3,1,0,4,0,0,0,2,2,1,1,0,2,0,3,2,0,1,1,0,0,0,0,0,1,1,1,2,1,0,0,0,2,4,0,0,0,0,0,1,0,1,0,0,2,2,1,1,0,1,1,1,1,0,0,1,0,0,0,0,1,1,2,1,1,0,1,0,1,1,2,2,1,2,0,1,0,2,1,1,0,1,0,0,2,0,1,1,0,1,0,1,1,0,2,0,0,3,3,0,0,0,0,1,2,0,0,1,0,0,1,0,0,0,0,2,2,1,0,2,1,0,0,0,0,1,1,2,0,2,0,2,1,1,1,0,1,1,0,0,2,1,1,1,0,0,0,1,1,0,2,2,0,0,0,0,0,2,1,0,0,0,2,1,1,4,1,1,0,0,2,0,4,1,0,0,1,0,1,3,0,1,2,0,2,2,1,2,2,2,1,0,0,1,2,1,1,1,1,0,2,0,1,0,2,1,1,0,2,0,3,0,1,0,2,1,3,2,0,3,1,0,0,0,1,1,3,1,3,0,2,1,1,2,1,1,2,0,0,0,2,2,2,0,0,0,0,0,0,2,0,0,2,1,1,2,4,1,0,0,1,1,2,1,0,2,0,0,1,1,2,1,0,0,2,2,0,0,1,0,2,0,3,1,1,0,2,0,0,2,1,0,1,2,1,1,1,0,0,2,0,0,1,1,0,2,1,0,0,1,1,1,0,1,1,1,1,0,0,1,3,3,1,0,0,1,3,0,0,1,1,2,3,1,1,1,1,1,2,0,0,3,1,1,1,1,2,1,0,0,0,0,0,1,0,0,0,1,2,1,0,1,2,1,2,5,1,0,1,1,1,0,2,1,0,1,0,2,1,0,2,1,1,0,0,0,0,0,0,1,0,2,1,2,0,0,0,1,0,0,0,1,4,2,2,1,0,0,0,4,2,1,2,1,3,1,2,2,0,0,2,2,0,0,2,0,1,0,0,0,1,1,0,1,0,1,1,0,0,1,0,0,1,1,1,2,0,0,0,1,1,1,0,0,2,1,1,3,0,1,2,0,0,2,0,0,0,0,0,2,1,3,1,2,1,1,1,1,1,1,1,2,2,0,2,0,2,0,1,0,0,1,0,1,0,1,1,1,1,1,0,1,2,0,0,3,0,1,0,0,1,0,1,1,0,1,0,0,0,1,2,0,3,1,5,1,1,3,0,0,2,0,0,2,0,0,0,0,3,1,0,0,2,1,0,0,0,3,0,1,1,1,0,2,2,1,0,0,1,2,2,1,2,2,0,0,1,2,4,2,1,0,1,1,2,1,3,2,0,4,0,1,0,0,4,2,2,0,0,0,3,0,1,1,2,0,2,3,1,2,0,1,1,2,2,0,0,0,3,1,1,1,1,0,0,2,1,1,0,4,0,2,1,1,0,1,2,0,1,1,1,2,0,1,0,1,1,1,2,3,0,2,2,1,0,0,2,0,2,1,0,1,0,1,1,0,0,1,1,2,2,1,0,0,1,2,1,1,0,2,0,1,1,1,0,2,3,1,0,1,0,0,3,2,0,1,2,1,0,1,1,2,3,0,2,0,0,1,1,1,1,1,3,0,1,2,4,1,4,2,0,1,1,2,4,2,2,3,4,0,1,0,2,1,0,0,1,1,0,2,1,0,2,2,1,2,2,2,1,1,3,1,0,0,2,2,1,3,1,1,1,1,1,2,2,0,1,0,1,1,0,1,0,1,0,1,0,1,3,0,0,2,0,1,0,0,0,0,1,3,1,0,1,2,2,1,0,2,0,0,1,1,2,1,3,3,0,2,0,2,2,2,0,1,0,1,1,2,0,2,0,1,1,0,0,2,1,0,0,3,2,0,1,1,1,0,3,0,1,2,0,0,0,0,0,2,2,1,1,2,0,1,1,1,0,2,1,1,0,2,0,0,1,0,0,1,1,0,0,2,0,0,0,0,0,0,0,1,1,1,2,0,0,0,5,0,0,0,2,3,2,0,0,0,1,1,2,1,1,0,1,2,0,1,0,0,0,0,0,1,1,0,2,1,1,3,0,0,2,1,0,1,0,0,1,0,0,0,1,0,0,0,0,1,0,3,1,4,1,1,0,0,4,1,0,1,0,1,1,1,1,1,2,2,0,1,3,0,2,1,0,1,1,1,2,2,0,0,1,2,0,3,1,1,1,1,2,0,0,1,0,2,2,0,2,0,0,4,2,1,0,1,1,1,0,2,0,1,1,1,0,0,2,0,2,2,0,0,3,0,2,2,2,0,2,2,1,3,1,2,3,3,0,0,0,1,2,1,1,0,1,0,1,1,1,2,1,2,1,1,3,1,2,1,1,0,2,1,1,1,0,2,0,2,1,0,1,1,2,1,3,1,0,1,2,1,2,3,3,0,0,0,0,4,2,0,3,1,2,0,3,1,1,1,0,1,0,1,2,2,0,0,0,0,0,0,0,0,0,1,1,1,1,0,2,0,1,1,1,2,1,3,0,0,4,0,2,3,2,1,0,2,0,2,1,0,0,0,2,1,0,0,0,1,5,0,1,1,0,1,0,1,2,0,4,0,1,1,1,3,0,2,1,0,1,1,1,0,3,1,0,0,1,2,0,0,3,1,0,0,1,0,0,0,1,1,3,0,0,1,1,3,1,1,0,1,0,2,0,2,1,2,0,1,1,2,1,0,1,1,0,1,2,1,1,2,4,1,2,0,1,1,1,1,2,2,0,0,1,0,1,3,2,2,1,0,1,0,1,2,3,0,0,2,3,0,0,1,0,0,2,0,0,0,0,0,1,0,1,3,0,3,1,2,1,1,1,2,1,0,0,0,2,3,1,5,0,1,0,2,0,1,0,1,1,0,1,0,3,4,1,0,0,2,1,4,1,0,0,0,2,0,1,0,1,0,1,1,0,1,0,1,0,0,0,2,0,2,2,1,3,1,2,2,1,0,3,1,0,0,5,1,0,3,1,1,1,0,1,2,2,0,2,1,0,0,2,1,4,1,1,1,0,1,2,0,3,0,0,0,0,0,0,0,1,3,1,0,0,1,3,1,0,1,1,0,1,3,2,1,0,0,0,1,0,1,1,1,0,0,1,3,1,0,1,4,2,2,1,1,1,0,1,0,1,0,0,1,2,1,1,1,0,0,2,0,0,0,1,1,1,1,0,0,0,1,1,1,0,2,4,0,1,0,0,0,3,2,2,0,4,2,2,1,1,0,1,1,0,1,2,0,1,0,1,0,2,0,2,3,0,0,1,3,0,2,1,2,0,3,0,1,1,3,2,2,1,2,0,0,0,1,0,2,3,1,0,1,0,1,1,1,0,0,1,0,0,1,1,0,0,2,1,2,2,0,1,0,0,0,1,1,1,1,0,0,1,1,0,0,0,2,0,0,0,0,0,0,0,1,1,2,1,2,1,3,1,0,0,1,0,0,1,6,1,0,0,1,2,1,0,3,1,3,5,1,1,1,1,0,2,0,0,0,0,0,0,1,2,0,0,2,2,0,2,3,0,0,0,1,0,2,1,0,0,0,1,1,0,1,3,1,1,2,2,0,2,2,2,2,1,1,0,0,1,2,0,0,2,0,1,3,0,0,0,2,0,2,0,1,1,3,3,0,0,1,4,0,1,1,3,2,1,4,2,2,0,3,0,2,0,0,1,0,0,3,1,1,1,1,2,1,0,0,0,0,1,0,0,2,1,2,0,2,0,0,1,1,0,0,1,1,0,2,0,1,2,2,1,1,3,0,0,1,0,1,0,0,2,1,0,3,0,0,2,2,1,0,1,4,1,0,1,1,3,0,0,0,3,3,0,2,1,2,1,2,1,2,1,0,1,0,1,2,0,5,1,0,1,1,1,0,1,2,1,0,2,1,1,2,1,1,0,1,1,1,1,1,0,0,0,1,0,0,0,2,0,1,1,3,1,0,1]},{"counters":[1,0,0,2,0,0,1,1,3,0,2,1,0,1,0,0,0,0,0,0,0,0,0,0,2,0,1,0,0,1,1,2,0,1,2,1,0,0,1,2,2,1,1,0,1,1,1,0,1,1,1,1,1,0,0,0,0,2,1,1,1,2,0,0,2,2,2,1,1,2,2,1,1,1,2,0,0,1,1,0,2,1,0,0,1,2,1,1,0,0,0,1,1,2,1,1,0,0,0,0,0,2,1,1,1,0,2,0,1,1,0,2,1,1,1,4,3,1,0,1,1,1,2,1,0,1,2,1,2,2,0,2,1,4,1,0,0,1,0,0,1,3,1,0,2,2,0,1,0,1,1,2,2,0,2,1,1,1,2,0,1,2,1,1,3,0,0,0,0,0,1,1,0,0,1,0,2,2,0,2,1,2,0,0,2,0,1,1,1,1,0,1,0,1,0,0,1,2,0,1,0,0,0,0,0,1,1,2,2,0,0,0,4,2,0,0,0,1,1,2,1,2,0,0,1,1,0,1,1,1,0,2,0,2,0,1,0,1,0,1,0,0,1,2,0,1,0,1,0,1,1,1,1,1,2,0,1,2,1,0,2,3,1,1,1,0,1,0,0,2,1,1,0,2,0,2,1,1,3,0,2,1,0,1,1,0,1,1,1,2,2,1,2,3,0,2,1,1,1,2,0,0,0,0,1,1,0,0,3,2,2,1,3,3,0,0,1,1,2,3,1,1,2,1,0,2,3,2,3,0,1,0,1,1,1,1,1,2,1,1,0,0,0,0,0,0,0,3,0,0,1,1,5,3,2,0,2,1,2,2,1,1,3,2,1,2,3,1,0,2,1,3,0,2,0,0,3,0,2,1,2,0,0,1,0,1,1,3,2,1,1,1,0,2,1,1,1,0,0,1,4,2,0,0,2,1,1,4,0,0,0,1,0,1,2,2,0,2,2,2,0,1,3,1,0,2,4,1,1,1,0,0,1,2,2,0,2,1,0,0,2,0,1,3,0,0,2,0,0,1,1,2,1,2,2,1,1,1,1,0,2,1,2,1,1,0,1,1,1,2,2,1,0,0,3,0,0,1,0,1,2,1,0,0,0,0,0,1,4,0,1,1,2,2,0,1,2,2,0,0,0,0,1,1,1,1,0,2,3,1,1,1,0,0,3,1,1,2,2,0,1,1,0,0,1,0,0,0,2,1,0,0,0,1,2,3,0,1,2,0,3,1,2,1,2,3,0,1,1,1,1,0,2,1,3,3,1,2,1,1,1,3,2,1,4,0,1,0,2,1,1,2,0,1,2,0,2,1,0,2,0,0,0,0,3,0,0,1,0,0,0,0,0,1,0,1,1,1,2,0,1,1,0,0,0,0,2,0,3,0,0,0,1,1,2,0,0,0,1,0,1,2,0,1,1,2,1,2,0,1,0,1,1,1,0,0,0,4,0,0,0,0,1,0,1,1,1,0,1,1,0,1,2,0,0,0,0,0,1,0,0,2,0,1,3,1,1,1,2,2,0,0,0,1,2,2,1,1,0,1,0,0,1,2,0,0,0,2,1,1,3,2,1,1,3,2,1,0,3,1,0,1,1,2,0,0,1,2,1,0,3,0,0,0,0,0,1,0,0,0,1,0,0,1,1,0,1,0,1,0,0,1,3,1,0,0,1,0,0,0,1,0,0,2,2,3,0,0,1,0,1,1,1,0,1,2,2,2,1,1,0,5,0,0,0,2,1,2,1,2,0,1,0,0,0,0,2,3,0,3,1,0,0,0,0,0,0,1,2,1,3,1,0,2,0,1,1,1,0,1,1,1,0,1,0,2,2,1,0,0,0,1,1,0,0,4,1,0,2,1,0,2,1,0,1,1,1,0,4,3,2,0,0,0,2,2,2,0,0,1,0,1,1,0,2,0,2,1,2,0,1,0,0,1,2,0,1,1,1,1,1,2,1,0,1,2,1,0,0,2,0,1,2,1,1,3,2,2,1,0,1,1,2,0,2,1,1,3,0,1,4,0,0,1,1,2,1,1,2,1,2,0,0,1,2,0,0,2,0,2,0,1,0,1,1,2,0,1,2,2,0,2,1,1,1,1,2,1,2,1,2,0,0,1,1,2,0,1,0,3,1,0,0,0,2,1,1,1,1,0,0,1,0,0,0,1,1,0,1,0,2,1,1,0,2,1,0,0,0,0,1,0,2,2,2,2,2,2,2,0,1,1,2,1,2,3,1,2,0,0,0,1,0,1,0,1,1,0,1,0,0,1,1,1,1,0,0,4,1,1,0,0,0,1,2,4,0,3,0,0,1,1,0,0,0,2,0,1,0,3,2,2,2,1,2,0,0,1,1,2,1,1,1,1,1,1,2,1,0,2,1,1,1,0,2,3,1,2,0,0,1,0,2,3,1,2,1,0,1,0,2,0,0,1,1,0,0,1,2,1,4,0,0,1,1,2,1,3,1,1,2,2,0,1,0,1,3,1,2,0,2,1,1,2,1,1,0,2,0,2,0,0,0,1,3,2,3,0,2,1,1,0,3,2,1,1,0,1,0,3,2,1,2,1,1,2,1,2,1,1,3,2,1,1,0,3,1,2,1,0,1,3,0,0,0,1,0,1,1,2,0,1,1,1,1,1,1,0,2,2,1,0,0,1,1,0,1,1,3,1,0,1,0,1,1,1,0,2,1,2,1,2,1,2,4,0,1,3,1,0,0,1,0,0,0,0,2,1,1,0,1,2,0,1,1,0,5,1,1,1,0,1,1,0,3,1,1,1,0,1,0,1,2,0,0,1,0,3,1,1,0,2,0,1,0,1,3,1,1,0,1,1,0,1,0,0,1,3,1,0,1,0,2,3,1,1,1,3,0,0,0,0,2,2,1,0,1,1,3,0,0,1,2,0,0,0,2,0,1,0,0,0,0,0,2,0,0,1,2,0,1,2,0,3,1,1,0,0,2,1,0,2,1,1,2,0,2,1,1,2,0,0,0,0,0,2,3,1,2,1,0,0,0,1,2,1,2,0,0,2,0,1,0,1,2,3,0,3,1,1,0,0,1,0,0,0,1,0,0,3,3,0,1,2,1,2,1,0,0,2,1,3,0,0,0,0,1,1,1,2,3,2,1,1,2,0,0,1,0,1,0,0,2,3,0,0,1,4,0,3,0,2,2,0,1,1,1,5,0,1,1,1,1,0,1,2,0,0,1,0,2,1,1,0,1,3,1,2,0,1,0,2,1,1,2,0,0,2,1,1,1,2,1,0,1,0,2,1,0,0,1,1,0,2,0,1,1,0,0,0,0,1,0,2,1,1,0,1,1,2,0,0,1,0,2,0,1,0,2,1,1,1,2,0,0,3,0,0,1,1,2,1,1,1,0,3,0,0,0,0,0,4,0,1,1,0,1,1,1,0,0,1,2,1,0,0,1,0,2,0,0,1,2,1,0,1,1,0,1,0,3,0,0,0,1,0,1,2,1,3,2,0,2,0,0,0,1,0,3,2,1,0,2,0,2,1,3,2,2,0,3,0,0,0,2,2,1,0,0,0,0,2,1,2,0,0,3,2,0,2,1,1,0,1,2,0,1,2,2,1,1,1,3,0,2,0,0,1,0,1,2,3,2,0,2,0,2,1,0,0,2,1,0,4,0,1,0,1,0,0,0,1,0,0,2,1,1,1,1,4,0,1,3,1,2,2,1,1,2,0,1,0,2,1,1,2,1,2,1,1,0,1,1,2,0,0,3,1,2,3,1,1,0,2,1,0,0,0,2,3,0,2,0,0,2,1,2,4,0,1,2,2,3,0,0,1,1,1,3,1,1,0,1,0,1,2,0,2,1,0,1,2,2,0,1,0,1,2,1,1,0,0,0,1,0,2,2,1,0,1,0,2,1,0,1,0,0,1,1,1,2,3,1,0,0,3,1,0,0,1,0,0,0,0,0,1,1,1,1,2,1,2,1,3,0,0,0,3,0,0,0,1,0,3,0,0,1,0,0,0,1,1,2,0,0,2,0,1,1,0,1,0,0,0,1,3,2,2,2,2,2,0,1,2,2,2,4,0,1,2,0,2,1,1,1,0,0,1,0,0,0,0,1,2,2,2,0,0,3,0,3,3,2,0,1,1,0,1,0,0,1,1,1,3,0,2,1,2,1,0,0,1,0,0,0,1,1,2,1,0,1,1,0,2,0,0,1,0,0,1,2,1,2,3,1,1,0,0,0,1,0,1,2,1,0,1,1,1,1,0,1,2,0,0,2,1,2,1,1,2,0,1,1,0,3,2,0,0,2,0,2,0,1,0,0,1,0,2,1,1,0,3,0,3,0,0,1,0,1,1,0,0,1,1,1,0,1,0,1,0,0,1,0,3,2,2,0,0,1,1,1,3,0,0,4,3,1,2,0,1,0,0,1,0,1,2,1,1,2,1,1,0,0,0,0,0,0,1,0,2,0,0,0,0,1,2,0,1,3,0,1,1,0,0,1,3,3,1,0,0,0,0,1,3,2,2,0,0,0,1,3,0,0,0,1,0,0,1,1,0,1,0,4,2,0,0,1,2,1,3,4,2,2,1,0,0,2,2,1,1,2,1,3,0,1,2,2,0,1,0,2,1,0,3,0,1,0,1]},{"counters":[0,2,0,0,0,1,0,1,3,1,0,1,2,1,0,2,0,0,2,0,0,1,0,1,1,0,1,1,1,1,0,1,2,1,1,1,1,0,2,0,0,1,2,3,0,0,0,3,4,2,0,1,2,1,1,1,2,1,2,2,5,0,2,0,0,0,3,2,1,1,2,1,2,2,1,1,3,0,1,1,0,3,0,1,3,1,0,0,1,0,1,0,3,2,0,1,0,0,0,2,2,0,1,0,2,1,1,2,0,0,0,2,4,1,0,0,1,0,1,1,1,2,1,2,1,1,3,2,0,1,2,0,2,3,2,3,0,1,1,2,0,0,4,1,0,2,2,0,0,0,1,0,1,3,0,0,0,0,1,0,0,0,1,0,2,1,1,0,1,0,0,3,1,1,0,2,0,1,1,0,3,1,2,1,2,5,0,1,0,1,1,0,0,3,1,0,0,0,0,2,1,0,1,1,2,1,0,2,0,0,0,1,1,2,1,1,1,2,4,4,0,2,2,0,1,0,0,1,0,0,4,1,2,0,1,1,1,1,2,0,0,1,4,2,2,1,1,1,2,1,0,1,2,1,1,3,1,2,2,0,1,1,1,0,1,0,2,1,1,0,1,2,0,2,0,1,0,0,1,0,1,0,3,1,3,3,1,1,1,2,2,1,0,0,1,2,0,0,0,0,0,2,2,2,1,1,1,0,0,3,1,1,0,1,0,0,0,0,1,2,1,2,3,3,1,2,1,2,1,2,0,1,1,1,0,1,0,0,1,2,1,0,1,2,0,1,1,1,2,1,3,2,0,1,1,1,0,1,1,2,0,0,2,2,0,1,0,1,0,1,1,0,0,3,1,2,1,0,1,1,1,1,0,0,1,0,0,1,1,2,0,2,0,1,3,1,0,0,1,3,1,1,0,0,0,0,1,0,1,1,1,2,1,1,2,0,0,2,1,0,0,1,0,0,3,1,0,0,2,2,2,2,2,1,3,1,1,1,0,5,0,1,2,0,0,1,1,1,0,0,2,1,0,1,2,1,1,0,0,0,2,1,1,0,0,1,2,0,1,0,1,0,1,2,1,2,1,0,0,0,0,0,0,2,2,1,3,0,0,1,0,2,0,0,2,0,1,0,1,0,0,3,2,1,0,0,1,0,0,0,1,0,0,1,0,1,2,0,1,3,0,0,0,1,1,0,1,0,1,0,0,1,2,0,2,3,2,2,1,0,1,0,1,3,1,2,1,1,0,0,1,2,0,0,3,1,3,1,0,0,4,0,1,2,2,1,3,0,1,0,2,2,0,0,1,0,2,0,2,0,1,1,1,1,0,0,0,1,0,0,0,0,0,1,0,1,0,0,0,0,1,0,1,1,2,0,1,0,1,2,1,0,1,0,1,4,1,0,1,1,0,1,1,0,0,0,3,0,0,0,1,1,1,0,2,2,2,1,3,1,1,1,2,0,1,1,2,0,0,0,1,0,1,0,2,0,0,3,3,0,0,0,0,1,0,1,0,2,1,1,0,0,2,2,0,1,0,1,0,2,1,1,1,2,3,1,1,0,1,0,1,1,2,2,1,0,0,2,1,0,1,4,2,3,1,0,1,0,2,2,1,1,1,1,1,2,0,1,2,0,0,0,1,2,0,0,0,0,0,2,0,1,1,1,0,3,0,2,1,0,0,1,0,0,2,1,1,0,3,0,2,1,0,1,1,0,1,1,0,1,4,3,0,1,0,1,3,3,0,1,0,1,0,1,0,2,0,1,0,2,1,1,4,4,0,2,2,2,0,0,0,0,2,0,0,1,2,1,0,1,0,1,0,1,1,0,2,2,1,1,0,1,0,0,1,0,3,1,1,1,2,1,1,0,0,4,3,2,0,0,0,0,1,0,0,0,1,1,0,0,0,0,0,1,3,1,1,1,0,1,0,1,1,0,2,0,1,1,2,1,0,0,1,1,1,4,1,2,0,1,0,1,0,0,1,0,0,5,0,2,1,2,2,0,1,1,3,1,1,0,1,2,2,0,1,1,3,1,2,0,1,1,1,1,2,0,1,1,0,3,0,0,0,1,1,2,2,3,1,0,0,2,0,0,0,2,2,3,1,2,1,1,1,1,0,0,1,0,0,1,1,0,0,0,1,1,0,1,2,2,3,0,1,1,0,1,5,1,2,1,4,0,1,0,0,1,1,0,1,1,1,0,1,0,2,2,2,0,2,1,1,0,2,2,1,3,1,2,0,1,1,0,1,3,0,2,1,2,0,1,2,0,1,2,1,2,1,2,0,0,1,3,0,1,0,2,1,1,1,0,1,3,0,1,0,4,0,0,1,0,0,0,0,0,0,5,1,1,1,0,0,1,0,4,1,2,0,0,1,1,2,1,3,1,4,1,1,0,1,1,1,0,1,3,1,1,1,0,1,2,1,1,2,0,1,4,0,0,1,2,1,4,1,2,0,2,0,0,1,0,1,1,1,0,1,0,1,1,0,2,1,0,1,1,1,0,2,0,3,0,1,1,0,0,1,2,0,1,4,0,0,3,2,1,1,0,0,3,2,1,1,1,2,2,0,1,1,1,1,0,0,3,1,0,2,0,0,1,4,3,1,0,0,1,0,1,2,0,0,0,1,2,0,3,1,2,0,2,1,1,0,1,1,1,1,1,0,1,2,0,1,1,0,1,1,2,1,0,0,1,0,1,2,0,4,0,0,1,1,1,0,0,3,0,1,2,1,1,0,0,1,1,1,2,0,0,2,0,0,0,1,2,0,1,1,1,2,0,0,1,0,2,3,0,0,0,1,0,3,1,3,1,0,2,0,2,1,0,1,1,3,1,1,1,1,0,0,0,1,0,1,0,2,0,1,1,3,0,1,1,0,1,0,2,3,0,1,1,0,2,4,0,0,0,0,1,0,2,1,0,1,2,1,1,1,1,1,0,1,1,1,1,1,2,1,1,0,3,0,0,0,2,1,1,1,1,3,0,0,0,0,4,1,0,0,1,0,3,0,1,0,1,3,1,0,0,0,0,1,2,1,0,1,0,3,0,2,0,2,2,3,2,2,0,2,2,1,1,2,0,0,4,2,4,1,1,1,2,3,1,0,1,1,0,3,1,2,2,0,1,0,0,1,2,1,1,1,0,0,0,0,1,1,1,1,1,0,0,2,1,2,1,0,2,1,0,1,0,1,2,3,0,1,0,0,3,0,0,1,1,1,1,2,0,1,2,1,1,0,1,1,0,0,0,1,0,0,1,0,1,2,0,3,2,2,2,2,2,0,0,0,0,2,1,1,2,0,0,1,0,1,0,3,0,0,0,0,0,3,0,0,1,2,2,0,3,0,2,2,2,1,1,2,1,0,1,0,0,1,0,1,1,0,0,0,0,1,1,4,0,0,0,1,0,1,0,1,4,2,0,5,0,1,0,1,0,1,0,0,2,1,0,1,0,3,0,0,1,1,2,0,1,1,0,0,2,1,1,0,1,1,1,2,3,1,2,1,0,0,2,0,3,1,0,0,1,0,2,0,1,0,0,3,0,0,1,2,2,1,1,1,0,0,2,0,1,2,0,1,3,0,0,1,2,0,0,2,1,0,0,0,1,1,0,0,0,1,0,0,2,1,2,1,1,1,0,2,2,1,0,1,0,1,0,0,1,3,2,0,0,2,2,2,1,1,0,0,1,1,1,2,1,0,2,1,0,4,3,1,1,3,1,2,0,2,1,3,0,0,0,0,0,0,2,3,1,1,1,4,0,0,0,0,0,2,1,0,0,1,0,1,1,1,2,0,1,1,0,0,0,1,0,3,0,3,0,1,3,1,0,1,1,2,1,1,0,2,1,2,1,1,0,1,1,0,1,0,4,1,0,1,2,3,1,0,0,1,1,1,1,0,0,2,1,0,0,0,0,1,2,1,0,0,1,2,0,0,5,0,0,0,1,0,0,1,0,3,0,1,0,1,2,0,1,2,5,2,0,3,0,0,2,0,2,2,1,0,1,0,1,1,0,1,2,0,2,1,1,0,1,0,2,1,2,0,2,1,3,1,1,0,2,1,1,0,0,0,1,0,2,0,2,1,1,1,0,1,0,2,2,1,1,0,1,2,2,1,2,0,1,0,2,2,2,2,0,2,0,1,0,1,2,2,1,0,2,0,2,2,1,1,1,4,1,0,0,1,0,1,0,1,1,0,2,1,0,4,1,0,1,0,1,0,0,1,0,0,2,0,0,0,0,1,0,1,2,4,0,1,0,2,2,2,3,0,1,0,3,0,1,1,2,1,0,2,0,1,2,0,4,0,1,1,2,1,0,3,2,0,0,2,1,3,0,0,0,3,1,2,0,1,0,0,0,1,2,0,0,1,2,0,2,0,0,2,1,1,1,3,0,0,1,1,0,1,0,1,1,0,0,0,1,0,0,3,2,1,1,0,1,0,0,2,0,2,0,1,1,2,1,0,0,0,4,0,0,0,1,0,0,1,1,0,1,0,2,1,0,0,2,2,1,1,2,0,1,1,1,0,0,1,0,1,1,3,1,0,0,0,3,1,0,2,2,0,1,2,1,2,0,0,1,0,0,1,0,0,3,0,1,3,0,2,2,1,0,0,1,0,0,0,2,4,2,0,0,4,0]}]},"null_count":0,"last_update_version":397952046391361536},"b":{"histogram":{"ndv":2000,"buckets":[{"count":8,"lower_bound":"LTIxNDIxNzczMzk=","upper_bound":"LTIxMzUwNzc4MTY=","repeats":1},{"count":16,"lower_bound":"LTIxMzA0NzI3ODk=","upper_bound":"LTIxMTY1NjcyODc=","repeats":1},{"count":24,"lower_bound":"LTIxMTY0OTg5NDk=","upper_bound":"LTIwODQxNDQ0MTc=","repeats":1},{"count":32,"lower_bound":"LTIwODA1NTEwNjg=","upper_bound":"LTIwNjQ2MzIzOTM=","repeats":1},{"count":40,"lower_bound":"LTIwNjMxNTY5MDg=","upper_bound":"LTIwNDQ2MjUxNTY=","repeats":1},{"count":48,"lower_bound":"LTIwNDIwMzU3MDE=","upper_bound":"LTIwMjUzMjk1MDM=","repeats":1},{"count":56,"lower_bound":"LTIwMjI5MTU1Mzc=","upper_bound":"LTIwMjA0MzEzNjQ=","repeats":1},{"count":64,"lower_bound":"LTIwMTc4MDQxNjU=","upper_bound":"LTIwMDg5NDcxMjU=","repeats":1},{"count":72,"lower_bound":"LTIwMDE4NzY0OTE=","upper_bound":"LTE5OTMwNjg5ODE=","repeats":1},{"count":80,"lower_bound":"LTE5ODYyMjg0Njk=","upper_bound":"LTE5ODA3NTkwMDE=","repeats":1},{"count":88,"lower_bound":"LTE5Nzk4NDQ0NTI=","upper_bound":"LTE5NTQ0MjEwNTk=","repeats":1},{"count":96,"lower_bound":"LTE5NTQxMDkzMzQ=","upper_bound":"LTE5NDE1MjAyMTU=","repeats":1},{"count":104,"lower_bound":"LTE5MjkyNjMwNjQ=","upper_bound":"LTE5MTUzNDg4NTE=","repeats":1},{"count":112,"lower_bound":"LTE5MTI4Mjc5NDY=","upper_bound":"LTE5MDQ2NTgzNzM=","repeats":1},{"count":120,"lower_bound":"LTE4ODg3ODUzNTk=","upper_bound":"LTE4NTY2NTUwMTI=","repeats":1},{"count":128,"lower_bound":"LTE4NTY0MzE2OTI=","upper_bound":"LTE4NTA0ODMyMzQ=","repeats":1},{"count":136,"lower_bound":"LTE4NTAwMTczMjQ=","upper_bound":"LTE4NDQ5MTYxMDM=","repeats":1},{"count":144,"lower_bound":"LTE4Mzg0ODgxNTA=","upper_bound":"LTE4MDc2NDczNDE=","repeats":1},{"count":152,"lower_bound":"LTE3NzgyNzQ4MzE=","upper_bound":"LTE3Njg0ODM4ODE=","repeats":1},{"count":160,"lower_bound":"LTE3Njc1ODcyMDQ=","upper_bound":"LTE3NTM5NTQ5NTU=","repeats":1},{"count":168,"lower_bound":"LTE3NTI0MzYyNTE=","upper_bound":"LTE3Mzk4MzE2NTQ=","repeats":1},{"count":176,"lower_bound":"LTE3MzY1MDc4Mjc=","upper_bound":"LTE3MzEyMzU2Njg=","repeats":1},{"count":184,"lower_bound":"LTE3MTg1MDg2OTI=","upper_bound":"LTE3MDg1NDkzODk=","repeats":1},{"count":192,"lower_bound":"LTE2OTk0MzUwNzU=","upper_bound":"LTE2ODQ1NTY4NTQ=","repeats":1},{"count":200,"lower_bound":"LTE2ODM2MDU0MzQ=","upper_bound":"LTE2NzUyMDc3MTA=","repeats":1},{"count":208,"lower_bound":"LTE2NzQ5NTUxMDU=","upper_bound":"LTE2NjIyMTQ1Mjc=","repeats":1},{"count":216,"lower_bound":"LTE2NTc5NzExMjc=","upper_bound":"LTE2Mjg2MDAzOTU=","repeats":1},{"count":224,"lower_bound":"LTE2MjY3NjI1NjQ=","upper_bound":"LTE1ODQzNzI1Mzg=","repeats":1},{"count":232,"lower_bound":"LTE1NzkzNTE1NjY=","upper_bound":"LTE1NzI3MTEzMjI=","repeats":1},{"count":240,"lower_bound":"LTE1NjU5NDU4NTc=","upper_bound":"LTE1NTg2ODY3MTA=","repeats":1},{"count":248,"lower_bound":"LTE1NTgzODI2ODA=","upper_bound":"LTE1NDM3NDE3NDM=","repeats":1},{"count":256,"lower_bound":"LTE1NDE3OTA2Mzg=","upper_bound":"LTE1MzA0NDY2ODY=","repeats":1},{"count":264,"lower_bound":"LTE1MzA0MjgwNTY=","upper_bound":"LTE1MDE5NTExMzE=","repeats":1},{"count":272,"lower_bound":"LTE0OTQyMzY2OTU=","upper_bound":"LTE0OTE5NTc1NzM=","repeats":1},{"count":280,"lower_bound":"LTE0OTA3NDg3MzQ=","upper_bound":"LTE0NzM5MDE3Mjk=","repeats":1},{"count":288,"lower_bound":"LTE0NzIwNjI0NTA=","upper_bound":"LTE0NDcxMTIzMjQ=","repeats":1},{"count":296,"lower_bound":"LTE0NDYxNjU0MTY=","upper_bound":"LTE0Mzk0NzEwNTI=","repeats":1},{"count":304,"lower_bound":"LTE0Mzg4Njk3MTI=","upper_bound":"LTE0MjY1MzAzMzA=","repeats":1},{"count":312,"lower_bound":"LTE0MTMxMzMyNzA=","upper_bound":"LTE0MDcwMjA5NTY=","repeats":1},{"count":320,"lower_bound":"LTE0MDUzMzA0NjE=","upper_bound":"LTEzODI1MDk3NzA=","repeats":1},{"count":328,"lower_bound":"LTEzODA3OTY0MDc=","upper_bound":"LTEzNjg2NDE2MzA=","repeats":1},{"count":336,"lower_bound":"LTEzNjY4OTIyNjA=","upper_bound":"LTEzNjA0MjgxMTM=","repeats":1},{"count":344,"lower_bound":"LTEzNTc0MTcxNjg=","upper_bound":"LTEzNDk5MTk0MTY=","repeats":1},{"count":352,"lower_bound":"LTEzNDg0MTQ5MjQ=","upper_bound":"LTEzNDAyMTA5ODE=","repeats":1},{"count":360,"lower_bound":"LTEzMzkxNzMwODM=","upper_bound":"LTEzMjQ3MjYwNTQ=","repeats":1},{"count":368,"lower_bound":"LTEzMTg1MzUzNDA=","upper_bound":"LTEyODY1MTEwMzA=","repeats":1},{"count":376,"lower_bound":"LTEyODUxNzU2MTM=","upper_bound":"LTEyNzkwMTkwNjM=","repeats":1},{"count":384,"lower_bound":"LTEyNzgwODkxODk=","upper_bound":"LTEyNzIxNzU3MjE=","repeats":1},{"count":392,"lower_bound":"LTEyNjQ3OTA0NDI=","upper_bound":"LTEyMzkwMDA2NTg=","repeats":1},{"count":400,"lower_bound":"LTEyMzU1Mzk1Nzk=","upper_bound":"LTEyMjYyNDY4Nzg=","repeats":1},{"count":408,"lower_bound":"LTEyMjU0ODE0MzY=","upper_bound":"LTEyMTk1NTY0OTY=","repeats":1},{"count":416,"lower_bound":"LTEyMTU1MTI2NDE=","upper_bound":"LTExOTcyMjE4MjY=","repeats":1},{"count":424,"lower_bound":"LTExOTcxNjMzNzE=","upper_bound":"LTExODY4OTk3NTY=","repeats":1},{"count":432,"lower_bound":"LTExODU1NjkwMTY=","upper_bound":"LTExNzY4MDYzNDI=","repeats":1},{"count":440,"lower_bound":"LTExNzUwNTU4Nzg=","upper_bound":"LTExNTc3MDMxODg=","repeats":1},{"count":448,"lower_bound":"LTExNTA5NTMxOTU=","upper_bound":"LTExMTk5NzQ4MDY=","repeats":1},{"count":456,"lower_bound":"LTExMTM2Mjg2NzY=","upper_bound":"LTExMDkzMTMyMDk=","repeats":1},{"count":464,"lower_bound":"LTExMDg1NDc2NTg=","upper_bound":"LTExMDQ2MTQ0MjQ=","repeats":1},{"count":472,"lower_bound":"LTExMDM4NTkyNTY=","upper_bound":"LTEwODg3ODkzODc=","repeats":1},{"count":480,"lower_bound":"LTEwODg1NjI2Nzc=","upper_bound":"LTEwNzU5ODkyNTQ=","repeats":1},{"count":488,"lower_bound":"LTEwNzQ3MDIwMjU=","upper_bound":"LTEwNjg1NTg1NTc=","repeats":1},{"count":496,"lower_bound":"LTEwNTM4MzIzMTY=","upper_bound":"LTEwMzM2NTEyNTA=","repeats":1},{"count":504,"lower_bound":"LTEwMzI1MDM1MTI=","upper_bound":"LTEwMjMwODU1NzE=","repeats":1},{"count":512,"lower_bound":"LTEwMTg1NDgyNjk=","upper_bound":"LTk5NzM3OTczMA==","repeats":1},{"count":520,"lower_bound":"LTk5NjQ5MDY2MQ==","upper_bound":"LTk5MDA2MTEyOQ==","repeats":1},{"count":528,"lower_bound":"LTk4MTEwNzU5MQ==","upper_bound":"LTk3MjYwODAyOQ==","repeats":1},{"count":536,"lower_bound":"LTk1Mzg3OTc5NQ==","upper_bound":"LTk0MjU5MDA1MQ==","repeats":1},{"count":544,"lower_bound":"LTk0MjQ1MDEyMQ==","upper_bound":"LTkyNTk5NTEyMQ==","repeats":1},{"count":552,"lower_bound":"LTkyNTIzMDEzMg==","upper_bound":"LTkxMTk5MjU4NQ==","repeats":1},{"count":560,"lower_bound":"LTkxMTAxODc0Ng==","upper_bound":"LTkwMTkwMDU0Mw==","repeats":1},{"count":568,"lower_bound":"LTg5NDk4NDg0MQ==","upper_bound":"LTg4MTQzMDczMA==","repeats":1},{"count":576,"lower_bound":"LTg3Nzg3OTA3Mg==","upper_bound":"LTg1NTU3MTAwMg==","repeats":1},{"count":584,"lower_bound":"LTg0OTY2NjcwNw==","upper_bound":"LTg0Mzk0NjExOQ==","repeats":1},{"count":592,"lower_bound":"LTg0MzMxMzk3NA==","upper_bound":"LTgzNzc2NzQ3NQ==","repeats":1},{"count":600,"lower_bound":"LTgzNjM4OTkyOA==","upper_bound":"LTgyNTc0MjU3NQ==","repeats":1},{"count":608,"lower_bound":"LTgyMDk1NDU0NQ==","upper_bound":"LTgxMzMxMzI0Mw==","repeats":1},{"count":616,"lower_bound":"LTgxMzI2MTI0OA==","upper_bound":"LTgwMjk2ODA1MQ==","repeats":1},{"count":624,"lower_bound":"LTgwMDkyNDIxOA==","upper_bound":"LTc3NzA2NTUyMg==","repeats":1},{"count":632,"lower_bound":"LTc3NjU2MTg0Mg==","upper_bound":"LTc2Nzg1NDcxOA==","repeats":1},{"count":640,"lower_bound":"LTc2NjkxMjkyOA==","upper_bound":"LTc1NDQ2NDE2Nw==","repeats":1},{"count":648,"lower_bound":"LTczOTc2Njc2OQ==","upper_bound":"LTcyMjgxNzY4Mw==","repeats":1},{"count":656,"lower_bound":"LTcxNDY5OTAwOA==","upper_bound":"LTcwMzI5Nzc2NA==","repeats":1},{"count":664,"lower_bound":"LTY5ODQ0NDY2OQ==","upper_bound":"LTY4MjcxMzkxNw==","repeats":1},{"count":672,"lower_bound":"LTY3NTM1OTU5NA==","upper_bound":"LTY2MzgxNTkxOA==","repeats":1},{"count":680,"lower_bound":"LTY1NTYxMDY4MQ==","upper_bound":"LTY0NjQxMzc0Nw==","repeats":1},{"count":688,"lower_bound":"LTY0NDMyOTM1Ng==","upper_bound":"LTYyODQ0MjI3MQ==","repeats":1},{"count":696,"lower_bound":"LTYyNDU3OTU0NA==","upper_bound":"LTYwODgwOTQ0Ng==","repeats":1},{"count":704,"lower_bound":"LTU5NzQ4MTI1Mg==","upper_bound":"LTU5MzUwNDM3MQ==","repeats":1},{"count":712,"lower_bound":"LTU3NTYyOTUyMw==","upper_bound":"LTU2NzYzNjU2OQ==","repeats":1},{"count":720,"lower_bound":"LTU2NjgzMjUxNA==","upper_bound":"LTU2MDM3NjIxNA==","repeats":1},{"count":728,"lower_bound":"LTU1NTU0MDQ2NA==","upper_bound":"LTU0NzU2NjM0Ng==","repeats":1},{"count":736,"lower_bound":"LTU0NTgxNjQ0MA==","upper_bound":"LTUyNDY2NDkxMQ==","repeats":1},{"count":744,"lower_bound":"LTUxNjA5OTE5Mw==","upper_bound":"LTUwNDA2MjMxNA==","repeats":1},{"count":752,"lower_bound":"LTQ5ODg0MzM1Mw==","upper_bound":"LTQ4OTg5MDY2Mw==","repeats":1},{"count":760,"lower_bound":"LTQ4ODcxODU2MQ==","upper_bound":"LTQ2NTkyMDAyMw==","repeats":1},{"count":768,"lower_bound":"LTQ1Mjk3NTg0OQ==","upper_bound":"LTQzNTc4NDYxMA==","repeats":1},{"count":776,"lower_bound":"LTQzMTcwNzQ1NQ==","upper_bound":"LTQyNDYzMjgwNA==","repeats":1},{"count":784,"lower_bound":"LTQyMDQ2MjM4Ng==","upper_bound":"LTM5OTYwMTQ3Ng==","repeats":1},{"count":792,"lower_bound":"LTM5OTIwMDg4OQ==","upper_bound":"LTM4Nzc2NTcyMA==","repeats":1},{"count":800,"lower_bound":"LTM3MTAwMDgzMg==","upper_bound":"LTM1MjU5MzQ4Ng==","repeats":1},{"count":808,"lower_bound":"LTM0NjQzMjgwMA==","upper_bound":"LTMyMTM2MzEwNA==","repeats":1},{"count":816,"lower_bound":"LTMxNzMyMzk0OA==","upper_bound":"LTMwMzE4ODUyNw==","repeats":1},{"count":824,"lower_bound":"LTMwMTA3NDI0Ng==","upper_bound":"LTI4ODYwNDkwNg==","repeats":1},{"count":832,"lower_bound":"LTI4Nzc3MjE0OQ==","upper_bound":"LTI3NjUxMjY4MQ==","repeats":1},{"count":840,"lower_bound":"LTI3MTcxOTAwNQ==","upper_bound":"LTI2NTU1ODA0Nw==","repeats":1},{"count":848,"lower_bound":"LTI2NDI5NTUzNA==","upper_bound":"LTIzOTQzMTc2Nw==","repeats":1},{"count":856,"lower_bound":"LTIzODM3NTMzOA==","upper_bound":"LTIyMTk2NzkzNg==","repeats":1},{"count":864,"lower_bound":"LTIxOTc2OTQ2Ng==","upper_bound":"LTE4MzUxODc0Mw==","repeats":1},{"count":872,"lower_bound":"LTE4MDA0NzQyMg==","upper_bound":"LTE3MjIwOTgxMg==","repeats":1},{"count":880,"lower_bound":"LTE2Mzg4MjY0OA==","upper_bound":"LTE1MjM0NTQxOA==","repeats":1},{"count":888,"lower_bound":"LTE0NDA3MTMwNA==","upper_bound":"LTEzMjQxMTQyMw==","repeats":1},{"count":896,"lower_bound":"LTEzMTgyMDExNQ==","upper_bound":"LTEyMzc0MTExOA==","repeats":1},{"count":904,"lower_bound":"LTEyMzI0MTgxNQ==","upper_bound":"LTExNTEyNjE5MQ==","repeats":1},{"count":912,"lower_bound":"LTEwNjYxMzU3MA==","upper_bound":"LTg0NTA1Mjg1","repeats":1},{"count":920,"lower_bound":"LTgzMDU1MTYz","upper_bound":"LTY4MTQ1NjU1","repeats":1},{"count":928,"lower_bound":"LTY3OTc4MzYy","upper_bound":"LTUzMjk5ODI4","repeats":1},{"count":936,"lower_bound":"LTQ4OTYwMjE3","upper_bound":"LTQ0Mzk0MzUx","repeats":1},{"count":944,"lower_bound":"LTQzMzE2OTU3","upper_bound":"LTM5NzczODY2","repeats":1},{"count":952,"lower_bound":"LTM3NzI1MzEy","upper_bound":"LTI1MzcyNzI3","repeats":1},{"count":960,"lower_bound":"LTI0NTkxMjAz","upper_bound":"LTE4ODg1Nzcz","repeats":1},{"count":968,"lower_bound":"LTE2NjEwNDMw","upper_bound":"LTExMzIwNTc4","repeats":1},{"count":976,"lower_bound":"LTc1MDY0MTg=","upper_bound":"MTM3MjEyNjc=","repeats":1},{"count":984,"lower_bound":"MTQyNDk1NDA=","upper_bound":"Mjk1ODQ3MTg=","repeats":1},{"count":992,"lower_bound":"MzIwNzAyMDI=","upper_bound":"NDAxNjQ2MTU=","repeats":1},{"count":1000,"lower_bound":"NDIyNDU0MzM=","upper_bound":"NDc2NzYwOTg=","repeats":1},{"count":1008,"lower_bound":"NDkzMTYzNDA=","upper_bound":"NTYzMjY3NzY=","repeats":1},{"count":1016,"lower_bound":"NTY3NjUyNDQ=","upper_bound":"NjY0ODM4NDI=","repeats":1},{"count":1024,"lower_bound":"NzY0NTUwMzU=","upper_bound":"ODY3ODYzNDI=","repeats":1},{"count":1032,"lower_bound":"ODc3OTUxMjU=","upper_bound":"OTE4NjM2NzY=","repeats":1},{"count":1040,"lower_bound":"OTE4OTYwMTQ=","upper_bound":"MTA4NzIyNzc1","repeats":1},{"count":1048,"lower_bound":"MTEwNTM4Nzgx","upper_bound":"MTE4OTM2OTEx","repeats":1},{"count":1056,"lower_bound":"MTE5MjkxODcz","upper_bound":"MTMzMzYyMzA4","repeats":1},{"count":1064,"lower_bound":"MTQ4MTA0MjEx","upper_bound":"MTU3MzU2NzEz","repeats":1},{"count":1072,"lower_bound":"MTU5ODc5Mzcz","upper_bound":"MTcyMzY2NTg2","repeats":1},{"count":1080,"lower_bound":"MTcyNDE5NjI5","upper_bound":"MTgyODIxOTk4","repeats":1},{"count":1088,"lower_bound":"MTg5OTMyNDQ4","upper_bound":"MTkzNTc4NzQ4","repeats":1},{"count":1096,"lower_bound":"MTk0NDIyMTk4","upper_bound":"MjE0OTU4OTU2","repeats":1},{"count":1104,"lower_bound":"MjIxNDQxNDMy","upper_bound":"MjM0MDY1MjAx","repeats":1},{"count":1112,"lower_bound":"MjQzNDU1MjYw","upper_bound":"MjQ5MjQxNTkz","repeats":1},{"count":1120,"lower_bound":"MjUwODc4NjU1","upper_bound":"MjgyNjE0NzMw","repeats":1},{"count":1128,"lower_bound":"Mjg5NjI0NzI4","upper_bound":"Mjk1NzczMjk4","repeats":1},{"count":1136,"lower_bound":"MzAzNDU1MDEw","upper_bound":"MzA4MjYyMDQ0","repeats":1},{"count":1144,"lower_bound":"MzExNzUxMDIx","upper_bound":"MzIyNTA1Njcw","repeats":1},{"count":1152,"lower_bound":"MzI3ODQ1MDA3","upper_bound":"MzQ3NTg5NDIz","repeats":1},{"count":1160,"lower_bound":"MzU3NzkxMzEw","upper_bound":"MzczNDQxMjU1","repeats":1},{"count":1168,"lower_bound":"Mzg1NTg4MDcy","upper_bound":"NDEzODQxOTcx","repeats":1},{"count":1176,"lower_bound":"NDI0OTgzNTI2","upper_bound":"NDM4OTMxNTk0","repeats":1},{"count":1184,"lower_bound":"NDQxNzAwMzgy","upper_bound":"NDQ3MzE5MDgy","repeats":1},{"count":1192,"lower_bound":"NDQ4NjQ0NDc0","upper_bound":"NDU1MDgzNTA5","repeats":1},{"count":1200,"lower_bound":"NDYwOTI5Njk4","upper_bound":"NDc4ODQ2NDcx","repeats":1},{"count":1208,"lower_bound":"NDgzNzMzMDk2","upper_bound":"NDg4NzY1NDU1","repeats":1},{"count":1216,"lower_bound":"NDg5MDc5MTI2","upper_bound":"NDk1OTYwOTUx","repeats":1},{"count":1224,"lower_bound":"NDk2ODE5OTAy","upper_bound":"NTAyMjcxMTYw","repeats":1},{"count":1232,"lower_bound":"NTA4MzI3Nzg3","upper_bound":"NTE2Njk1Mzg4","repeats":1},{"count":1240,"lower_bound":"NTIyNTkxODY2","upper_bound":"NTI5NDgwMDQy","repeats":1},{"count":1248,"lower_bound":"NTMzMzU4MDI2","upper_bound":"NTQxODY2Njg0","repeats":1},{"count":1256,"lower_bound":"NTQzOTIzMjAz","upper_bound":"NTQ5NDQ4MDgy","repeats":1},{"count":1264,"lower_bound":"NTY3NTkyNjg5","upper_bound":"NTc4NTMwMjE4","repeats":1},{"count":1272,"lower_bound":"NTgyNTk5Nzc5","upper_bound":"NTkwNzkyOTkw","repeats":1},{"count":1280,"lower_bound":"NTkyNTQ2MDgx","upper_bound":"NTk5NTY3ODUy","repeats":1},{"count":1288,"lower_bound":"NjAxODczOTU4","upper_bound":"NjEwMzg3ODUy","repeats":1},{"count":1296,"lower_bound":"NjEyODk4OTM5","upper_bound":"NjIwNDY4NzE1","repeats":1},{"count":1304,"lower_bound":"NjIwODUyODY2","upper_bound":"NjM1NjY4NzMy","repeats":1},{"count":1312,"lower_bound":"NjM2NzIzOTgw","upper_bound":"NjUwMDM3NDc4","repeats":1},{"count":1320,"lower_bound":"NjUwNDgwNzQz","upper_bound":"NjY3MDE5MTA3","repeats":1},{"count":1328,"lower_bound":"NjcwNjcwMDI2","upper_bound":"Njg2MTkyNzIy","repeats":1},{"count":1336,"lower_bound":"Njg2ODg5NjQ0","upper_bound":"Njk3NDEzNTY3","repeats":1},{"count":1344,"lower_bound":"NzAxNzQxMTM5","upper_bound":"NzExMjQ2MDYy","repeats":1},{"count":1352,"lower_bound":"NzE1NDQwMTkw","upper_bound":"NzIxMjAxMDA2","repeats":1},{"count":1360,"lower_bound":"NzIxMzYwNDMw","upper_bound":"NzMxNzE0NTAx","repeats":1},{"count":1368,"lower_bound":"NzM2OTYzODUz","upper_bound":"NzQ1OTcyMzgz","repeats":1},{"count":1376,"lower_bound":"NzU1NTQ0NjMw","upper_bound":"NzY0MjQ5ODA5","repeats":1},{"count":1384,"lower_bound":"NzY2MTI5NTI1","upper_bound":"Nzc0NDYxMTQ4","repeats":1},{"count":1392,"lower_bound":"Nzc5OTUzMzg0","upper_bound":"Nzg5OTgzOTA5","repeats":1},{"count":1400,"lower_bound":"NzkxNDIwNTI3","upper_bound":"Nzk0NDExNTU1","repeats":1},{"count":1408,"lower_bound":"ODE3MjA5Nzk1","upper_bound":"ODIzNzY3ODU2","repeats":1},{"count":1416,"lower_bound":"ODI3MjY3Nzgz","upper_bound":"ODM3NDQ5MDAy","repeats":1},{"count":1424,"lower_bound":"ODQ5NTE2OTU2","upper_bound":"ODUzNDA3OTk4","repeats":1},{"count":1432,"lower_bound":"ODUzNDM0MTM1","upper_bound":"ODU3OTAwNjQ4","repeats":1},{"count":1440,"lower_bound":"ODYxNjc4OTM5","upper_bound":"ODc2OTA3Nzc5","repeats":1},{"count":1448,"lower_bound":"ODc3NTYyOTYw","upper_bound":"OTA5NTYxNDA2","repeats":1},{"count":1456,"lower_bound":"OTEzMjgyNjkx","upper_bound":"OTI1NjE5ODY0","repeats":1},{"count":1464,"lower_bound":"OTI2MjU0NTU2","upper_bound":"OTMwODA2OTk3","repeats":1},{"count":1472,"lower_bound":"OTMxMjU4NzQy","upper_bound":"OTU4MzkxMTUz","repeats":1},{"count":1480,"lower_bound":"OTY4MjE3NjQy","upper_bound":"OTkyNjI4MDAx","repeats":1},{"count":1488,"lower_bound":"OTkyODc2MjQ3","upper_bound":"MTAyNDQ3MzgwNw==","repeats":1},{"count":1496,"lower_bound":"MTAyNjgwNDQwNw==","upper_bound":"MTAzOTI5ODcwNA==","repeats":1},{"count":1504,"lower_bound":"MTAzOTc0OTA2Nw==","upper_bound":"MTA0NTk5ODI4MA==","repeats":1},{"count":1512,"lower_bound":"MTA1MDAxOTMwMw==","upper_bound":"MTA2MDkyMDU3NQ==","repeats":1},{"count":1520,"lower_bound":"MTA2MTM1NzkzMQ==","upper_bound":"MTA3NTM2OTcxNQ==","repeats":1},{"count":1528,"lower_bound":"MTA3OTI2OTEzOA==","upper_bound":"MTA5Mjc2ODIyMA==","repeats":1},{"count":1536,"lower_bound":"MTA5NDg3NDk5OA==","upper_bound":"MTEwOTQ1Nzk1NQ==","repeats":1},{"count":1544,"lower_bound":"MTExNjU5Njc1MA==","upper_bound":"MTEyNDIwMjA0OQ==","repeats":1},{"count":1552,"lower_bound":"MTEyNjkxNTI3Mw==","upper_bound":"MTE0MzE1ODkzMQ==","repeats":1},{"count":1560,"lower_bound":"MTE1MjkwMjE4NQ==","upper_bound":"MTE2MDUxOTgzNg==","repeats":1},{"count":1568,"lower_bound":"MTE2NzE4MDU0Mg==","upper_bound":"MTE4MDQ5NzI5MQ==","repeats":1},{"count":1576,"lower_bound":"MTE4MTk2MTIxMw==","upper_bound":"MTE5MjkzNTQyMg==","repeats":1},{"count":1584,"lower_bound":"MTE5ODU5NDUzNQ==","upper_bound":"MTIxMDUxNTE3OQ==","repeats":1},{"count":1592,"lower_bound":"MTIxNTAzNTc0NA==","upper_bound":"MTIyNTY4ODQ0Mg==","repeats":1},{"count":1600,"lower_bound":"MTIyNjkwNjc4Nw==","upper_bound":"MTIzNjgzMDM3Mw==","repeats":1},{"count":1608,"lower_bound":"MTIzODQ1MjY1MA==","upper_bound":"MTI0NTA3MjczNw==","repeats":1},{"count":1616,"lower_bound":"MTI1MTA5MDExNA==","upper_bound":"MTI3MzE3Mjc1NA==","repeats":1},{"count":1624,"lower_bound":"MTI3NTE4NDI3MA==","upper_bound":"MTMwMjQ5MzYxMA==","repeats":1},{"count":1632,"lower_bound":"MTMwMzYwMTAxMw==","upper_bound":"MTMxMzEyMTg2MQ==","repeats":1},{"count":1640,"lower_bound":"MTMyNTU3NzQ4OA==","upper_bound":"MTM0MDYyNzc0Ng==","repeats":1},{"count":1648,"lower_bound":"MTM0MzU3NDY1OQ==","upper_bound":"MTM0ODM3NjcxMA==","repeats":1},{"count":1656,"lower_bound":"MTM1MTUxMDU5MQ==","upper_bound":"MTM2Njk4NDIzMw==","repeats":1},{"count":1664,"lower_bound":"MTM3NDY4NDQ3Ng==","upper_bound":"MTQwOTY0MzkwNg==","repeats":1},{"count":1672,"lower_bound":"MTQxNjI0MzY3Mw==","upper_bound":"MTQyMTY3MjQ3Mg==","repeats":1},{"count":1680,"lower_bound":"MTQyMzAzOTk3Nw==","upper_bound":"MTQzNzAyOTE5NA==","repeats":1},{"count":1688,"lower_bound":"MTQzNzUxNzY4NQ==","upper_bound":"MTQ3MTMyMjQ0Ng==","repeats":1},{"count":1696,"lower_bound":"MTQ4MzY5NDI1Mw==","upper_bound":"MTUwNDEyMDE2Mw==","repeats":1},{"count":1704,"lower_bound":"MTUxMTA0NDcxMg==","upper_bound":"MTUyMDcwMDY5MA==","repeats":1},{"count":1712,"lower_bound":"MTUyMDgwODI0OQ==","upper_bound":"MTUzMjQ1NjkyMA==","repeats":1},{"count":1720,"lower_bound":"MTUzMjczNjY5Ng==","upper_bound":"MTUzNTA2NjkxOA==","repeats":1},{"count":1728,"lower_bound":"MTUzOTkzNTk2OA==","upper_bound":"MTU0ODQxMzYzNQ==","repeats":1},{"count":1736,"lower_bound":"MTU0OTExMjkyNA==","upper_bound":"MTU2ODY4MzI1Mg==","repeats":1},{"count":1744,"lower_bound":"MTU3Njk3MTY5Mw==","upper_bound":"MTU5MjM2MjAyNg==","repeats":1},{"count":1752,"lower_bound":"MTYwMDk1NDk5OQ==","upper_bound":"MTYwOTU5MTAwNA==","repeats":1},{"count":1760,"lower_bound":"MTYxMjQwNTAxMw==","upper_bound":"MTYyMTk1Mjk4OA==","repeats":1},{"count":1768,"lower_bound":"MTYyNDIzMTU1MA==","upper_bound":"MTYzNDI0NDQxMg==","repeats":1},{"count":1776,"lower_bound":"MTYzNzc5OTg0Mg==","upper_bound":"MTY1NjM3NjgyNg==","repeats":1},{"count":1784,"lower_bound":"MTY1ODUyOTgzMw==","upper_bound":"MTY3OTA0NzUzMg==","repeats":1},{"count":1792,"lower_bound":"MTY3OTQzODUyNQ==","upper_bound":"MTY5MDYzOTU0MA==","repeats":1},{"count":1800,"lower_bound":"MTY5MDc1NzYwNQ==","upper_bound":"MTcxODYwNjYxNA==","repeats":1},{"count":1808,"lower_bound":"MTc0ODg1Mzc2NQ==","upper_bound":"MTc1ODI4NTA5MA==","repeats":1},{"count":1816,"lower_bound":"MTc2ODcyODk3Mw==","upper_bound":"MTc4ODkwOTcxNg==","repeats":1},{"count":1824,"lower_bound":"MTc5MjY0ODE0NQ==","upper_bound":"MTc5NjY2NzYxMw==","repeats":1},{"count":1832,"lower_bound":"MTc5NzkwNTE0Ng==","upper_bound":"MTgwOTEwNjYxMQ==","repeats":1},{"count":1840,"lower_bound":"MTgxOTM1NjM5NA==","upper_bound":"MTgzMzg4MzExMA==","repeats":1},{"count":1848,"lower_bound":"MTg0MzAzMTMzMg==","upper_bound":"MTg1MjEwMDE1Mw==","repeats":1},{"count":1856,"lower_bound":"MTg1ODU3NjA2NA==","upper_bound":"MTg2MzkzNjQxMQ==","repeats":1},{"count":1864,"lower_bound":"MTg2NzE4ODYzNQ==","upper_bound":"MTg3OTkxMjUyMQ==","repeats":1},{"count":1872,"lower_bound":"MTg4MDU3NDU4Ng==","upper_bound":"MTkwMTU4NzE3Ng==","repeats":1},{"count":1880,"lower_bound":"MTkwMjcxNzAzMA==","upper_bound":"MTkxOTc3NDAyOQ==","repeats":1},{"count":1888,"lower_bound":"MTkyMTA4ODI1Mg==","upper_bound":"MTkzMTQ0OTQwOQ==","repeats":1},{"count":1896,"lower_bound":"MTkzMjE4MjI5MA==","upper_bound":"MTk0NDMxNzk0MA==","repeats":1},{"count":1904,"lower_bound":"MTk0OTk3ODAxNw==","upper_bound":"MTk1MjYyMjg0Ng==","repeats":1},{"count":1912,"lower_bound":"MTk1NDc4MjIyMQ==","upper_bound":"MTk4NjQwNDYwMw==","repeats":1},{"count":1920,"lower_bound":"MTk4Nzg0MzYxNA==","upper_bound":"MjAxMzIzNzA1OQ==","repeats":1},{"count":1928,"lower_bound":"MjAxNDUyNTM5OA==","upper_bound":"MjAxODY1NTQ4Ng==","repeats":1},{"count":1936,"lower_bound":"MjAzMTk2Nzc2MQ==","upper_bound":"MjAzNjgwMzc1OQ==","repeats":1},{"count":1944,"lower_bound":"MjAzOTE0ODY5NQ==","upper_bound":"MjA0NzI1MzE2Nw==","repeats":1},{"count":1952,"lower_bound":"MjA0NzM2Mzg2OQ==","upper_bound":"MjA1Mjc4MzQxNg==","repeats":1},{"count":1960,"lower_bound":"MjA1NTcyMDIzNw==","upper_bound":"MjA3ODE1OTY3NA==","repeats":1},{"count":1968,"lower_bound":"MjA4MzM5MDgyNQ==","upper_bound":"MjEwNjkyMjEzMw==","repeats":1},{"count":1976,"lower_bound":"MjEwOTk4MDc1NA==","upper_bound":"MjExNDIyNDg0Nw==","repeats":1},{"count":1984,"lower_bound":"MjExNTk1ODc3MQ==","upper_bound":"MjExOTMzMTE3Ng==","repeats":1},{"count":1992,"lower_bound":"MjEyNDI5NDAwMw==","upper_bound":"MjE0MDI3NTQzMA==","repeats":1},{"count":2000,"lower_bound":"MjE0MTI0OTMwNw==","upper_bound":"MjE0NTY1ODI1Ng==","repeats":1}]},"cm_sketch":{"rows":[{"counters":[2,0,0,2,0,1,1,1,3,1,1,0,0,1,1,1,1,1,1,1,2,1,2,1,2,4,1,1,0,1,0,0,4,1,1,0,2,1,2,1,3,0,0,2,2,2,0,0,2,1,0,0,1,0,1,1,0,1,1,0,1,0,1,2,0,4,1,0,0,2,2,0,1,2,1,0,1,1,0,1,1,1,1,1,0,1,0,1,2,0,0,2,1,2,1,1,3,1,0,0,1,0,0,4,0,2,0,1,1,1,0,0,1,2,1,1,2,1,1,1,0,1,0,1,0,0,0,4,0,1,3,1,0,1,1,1,3,0,0,1,4,3,2,4,2,1,0,1,1,1,1,1,5,0,0,0,3,0,1,1,1,4,0,1,1,1,0,0,1,3,0,1,1,1,2,2,4,2,1,0,1,0,2,0,1,0,0,0,2,1,1,1,0,1,2,0,1,2,0,0,0,1,4,1,0,1,1,0,3,0,0,0,1,1,1,2,0,0,1,1,1,1,0,2,0,2,1,0,0,0,1,0,2,0,2,0,0,0,0,0,1,0,1,1,1,2,0,0,2,3,0,2,2,1,1,0,1,0,2,2,1,0,0,1,1,0,1,1,1,0,3,0,0,1,1,0,0,2,0,2,0,1,1,0,3,0,0,0,0,1,2,0,0,1,2,0,2,0,1,1,2,0,1,1,3,0,0,2,0,1,0,1,2,0,5,1,0,1,3,2,1,1,1,0,1,3,0,0,0,1,1,1,1,0,1,1,2,2,1,0,1,1,1,0,1,3,2,0,2,1,0,1,1,1,3,1,0,1,3,2,1,1,2,0,1,0,2,4,1,1,1,0,1,0,0,2,1,0,0,0,0,2,0,1,0,2,2,2,0,0,0,1,2,1,1,1,2,2,0,1,1,1,2,1,3,3,1,0,1,1,0,0,0,1,3,1,0,2,1,0,2,3,2,2,1,0,0,0,0,1,0,2,0,1,0,0,1,1,3,2,0,0,1,1,0,0,1,1,1,0,0,2,2,3,1,1,0,5,1,1,0,0,1,1,0,0,2,0,3,1,2,1,0,2,0,0,3,0,0,1,3,0,2,0,0,0,3,0,0,1,3,1,0,2,1,3,2,2,1,2,0,1,0,1,1,0,2,2,0,0,0,0,2,0,1,1,0,0,2,1,0,1,0,2,1,1,0,0,1,1,2,2,0,2,1,0,3,2,1,1,2,2,0,2,1,0,2,1,2,0,1,0,1,1,1,1,1,1,0,3,1,2,0,3,2,1,2,0,0,0,0,0,0,0,1,0,1,0,0,0,0,2,0,0,0,1,2,1,0,2,1,0,2,0,2,1,0,1,2,1,1,2,1,1,0,1,3,0,3,0,2,0,2,0,0,0,0,2,2,1,0,1,4,0,1,1,2,1,1,0,0,0,1,1,0,2,2,1,2,0,0,0,1,0,0,2,0,0,2,0,0,3,1,0,1,1,1,0,0,2,2,0,1,1,2,1,0,1,0,0,1,2,0,2,2,0,2,2,0,3,1,0,0,1,0,2,2,3,1,3,1,2,0,2,0,2,1,0,1,0,0,0,3,2,2,1,1,0,0,0,1,0,0,1,0,0,0,2,0,2,4,3,1,2,0,1,2,2,0,1,1,3,1,4,2,2,0,1,2,1,1,2,1,0,2,2,2,0,2,2,1,0,1,0,1,1,0,1,1,1,0,0,0,0,0,1,1,0,2,2,2,2,3,2,1,0,0,0,0,1,0,1,1,1,2,3,1,0,1,1,2,0,0,1,2,1,3,0,2,0,2,1,0,1,2,2,2,1,0,0,2,1,1,1,1,0,1,0,1,0,0,2,0,0,2,0,0,0,1,2,1,0,0,1,1,0,1,2,2,1,3,0,0,1,1,1,0,1,0,1,3,1,0,1,0,0,1,3,1,0,1,2,0,0,1,0,1,1,1,0,1,0,1,0,1,0,0,1,2,2,0,0,2,0,0,2,0,2,0,1,2,1,0,0,1,2,2,1,2,2,0,0,2,2,2,1,2,0,1,0,1,2,2,1,2,0,1,1,1,3,0,0,4,1,2,1,1,1,0,3,0,1,0,2,0,2,2,1,1,0,0,0,0,1,0,2,1,0,1,0,1,0,0,0,0,0,2,1,0,1,3,0,1,0,2,0,0,0,0,0,0,1,1,1,0,0,1,0,0,0,1,0,0,0,0,2,0,1,3,0,2,2,0,2,2,1,4,2,0,1,1,1,0,1,1,0,4,3,1,2,1,0,1,2,1,0,4,2,1,1,3,1,0,3,0,2,0,1,0,0,1,1,1,0,3,1,0,0,1,2,1,0,0,2,1,1,2,0,0,1,0,1,1,4,1,0,1,2,2,0,1,1,2,2,1,1,0,0,0,0,0,1,0,0,2,1,2,0,1,0,0,0,1,1,2,2,1,0,1,0,0,1,2,0,1,2,2,1,2,0,1,1,1,0,0,1,1,1,1,0,1,0,0,0,0,1,1,0,0,1,0,0,1,1,1,0,0,0,1,0,1,2,1,0,0,0,1,1,1,0,1,0,0,1,1,0,1,0,0,0,1,1,1,0,1,2,1,2,1,1,0,2,3,1,2,2,1,2,2,0,1,0,2,0,0,0,1,3,1,1,1,2,1,2,2,2,2,1,0,0,0,1,1,1,1,2,1,0,2,0,0,0,1,1,0,0,0,0,0,0,1,1,1,0,1,0,1,0,0,0,3,1,1,0,3,0,1,1,3,1,0,2,0,0,3,1,1,0,1,0,0,0,1,1,1,1,1,4,2,2,0,2,0,1,1,1,0,2,1,2,1,1,1,0,1,1,1,2,0,0,1,1,2,3,0,1,0,3,1,1,0,0,1,2,1,1,1,2,1,0,0,1,3,2,1,2,1,2,0,0,0,1,0,1,3,0,1,0,2,1,1,0,2,1,0,1,0,3,0,0,1,1,1,1,1,1,0,1,1,0,4,1,0,2,1,2,0,0,1,1,1,0,4,0,0,1,2,2,1,0,1,0,1,1,0,3,0,1,1,1,0,1,0,0,0,0,1,0,3,2,2,3,1,2,0,5,1,0,1,0,0,0,2,2,0,0,1,1,1,1,0,0,1,0,1,0,1,2,0,0,2,1,0,1,0,1,3,5,1,1,1,0,0,0,1,1,2,1,1,2,0,1,0,3,2,0,1,2,1,2,1,3,1,0,1,2,0,0,0,2,1,1,1,1,0,0,0,0,2,1,4,3,1,2,2,1,0,3,1,0,1,0,1,0,2,2,0,1,0,0,0,1,2,0,1,0,1,3,2,1,3,2,2,2,1,1,4,0,2,0,0,2,1,0,1,1,1,0,0,2,1,0,1,0,0,0,0,1,1,1,1,0,3,2,1,1,0,0,0,1,1,1,1,0,0,1,3,0,0,2,0,1,0,0,1,2,2,1,1,0,0,2,0,1,2,1,1,0,2,0,0,1,0,0,1,2,3,0,2,1,2,1,2,1,2,2,0,1,0,0,0,1,1,1,0,0,0,1,0,1,3,1,0,0,1,2,2,0,1,0,5,1,1,2,1,0,0,0,0,0,0,0,1,1,1,1,3,3,2,0,0,0,1,1,3,1,0,1,2,1,2,2,1,1,1,1,2,0,0,0,0,1,2,2,2,0,0,0,1,1,0,0,1,0,0,2,0,1,0,1,0,1,3,0,0,1,3,0,2,2,2,1,2,1,0,0,3,0,2,0,0,0,0,1,2,1,1,0,1,2,1,2,1,2,2,0,0,3,2,0,0,4,1,1,1,1,1,1,1,0,0,3,1,2,1,0,2,1,1,0,0,0,2,2,1,0,1,1,2,2,0,1,2,2,3,0,0,2,1,1,0,1,1,3,0,0,1,2,1,0,2,1,1,0,0,1,4,2,1,0,3,2,0,0,0,1,2,0,2,0,2,1,0,2,0,0,3,1,0,0,1,1,2,0,1,1,1,2,2,1,1,4,3,1,3,1,1,0,2,1,2,2,0,0,0,3,0,1,1,1,2,2,0,2,1,1,1,2,0,1,1,0,0,2,0,2,2,0,0,0,2,0,2,2,2,0,1,0,1,1,1,1,1,0,1,1,1,0,1,2,1,0,2,1,1,0,1,1,0,0,0,2,0,2,0,2,1,1,1,1,1,1,1,1,1,1,1,1,0,1,2,0,0,1,2,0,2,1,1,1,1,0,0,2,1,1,2,2,1,1,3,2,0,2,2,0,0,1,2,1,2,1,0,0,0,0,1,1,0,3,4,1,1,1,1,1,0,2,2,1,0,1,0,0,1,0,1,1,2,1,1,2,2,2,1,2,0,1,1,3,4,1,0,1,1,0,0,0,1,0,0,0,1,0,2,0,1,0,1,1,0,0,0,1,0,1,0,0,1,2,4,2,0,0,3,2,1,1,3,0,1,2,1,3,3,0,0,0,1,1,1,1,2,0,2,0,0,2,0,0,1,1,1,0,1,0,0,1,0,2,1,0,0,3,2,0,0,1,1,1,0,2,0,2,1,0,1,1,1,1,1,0,0,0,2,1,0,2,3,0,1,0,1,0,0,2,1,1]},{"counters":[0,0,2,0,2,0,0,0,3,2,3,0,0,0,2,4,1,1,0,2,0,2,0,1,0,0,2,0,2,1,1,1,0,1,0,0,2,1,1,0,0,0,0,0,0,0,2,0,0,0,0,0,1,1,1,0,0,4,1,0,3,0,0,2,0,1,1,0,0,3,1,1,1,2,0,0,1,1,2,0,1,3,0,2,0,0,0,2,0,2,2,2,1,2,1,0,1,0,2,1,2,2,3,0,1,1,0,1,0,0,0,0,0,0,1,0,1,1,2,4,2,0,2,1,1,3,1,1,2,1,1,0,0,3,1,1,1,0,0,2,1,0,0,2,0,2,0,1,1,0,0,1,1,0,2,0,2,2,1,1,0,2,2,1,0,0,1,1,0,2,0,0,0,1,0,0,2,1,0,1,2,0,0,0,1,2,2,0,0,0,1,0,0,0,1,0,1,1,0,1,1,1,0,1,1,2,2,0,1,1,0,0,3,0,3,3,1,2,0,0,1,0,0,0,1,0,2,2,0,0,0,0,0,1,0,2,2,0,1,1,1,1,2,1,0,0,0,1,0,0,0,0,4,2,2,2,2,1,2,1,1,0,0,0,1,0,0,1,3,0,0,2,1,3,0,0,0,1,1,1,0,1,1,0,0,0,1,0,0,3,1,2,2,2,4,0,0,0,2,1,2,1,0,1,4,0,0,2,1,1,0,0,3,2,0,1,0,0,0,2,0,2,0,2,0,0,0,2,0,1,0,0,0,0,2,1,0,3,0,2,1,2,0,1,0,1,1,0,1,1,0,1,0,1,2,0,0,2,1,0,1,2,3,0,0,1,1,0,0,0,2,4,0,2,1,2,2,0,1,2,2,2,1,0,0,4,0,1,2,1,0,0,0,1,0,0,1,1,1,1,1,0,0,0,0,2,0,1,2,3,2,0,1,0,3,1,0,1,1,1,3,1,1,1,0,0,0,3,0,1,0,4,1,0,1,0,0,0,2,1,1,0,1,2,1,0,3,2,2,1,2,3,0,1,1,2,0,0,1,0,0,2,2,0,0,1,1,2,1,1,0,0,0,0,0,0,2,1,1,0,0,0,1,0,1,0,1,2,1,2,0,1,0,2,1,1,0,3,2,0,1,0,1,0,1,0,2,0,0,1,0,0,0,1,0,2,2,2,3,0,0,1,2,1,1,2,0,3,1,6,1,2,0,1,0,0,0,2,1,0,1,1,1,2,0,1,0,2,1,0,1,1,1,0,2,1,2,3,0,1,1,1,1,1,0,2,1,1,0,1,0,2,2,0,1,1,2,3,0,2,0,1,2,2,0,3,0,1,0,1,0,0,2,1,0,1,2,1,3,1,0,1,2,1,0,2,0,3,0,0,2,2,1,1,1,1,2,0,3,0,0,0,0,0,0,0,1,1,0,3,1,1,0,1,2,0,1,0,0,1,1,0,0,2,0,1,1,1,0,2,1,1,0,5,2,0,0,2,1,1,3,0,2,2,1,0,2,1,1,0,2,1,2,0,2,2,4,2,0,0,1,0,1,3,0,0,2,0,1,1,1,2,1,1,1,0,0,2,1,1,0,1,0,1,1,3,1,0,2,0,2,2,2,1,1,1,2,1,1,2,3,0,1,1,3,0,1,0,1,1,2,2,1,1,0,0,1,0,0,0,4,3,0,1,4,2,2,3,1,2,2,0,0,3,0,0,0,0,3,1,0,3,2,2,1,3,1,3,1,2,0,1,0,3,2,1,0,0,1,2,0,3,0,2,2,1,1,1,0,0,1,2,3,3,2,3,1,2,2,0,0,0,3,1,2,2,1,0,1,1,1,2,0,0,1,1,0,1,1,2,0,1,1,2,1,1,0,0,1,0,1,2,1,0,4,2,0,1,0,1,1,1,0,3,1,0,3,0,0,0,1,4,0,1,1,0,0,0,1,0,2,2,3,1,2,1,2,2,2,1,2,0,0,0,1,0,1,3,1,1,2,1,0,1,1,1,2,0,1,0,0,1,2,1,0,1,0,1,1,1,0,1,0,3,0,1,2,0,1,0,0,0,3,1,0,2,3,2,1,2,2,1,0,0,1,1,0,1,0,0,0,1,1,3,0,0,2,0,0,0,2,1,0,0,2,1,1,1,2,1,0,1,2,1,0,0,1,0,0,1,0,0,2,2,0,0,0,1,0,0,1,1,1,3,1,1,3,1,1,0,0,2,1,0,0,0,1,2,3,0,0,3,0,0,0,0,0,0,2,0,1,0,0,1,1,1,0,1,0,2,0,2,0,1,1,2,1,4,0,1,1,2,0,0,2,1,0,0,1,2,0,1,1,2,2,0,1,3,0,0,0,0,0,1,3,1,0,2,0,2,2,0,1,2,0,0,1,1,1,1,1,4,2,1,0,1,0,1,2,0,1,0,1,0,3,1,1,1,1,1,1,0,1,0,2,2,0,0,1,1,2,1,2,1,2,0,1,1,0,2,1,0,1,0,0,1,1,1,1,1,1,1,1,2,0,0,1,1,0,1,1,1,0,2,1,1,0,0,0,0,1,1,1,0,0,0,0,2,0,0,0,0,0,0,0,1,2,0,0,2,3,2,2,1,0,2,2,1,1,0,1,0,3,1,2,1,0,0,0,2,0,0,1,2,3,3,1,0,1,1,1,0,2,0,2,0,2,1,1,0,1,0,0,2,0,0,1,0,0,1,1,0,2,1,3,3,1,0,0,3,0,1,4,2,2,0,2,0,0,1,0,1,0,0,1,0,0,2,4,2,0,1,1,0,1,2,2,0,1,0,1,0,0,2,1,0,0,0,0,1,0,0,0,2,0,1,1,1,3,3,0,3,0,0,2,0,0,2,1,1,1,0,0,0,1,1,1,1,2,0,1,2,1,0,2,0,1,1,0,2,0,0,1,4,2,2,0,2,1,3,0,0,0,1,0,3,1,1,1,0,2,1,0,1,1,0,1,3,0,0,0,0,1,1,0,0,1,3,1,0,0,0,0,1,1,1,1,1,1,0,1,1,2,1,4,1,0,1,0,0,2,2,2,0,2,0,2,0,2,1,4,2,0,1,0,2,1,0,0,4,3,2,3,0,0,2,1,2,4,2,2,2,2,0,0,1,2,1,1,2,1,0,2,2,1,2,0,2,1,1,1,2,2,1,1,1,2,1,1,0,2,1,0,1,1,1,1,0,0,1,0,0,0,3,1,1,1,0,0,0,0,0,2,1,2,1,0,1,1,2,0,0,5,1,0,2,0,0,1,1,2,0,0,2,1,0,3,3,1,0,2,0,1,1,0,1,2,0,0,1,0,1,0,2,1,0,3,0,0,1,3,1,1,1,1,1,0,3,3,0,1,0,1,2,1,1,1,2,0,0,0,0,2,0,2,0,1,1,0,1,2,0,2,0,1,0,0,0,1,1,1,0,0,0,0,0,2,1,1,0,1,1,0,1,1,0,0,0,2,1,1,0,2,1,0,4,3,2,0,2,1,0,1,1,2,1,1,0,0,2,1,2,1,2,3,0,3,0,2,2,1,0,0,1,0,1,1,0,1,2,2,0,0,2,0,3,0,0,0,1,2,0,1,3,0,0,0,1,2,2,0,0,0,1,0,0,2,3,0,1,0,0,1,2,2,1,1,1,0,1,1,0,0,2,2,1,1,0,2,0,0,1,0,1,0,1,1,0,0,2,0,1,0,0,0,3,1,1,3,1,0,1,3,0,1,1,1,2,3,1,1,1,0,0,0,0,1,3,1,2,0,3,0,1,4,1,0,4,1,3,2,1,3,3,2,2,2,1,1,0,0,0,1,2,1,0,1,1,0,1,0,0,0,0,0,1,1,2,1,0,3,1,1,0,4,1,3,0,0,4,1,0,2,2,2,1,2,0,2,0,1,1,2,4,0,1,0,1,2,0,2,1,1,0,2,0,3,1,1,1,0,2,2,0,3,1,1,0,1,0,0,1,0,0,1,0,0,0,1,1,3,1,1,0,2,1,1,1,0,1,0,3,3,0,0,0,2,0,3,1,0,2,2,2,1,0,0,1,3,2,2,0,1,1,0,3,5,0,1,1,0,0,3,2,0,0,1,0,1,1,0,2,1,1,1,2,0,0,0,0,1,1,3,0,0,0,1,0,0,0,2,1,1,0,0,0,1,2,0,1,0,0,2,1,1,1,1,0,1,0,1,1,0,0,1,1,1,0,0,1,0,3,2,0,2,0,4,1,1,1,0,2,1,0,0,1,0,1,0,1,1,1,2,0,0,2,0,1,0,0,0,1,0,2,0,0,3,1,0,2,1,0,0,3,2,1,1,1,1,1,0,2,1,1,0,0,3,2,0,0,0,0,2,0,1,1,0,2,1,0,1,2,2,3,0,3,1,2,1,3,1,3,0,3,1,0,0,0,1,1,0,0,0,2,0,1,3,0,1,1,1,0,1,2,1,1,0,1,0,1,0,1,1,1,2,1,1,2,0,0,0,0,1,1,1,1,3,0,0,2,0,2,3,0,2,0,1,2,1,0,1,4,0,1,1,2,1,0,2,2,0,2,2,0,1,0,1,2,2,1,2,1,1,0,1,2,1,1,0,1,0,4,0,0,3,0,1,4]},{"counters":[2,1,1,0,1,4,0,2,0,1,1,0,0,0,1,3,0,1,1,0,0,0,0,0,1,0,1,1,1,0,0,0,1,1,1,0,0,2,1,0,2,2,0,0,4,0,3,1,0,0,1,2,2,0,2,2,1,0,1,0,0,1,1,1,3,0,1,1,1,1,1,1,0,2,2,0,1,0,0,1,1,0,1,1,0,0,2,1,2,2,0,1,0,3,0,0,3,1,3,1,1,0,2,1,1,0,1,0,3,1,0,1,0,1,0,3,1,0,0,0,2,1,0,1,1,2,0,1,1,1,0,0,3,3,2,2,1,1,0,2,2,0,1,0,3,0,0,1,2,1,1,0,1,1,0,1,1,0,1,1,3,0,1,2,1,2,2,1,1,1,0,1,2,2,1,3,0,1,2,0,1,1,0,1,0,0,1,4,3,3,0,2,1,2,1,0,1,1,1,2,0,1,2,1,0,3,4,0,1,1,2,0,2,2,1,0,1,2,2,0,4,0,2,0,1,1,2,0,2,0,1,0,1,0,1,1,2,0,0,3,0,2,2,1,0,1,0,1,1,4,0,1,0,0,2,1,1,0,0,2,1,1,1,1,0,0,1,0,0,1,0,0,2,2,0,0,1,0,2,0,1,1,1,1,1,0,2,2,1,1,1,0,0,1,1,0,0,1,2,1,0,0,0,1,0,1,1,1,0,0,3,0,1,4,3,1,2,0,0,2,0,1,0,1,0,1,1,0,1,0,1,3,1,1,0,1,3,1,0,0,0,2,0,0,2,3,1,0,0,0,4,0,0,0,0,1,1,2,1,0,1,3,1,1,1,1,1,1,0,2,2,2,1,2,1,0,1,0,0,3,2,0,0,1,0,2,3,0,0,0,2,1,0,1,0,1,2,0,0,0,3,1,1,2,1,0,0,2,3,1,0,0,0,2,0,0,2,1,3,3,1,3,3,1,0,1,1,1,1,1,0,0,0,2,2,0,0,2,0,0,1,0,1,1,1,0,0,1,0,1,2,0,0,2,0,1,0,2,3,0,1,1,1,0,1,1,3,0,1,0,2,0,1,1,0,0,1,1,1,0,1,0,1,1,0,1,0,2,1,3,0,3,1,1,0,0,1,0,0,1,1,0,3,0,1,0,3,2,2,1,1,1,2,0,1,1,1,2,1,1,1,1,1,3,4,0,0,0,0,0,2,2,1,0,1,0,2,1,2,1,1,1,0,1,1,0,3,1,4,2,0,3,0,1,0,1,0,1,1,3,0,1,0,1,1,3,1,1,0,0,0,0,1,1,0,1,3,1,3,1,1,0,1,1,0,2,0,2,2,2,1,1,0,3,0,1,0,0,2,2,2,0,0,2,1,0,1,1,0,2,0,0,1,1,0,0,0,1,1,0,0,0,0,2,1,0,0,0,3,0,1,0,1,1,1,1,1,2,0,1,1,3,1,0,0,2,2,1,0,0,0,0,3,1,0,0,0,2,0,0,1,0,2,2,2,1,0,1,1,2,0,0,2,0,0,1,1,0,1,0,0,2,2,0,0,1,2,1,0,0,1,1,0,1,2,0,1,1,1,2,1,2,1,0,1,0,0,2,0,0,1,0,0,2,2,1,0,1,2,1,2,0,0,2,0,1,1,3,2,0,0,0,1,1,0,2,1,2,1,4,0,0,1,2,1,1,1,0,0,2,3,2,1,1,1,0,0,1,2,1,0,0,2,0,0,2,2,0,0,1,1,1,0,1,0,0,1,0,2,1,1,0,3,3,2,0,0,0,0,1,0,1,1,1,0,0,1,0,2,2,4,1,1,0,2,1,1,0,2,1,1,0,1,0,3,0,2,1,1,1,1,2,0,0,0,2,1,1,1,1,0,4,2,2,3,0,0,0,0,2,1,2,0,0,2,0,2,1,0,1,0,2,1,0,1,0,1,0,0,0,1,1,4,0,0,2,2,0,1,1,0,1,1,1,1,0,0,1,0,0,0,0,1,0,1,0,0,0,0,4,2,1,0,0,0,0,1,1,0,0,0,2,0,4,0,1,3,1,1,0,2,2,2,0,0,1,0,0,1,3,1,2,1,3,1,0,3,1,2,0,1,1,0,0,1,0,2,2,1,0,0,1,1,0,1,0,1,0,1,0,4,0,0,0,1,1,2,1,3,0,0,0,1,3,1,0,1,1,1,4,0,1,0,3,1,1,2,4,0,0,1,4,0,0,0,0,2,2,1,2,0,0,1,0,4,1,0,2,0,0,1,0,1,1,4,0,1,0,2,0,0,0,1,2,0,1,2,0,0,0,0,0,1,0,1,0,0,1,0,1,1,0,1,0,1,1,0,2,3,2,2,2,2,0,0,0,3,0,2,0,0,0,0,1,0,2,1,1,1,0,1,1,1,1,1,0,1,0,3,0,2,2,0,1,0,1,3,0,2,0,3,0,1,0,1,2,3,2,1,3,1,1,3,2,1,2,0,1,3,1,0,2,0,1,1,0,0,1,0,0,1,1,1,1,1,1,0,3,2,0,1,2,1,0,2,0,3,2,0,0,3,0,1,1,2,1,2,0,1,2,1,1,2,1,1,3,0,1,2,2,0,1,4,0,0,0,1,0,2,4,3,1,1,2,2,1,0,0,1,2,2,2,0,2,1,1,1,1,0,0,0,1,0,0,0,1,2,1,3,1,1,1,0,0,0,2,4,2,1,0,1,2,1,0,0,1,1,1,2,2,1,1,0,1,2,0,0,0,1,0,1,1,2,0,2,1,1,2,2,0,1,0,1,1,2,0,2,1,0,1,1,0,3,0,2,1,0,1,3,1,0,0,1,3,0,2,2,0,1,1,0,2,2,0,2,1,5,2,0,3,0,1,2,2,1,1,1,2,2,1,1,1,2,1,0,2,1,0,1,1,0,0,0,3,0,0,2,0,4,2,2,0,0,1,1,0,3,2,1,0,3,1,1,2,2,2,1,1,1,2,1,0,0,0,1,1,2,3,0,1,1,1,2,1,0,0,2,1,2,0,0,0,1,3,1,0,0,1,0,1,2,0,0,1,0,2,0,0,1,2,3,1,1,2,0,1,1,1,1,3,0,1,0,1,2,0,2,0,0,0,3,1,1,0,0,1,1,0,1,3,1,3,2,0,0,0,1,0,0,1,0,2,1,0,1,0,0,0,0,1,0,0,0,2,0,0,1,2,0,1,3,1,0,1,3,1,2,2,1,1,1,1,2,0,1,2,1,0,2,1,1,0,1,1,1,1,1,0,0,2,1,1,0,0,1,1,0,0,2,0,3,0,1,2,0,1,0,0,0,2,3,3,1,0,0,1,0,0,0,0,0,3,4,0,2,0,1,0,2,0,0,1,0,0,0,3,1,1,0,1,0,0,1,2,0,1,1,0,1,1,0,0,2,2,0,1,1,1,1,1,0,2,1,0,0,0,3,0,2,2,2,0,2,0,1,0,0,2,0,1,1,0,0,0,2,2,1,0,2,0,1,1,0,1,2,3,2,0,1,2,1,0,0,0,0,2,0,1,0,1,1,0,2,1,2,1,1,0,2,0,2,1,1,0,0,0,1,1,0,0,0,0,3,1,2,1,1,1,3,1,0,1,1,2,1,1,0,0,1,0,1,3,1,0,1,1,0,0,0,0,1,2,2,1,0,2,1,2,2,1,1,2,3,0,3,3,0,1,1,2,2,1,1,1,0,0,0,0,1,2,1,2,1,1,0,2,0,3,0,1,0,1,2,0,0,0,1,1,0,1,0,1,0,0,1,2,0,0,0,2,0,2,1,2,2,1,0,1,3,2,1,2,1,0,0,0,0,1,0,1,0,1,1,0,1,0,1,1,0,3,1,0,1,1,2,2,0,1,1,1,1,1,2,1,3,2,0,1,2,3,1,2,2,2,3,1,2,1,1,0,2,0,0,0,1,0,0,2,1,0,0,1,0,0,4,0,1,2,1,1,1,2,1,1,2,2,0,2,0,0,3,1,1,0,3,1,0,0,0,1,3,4,0,1,0,0,0,0,0,0,2,1,1,3,2,0,1,0,1,0,1,2,0,0,1,1,1,0,1,0,0,2,2,1,2,1,0,1,1,2,1,0,1,0,0,0,0,2,1,0,1,0,0,0,1,1,0,2,0,1,1,0,1,0,1,1,0,0,1,2,3,2,1,2,2,2,2,1,1,1,0,0,2,2,0,1,1,0,3,0,1,1,0,2,1,0,3,3,0,0,1,1,0,0,1,1,2,3,1,1,1,0,1,0,2,1,0,2,0,1,0,1,2,1,0,1,2,0,0,0,3,0,0,1,2,3,1,0,1,1,0,0,4,0,1,3,1,2,1,3,1,1,0,1,1,1,1,1,2,1,0,2,3,0,0,0,1,0,2,1,1,0,0,2,0,2,0,0,0,0,3,1,2,0,2,4,3,0,1,2,0,0,1,2,2,0,1,3,2,1,0,1,2,2,1,0,1,1,1,0,1,1,1,0,1,1,1,0,1,2,3,1,0,1,0,0,1,0,0,2,2,0,0,2,2,1,2,1,1,0,2,3,0,0,0,0,1,0,0,1,3,2,2,2,2,2,3,1,1,1,1,1,0,2,0,0,0,3]},{"counters":[0,1,2,1,1,1,0,0,0,1,1,2,3,0,0,1,0,1,1,2,3,2,1,0,2,0,0,1,0,0,0,1,1,1,1,1,3,1,0,0,0,0,0,1,1,1,1,3,1,2,1,2,0,4,1,1,1,0,1,1,1,1,2,1,0,0,0,0,1,1,0,3,3,0,0,1,1,2,2,0,0,0,0,0,1,0,0,1,0,1,0,3,4,0,2,1,0,2,2,1,2,0,1,0,1,0,0,1,1,1,0,2,0,0,1,0,1,0,0,1,1,0,1,1,1,0,1,0,1,0,0,1,1,2,2,0,1,0,1,3,0,1,0,2,2,0,2,2,2,0,1,1,0,3,0,0,1,2,2,0,2,0,1,2,0,0,1,2,1,2,0,0,0,3,1,1,0,1,1,2,0,2,2,0,1,1,1,1,0,1,1,1,2,1,1,1,1,1,1,0,0,1,1,1,3,1,0,1,2,1,2,0,1,0,2,2,1,1,1,2,0,0,0,2,2,0,0,2,3,0,0,0,1,0,0,1,0,1,1,2,1,2,1,1,0,1,1,1,0,1,0,1,1,1,1,1,3,1,2,1,1,0,1,0,1,2,1,2,2,0,0,0,1,0,2,0,1,0,1,0,0,1,1,2,0,0,0,0,0,1,2,0,1,1,0,3,1,1,1,2,1,1,1,0,1,0,3,1,0,1,1,1,0,4,0,1,2,1,0,0,1,0,1,1,0,1,0,1,2,0,0,1,3,1,0,1,2,1,4,1,0,1,1,0,2,1,0,1,0,2,1,0,2,0,1,0,1,0,0,0,2,1,1,1,3,2,4,1,3,1,2,0,3,0,0,1,1,2,3,1,2,2,1,2,1,1,2,0,1,1,1,2,0,1,0,0,1,0,1,0,0,2,1,3,0,0,0,0,2,0,2,0,2,2,1,0,1,0,2,0,0,2,0,0,0,0,3,0,1,1,0,0,0,1,1,2,0,0,1,0,0,0,1,0,0,2,3,0,0,2,1,2,1,2,2,2,0,1,0,1,0,0,1,2,2,4,1,1,2,0,2,1,0,1,2,3,0,1,1,1,2,4,1,0,3,1,0,0,0,2,2,0,2,1,0,1,0,1,1,0,0,1,0,0,0,1,1,2,2,1,0,1,1,2,0,1,1,0,0,1,0,1,2,0,0,1,0,0,2,1,1,0,1,0,0,0,2,0,2,1,1,2,2,2,1,1,1,1,2,0,1,2,0,1,0,1,0,2,2,1,0,0,1,1,1,2,3,0,0,1,1,1,0,1,0,1,4,2,1,1,2,2,1,1,0,0,2,2,1,2,0,0,1,1,0,1,0,1,0,1,2,3,2,1,0,1,1,0,1,0,1,0,0,2,2,1,1,2,1,0,2,1,3,2,4,0,0,1,0,2,1,0,3,0,2,0,2,1,0,1,0,1,2,1,0,1,1,0,0,0,3,3,1,4,2,2,1,2,1,2,1,1,2,1,0,1,0,1,0,0,1,1,0,2,0,0,1,2,1,1,2,0,1,0,0,1,1,2,1,3,0,1,2,0,0,1,0,2,2,1,2,0,1,2,1,1,1,0,0,1,1,0,0,2,0,1,1,0,3,0,2,0,0,2,1,0,0,1,0,2,0,1,1,2,2,1,0,4,1,0,0,1,1,1,2,0,2,0,0,0,0,1,0,3,0,1,1,0,1,2,1,1,1,2,0,0,1,0,1,3,1,2,0,1,1,2,0,0,0,0,0,0,0,0,0,0,2,2,1,1,0,2,2,0,0,2,1,2,1,2,3,1,1,3,1,1,0,0,0,3,4,2,0,2,1,0,0,0,0,2,0,3,0,3,1,0,1,2,1,2,3,0,1,2,2,3,2,2,0,0,1,0,0,1,0,2,1,1,1,4,0,0,1,0,1,0,0,3,0,2,0,0,1,2,1,1,2,0,1,0,0,2,1,1,0,0,0,0,0,0,3,0,0,2,2,2,2,1,1,1,2,1,0,0,1,1,0,0,1,2,2,2,2,2,1,3,0,0,0,1,1,1,3,3,0,1,1,1,1,3,2,0,0,0,2,1,1,2,2,1,1,1,1,1,0,0,0,1,1,1,0,1,0,1,1,1,0,0,1,1,1,1,0,0,1,0,1,1,1,1,2,1,0,2,2,0,2,0,2,0,2,0,0,0,0,1,1,1,3,0,0,1,0,1,1,1,1,0,2,1,0,2,0,0,3,3,1,2,1,1,0,1,1,0,0,0,0,0,3,1,0,1,0,0,0,0,4,0,0,1,2,0,0,3,0,0,0,0,3,0,1,1,2,0,1,1,2,1,1,3,1,2,1,2,3,3,0,1,1,1,0,0,0,1,1,1,1,2,1,0,1,2,0,2,2,0,3,1,1,1,2,1,2,1,2,0,0,0,1,2,1,1,1,0,2,1,0,1,1,2,0,0,1,1,0,1,2,2,0,2,1,0,2,0,2,4,0,0,0,2,3,3,1,0,2,0,2,0,0,2,2,1,0,1,1,0,3,1,0,0,1,0,1,1,1,0,2,2,0,1,0,0,1,0,1,0,1,0,2,2,1,0,1,1,1,1,1,0,0,2,0,1,2,1,2,1,2,2,2,1,0,0,1,0,2,2,0,3,1,0,0,1,3,0,0,1,0,0,2,0,1,2,2,1,0,0,2,0,0,3,0,0,0,0,0,2,0,0,4,0,1,0,0,0,0,0,0,0,1,0,1,2,0,0,0,0,4,0,1,1,0,0,0,1,2,2,2,2,0,2,1,0,0,1,0,3,1,0,3,0,0,1,1,1,1,4,0,1,2,0,2,0,0,0,2,0,1,0,0,0,2,2,0,0,1,1,0,1,1,0,3,1,2,0,2,1,2,1,1,1,0,0,2,1,1,2,1,0,1,2,2,1,2,0,2,0,1,3,0,1,1,2,1,1,0,1,2,1,1,1,0,0,1,0,0,0,0,1,1,1,2,2,1,3,2,1,0,0,1,2,0,4,2,0,2,0,0,4,2,0,0,0,1,1,0,1,1,1,1,0,2,2,0,1,0,0,0,1,2,0,3,0,2,0,1,0,0,2,2,1,1,0,3,0,0,1,0,2,1,1,3,1,1,1,0,1,1,1,3,1,0,5,1,3,0,0,1,1,2,1,0,0,0,0,0,0,1,1,2,1,0,1,0,0,3,0,0,1,1,0,1,1,0,2,1,2,1,0,0,1,3,1,2,0,0,1,0,0,0,1,0,1,0,0,0,2,1,2,1,0,0,0,0,2,1,0,4,1,2,0,1,0,1,2,2,1,3,2,0,0,1,0,0,0,2,0,1,1,1,2,0,0,0,3,1,2,0,1,2,0,1,1,1,0,2,0,0,1,4,4,2,1,2,2,0,1,0,1,0,4,3,0,1,2,0,0,1,5,1,1,0,3,1,3,1,2,2,0,0,1,1,1,3,1,0,1,0,2,1,1,0,2,0,1,1,2,1,2,1,2,0,0,0,1,1,1,0,1,2,1,0,1,0,0,0,0,1,0,0,1,0,1,2,0,1,0,2,2,2,2,1,0,2,0,1,0,1,1,0,0,2,2,1,2,1,1,1,1,1,2,3,0,1,1,3,0,3,0,1,1,0,1,2,1,0,1,0,2,0,1,0,0,0,0,0,3,1,0,2,0,2,1,0,3,0,2,1,0,0,0,3,0,0,2,1,0,0,0,0,1,1,1,0,1,0,2,1,0,1,1,0,1,0,0,0,0,2,1,1,1,0,1,1,0,0,1,2,2,1,2,2,2,1,1,1,1,3,3,0,0,1,0,0,1,0,1,0,0,0,1,0,3,1,1,2,0,1,1,1,1,0,1,0,1,1,1,1,1,3,0,1,1,1,0,2,2,1,0,1,1,2,0,2,0,1,1,0,0,1,0,2,3,2,2,0,3,1,2,0,0,0,0,0,1,1,4,0,1,0,1,0,0,1,1,2,3,1,1,1,1,0,2,2,2,1,2,1,3,0,1,0,0,0,4,3,0,1,2,3,1,1,1,1,3,0,1,4,3,0,3,0,0,0,1,1,2,0,0,2,3,1,0,0,4,0,0,0,1,0,1,1,3,4,2,1,3,1,1,0,2,1,0,2,2,1,2,0,0,1,1,1,1,1,1,2,1,1,0,1,1,1,1,0,1,1,0,0,1,0,1,0,0,0,1,2,2,0,0,2,1,0,1,0,0,1,1,0,2,0,1,1,0,1,2,1,3,1,1,2,3,1,3,0,2,2,1,1,1,0,0,0,1,2,2,3,0,2,1,2,2,0,0,0,1,1,1,1,1,2,1,0,0,3,1,2,2,1,2,0,0,0,0,2,1,2,1,2,2,1,0,0,0,3,2,3,0,1,0,0,0,2,1,2,3,0,2,3,1,0,2,1,1,0,1,1,0,0,0,0,2,3,2,2,2,1,1,1,2,1,2,0,2,1,1,2,0,1,1,3,1,0,0,0,1,2,1,0,0,1,0,1,0,0,0,0,1,0,1,1,0,0,1,0,1,1,0,2,1,2,2,1,1,0,1,0,2,1,2,1,0,2,1,1,2,0,2,1,1]},{"counters":[0,3,2,1,1,1,0,2,0,0,2,1,2,0,3,2,0,0,0,1,1,2,1,1,0,3,1,3,1,1,1,0,2,1,0,0,1,2,0,2,0,2,1,1,1,0,1,0,1,0,0,0,0,1,0,0,0,0,1,1,1,1,2,0,3,1,1,0,1,1,2,0,3,2,2,1,2,1,3,1,0,0,1,4,1,0,2,1,2,1,1,0,0,0,2,0,1,1,0,1,1,3,1,0,2,0,1,1,1,2,2,0,0,2,1,3,2,0,3,1,2,0,1,1,2,0,1,1,2,0,0,2,0,2,2,0,0,0,1,2,0,0,1,2,1,0,0,0,1,2,0,1,0,0,2,2,0,0,1,0,0,1,1,1,0,1,1,1,0,0,1,1,2,2,0,0,2,0,3,1,1,1,1,2,1,0,2,0,0,0,1,2,4,0,1,1,2,0,1,1,1,0,0,2,1,1,0,1,1,1,0,0,3,1,1,0,4,3,0,0,1,1,1,0,1,2,0,1,4,1,1,1,1,2,0,0,0,0,0,0,0,1,0,0,3,0,1,1,1,0,2,1,1,1,0,1,0,1,0,4,0,1,2,2,0,2,0,1,1,1,1,2,0,0,1,1,0,0,0,1,2,3,1,1,2,2,1,2,0,3,1,3,0,0,2,1,0,1,1,0,3,1,3,1,1,1,1,1,2,0,1,1,2,1,2,1,0,4,0,2,1,1,0,2,0,1,3,1,0,3,2,0,5,1,1,0,0,1,1,0,1,0,0,0,1,0,1,0,1,0,1,1,1,0,1,0,0,0,0,0,2,1,0,1,2,0,1,1,1,0,2,0,1,0,2,0,0,1,0,3,1,1,0,1,1,0,2,2,0,1,2,2,2,2,0,2,1,2,3,0,1,2,2,2,0,1,0,1,1,1,1,1,1,0,0,2,0,2,1,1,3,2,1,1,1,1,0,1,1,1,0,3,2,1,1,0,1,1,0,1,3,0,1,0,0,0,1,2,1,0,2,1,0,1,2,3,1,0,0,1,2,0,4,1,0,0,0,4,0,0,1,0,0,0,1,0,0,1,0,0,0,0,1,1,0,1,1,1,2,1,2,1,0,1,1,1,2,2,2,2,2,3,2,1,2,2,2,1,0,2,2,2,0,1,1,0,0,1,1,2,0,1,2,1,0,0,0,1,0,2,3,0,1,0,0,0,1,1,0,1,2,1,1,3,2,0,1,0,2,2,3,2,3,0,1,0,2,1,3,2,0,1,1,1,1,2,1,0,2,0,1,0,0,0,1,0,5,0,2,0,2,0,0,0,4,0,0,1,1,0,1,2,0,0,1,2,2,1,2,3,1,2,0,1,1,1,1,1,2,0,0,1,0,0,3,1,1,0,1,0,2,1,1,0,1,1,1,1,0,0,0,1,1,0,0,2,1,1,0,2,2,0,1,0,0,2,0,1,0,1,5,0,0,2,4,2,1,1,2,0,2,1,1,1,1,0,0,0,2,1,1,0,1,2,1,1,1,0,1,1,1,2,1,0,3,0,1,3,1,2,1,1,1,2,1,0,2,3,0,0,1,0,0,0,1,1,2,1,1,0,0,3,1,1,0,0,1,1,0,3,0,0,0,0,1,3,0,0,0,0,1,0,0,1,0,0,0,1,1,0,2,0,1,2,2,1,1,2,0,0,0,0,1,2,0,0,2,0,1,0,1,1,1,0,0,1,3,1,1,0,0,1,2,0,0,0,0,3,1,0,2,0,4,0,2,0,2,0,1,0,2,2,1,0,3,1,1,4,0,0,1,0,1,1,1,0,0,1,1,1,2,0,0,1,1,1,1,1,1,3,0,1,1,0,1,1,0,0,1,1,0,3,3,0,2,0,0,1,1,3,2,1,2,0,1,0,0,0,1,1,1,0,0,0,3,2,0,0,0,1,0,1,1,1,0,2,1,2,4,1,1,1,3,2,3,0,0,1,0,1,0,0,0,1,0,0,1,0,3,1,0,0,0,1,0,0,2,2,1,1,0,0,0,2,1,1,0,3,0,1,2,0,0,4,1,0,1,0,1,0,1,1,1,0,3,3,1,0,2,1,1,1,0,1,0,0,0,0,0,1,2,1,0,2,0,1,0,1,3,3,0,1,1,1,1,1,1,1,0,0,0,0,0,3,0,1,2,0,1,1,0,2,0,1,1,0,0,1,1,0,0,0,1,1,0,2,1,2,0,1,0,1,2,1,1,1,1,0,1,1,1,2,0,0,0,2,2,1,0,2,2,1,0,0,0,1,3,1,2,2,1,1,1,1,1,0,1,2,2,1,2,0,2,1,0,3,1,3,2,0,1,1,1,1,3,0,2,3,2,1,2,2,0,1,0,2,1,0,1,1,1,0,2,0,0,2,3,1,1,2,1,1,0,2,1,0,1,2,0,1,2,2,0,1,3,0,1,1,0,1,0,0,1,1,0,3,1,0,2,2,2,3,0,0,1,0,2,2,1,0,2,0,2,4,0,0,0,3,2,0,0,0,0,1,0,2,2,0,0,0,3,1,0,0,1,2,2,1,1,0,3,0,0,0,0,1,1,0,1,1,0,4,0,0,0,0,0,0,1,3,0,1,0,0,0,1,1,0,0,0,1,1,1,0,0,1,1,0,2,0,1,0,0,0,1,1,1,1,2,0,1,1,1,0,0,3,3,0,0,0,3,0,2,0,1,0,2,1,1,2,3,0,2,2,0,1,0,1,1,1,0,1,0,0,1,0,1,0,3,0,0,0,2,0,1,0,2,0,0,1,0,1,0,1,1,0,1,3,2,3,0,1,1,1,1,1,3,0,2,0,2,3,1,0,0,2,0,1,2,2,0,0,2,0,1,0,2,0,0,2,1,2,1,1,0,2,0,2,2,0,1,2,0,4,1,0,3,1,1,3,1,1,3,0,3,0,4,0,0,1,0,1,1,3,0,0,2,1,1,1,2,0,0,1,3,2,2,1,1,0,0,2,1,1,0,1,1,0,2,2,2,2,1,2,3,0,1,0,1,0,0,2,0,2,2,2,1,0,1,2,0,1,2,0,1,1,1,1,0,0,0,3,0,0,2,1,3,1,2,0,0,1,0,0,0,0,0,1,2,0,2,3,0,1,3,0,0,2,1,1,1,1,2,1,2,1,1,1,3,0,0,0,2,1,0,1,2,0,2,1,0,2,1,0,0,0,0,1,2,0,0,1,2,3,0,0,1,0,4,3,0,2,2,1,1,0,1,0,2,1,3,0,3,1,1,0,0,1,0,0,0,2,1,1,3,3,1,3,0,0,1,1,0,1,2,0,1,1,3,2,0,0,0,1,1,0,2,0,3,3,3,0,0,0,0,0,0,0,1,1,1,1,0,1,1,1,1,1,1,0,1,0,0,0,0,0,1,0,1,2,0,1,0,0,0,0,1,2,0,1,1,0,0,0,1,1,1,2,0,0,1,1,1,0,2,3,2,0,2,2,2,1,3,1,0,0,0,1,1,1,0,1,0,1,0,1,2,0,0,1,2,0,0,1,2,1,2,0,2,0,0,0,3,0,1,2,0,1,1,2,2,3,2,1,1,2,2,0,3,2,0,3,0,1,2,1,0,0,2,0,1,1,1,0,1,1,1,0,3,0,1,4,1,1,1,1,1,0,3,0,1,1,1,2,1,1,1,1,2,1,0,1,2,2,1,2,3,1,0,3,1,3,0,1,0,0,0,0,1,0,0,1,1,1,1,0,1,1,0,2,0,3,1,0,1,0,2,1,2,1,1,1,0,0,0,1,1,2,0,1,2,1,3,1,1,3,0,0,1,0,0,2,1,1,0,0,1,2,1,0,3,0,2,0,2,1,1,1,2,2,2,3,0,1,0,0,1,0,0,2,1,0,0,1,0,1,3,2,1,0,2,2,2,1,0,2,1,0,0,1,0,0,2,1,0,1,1,3,1,1,1,1,2,2,1,0,1,3,1,1,2,0,0,0,1,1,0,1,1,1,0,2,3,1,2,1,1,1,1,1,0,3,2,1,1,0,1,1,3,2,0,2,0,1,0,1,0,1,0,1,0,1,0,1,3,0,1,0,2,2,1,3,1,1,0,0,2,2,0,1,2,0,1,0,1,1,1,0,0,3,0,0,1,0,0,2,0,1,1,1,1,0,1,1,2,1,1,1,1,1,1,0,0,0,1,1,1,0,0,0,1,0,1,3,1,0,0,0,0,3,2,2,1,1,0,2,0,1,0,1,1,0,2,1,0,0,1,1,1,2,0,1,1,2,0,0,1,1,0,1,1,0,1,0,2,3,2,2,0,2,2,1,2,1,2,0,0,1,2,0,1,0,1,2,1,1,1,0,0,3,1,0,1,1,0,1,1,0,0,1,0,2,1,1,2,0,0,0,0,1,1,1,2,2,0,4,1,0,2,0,5,0,1,1,0,1,1,1,1,2,2,0,5,1,1,1,1,1,0,0,3,2,1,2,1,1,1,0,0,0,1,1,1,0,1,2,2,1,0,0,0,0,0,4,1,3,1,0,2,0,1,1,1,4,2,2,0,0,0,0,0,0,3,1,0,1,0,1,0,1,0,0,0,1,0,1,1,1]}]},"null_count":0,"last_update_version":397952046447984640}},"indices":{},"count":2000,"modify_count":0,"version":0}