{"database_name":"test","table_name":"t","columns":{"c1":{"histogram":{"ndv":2000,"buckets":[{"count":8,"lower_bound":"MjAxOC0wMS0wMSAwNDo1Njo1NA==","upper_bound":"MjAxOC0wMS0wMSAyMjoxNDoyNw==","repeats":1},{"count":16,"lower_bound":"MjAxOC0wMS0wMiAwNDoxOTozMw==","upper_bound":"MjAxOC0wMS0wMiAxOToxMzo0Nw==","repeats":1},{"count":24,"lower_bound":"MjAxOC0wMS0wMiAyMTozNDo1OQ==","upper_bound":"MjAxOC0wMS0wMyAxNjo1MjowNw==","repeats":1},{"count":32,"lower_bound":"MjAxOC0wMS0wNCAwMToyMDo0OA==","upper_bound":"MjAxOC0wMS0wNCAxMToyMDoyNA==","repeats":1},{"count":40,"lower_bound":"MjAxOC0wMS0wNCAxNDozNToxNA==","upper_bound":"MjAxOC0wMS0wNCAyMjozNjo0Mg==","repeats":1},{"count":48,"lower_bound":"MjAxOC0wMS0wNCAyMjo0MDo1MA==","upper_bound":"MjAxOC0wMS0wNiAwMToyMTowMQ==","repeats":1},{"count":56,"lower_bound":"MjAxOC0wMS0wNiAwODozMzoxMA==","upper_bound":"MjAxOC0wMS0wNiAyMjoxNjowMA==","repeats":1},{"count":64,"lower_bound":"MjAxOC0wMS0wNyAwMToxNDoyMQ==","upper_bound":"MjAxOC0wMS0wNyAxNDo1NjoxOA==","repeats":1},{"count":72,"lower_bound":"MjAxOC0wMS0wNyAxNjoyMTowOQ==","upper_bound":"MjAxOC0wMS0wOSAxMjowNTo1OQ==","repeats":1},{"count":80,"lower_bound":"MjAxOC0wMS0wOSAxNToxMDowMA==","upper_bound":"MjAxOC0wMS0xMCAwODo1Mjo0OA==","repeats":1},{"count":88,"lower_bound":"MjAxOC0wMS0xMCAxMjozMjozMg==","upper_bound":"MjAxOC0wMS0xMSAxMjozMTowNQ==","repeats":1},{"count":96,"lower_bound":"MjAxOC0wMS0xMSAxMjo1NzoyOA==","upper_bound":"MjAxOC0wMS0xMyAxNjowNjowOQ==","repeats":1},{"count":104,"lower_bound":"MjAxOC0wMS0xMyAxNjoxMzoxMg==","upper_bound":"MjAxOC0wMS0xNCAwNTozNTozMA==","repeats":1},{"count":112,"lower_bound":"MjAxOC0wMS0xNCAyMzoyNTo0Nw==","upper_bound":"MjAxOC0wMS0xNSAyMTozNToyNw==","repeats":1},{"count":120,"lower_bound":"MjAxOC0wMS0xNSAyMTo0NTo1OQ==","upper_bound":"MjAxOC0wMS0xNiAxNjozNToyMQ==","repeats":1},{"count":128,"lower_bound":"MjAxOC0wMS0xNiAyMDoxMzoyNA==","upper_bound":"MjAxOC0wMS0xNyAyMDo0NjozMg==","repeats":1},{"count":136,"lower_bound":"MjAxOC0wMS0xOCAwNToxODoyOA==","upper_bound":"MjAxOC0wMS0xOSAxMjowNDozOA==","repeats":1},{"count":144,"lower_bound":"MjAxOC0wMS0xOSAxNzozNToyOA==","upper_bound":"MjAxOC0wMS0yMyAwMDozMTo0OQ==","repeats":1},{"count":152,"lower_bound":"MjAxOC0wMS0yNCAwNTowODozOA==","upper_bound":"MjAxOC0wMS0yNCAxMDo0NjoxNA==","repeats":1},{"count":160,"lower_bound":"MjAxOC0wMS0yNCAxODoxMjoyNQ==","upper_bound":"MjAxOC0wMS0yNSAwNToxNjo1MA==","repeats":1},{"count":168,"lower_bound":"MjAxOC0wMS0yNSAxMDoyNTozMQ==","upper_bound":"MjAxOC0wMS0yNiAwMzozNToxMA==","repeats":1},{"count":176,"lower_bound":"MjAxOC0wMS0yNiAwNTo1OToyMQ==","upper_bound":"MjAxOC0wMS0yOCAxNDo0NTowMQ==","repeats":1},{"count":184,"lower_bound":"MjAxOC0wMi0wMSAwMjowNjoxNA==","upper_bound":"MjAxOC0wMi0wMSAxNjoyMDozNg==","repeats":1},{"count":192,"lower_bound":"MjAxOC0wMi0wMiAyMTozMzowOQ==","upper_bound":"MjAxOC0wMi0wMyAwNzowNToyMQ==","repeats":1},{"count":200,"lower_bound":"MjAxOC0wMi0wMyAxOTo1MjozNw==","upper_bound":"MjAxOC0wMi0wNSAwMjo0ODo0Mg==","repeats":1},{"count":208,"lower_bound":"MjAxOC0wMi0wNSAwNjowMzozNQ==","upper_bound":"MjAxOC0wMi0wNiAyMTo0ODozOQ==","repeats":1},{"count":216,"lower_bound":"MjAxOC0wMi0wNyAwNzoxNjozNg==","upper_bound":"MjAxOC0wMi0wNyAyMDozMDo0MA==","repeats":1},{"count":224,"lower_bound":"MjAxOC0wMi0wOSAwMDoyNDoxOQ==","upper_bound":"MjAxOC0wMi0wOSAxNzoyMDo0Mw==","repeats":1},{"count":232,"lower_bound":"MjAxOC0wMi0xMCAxNzoyODoxMw==","upper_bound":"MjAxOC0wMi0xMSAwNDoyODo0OQ==","repeats":1},{"count":240,"lower_bound":"MjAxOC0wMi0xMSAxMjowMzo1Mg==","upper_bound":"MjAxOC0wMi0xMyAwMDo0NTo1Mw==","repeats":1},{"count":248,"lower_bound":"MjAxOC0wMi0xMyAxNDo1MjozMQ==","upper_bound":"MjAxOC0wMi0xNSAwMDowNToyMg==","repeats":1},{"count":256,"lower_bound":"MjAxOC0wMi0xNSAwMDo1NzoxOA==","upper_bound":"MjAxOC0wMi0xNSAxNDoyMjo1NA==","repeats":1},{"count":264,"lower_bound":"MjAxOC0wMi0xNiAxMzoyMzo0Ng==","upper_bound":"MjAxOC0wMi0xNyAwNDo1Mjo0MA==","repeats":1},{"count":272,"lower_bound":"MjAxOC0wMi0xNyAwNjoxOToxNg==","upper_bound":"MjAxOC0wMi0xOCAwODozMTozNg==","repeats":1},{"count":280,"lower_bound":"MjAxOC0wMi0xOCAxMDoyMjo0MQ==","upper_bound":"MjAxOC0wMi0xOSAwNjowOTowMQ==","repeats":1},{"count":288,"lower_bound":"MjAxOC0wMi0yMCAwMjowODozMg==","upper_bound":"MjAxOC0wMi0yMCAxNjoyOToyOA==","repeats":1},{"count":296,"lower_bound":"MjAxOC0wMi0yMCAxOTo0Mzo1MA==","upper_bound":"MjAxOC0wMi0yMSAxODowODo0Mg==","repeats":1},{"count":304,"lower_bound":"MjAxOC0wMi0yMiAwODowNDoyMw==","upper_bound":"MjAxOC0wMi0yMiAxNTo1NTowNQ==","repeats":1},{"count":312,"lower_bound":"MjAxOC0wMi0yMiAxNzo1MzozNQ==","upper_bound":"MjAxOC0wMi0yMyAyMjoyMTowNw==","repeats":1},{"count":320,"lower_bound":"MjAxOC0wMi0yNCAwMDo0NDowNg==","upper_bound":"MjAxOC0wMi0yNSAxODo0MjozOQ==","repeats":1},{"count":328,"lower_bound":"MjAxOC0wMi0yNSAyMDoyNTo0NA==","upper_bound":"MjAxOC0wMi0yOCAwMzowNzoxMg==","repeats":1},{"count":336,"lower_bound":"MjAxOC0wMi0yOCAxMDoxMzo0Nw==","upper_bound":"MjAxOC0wMy0wMSAwOTo0MDoxOA==","repeats":1},{"count":344,"lower_bound":"MjAxOC0wMy0wMSAxNzozMjoyNw==","upper_bound":"MjAxOC0wMy0wMiAwMjowODowNg==","repeats":1},{"count":352,"lower_bound":"MjAxOC0wMy0wMyAwMTo0NDo1NA==","upper_bound":"MjAxOC0wMy0wNCAxOToxOToyNQ==","repeats":1},{"count":360,"lower_bound":"MjAxOC0wMy0wNSAwMzo1NjoyNg==","upper_bound":"MjAxOC0wMy0wNSAxODoxODoxOA==","repeats":1},{"count":368,"lower_bound":"MjAxOC0wMy0wNSAyMDo1NjoxNQ==","upper_bound":"MjAxOC0wMy0wNiAwNToxMzo0Mg==","repeats":1},{"count":376,"lower_bound":"MjAxOC0wMy0wNiAwNToxNDozNQ==","upper_bound":"MjAxOC0wMy0wNyAwMTo1ODo0OA==","repeats":1},{"count":384,"lower_bound":"MjAxOC0wMy0wOCAxMDo0Mjo1NQ==","upper_bound":"MjAxOC0wMy0wOSAwNTozMzoxNQ==","repeats":1},{"count":392,"lower_bound":"MjAxOC0wMy0wOSAxMDozMDoyMA==","upper_bound":"MjAxOC0wMy0xMCAwOTo1MDozMg==","repeats":1},{"count":400,"lower_bound":"MjAxOC0wMy0xMSAwMzo0Njo0OQ==","upper_bound":"MjAxOC0wMy0xMSAxNToxNTo0MA==","repeats":1},{"count":408,"lower_bound":"MjAxOC0wMy0xMSAxNjowMTo0OQ==","upper_bound":"MjAxOC0wMy0xMyAwMTowODo0Nw==","repeats":1},{"count":416,"lower_bound":"MjAxOC0wMy0xMyAwNToxMDo0Ng==","upper_bound":"MjAxOC0wMy0xMyAyMjoxNTo0NA==","repeats":1},{"count":424,"lower_bound":"MjAxOC0wMy0xNCAwNTo0NToyNw==","upper_bound":"MjAxOC0wMy0xNSAwMzo0NDo1Ng==","repeats":1},{"count":432,"lower_bound":"MjAxOC0wMy0xNSAwNzowNDozNg==","upper_bound":"MjAxOC0wMy0xNiAyMDoxMTo0Nw==","repeats":1},{"count":440,"lower_bound":"MjAxOC0wMy0xNiAyMzoyMDo1MQ==","upper_bound":"MjAxOC0wMy0xNyAyMDoyNToyOQ==","repeats":1},{"count":448,"lower_bound":"MjAxOC0wMy0xNyAyMjo0Nzo0MQ==","upper_bound":"MjAxOC0wMy0yMCAwMjo1MzozMg==","repeats":1},{"count":456,"lower_bound":"MjAxOC0wMy0yMCAwMzoyNDozMQ==","upper_bound":"MjAxOC0wMy0yMSAxMDo1OTozOQ==","repeats":1},{"count":464,"lower_bound":"MjAxOC0wMy0yMSAyMTowNzowMw==","upper_bound":"MjAxOC0wMy0yMyAxMjo1Njo0Nw==","repeats":1},{"count":472,"lower_bound":"MjAxOC0wMy0yMyAxNjoyNjozMg==","upper_bound":"MjAxOC0wMy0yNCAwMjo0Njo0OQ==","repeats":1},{"count":480,"lower_bound":"MjAxOC0wMy0yNCAwODoxMzoxNg==","upper_bound":"MjAxOC0wMy0yNyAwMTo1MToyOA==","repeats":1},{"count":488,"lower_bound":"MjAxOC0wMy0yNyAxOTowMDo1Mg==","upper_bound":"MjAxOC0wNC0wMSAwMjoyOToyMA==","repeats":1},{"count":496,"lower_bound":"MjAxOC0wNC0wMSAwMzoyOTo0OQ==","upper_bound":"MjAxOC0wNC0wMSAyMTozNjowNg==","repeats":1},{"count":504,"lower_bound":"MjAxOC0wNC0wMiAxOTo0NTozNQ==","upper_bound":"MjAxOC0wNC0wNCAwODoxMzoyMg==","repeats":1},{"count":512,"lower_bound":"MjAxOC0wNC0wNCAxMjo1ODowMQ==","upper_bound":"MjAxOC0wNC0wNCAyMzoxMTowNw==","repeats":1},{"count":520,"lower_bound":"MjAxOC0wNC0wNSAwMjoyNjo1Nw==","upper_bound":"MjAxOC0wNC0wNSAxOToxNDo0OA==","repeats":1},{"count":528,"lower_bound":"MjAxOC0wNC0wNiAwMzozNjoyNA==","upper_bound":"MjAxOC0wNC0wOCAwMDowOToyNw==","repeats":1},{"count":536,"lower_bound":"MjAxOC0wNC0wOSAwNzowNDo1NQ==","upper_bound":"MjAxOC0wNC0wOSAyMjoxMTowNg==","repeats":1},{"count":544,"lower_bound":"MjAxOC0wNC0xMCAwMDo0NTowMw==","upper_bound":"MjAxOC0wNC0xMCAwOTowMzowNQ==","repeats":1},{"count":552,"lower_bound":"MjAxOC0wNC0xMCAwOTo0ODoyMw==","upper_bound":"MjAxOC0wNC0xMSAwMTo0NjowNg==","repeats":1},{"count":560,"lower_bound":"MjAxOC0wNC0xMSAwNDoxMjozNA==","upper_bound":"MjAxOC0wNC0xMiAxNjoyOTo0Mg==","repeats":1},{"count":568,"lower_bound":"MjAxOC0wNC0xMyAwMjoxNTowNw==","upper_bound":"MjAxOC0wNC0xNCAyMjoxMTowOQ==","repeats":1},{"count":576,"lower_bound":"MjAxOC0wNC0xNSAxMjo0ODo0NQ==","upper_bound":"MjAxOC0wNC0xNiAxMTo0NjozMA==","repeats":1},{"count":584,"lower_bound":"MjAxOC0wNC0xNiAxMjo1OTowNQ==","upper_bound":"MjAxOC0wNC0xOCAwMTowOTowNA==","repeats":1},{"count":592,"lower_bound":"MjAxOC0wNC0xOCAwMjowMToxNg==","upper_bound":"MjAxOC0wNC0xOSAxNTo0NjoyNw==","repeats":1},{"count":600,"lower_bound":"MjAxOC0wNC0xOSAyMzoyMDowOQ==","upper_bound":"MjAxOC0wNC0yMSAwNDo0ODoyMw==","repeats":1},{"count":608,"lower_bound":"MjAxOC0wNC0yMSAwNzo1NDo0MQ==","upper_bound":"MjAxOC0wNC0yMiAxNToxODowNA==","repeats":1},{"count":616,"lower_bound":"MjAxOC0wNC0yMiAyMToyNDozOA==","upper_bound":"MjAxOC0wNC0yMyAyMToyNjo1Nw==","repeats":1},{"count":624,"lower_bound":"MjAxOC0wNC0yNCAwMDo0MTo1NA==","upper_bound":"MjAxOC0wNC0yNSAwMToyMzozMg==","repeats":1},{"count":632,"lower_bound":"MjAxOC0wNC0yNSAwMjo0NjoxNA==","upper_bound":"MjAxOC0wNC0yNiAwNDo0NzowMg==","repeats":1},{"count":640,"lower_bound":"MjAxOC0wNC0yNiAwNjo0MTo0Ng==","upper_bound":"MjAxOC0wNC0yNiAyMzozMjoxMA==","repeats":1},{"count":648,"lower_bound":"MjAxOC0wNC0yNyAwMDo1ODowOA==","upper_bound":"MjAxOC0wNC0yNyAxNDoxNjo1OA==","repeats":1},{"count":656,"lower_bound":"MjAxOC0wNC0yNyAyMToyNjo1MA==","upper_bound":"MjAxOC0wNS0wMSAyMjoxNDo1NQ==","repeats":1},{"count":664,"lower_bound":"MjAxOC0wNS0wMyAwODozNjoyNw==","upper_bound":"MjAxOC0wNS0wNCAwNTozMDoyOQ==","repeats":1},{"count":672,"lower_bound":"MjAxOC0wNS0wNCAwNzo0MzoxMw==","upper_bound":"MjAxOC0wNS0wNSAwMjoyMzozNg==","repeats":1},{"count":680,"lower_bound":"MjAxOC0wNS0wNSAwNDo1MTo0OA==","upper_bound":"MjAxOC0wNS0wNSAxNDo0MTozNA==","repeats":1},{"count":688,"lower_bound":"MjAxOC0wNS0wNiAwOTo1NjoyOQ==","upper_bound":"MjAxOC0wNS0wNiAyMjoyMjoxNg==","repeats":1},{"count":696,"lower_bound":"MjAxOC0wNS0wNyAwMDoxMDowNQ==","upper_bound":"MjAxOC0wNS0wOCAwMjowNDo1NA==","repeats":1},{"count":704,"lower_bound":"MjAxOC0wNS0wOCAxMzo0NzoyMg==","upper_bound":"MjAxOC0wNS0wOSAwMjo1MzoyNw==","repeats":1},{"count":712,"lower_bound":"MjAxOC0wNS0wOSAyMzo0OTo0NA==","upper_bound":"MjAxOC0wNS0xMSAxMTowNTo0NA==","repeats":1},{"count":720,"lower_bound":"MjAxOC0wNS0xMSAxNDowMjozMg==","upper_bound":"MjAxOC0wNS0xMiAwMzoyOTo0Mw==","repeats":1},{"count":728,"lower_bound":"MjAxOC0wNS0xMiAxMDoyNTozNw==","upper_bound":"MjAxOC0wNS0xMyAxMDozMDoyNQ==","repeats":1},{"count":736,"lower_bound":"MjAxOC0wNS0xMyAxMDo1NToxOA==","upper_bound":"MjAxOC0wNS0xNCAxODozODo1MA==","repeats":1},{"count":744,"lower_bound":"MjAxOC0wNS0xNCAxODo0OToyOQ==","upper_bound":"MjAxOC0wNS0xNiAwNzo0NzoxMg==","repeats":1},{"count":752,"lower_bound":"MjAxOC0wNS0xNiAxMzoxNzoxOQ==","upper_bound":"MjAxOC0wNS0xOCAwNDowMzowNg==","repeats":1},{"count":760,"lower_bound":"MjAxOC0wNS0xOCAwNToyMjoyOQ==","upper_bound":"MjAxOC0wNS0yMCAwMjoxNjo0NQ==","repeats":1},{"count":768,"lower_bound":"MjAxOC0wNS0yMCAwMzoyNzo0OQ==","upper_bound":"MjAxOC0wNS0yMSAwMDo1NDo1Nw==","repeats":1},{"count":776,"lower_bound":"MjAxOC0wNS0yMiAwMDo1ODoyMA==","upper_bound":"MjAxOC0wNS0yMiAxODoyMzozMA==","repeats":1},{"count":784,"lower_bound":"MjAxOC0wNS0yMyAwODo1NzowOQ==","upper_bound":"MjAxOC0wNS0yMyAxNDozNjo0NQ==","repeats":1},{"count":792,"lower_bound":"MjAxOC0wNS0yMyAxNToyNTowMg==","upper_bound":"MjAxOC0wNS0yMyAyMzoyNjowOQ==","repeats":1},{"count":800,"lower_bound":"MjAxOC0wNS0yNCAwMDo1NjozOA==","upper_bound":"MjAxOC0wNS0yNSAwMjowMDo1NA==","repeats":1},{"count":808,"lower_bound":"MjAxOC0wNS0yNSAwMjozOTowNw==","upper_bound":"MjAxOC0wNS0yNiAwMTo1Nzo0OQ==","repeats":1},{"count":816,"lower_bound":"MjAxOC0wNS0yNiAxMzowODoxOQ==","upper_bound":"MjAxOC0wNS0yNiAyMjowMjozNQ==","repeats":1},{"count":824,"lower_bound":"MjAxOC0wNS0yNyAyMDoyNDo1Nw==","upper_bound":"MjAxOC0wNi0wMSAwNTozMjoyMg==","repeats":1},{"count":832,"lower_bound":"MjAxOC0wNi0wMSAwNzoxNTo1Nw==","upper_bound":"MjAxOC0wNi0wNCAwMTo0NDo1Ng==","repeats":1},{"count":840,"lower_bound":"MjAxOC0wNi0wNCAxODowNzo0OA==","upper_bound":"MjAxOC0wNi0wNSAxMTo1MDo1Ng==","repeats":1},{"count":848,"lower_bound":"MjAxOC0wNi0wNiAwNzoyNjoxMw==","upper_bound":"MjAxOC0wNi0wNiAyMzoxNDowMA==","repeats":1},{"count":856,"lower_bound":"MjAxOC0wNi0wNyAwNzoyNjozNg==","upper_bound":"MjAxOC0wNi0wOCAxMTo1MTo0Mw==","repeats":1},{"count":864,"lower_bound":"MjAxOC0wNi0wOCAxNjoxODozNw==","upper_bound":"MjAxOC0wNi0wOSAwNjo0NTozNQ==","repeats":1},{"count":872,"lower_bound":"MjAxOC0wNi0wOSAwOTo1Mjo0Nw==","upper_bound":"MjAxOC0wNi0xMSAxOTo1NDozOA==","repeats":1},{"count":880,"lower_bound":"MjAxOC0wNi0xMiAwNDo1NjowMA==","upper_bound":"MjAxOC0wNi0xNCAwMDo1MjowOA==","repeats":1},{"count":888,"lower_bound":"MjAxOC0wNi0xNCAwNDoyOToyNg==","upper_bound":"MjAxOC0wNi0xNCAyMzozNTo0Ng==","repeats":1},{"count":896,"lower_bound":"MjAxOC0wNi0xNSAwNjowNzo1Ng==","upper_bound":"MjAxOC0wNi0xNSAyMDo1ODo1MA==","repeats":1},{"count":904,"lower_bound":"MjAxOC0wNi0xNiAwNTowOToyMA==","upper_bound":"MjAxOC0wNi0xNiAyMjo0MTozNA==","repeats":1},{"count":912,"lower_bound":"MjAxOC0wNi0xNyAwMzo0MToyMw==","upper_bound":"MjAxOC0wNi0xOCAwMToxMDoxOA==","repeats":1},{"count":920,"lower_bound":"MjAxOC0wNi0xOCAxODo1NTowNQ==","upper_bound":"MjAxOC0wNi0xOSAxNTo0NDoyNw==","repeats":1},{"count":928,"lower_bound":"MjAxOC0wNi0xOSAxODo0MjowMA==","upper_bound":"MjAxOC0wNi0yMCAyMjozNTo1NQ==","repeats":1},{"count":936,"lower_bound":"MjAxOC0wNi0yMSAwNjoyNzo0OQ==","upper_bound":"MjAxOC0wNi0yMiAxNjo0Mzo0MQ==","repeats":1},{"count":944,"lower_bound":"MjAxOC0wNi0yMiAyMDo1MDo0MA==","upper_bound":"MjAxOC0wNi0yMyAxMTo1OTozMg==","repeats":1},{"count":952,"lower_bound":"MjAxOC0wNi0yMyAxNDo1MjoxMA==","upper_bound":"MjAxOC0wNi0yNCAwODo1MzoyOQ==","repeats":1},{"count":960,"lower_bound":"MjAxOC0wNi0yNCAxMzozMjoyNw==","upper_bound":"MjAxOC0wNi0yNSAxMjo1NDo1Mw==","repeats":1},{"count":968,"lower_bound":"MjAxOC0wNi0yNSAyMzozMzoyNw==","upper_bound":"MjAxOC0wNi0yNiAxMzo0ODoxMg==","repeats":1},{"count":976,"lower_bound":"MjAxOC0wNi0yNiAxNDoyNDozNg==","upper_bound":"MjAxOC0wNi0yNyAyMjoxODoyMg==","repeats":1},{"count":984,"lower_bound":"MjAxOC0wNi0yOCAwMjowMDoyOA==","upper_bound":"MjAxOC0wNy0wMSAwMjoyMjoyNQ==","repeats":1},{"count":992,"lower_bound":"MjAxOC0wNy0wMSAwMjoyNzoyMA==","upper_bound":"MjAxOC0wNy0wMSAxNjowMzoyMA==","repeats":1},{"count":1000,"lower_bound":"MjAxOC0wNy0wMiAwMTowNDo1NQ==","upper_bound":"MjAxOC0wNy0wMiAwOTo0MjozOA==","repeats":1},{"count":1008,"lower_bound":"MjAxOC0wNy0wMiAwOTo0NzoyMQ==","upper_bound":"MjAxOC0wNy0wMyAwNjo0MDo1NQ==","repeats":1},{"count":1016,"lower_bound":"MjAxOC0wNy0wMyAwODoyMToxNA==","upper_bound":"MjAxOC0wNy0wMyAyMDoyNzoxMA==","repeats":1},{"count":1024,"lower_bound":"MjAxOC0wNy0wMyAyMzo0Mzo1MQ==","upper_bound":"MjAxOC0wNy0wNCAxOTowNToyMQ==","repeats":1},{"count":1032,"lower_bound":"MjAxOC0wNy0wNCAxOToyODowMQ==","upper_bound":"MjAxOC0wNy0wNSAxNDowNDo1NA==","repeats":1},{"count":1040,"lower_bound":"MjAxOC0wNy0wNSAxNDozOToxMA==","upper_bound":"MjAxOC0wNy0wNiAwNzowODozMw==","repeats":1},{"count":1048,"lower_bound":"MjAxOC0wNy0wNiAxMzo0ODoxOA==","upper_bound":"MjAxOC0wNy0wNyAwOToxMjoyMw==","repeats":1},{"count":1056,"lower_bound":"MjAxOC0wNy0wNyAxMDoxMDo1MQ==","upper_bound":"MjAxOC0wNy0wOSAwNToyMjozMw==","repeats":1},{"count":1064,"lower_bound":"MjAxOC0wNy0wOSAwOTo0ODo0Nw==","upper_bound":"MjAxOC0wNy0xMCAwMDo0Mjo0Nw==","repeats":1},{"count":1072,"lower_bound":"MjAxOC0wNy0xMCAwNjoyNDoxNw==","upper_bound":"MjAxOC0wNy0xMSAxMjoxNjoxNQ==","repeats":1},{"count":1080,"lower_bound":"MjAxOC0wNy0xMSAxNDoxODowOA==","upper_bound":"MjAxOC0wNy0xMiAwMDoxMDo1Ng==","repeats":1},{"count":1088,"lower_bound":"MjAxOC0wNy0xMiAyMDozODozMg==","upper_bound":"MjAxOC0wNy0xMyAwNzoyMTo0Ng==","repeats":1},{"count":1096,"lower_bound":"MjAxOC0wNy0xMyAxNDo1NzowNA==","upper_bound":"MjAxOC0wNy0xNCAwOTo1OToxMw==","repeats":1},{"count":1104,"lower_bound":"MjAxOC0wNy0xNCAxNzo0MDo0Mw==","upper_bound":"MjAxOC0wNy0xNSAxMjozODowMg==","repeats":1},{"count":1112,"lower_bound":"MjAxOC0wNy0xNSAxNDoxNDozNg==","upper_bound":"MjAxOC0wNy0xNiAwNzo0MTowOA==","repeats":1},{"count":1120,"lower_bound":"MjAxOC0wNy0xNiAwODoyODowOA==","upper_bound":"MjAxOC0wNy0xNyAwNjowNjoyNQ==","repeats":1},{"count":1128,"lower_bound":"MjAxOC0wNy0xNyAxOToxNjozNA==","upper_bound":"MjAxOC0wNy0xOSAwMDoyNzoxNQ==","repeats":1},{"count":1136,"lower_bound":"MjAxOC0wNy0xOSAwMTo1MTozOA==","upper_bound":"MjAxOC0wNy0yMCAwMTowNzozMg==","repeats":1},{"count":1144,"lower_bound":"MjAxOC0wNy0yMCAwNDo0Mzo0Mg==","upper_bound":"MjAxOC0wNy0yMSAwODoyMzo0Mg==","repeats":1},{"count":1152,"lower_bound":"MjAxOC0wNy0yMSAxMToxNTo0OQ==","upper_bound":"MjAxOC0wNy0yMiAxNDo1MTo0Mw==","repeats":1},{"count":1160,"lower_bound":"MjAxOC0wNy0yMiAxNjoyOToyMA==","upper_bound":"MjAxOC0wNy0yMiAyMTo1MzoyOA==","repeats":1},{"count":1168,"lower_bound":"MjAxOC0wNy0yMyAwNToxNDo1MQ==","upper_bound":"MjAxOC0wNy0yNCAxNzo0MjoyMA==","repeats":1},{"count":1176,"lower_bound":"MjAxOC0wNy0yNCAyMTo0Nzo0NA==","upper_bound":"MjAxOC0wNy0yNiAwNzo0ODozMg==","repeats":1},{"count":1184,"lower_bound":"MjAxOC0wNy0yNiAyMDoxNjowNA==","upper_bound":"MjAxOC0wNy0yNyAxNjo0MTo1OA==","repeats":1},{"count":1192,"lower_bound":"MjAxOC0wOC0wMSAxMzowMTowNg==","upper_bound":"MjAxOC0wOC0wMiAwNzoyOToyNQ==","repeats":1},{"count":1200,"lower_bound":"MjAxOC0wOC0wMyAxODoxMjo1OA==","upper_bound":"MjAxOC0wOC0wNCAyMzozNDoxNQ==","repeats":1},{"count":1208,"lower_bound":"MjAxOC0wOC0wNSAwMDo1MTo1Mw==","upper_bound":"MjAxOC0wOC0wNSAxNzo0OTozNw==","repeats":1},{"count":1216,"lower_bound":"MjAxOC0wOC0wNiAwMDozNDo0NQ==","upper_bound":"MjAxOC0wOC0wNiAxMzoxMTowMg==","repeats":1},{"count":1224,"lower_bound":"MjAxOC0wOC0wNiAxNTo1MDozOQ==","upper_bound":"MjAxOC0wOC0wNyAwMDoyOTozNA==","repeats":1},{"count":1232,"lower_bound":"MjAxOC0wOC0wOCAwNDo1ODoyOA==","upper_bound":"MjAxOC0wOC0wOCAxODowMjoxNA==","repeats":1},{"count":1240,"lower_bound":"MjAxOC0wOC0wOSAwMzowNzowMw==","upper_bound":"MjAxOC0wOC0xMCAxNzoxNjo0Mw==","repeats":1},{"count":1248,"lower_bound":"MjAxOC0wOC0xMSAwMzo1Mjo0Mw==","upper_bound":"MjAxOC0wOC0xMiAwODowNDoyMA==","repeats":1},{"count":1256,"lower_bound":"MjAxOC0wOC0xMiAxNDo1NDozNA==","upper_bound":"MjAxOC0wOC0xNCAxMDo1MToxMg==","repeats":1},{"count":1264,"lower_bound":"MjAxOC0wOC0xNCAyMjowMzoxNQ==","upper_bound":"MjAxOC0wOC0xNiAxOTo0Njo0Nw==","repeats":1},{"count":1272,"lower_bound":"MjAxOC0wOC0xNiAyMzo1NDowMw==","upper_bound":"MjAxOC0wOC0xOCAwMToxMToyMA==","repeats":1},{"count":1280,"lower_bound":"MjAxOC0wOC0yMCAwNDo1MDo1OQ==","upper_bound":"MjAxOC0wOC0yMSAwMzowMDozOA==","repeats":1},{"count":1288,"lower_bound":"MjAxOC0wOC0yMSAwNToxNDo1MA==","upper_bound":"MjAxOC0wOC0yMiAyMDo1NDozNg==","repeats":1},{"count":1296,"lower_bound":"MjAxOC0wOC0yMyAwMDoyOTo0Ng==","upper_bound":"MjAxOC0wOC0yNCAwNDoyMTo1Ng==","repeats":1},{"count":1304,"lower_bound":"MjAxOC0wOC0yNCAxODo0NjowNQ==","upper_bound":"MjAxOC0wOC0yNyAwNTowMzo0NA==","repeats":1},{"count":1312,"lower_bound":"MjAxOC0wOC0yNyAyMDoxMzoxNA==","upper_bound":"MjAxOC0wOS0wMiAwMTozNDozMg==","repeats":1},{"count":1320,"lower_bound":"MjAxOC0wOS0wMiAwMzozMToyNg==","upper_bound":"MjAxOC0wOS0wMyAxODowOToyOQ==","repeats":1},{"count":1328,"lower_bound":"MjAxOC0wOS0wNCAwMjoyMjowMQ==","upper_bound":"MjAxOC0wOS0wNSAxNDo1NzowNg==","repeats":1},{"count":1336,"lower_bound":"MjAxOC0wOS0wNiAwOTozNToyOA==","upper_bound":"MjAxOC0wOS0wNyAwNTozMDoyOQ==","repeats":1},{"count":1344,"lower_bound":"MjAxOC0wOS0wNyAxMToxMDoyNw==","upper_bound":"MjAxOC0wOS0wOCAxMzo0NTo1OQ==","repeats":1},{"count":1352,"lower_bound":"MjAxOC0wOS0wOCAxNToxOToxMg==","upper_bound":"MjAxOC0wOS0wOSAwMjozMzoxNw==","repeats":1},{"count":1360,"lower_bound":"MjAxOC0wOS0wOSAxMToyODo0NA==","upper_bound":"MjAxOC0wOS0xMiAwNzowNDoyMg==","repeats":1},{"count":1368,"lower_bound":"MjAxOC0wOS0xMiAxMzozNDoyNA==","upper_bound":"MjAxOC0wOS0xMiAxNzoyOTo0NA==","repeats":1},{"count":1376,"lower_bound":"MjAxOC0wOS0xMiAyMTo1ODo1OA==","upper_bound":"MjAxOC0wOS0xNSAwMTo0OToxNw==","repeats":1},{"count":1384,"lower_bound":"MjAxOC0wOS0xNSAxNzo0MjoxOQ==","upper_bound":"MjAxOC0wOS0xNiAxMDo1ODoxMA==","repeats":1},{"count":1392,"lower_bound":"MjAxOC0wOS0xNiAxOToxODo0MQ==","upper_bound":"MjAxOC0wOS0xOCAxODowNzoxNg==","repeats":1},{"count":1400,"lower_bound":"MjAxOC0wOS0xOSAwNDoyODo0Mw==","upper_bound":"MjAxOC0wOS0yMCAwMTowMzo0Nw==","repeats":1},{"count":1408,"lower_bound":"MjAxOC0wOS0yMCAwNjoyNjozMw==","upper_bound":"MjAxOC0wOS0yMSAxMjoyNjowOQ==","repeats":1},{"count":1416,"lower_bound":"MjAxOC0wOS0yMSAxMzoxNDo0Ng==","upper_bound":"MjAxOC0wOS0yMSAyMjo1Mzo0OQ==","repeats":1},{"count":1424,"lower_bound":"MjAxOC0wOS0yMiAwMTowMzowOQ==","upper_bound":"MjAxOC0wOS0yMyAwMDo1Njo0OA==","repeats":1},{"count":1432,"lower_bound":"MjAxOC0wOS0yMyAwMjo1MDozNQ==","upper_bound":"MjAxOC0wOS0yMyAxNjo1MDowMQ==","repeats":1},{"count":1440,"lower_bound":"MjAxOC0wOS0yMyAxNzoxMjowNA==","upper_bound":"MjAxOC0wOS0yNSAxOToyODo1OA==","repeats":1},{"count":1448,"lower_bound":"MjAxOC0wOS0yNSAyMjoxODozOA==","upper_bound":"MjAxOC0wOS0yNiAxMTo1MzoxNQ==","repeats":1},{"count":1456,"lower_bound":"MjAxOC0wOS0yNiAxOTowODo0Mg==","upper_bound":"MjAxOC0wOS0yNyAyMzoyMjo1MA==","repeats":1},{"count":1464,"lower_bound":"MjAxOC0wOS0yOCAwNzo1NToxMA==","upper_bound":"MjAxOC0xMC0wMSAwNTo1Njo0Nw==","repeats":1},{"count":1472,"lower_bound":"MjAxOC0xMC0wMSAwNzo0NDoyMA==","upper_bound":"MjAxOC0xMC0wMiAwMDoyMjozMQ==","repeats":1},{"count":1480,"lower_bound":"MjAxOC0xMC0wMiAxODo0OTo0MA==","upper_bound":"MjAxOC0xMC0wMyAxMzoxMzo1OQ==","repeats":1},{"count":1488,"lower_bound":"MjAxOC0xMC0wMyAxNDowOTo0OQ==","upper_bound":"MjAxOC0xMC0wMyAyMTowNToxNg==","repeats":1},{"count":1496,"lower_bound":"MjAxOC0xMC0wNCAxNDozNjo0Nw==","upper_bound":"MjAxOC0xMC0wNSAxMTowMTo0Mg==","repeats":1},{"count":1504,"lower_bound":"MjAxOC0xMC0wNSAxMjoxOTozMA==","upper_bound":"MjAxOC0xMC0wNiAxMjo0NTo0OQ==","repeats":1},{"count":1512,"lower_bound":"MjAxOC0xMC0wNiAxOTozNTo1Ng==","upper_bound":"MjAxOC0xMC0wNyAxMDo0Njo0MA==","repeats":1},{"count":1520,"lower_bound":"MjAxOC0xMC0wNyAxOToyOToyOA==","upper_bound":"MjAxOC0xMC0wOCAxMjowNDoyOA==","repeats":1},{"count":1528,"lower_bound":"MjAxOC0xMC0wOCAxNjozOTo0NQ==","upper_bound":"MjAxOC0xMC0xMCAwMDo1MTowNw==","repeats":1},{"count":1536,"lower_bound":"MjAxOC0xMC0xMCAxODo1Njo1Nw==","upper_bound":"MjAxOC0xMC0xMSAwMTozNTo0NA==","repeats":1},{"count":1544,"lower_bound":"MjAxOC0xMC0xMSAwNTo0ODoxMg==","upper_bound":"MjAxOC0xMC0xMiAwNDoxMjo1NA==","repeats":1},{"count":1552,"lower_bound":"MjAxOC0xMC0xMiAxMDowMTowNA==","upper_bound":"MjAxOC0xMC0xMyAwNDo0MzoxNg==","repeats":1},{"count":1560,"lower_bound":"MjAxOC0xMC0xMyAxMToxMzozMQ==","upper_bound":"MjAxOC0xMC0xNCAwNTowNjo0MA==","repeats":1},{"count":1568,"lower_bound":"MjAxOC0xMC0xNCAxMTo1ODo0OA==","upper_bound":"MjAxOC0xMC0xNSAwMTowNjozMA==","repeats":1},{"count":1576,"lower_bound":"MjAxOC0xMC0xNSAxNzo0NjowOA==","upper_bound":"MjAxOC0xMC0xNiAxNDowODo1MA==","repeats":1},{"count":1584,"lower_bound":"MjAxOC0xMC0xNyAwMTo0MToyMw==","upper_bound":"MjAxOC0xMC0xNyAyMTo0ODozMg==","repeats":1},{"count":1592,"lower_bound":"MjAxOC0xMC0xOCAwNjo0MDowOQ==","upper_bound":"MjAxOC0xMC0xOCAxNDo1MjoxMQ==","repeats":1},{"count":1600,"lower_bound":"MjAxOC0xMC0xOCAxNzo1ODoxMQ==","upper_bound":"MjAxOC0xMC0xOSAwNjozMzoyNQ==","repeats":1},{"count":1608,"lower_bound":"MjAxOC0xMC0xOSAwOToyMzoxMg==","upper_bound":"MjAxOC0xMC0yMCAyMzozMjowMA==","repeats":1},{"count":1616,"lower_bound":"MjAxOC0xMC0yMSAwODozMTowNA==","upper_bound":"MjAxOC0xMC0yMSAxNjoxMzoxNg==","repeats":1},{"count":1624,"lower_bound":"MjAxOC0xMC0yMyAxMTowNToxNA==","upper_bound":"MjAxOC0xMC0yNCAwMTozMTo1Ng==","repeats":1},{"count":1632,"lower_bound":"MjAxOC0xMC0yNCAwMjoyMDo0MQ==","upper_bound":"MjAxOC0xMC0yNSAwMjowOToxMw==","repeats":1},{"count":1640,"lower_bound":"MjAxOC0xMC0yNSAxMjoxMjoxOA==","upper_bound":"MjAxOC0xMC0yNyAwMjo1MzoyNg==","repeats":1},{"count":1648,"lower_bound":"MjAxOC0xMC0yNyAyMjo0OToxMg==","upper_bound":"MjAxOC0xMS0wMSAxNTowMTo1Nw==","repeats":1},{"count":1656,"lower_bound":"MjAxOC0xMS0wMiAxNjo0MDo0OQ==","upper_bound":"MjAxOC0xMS0wMyAwMzozNDo1OQ==","repeats":1},{"count":1664,"lower_bound":"MjAxOC0xMS0wMyAwNzowNzoyOA==","upper_bound":"MjAxOC0xMS0wMyAyMTo0NTo1NQ==","repeats":1},{"count":1672,"lower_bound":"MjAxOC0xMS0wNCAxNjoxOToxNw==","upper_bound":"MjAxOC0xMS0wNSAxODozMDo0NQ==","repeats":1},{"count":1680,"lower_bound":"MjAxOC0xMS0wNSAxODozMjoyNw==","upper_bound":"MjAxOC0xMS0wNyAwMDoxNjozMw==","repeats":1},{"count":1688,"lower_bound":"MjAxOC0xMS0wNyAwNDoyMDo1Nw==","upper_bound":"MjAxOC0xMS0wNyAxNjowMToxNQ==","repeats":1},{"count":1696,"lower_bound":"MjAxOC0xMS0wNyAyMTo1MzoxMw==","upper_bound":"MjAxOC0xMS0wOCAyMToyODowMQ==","repeats":1},{"count":1704,"lower_bound":"MjAxOC0xMS0wOSAwMDoyNjo1MA==","upper_bound":"MjAxOC0xMS0xMCAxMzoxNToxMQ==","repeats":1},{"count":1712,"lower_bound":"MjAxOC0xMS0xMCAyMTo0NzoxNA==","upper_bound":"MjAxOC0xMS0xMSAxMjozMTo0NA==","repeats":1},{"count":1720,"lower_bound":"MjAxOC0xMS0xMSAyMjoxNzoyMw==","upper_bound":"MjAxOC0xMS0xMiAxMTo0NzoxOQ==","repeats":1},{"count":1728,"lower_bound":"MjAxOC0xMS0xMiAxMzo0NjoyNw==","upper_bound":"MjAxOC0xMS0xNCAwMjowMDowMg==","repeats":1},{"count":1736,"lower_bound":"MjAxOC0xMS0xNCAwNzozMjo1OA==","upper_bound":"MjAxOC0xMS0xNCAxNzo1MzowMA==","repeats":1},{"count":1744,"lower_bound":"MjAxOC0xMS0xNCAyMToyODoxNQ==","upper_bound":"MjAxOC0xMS0xNSAwMzo0NTowNg==","repeats":1},{"count":1752,"lower_bound":"MjAxOC0xMS0xNSAwNjoyMToyMg==","upper_bound":"MjAxOC0xMS0xNiAxNToyNDoyNQ==","repeats":1},{"count":1760,"lower_bound":"MjAxOC0xMS0xNyAwNDo0MTozOA==","upper_bound":"MjAxOC0xMS0xNyAxMzozOToxMA==","repeats":1},{"count":1768,"lower_bound":"MjAxOC0xMS0xNyAxNjozNjoxNw==","upper_bound":"MjAxOC0xMS0xOCAwNToyNDoyNg==","repeats":1},{"count":1776,"lower_bound":"MjAxOC0xMS0xOCAxNTo0MToxOQ==","upper_bound":"MjAxOC0xMS0xOSAxMjozNjoyMA==","repeats":1},{"count":1784,"lower_bound":"MjAxOC0xMS0xOSAxMjozNzoyMw==","upper_bound":"MjAxOC0xMS0yMiAxODoxNjo1MQ==","repeats":1},{"count":1792,"lower_bound":"MjAxOC0xMS0yMyAwMTowOTowOQ==","upper_bound":"MjAxOC0xMS0yMyAxMDoxNDo1OA==","repeats":1},{"count":1800,"lower_bound":"MjAxOC0xMS0yMyAxNjo0NDoyMw==","upper_bound":"MjAxOC0xMS0yNCAxMzoxNDo1Nw==","repeats":1},{"count":1808,"lower_bound":"MjAxOC0xMS0yNCAxNDoxODo1Mw==","upper_bound":"MjAxOC0xMS0yNSAwODo1MDo1Mw==","repeats":1},{"count":1816,"lower_bound":"MjAxOC0xMS0yNSAxMTowMzoyMQ==","upper_bound":"MjAxOC0xMS0yNyAwMToyNzoxNA==","repeats":1},{"count":1824,"lower_bound":"MjAxOC0xMS0yNyAwMjowMDo1NQ==","upper_bound":"MjAxOC0xMS0yNyAxNDo1NTo1Ng==","repeats":1},{"count":1832,"lower_bound":"MjAxOC0xMS0yNyAyMDozODoxOQ==","upper_bound":"MjAxOC0xMS0yOCAwMjozNzo1Ng==","repeats":1},{"count":1840,"lower_bound":"MjAxOC0xMS0yOCAwNzo1Mjo1Mw==","upper_bound":"MjAxOC0xMi0wMSAwNToyMToxMQ==","repeats":1},{"count":1848,"lower_bound":"MjAxOC0xMi0wMSAxNjoyNToyMw==","upper_bound":"MjAxOC0xMi0wMiAwOTo1Njo1Nw==","repeats":1},{"count":1856,"lower_bound":"MjAxOC0xMi0wMiAxMzo1MToyOA==","upper_bound":"MjAxOC0xMi0wNCAwNDoyODoxMg==","repeats":1},{"count":1864,"lower_bound":"MjAxOC0xMi0wNCAxOToxNToyMw==","upper_bound":"MjAxOC0xMi0wNSAxNTo0NzowNA==","repeats":1},{"count":1872,"lower_bound":"MjAxOC0xMi0wNiAyMjo0OToxMA==","upper_bound":"MjAxOC0xMi0wOCAwNToyNjo0NA==","repeats":1},{"count":1880,"lower_bound":"MjAxOC0xMi0wOCAxMToyMDoyOA==","upper_bound":"MjAxOC0xMi0wOSAwMjo0NDo0Nw==","repeats":1},{"count":1888,"lower_bound":"MjAxOC0xMi0wOSAxNTo1MjoxNw==","upper_bound":"MjAxOC0xMi0xMCAxNTozNDozMw==","repeats":1},{"count":1896,"lower_bound":"MjAxOC0xMi0xMCAyMjowNDowOQ==","upper_bound":"MjAxOC0xMi0xMiAyMDowMzo0OQ==","repeats":1},{"count":1904,"lower_bound":"MjAxOC0xMi0xMyAwNjozODowMQ==","upper_bound":"MjAxOC0xMi0xNCAxOToxNDozMA==","repeats":1},{"count":1912,"lower_bound":"MjAxOC0xMi0xNCAyMDoxNTozNQ==","upper_bound":"MjAxOC0xMi0xNSAxMjowMzowMQ==","repeats":1},{"count":1920,"lower_bound":"MjAxOC0xMi0xNSAxOTozMDo1NA==","upper_bound":"MjAxOC0xMi0xNiAxNTo1MTowMg==","repeats":1},{"count":1928,"lower_bound":"MjAxOC0xMi0xNiAyMjo0Mzo1OA==","upper_bound":"MjAxOC0xMi0xNyAxNToyOTo0MQ==","repeats":1},{"count":1936,"lower_bound":"MjAxOC0xMi0xNyAxODo1MjoxOQ==","upper_bound":"MjAxOC0xMi0xOCAxMTowNjoxMw==","repeats":1},{"count":1944,"lower_bound":"MjAxOC0xMi0xOSAwMzoxNjowNw==","upper_bound":"MjAxOC0xMi0yMCAwMjo0OToxOQ==","repeats":1},{"count":1952,"lower_bound":"MjAxOC0xMi0yMCAxMToyMzozOA==","upper_bound":"MjAxOC0xMi0yMSAxNDoxMToyNQ==","repeats":1},{"count":1960,"lower_bound":"MjAxOC0xMi0yMiAyMjoxNzo0NQ==","upper_bound":"MjAxOC0xMi0yMyAyMjo1MjoxMQ==","repeats":1},{"count":1968,"lower_bound":"MjAxOC0xMi0yNCAwMjoxMDo1Nw==","upper_bound":"MjAxOC0xMi0yNCAxNDozMToxNw==","repeats":1},{"count":1976,"lower_bound":"MjAxOC0xMi0yNCAyMzowNDo1Ng==","upper_bound":"MjAxOC0xMi0yNSAyMzo1NDoyMg==","repeats":1},{"count":1984,"lower_bound":"MjAxOC0xMi0yNiAwMDozNTozMw==","upper_bound":"MjAxOC0xMi0yNiAxODoxOToxNQ==","repeats":1},{"count":1992,"lower_bound":"MjAxOC0xMi0yNiAyMjoyNzoxMw==","upper_bound":"MjAxOC0xMi0yNyAxOTowMzozNA==","repeats":1},{"count":2000,"lower_bound":"MjAxOC0xMi0yOCAwNDoxNjowMQ==","upper_bound":"MjAxOC0xMi0yOCAxODoyNzo0Ng==","repeats":1}]},"cm_sketch":{"rows":[{"counters":[3,0,0,1,1,2,0,1,0,1,1,3,1,0,2,1,0,0,2,5,2,0,1,4,2,1,0,0,0,0,3,1,2,1,0,2,0,0,0,0,0,1,0,1,2,0,0,1,1,1,1,2,2,0,1,0,2,1,1,0,0,2,0,2,1,1,0,1,0,1,2,0,1,1,0,0,0,0,1,3,1,1,1,2,1,1,0,0,0,1,1,0,3,1,1,1,0,1,2,1,0,0,2,1,2,0,0,1,1,0,1,0,1,1,0,0,0,3,0,4,0,0,0,1,1,2,1,1,2,2,0,1,1,1,0,0,0,0,3,3,0,0,1,0,0,0,1,1,2,1,3,1,0,1,0,1,2,0,0,2,1,0,1,1,0,1,2,1,3,1,0,0,0,0,3,2,2,0,1,1,2,1,1,0,0,2,1,0,0,0,1,5,0,3,1,0,2,1,0,2,1,1,2,0,1,0,0,0,0,0,0,0,0,1,0,0,1,0,0,0,0,4,2,0,1,0,2,1,1,0,0,0,2,0,1,1,1,0,1,1,2,0,3,1,0,0,1,2,0,0,1,0,1,3,1,2,2,2,0,0,2,1,0,0,1,3,1,0,0,2,0,2,2,1,0,1,1,0,1,2,1,0,2,0,2,1,1,1,4,1,2,0,0,0,0,2,3,0,1,0,2,0,0,3,1,0,1,0,4,1,0,2,2,0,1,0,1,1,2,0,1,0,0,1,2,2,2,1,0,1,1,0,3,0,0,0,0,0,0,1,1,1,0,0,2,3,0,1,1,0,1,2,1,1,0,0,0,0,0,2,2,1,2,2,2,0,1,1,0,1,4,0,1,0,3,1,2,0,0,0,0,2,2,0,1,2,1,1,0,4,0,1,1,0,0,2,0,2,2,0,2,1,1,2,0,2,1,1,1,0,2,1,1,1,0,0,0,0,1,0,1,1,2,1,0,0,2,0,2,0,3,0,0,3,1,3,2,1,1,1,2,0,0,1,0,0,2,3,3,1,1,0,0,0,0,2,1,1,2,1,0,1,0,1,0,1,1,1,0,1,0,0,0,0,3,0,0,1,1,1,3,0,2,0,2,2,0,1,2,0,1,2,1,0,0,4,0,1,0,2,2,1,0,3,0,2,2,1,0,0,1,1,1,1,1,0,1,1,2,0,1,1,1,3,1,0,1,2,0,1,2,1,1,0,5,2,0,2,2,2,0,0,2,2,0,1,0,0,0,1,0,0,0,0,0,1,2,2,1,2,1,0,0,0,0,1,2,0,0,0,0,0,1,1,1,0,0,2,0,2,0,0,1,2,0,2,0,0,0,1,1,1,0,0,1,0,0,0,0,1,0,1,1,1,1,0,2,2,1,0,1,0,0,2,0,1,1,1,0,0,2,0,0,0,0,3,0,1,2,2,2,2,1,1,0,1,0,2,2,1,0,0,0,2,0,1,2,0,3,0,3,1,2,0,1,0,1,0,0,2,2,3,1,2,1,1,0,0,1,3,1,2,0,4,1,2,1,1,0,0,1,5,0,2,0,0,0,0,0,0,0,0,3,0,0,0,0,3,2,1,3,0,1,1,2,0,0,2,1,0,3,1,2,4,0,2,1,2,0,3,2,1,1,2,0,2,2,0,0,0,0,1,0,0,1,1,0,0,0,3,1,1,1,0,0,0,0,1,1,2,2,1,0,0,2,1,2,0,1,2,0,1,2,0,0,0,0,0,0,0,0,1,1,1,1,0,2,0,0,1,1,0,2,0,1,0,2,1,2,0,1,0,1,1,3,0,1,1,1,0,2,4,0,1,0,2,2,2,1,1,0,2,2,1,0,4,1,1,1,2,0,0,1,0,2,0,1,1,1,1,0,2,0,0,0,0,0,0,0,0,0,1,1,0,1,1,1,1,0,1,2,3,0,1,2,0,0,1,0,0,2,0,3,2,3,1,1,2,3,1,3,1,2,1,1,1,0,0,0,1,4,1,1,1,1,0,0,1,2,2,0,0,1,3,2,2,1,2,1,2,1,2,0,1,1,0,2,0,0,2,1,1,1,0,1,2,3,1,2,1,0,1,0,0,2,0,0,2,0,1,3,3,1,0,0,1,1,0,1,1,2,0,4,0,0,2,2,2,1,1,0,2,2,3,1,0,1,1,0,1,0,1,1,1,1,0,1,1,0,0,1,1,0,0,1,1,1,2,0,0,0,0,1,2,2,0,0,0,1,1,1,2,0,1,1,0,0,0,1,1,0,5,3,1,0,2,2,0,1,1,0,1,3,1,0,3,0,0,1,0,1,1,1,0,2,0,1,1,5,2,1,0,0,2,1,1,1,1,0,1,2,0,0,1,0,2,0,0,1,0,1,4,2,1,0,3,3,2,1,0,3,1,1,1,3,0,1,0,2,1,3,1,0,0,2,2,2,2,1,2,2,0,2,0,0,1,1,2,0,0,0,0,0,2,0,0,0,0,0,0,3,0,0,0,1,1,1,1,3,1,0,4,1,2,2,2,0,1,0,1,1,2,0,1,0,3,0,3,1,0,5,1,1,1,0,1,2,0,4,0,0,1,2,2,0,0,2,0,4,2,1,1,0,1,0,1,2,0,1,1,2,1,0,0,1,1,1,1,0,2,1,1,1,1,0,0,1,0,2,0,1,0,0,3,2,1,0,1,1,1,1,1,2,1,1,0,3,0,2,1,2,1,1,0,0,2,2,1,1,1,2,2,2,0,1,1,0,2,1,2,0,1,1,0,0,0,2,1,0,1,1,2,0,0,1,4,0,0,0,0,1,0,1,0,1,0,2,0,1,3,0,2,1,0,0,1,1,2,4,2,1,1,2,0,1,0,1,2,2,0,0,0,2,1,1,0,0,1,1,1,2,1,1,1,0,1,2,1,0,0,1,2,0,0,1,1,2,3,3,0,0,1,1,1,0,1,2,0,1,1,2,2,1,3,0,3,1,2,2,0,0,0,2,0,0,0,3,1,4,0,0,1,1,2,0,0,0,1,0,0,3,0,0,0,1,1,1,0,0,0,0,0,1,1,1,1,3,0,2,0,1,0,2,2,1,3,0,0,2,1,1,1,2,1,2,1,2,1,1,0,0,0,2,0,2,2,1,1,0,1,1,1,2,0,1,1,0,2,0,1,0,0,1,0,3,0,2,0,0,4,1,1,0,2,1,1,2,0,0,2,0,1,2,0,1,1,1,1,0,0,1,1,0,1,0,1,0,0,0,1,4,0,0,1,0,0,1,4,1,1,3,2,1,0,1,2,0,1,0,1,1,2,0,0,2,0,0,0,1,0,2,0,2,0,1,0,3,2,2,0,2,0,1,3,2,1,0,0,1,0,1,3,1,1,0,4,0,4,2,3,1,1,0,1,1,0,3,3,0,0,1,2,1,0,1,0,1,2,2,1,0,2,1,3,2,3,0,0,1,1,3,1,0,1,1,2,0,2,3,1,1,0,0,0,0,1,2,0,2,0,1,1,2,1,0,1,0,0,3,2,2,1,1,2,2,1,2,0,1,2,2,0,2,2,0,0,0,0,1,0,1,0,0,0,1,1,0,2,2,1,1,0,1,1,2,0,0,0,0,0,1,1,0,3,0,0,1,2,0,0,1,0,1,0,1,0,0,1,0,1,1,1,0,0,0,0,1,0,0,1,0,1,1,1,1,2,0,1,3,0,1,1,0,0,1,0,2,3,0,2,3,2,2,1,2,0,3,1,1,0,1,2,1,0,1,0,4,2,0,2,3,1,0,0,1,2,1,0,0,0,0,1,1,2,0,2,1,2,0,1,1,2,3,1,2,1,1,2,1,1,0,0,1,2,2,4,0,1,0,1,1,2,0,0,0,4,0,3,4,0,0,1,0,0,1,0,2,0,1,2,1,0,5,0,1,1,1,0,1,1,2,2,0,1,1,0,0,1,1,0,0,1,2,1,0,1,0,3,3,1,0,0,0,2,0,0,2,0,1,2,1,0,1,0,1,1,2,1,0,2,0,2,0,0,1,0,1,0,0,0,2,1,3,1,2,2,0,3,0,1,0,1,0,0,0,2,1,1,1,2,0,0,0,0,0,1,2,1,0,0,1,0,0,3,0,1,0,3,1,0,3,0,0,0,1,3,1,2,1,0,3,0,0,2,1,1,0,0,1,2,0,0,1,0,0,1,1,1,0,1,1,3,2,0,1,0,1,0,2,1,0,0,3,1,1,0,1,1,0,0,3,1,1,0,1,0,2,1,2,1,3,2,1,0,0,2,3,0,1,2,1,2,0,4,1,1,0,1,0,3,1,0,2,0,0,0,4,1,0,2,1,2,0,0,1,3,0,1,1,1,0,1,1,0,0,1,0,1,2,0,1,0,1,2,2,0,0,2,0,0,1,2,1,1,0,0,4,1,1,1,1,0,0,0,1,1,2,1,2,3,1,0,2,3,0,2,3,2,0,0,2,0,2,1,1,3,1,0,1,1,1,1,0,1,0,0,1,2,0,2,1,3,1,1,1,1,2,1,1,0,1,1,3,1,1,2,1,1,0,0,0,4,0,2,2,2,3,0,1,1,1,2,1,3,2,1,5,0,0,0,2,0,1,0,1,1,1,0]},{"counters":[1,1,1,2,2,0,1,1,0,2,5,3,3,0,3,0,1,0,0,0,0,0,2,1,1,0,1,0,0,2,1,1,0,1,0,1,0,0,2,2,1,2,2,1,0,1,0,0,0,0,2,3,0,0,0,3,0,1,0,0,1,1,1,0,0,0,0,1,0,0,2,0,1,1,0,1,2,0,0,3,1,0,0,3,4,1,3,0,1,0,1,0,0,1,1,1,1,2,1,1,0,1,1,0,2,3,1,0,1,3,1,2,1,1,0,0,1,1,3,1,0,3,2,2,2,1,0,0,2,0,0,1,3,1,1,0,2,1,1,0,2,0,0,1,1,2,1,1,0,3,1,0,1,0,0,0,0,2,0,0,0,2,2,0,2,1,0,0,2,1,0,1,0,1,0,0,0,1,0,2,2,2,0,0,0,2,0,1,1,0,0,1,0,3,2,1,0,2,0,2,1,1,0,0,0,1,1,3,0,1,2,4,0,2,0,1,3,3,2,1,0,0,3,2,0,0,1,3,1,3,1,0,3,2,0,0,0,0,0,0,0,0,0,1,0,0,1,1,1,2,0,1,0,1,0,0,4,1,3,1,2,0,1,2,0,0,0,2,0,2,0,0,1,3,1,1,1,1,2,2,1,1,0,0,0,1,0,1,0,2,2,2,2,0,0,0,0,0,0,1,0,0,0,1,0,1,0,0,2,3,0,3,2,0,2,1,1,1,1,2,0,0,1,2,1,0,1,0,0,2,0,0,0,0,0,0,0,0,0,1,1,1,0,1,1,0,0,3,1,2,1,0,2,2,1,0,1,1,1,0,1,3,1,0,0,1,2,3,0,0,1,0,2,0,0,1,1,1,1,1,1,0,0,0,1,3,1,1,0,2,1,1,1,0,0,1,1,2,0,1,0,2,0,0,0,1,1,1,1,0,1,0,1,3,0,0,2,0,3,1,2,0,2,1,0,0,2,2,1,2,2,0,2,0,2,1,1,1,2,1,0,1,1,1,1,1,0,0,0,1,1,2,0,0,1,0,1,2,2,2,3,0,0,1,0,1,3,0,0,1,1,4,3,2,2,0,1,0,1,2,1,0,1,2,0,1,4,1,3,1,1,0,0,1,0,0,1,1,0,4,1,0,1,1,3,0,2,0,0,0,1,2,0,0,1,0,0,0,1,0,1,3,2,0,0,2,1,1,1,0,2,2,2,2,2,1,3,3,0,2,0,0,1,3,1,0,0,2,0,0,1,0,1,1,1,0,2,0,0,0,2,0,3,0,2,0,1,0,2,1,2,1,2,0,2,1,1,1,0,0,2,0,0,0,0,0,0,2,2,1,2,0,1,0,1,0,0,1,0,0,1,0,0,2,1,0,0,3,2,1,2,0,2,2,0,1,1,1,0,3,0,1,2,0,0,0,0,0,1,1,0,2,1,3,1,0,0,2,0,0,0,0,2,1,0,1,2,1,3,5,1,1,1,1,1,4,0,1,0,1,0,0,0,0,0,0,1,2,0,0,1,0,0,0,2,1,2,4,0,0,2,1,0,1,1,1,2,1,0,1,3,0,1,0,0,0,1,0,0,0,1,0,2,1,1,2,1,1,0,1,1,2,1,1,1,2,1,0,2,1,2,1,2,1,1,1,1,0,0,1,2,3,0,0,5,3,2,1,0,1,1,0,0,0,0,0,1,1,0,0,1,0,3,1,2,2,1,1,1,2,1,0,1,0,2,1,2,1,2,3,2,2,1,1,1,1,0,0,0,3,0,1,1,0,0,0,0,3,0,3,0,0,3,0,1,1,4,0,2,0,1,2,0,1,0,0,2,0,2,1,1,0,1,2,3,2,0,1,0,2,1,2,0,1,0,3,2,0,2,0,1,0,2,1,4,3,3,0,2,1,0,0,0,1,1,0,0,1,1,0,0,1,1,1,0,1,2,0,1,0,1,0,1,0,3,1,2,2,0,1,2,0,1,1,0,2,1,0,3,0,1,0,0,2,2,2,0,0,0,1,0,0,1,1,2,1,1,3,1,1,0,3,4,1,0,1,1,3,1,0,1,2,0,2,0,0,1,1,0,1,0,1,2,1,2,0,2,4,1,3,0,0,3,2,0,0,0,1,0,0,0,0,1,0,1,2,0,1,0,0,0,1,1,1,1,0,1,0,0,2,0,0,2,1,0,1,1,3,0,1,0,1,1,1,0,0,0,0,1,0,0,2,0,2,1,1,1,0,0,2,0,2,3,0,1,1,3,2,0,2,2,2,0,1,2,1,2,0,0,1,2,0,1,1,0,1,1,3,3,3,0,0,0,2,0,3,0,1,2,0,0,2,2,4,0,1,0,1,0,0,1,0,0,1,2,1,0,2,2,1,1,1,3,0,0,1,1,2,0,2,0,1,1,0,3,0,0,1,2,1,1,1,0,1,2,2,5,1,0,1,1,0,1,3,1,2,0,1,1,3,1,1,0,0,0,3,3,0,2,2,1,2,1,0,2,1,2,2,1,1,0,1,1,1,0,1,0,2,1,0,0,1,1,3,1,0,1,2,0,0,1,0,1,1,0,0,1,0,1,1,3,2,2,0,0,2,1,1,0,0,0,2,0,2,0,1,1,0,1,0,0,3,1,0,1,1,2,1,1,1,1,2,1,0,2,1,0,2,2,0,2,2,0,0,3,3,2,1,0,1,0,1,1,2,0,0,0,1,2,1,0,0,2,0,1,0,0,1,3,2,0,0,1,4,1,3,3,1,1,2,0,0,1,0,2,1,1,0,3,1,2,1,3,2,2,2,0,0,1,0,1,3,1,1,1,0,2,1,0,2,0,0,0,1,0,0,0,0,0,0,1,0,0,2,0,1,1,3,1,2,2,0,0,0,2,0,3,1,1,1,0,1,0,1,0,0,0,2,0,1,1,0,1,2,1,0,0,0,0,3,0,1,2,0,2,1,1,0,1,1,0,2,1,2,1,1,0,2,0,1,0,0,0,0,1,0,2,0,1,1,0,2,3,1,2,0,0,1,1,0,1,1,2,0,2,1,0,2,2,1,1,0,1,0,3,3,2,1,0,1,1,0,1,2,0,1,2,1,1,3,3,1,0,1,2,1,1,1,1,1,2,0,1,0,0,0,0,1,0,1,1,2,1,1,0,2,1,2,0,1,0,0,2,0,1,2,2,2,0,0,2,1,1,2,3,2,0,2,1,2,0,2,1,2,0,1,4,0,1,1,2,0,2,1,0,1,1,1,1,1,2,0,0,0,0,0,3,0,0,2,2,0,1,1,3,3,0,0,0,0,0,1,0,0,0,0,0,2,1,1,2,1,1,3,1,0,1,0,1,0,0,2,2,0,0,0,0,1,1,0,1,0,0,1,2,1,1,0,0,1,0,0,1,2,1,1,2,0,0,0,3,1,0,1,1,0,1,1,1,1,1,4,0,0,1,0,2,2,1,3,0,0,0,0,1,1,3,0,2,0,2,0,2,2,1,0,2,0,0,4,0,2,1,2,0,0,0,1,1,1,0,0,0,2,1,3,0,0,0,2,1,1,2,1,2,2,1,3,2,2,1,0,0,0,2,0,1,1,0,0,0,1,1,2,0,0,0,1,0,0,2,0,2,0,0,0,1,0,0,1,1,2,1,0,1,1,0,0,0,0,4,0,2,1,0,1,0,1,3,3,0,0,1,1,2,3,1,0,1,0,0,0,1,2,3,1,0,0,1,0,0,1,0,2,1,0,0,2,1,0,0,0,2,1,1,3,2,3,2,2,1,1,1,1,0,0,0,3,2,2,0,2,1,0,2,1,2,1,0,0,1,2,1,0,0,1,1,2,2,0,2,1,0,2,2,0,1,8,1,2,1,2,2,1,0,1,0,0,1,2,0,2,4,0,0,0,2,1,2,2,0,2,0,0,2,1,0,3,2,1,0,1,0,0,0,0,3,0,0,1,2,4,0,0,0,0,1,1,0,0,1,4,3,3,1,0,3,2,2,1,1,0,2,1,1,1,0,1,1,0,2,0,0,1,1,1,3,1,1,1,2,0,0,1,1,1,1,1,0,0,1,1,1,0,3,2,0,1,2,0,2,1,1,0,1,2,1,0,1,0,4,1,0,1,1,0,0,0,1,0,1,1,1,2,0,2,1,0,1,3,1,1,2,1,0,0,1,0,2,0,3,2,1,0,0,0,0,2,1,1,0,0,0,1,3,1,1,0,0,1,0,0,1,3,2,0,0,1,2,0,1,0,1,0,1,1,0,0,2,1,2,1,1,0,2,1,2,0,0,1,2,3,0,2,0,2,0,0,1,0,2,0,0,0,2,0,0,1,0,0,2,5,0,1,1,2,0,2,1,1,1,1,0,1,5,1,1,2,0,1,0,0,0,3,2,0,0,0,1,0,3,0,3,1,2,2,1,0,2,2,1,0,1,1,0,3,4,2,2,1,4,0,0,3,1,1,0,0,1,1,0,1,0,0,0,2,1,2,1,1,1,3,0,2,0,2,0,4,2,0,1,3,1,0,0,1,0,3,1,1,0,1,1,3,0,1,1,1,0,0,1,0,0,4,3,0,0,0,1,2,0,0,1,5,2,0,1,1,1,1,0,1,0,0,1,1,1,2]},{"counters":[0,1,0,0,0,4,0,0,0,1,2,0,1,0,0,1,0,0,2,1,0,1,0,1,4,4,0,1,1,0,1,0,1,0,2,1,2,0,3,0,1,2,0,1,0,0,3,1,2,1,1,3,0,0,0,3,2,0,1,2,0,2,1,0,0,1,1,1,1,2,1,1,1,0,1,1,1,1,0,1,1,0,1,1,0,2,3,1,0,2,0,3,2,0,1,0,0,1,1,0,1,2,0,1,2,0,1,1,1,1,1,0,2,1,0,1,0,3,1,1,0,1,1,1,1,0,3,1,2,2,1,0,2,0,0,1,2,1,1,0,1,1,0,3,0,1,0,2,3,3,0,3,1,1,2,1,0,0,0,0,1,2,2,0,3,0,1,2,1,1,0,1,2,1,0,0,0,1,0,0,3,0,2,0,1,0,0,0,1,0,2,0,1,2,2,0,0,0,1,1,1,1,2,1,3,1,1,2,1,0,0,1,0,0,1,0,1,0,0,1,2,2,2,2,2,1,0,1,1,0,1,2,2,1,0,0,1,1,3,0,1,1,0,0,1,3,1,0,0,3,3,2,3,2,1,1,0,0,1,2,1,2,2,1,0,1,0,0,0,1,1,1,4,1,1,2,1,2,0,0,0,0,1,0,0,0,1,2,2,2,0,4,0,0,0,0,0,2,1,0,0,1,3,2,1,1,1,1,2,2,0,0,4,0,5,2,0,1,4,3,0,1,0,0,3,3,1,1,1,2,1,0,2,1,0,1,2,0,0,1,0,1,3,1,0,1,1,3,0,1,0,0,0,0,1,0,1,0,1,0,1,0,4,1,0,0,0,0,1,1,1,0,2,0,2,1,1,1,2,1,1,0,0,0,1,0,2,1,1,1,2,1,0,0,0,0,2,0,0,0,1,1,4,1,0,0,0,1,0,2,1,1,3,3,0,1,2,1,2,0,0,1,3,1,2,1,1,2,1,0,1,1,1,0,0,2,1,0,1,4,0,0,1,0,1,0,1,0,2,0,1,0,1,0,0,1,1,0,0,0,1,1,2,1,0,1,0,3,1,0,2,0,0,0,1,2,1,1,2,2,0,1,1,1,2,3,2,3,2,1,0,1,3,1,0,0,0,0,0,3,3,2,0,0,2,1,0,0,0,0,2,1,0,0,1,0,1,0,0,0,1,1,2,1,1,1,1,1,4,1,1,1,1,1,1,1,2,4,3,1,0,2,1,0,1,1,0,1,1,0,2,2,1,1,1,0,2,0,1,2,0,0,1,0,1,1,3,2,2,0,2,2,3,2,2,0,0,3,0,0,1,1,2,1,0,0,0,0,0,2,0,1,0,1,0,1,5,3,1,0,0,1,0,0,1,1,1,0,0,0,2,0,1,1,0,1,1,0,2,0,1,2,1,0,0,0,0,1,0,2,0,0,0,1,0,2,1,1,0,2,1,0,1,0,0,0,1,1,1,0,4,1,1,1,0,1,3,0,2,1,1,0,1,0,1,3,1,2,0,0,2,2,2,2,2,0,1,2,0,1,0,0,0,1,0,0,1,1,1,0,1,0,1,2,0,1,2,2,1,2,1,3,1,0,0,0,0,0,1,0,4,0,1,2,2,2,2,1,1,4,0,3,1,1,2,0,3,1,1,1,2,0,1,0,0,0,0,2,0,0,2,2,1,1,1,1,1,0,0,1,1,1,1,0,0,2,0,0,0,0,1,2,4,0,2,1,0,2,0,0,2,1,1,0,0,3,0,1,2,1,0,0,1,0,0,0,1,0,1,1,2,0,1,2,1,0,3,2,1,3,0,1,0,0,0,3,4,1,2,1,1,1,0,2,1,0,2,0,0,2,1,3,0,2,0,2,1,0,3,0,2,0,0,2,2,3,2,1,2,2,2,1,0,2,0,3,1,0,0,1,0,1,2,1,2,0,2,1,1,2,1,1,1,1,1,2,0,1,0,1,0,0,2,1,1,0,0,0,2,1,0,2,1,1,1,0,2,1,1,0,0,0,0,1,3,2,0,2,3,2,0,2,2,2,0,1,2,1,1,1,1,1,1,0,1,1,0,0,0,1,0,0,0,0,2,1,0,0,1,3,3,1,0,1,0,0,0,1,0,1,0,2,2,1,4,2,0,1,1,0,0,0,1,1,0,2,1,0,1,1,1,3,0,1,0,1,0,0,2,2,2,0,0,2,0,2,1,0,1,1,2,0,2,1,3,2,0,2,2,3,2,1,1,0,3,1,2,0,0,1,0,3,2,0,1,0,4,0,0,0,1,0,2,1,2,0,1,1,2,0,0,1,0,0,2,1,1,0,1,2,1,0,1,1,1,4,0,0,1,4,2,1,2,2,1,2,0,1,1,0,1,2,1,3,1,0,1,0,0,1,2,0,4,1,0,0,2,1,1,0,2,1,2,1,2,0,1,0,3,0,0,2,1,2,1,0,1,1,2,0,1,0,0,1,0,0,1,2,1,0,0,1,1,1,1,2,0,0,0,0,0,0,0,2,0,0,0,2,0,1,0,1,1,1,2,1,1,0,1,0,0,0,0,1,2,0,3,1,4,1,0,1,0,0,2,0,1,0,0,1,1,1,1,1,2,1,0,1,0,4,0,0,3,1,2,3,3,0,0,1,0,1,1,0,1,1,2,0,0,1,0,1,2,1,3,1,0,1,3,2,1,2,3,0,1,0,0,0,1,0,1,0,2,1,1,0,2,1,1,1,0,0,1,1,3,0,1,0,0,1,2,3,0,1,2,1,0,0,2,1,2,2,1,1,2,1,0,0,4,0,0,1,0,2,0,2,1,1,0,2,1,0,1,1,0,0,1,1,0,2,2,0,2,1,1,1,2,1,2,2,0,2,1,1,1,1,0,1,2,1,0,2,0,1,3,2,1,1,0,4,1,3,0,2,0,1,1,2,1,0,1,3,0,1,0,4,2,1,0,1,1,1,0,0,1,1,1,0,0,0,0,0,2,0,1,1,0,1,0,2,1,1,3,0,0,1,0,1,2,0,0,0,2,0,0,2,0,0,2,1,1,0,1,0,0,0,1,1,1,2,3,1,0,1,2,1,1,1,2,1,0,3,1,2,0,1,1,0,0,1,3,1,0,2,1,0,0,0,2,1,0,1,0,0,1,0,1,0,1,1,2,1,0,2,0,4,0,0,1,1,3,2,1,0,1,0,2,2,2,0,2,1,1,1,0,0,1,2,0,0,1,1,1,2,1,1,2,0,2,1,2,1,0,3,1,1,0,2,0,1,2,1,0,0,1,0,1,1,0,0,1,1,1,1,3,2,2,0,1,0,0,1,0,0,2,1,0,1,1,3,1,0,0,1,1,0,0,0,1,0,1,2,0,1,2,2,1,0,4,2,1,1,1,1,0,1,1,2,0,1,2,0,1,0,1,2,1,0,0,2,0,0,1,3,2,0,0,3,1,2,0,0,0,0,1,1,1,0,3,1,0,1,2,1,0,3,0,2,0,1,0,0,0,1,2,2,1,1,2,1,0,0,1,2,2,1,1,1,0,1,1,0,1,1,0,0,1,0,3,0,1,0,0,2,0,2,0,0,1,1,1,0,0,2,1,1,1,2,1,0,0,0,3,0,0,3,0,1,1,0,1,0,1,0,1,0,0,1,0,1,1,2,2,1,3,1,0,3,0,2,2,1,1,1,0,0,1,0,0,0,1,2,0,3,0,1,0,1,1,2,1,4,0,0,1,0,0,0,1,2,1,0,0,4,5,0,1,1,1,0,0,1,0,0,2,0,1,1,0,2,0,0,0,0,2,0,2,1,1,3,0,0,1,2,0,2,0,2,1,1,1,0,0,1,1,0,2,0,2,3,0,0,1,0,2,5,0,0,2,1,1,4,0,0,0,1,0,1,1,2,1,2,0,1,0,2,2,0,1,0,2,0,1,2,1,0,1,1,3,1,1,1,1,1,0,0,1,1,1,3,0,0,0,1,1,2,0,1,4,1,1,1,1,0,0,1,1,1,0,0,1,0,1,1,2,0,0,1,0,1,5,0,3,0,2,1,1,1,0,1,0,2,2,0,0,2,0,1,0,0,1,0,0,0,1,2,2,0,0,0,0,0,1,2,1,1,0,1,2,2,2,0,0,1,1,0,1,2,0,0,0,0,2,1,0,1,0,2,0,1,1,3,0,0,0,1,1,1,0,1,0,1,1,0,0,0,1,0,2,1,1,1,0,3,1,0,1,2,1,0,1,1,1,0,0,0,1,2,3,1,0,0,1,0,1,0,1,1,3,2,1,0,1,1,1,1,0,0,3,2,2,2,1,3,2,0,0,1,2,3,1,3,0,1,1,3,0,1,2,0,1,0,2,0,1,0,0,0,1,1,0,1,0,2,1,3,1,0,1,1,1,0,2,1,0,1,1,3,2,1,1,3,0,0,0,1,2,1,2,1,1,3,3,2,1,1,2,1,1,1,1,0,0,4,1,0,1,2,2,0,2,0,0,2,1,1,2,2,3,1,1,0,0,1,0,2,1,0,2,0,1,1,1,1,0,0,2,1,0,1,3,1,2,1,1,1,2,2,0,3,1,1,1,0,0,0,1,0,4,1,0,2,1,3,1,1,0,1]},{"counters":[0,0,0,3,0,1,3,0,0,1,1,0,3,2,1,3,0,1,1,1,0,1,0,0,1,1,1,2,1,1,4,1,4,3,0,2,1,1,0,0,1,0,2,1,1,4,0,1,2,3,1,0,1,0,1,0,3,1,2,0,1,0,1,1,1,2,1,1,3,1,1,1,1,1,0,2,1,0,2,1,4,2,2,2,0,1,0,0,2,0,1,0,2,0,0,0,0,1,2,1,1,1,2,1,0,0,0,2,1,2,1,2,1,1,2,1,0,2,1,0,2,1,0,1,2,1,1,0,0,1,0,1,1,1,1,0,0,1,0,1,0,1,1,0,3,0,0,1,0,1,1,1,0,2,3,1,0,1,0,1,2,0,1,0,1,1,1,1,0,4,0,1,1,0,1,0,0,3,1,2,1,2,1,1,0,0,3,0,0,1,1,1,1,2,0,2,0,3,0,0,1,3,0,0,2,0,0,1,2,1,1,2,0,0,1,2,2,1,1,1,2,0,2,1,0,3,0,1,0,1,1,2,1,2,0,3,2,1,1,1,0,0,1,1,2,0,0,0,0,3,2,2,2,0,1,0,1,1,0,0,1,0,0,1,1,0,2,2,1,0,0,0,0,0,0,1,1,2,1,1,0,0,1,2,1,1,3,1,0,1,3,2,0,2,3,4,1,0,2,3,2,1,1,0,1,1,1,0,2,1,2,0,0,1,1,1,0,1,1,0,0,2,1,2,3,2,0,2,1,1,2,0,0,1,1,0,2,2,1,2,0,2,1,0,0,0,1,1,0,0,1,0,2,3,0,1,1,3,1,2,0,0,1,1,4,0,0,0,3,1,0,0,0,2,2,0,1,2,0,3,4,1,2,1,1,1,2,1,1,2,0,0,3,2,1,1,0,1,1,3,1,0,2,0,0,1,1,2,1,1,0,3,1,0,0,1,2,1,0,1,0,0,1,3,0,0,1,2,0,2,3,1,2,1,0,0,3,0,0,1,2,2,2,0,1,0,1,1,0,4,1,1,0,1,0,1,2,1,1,0,1,1,1,2,2,0,2,4,1,2,0,0,2,2,1,1,2,0,1,0,0,2,0,0,1,1,0,0,1,1,0,1,0,0,2,0,2,3,0,1,1,3,2,1,0,1,0,1,4,0,1,1,0,0,0,0,0,2,3,1,1,1,0,1,0,1,1,1,1,2,0,2,1,1,0,0,1,3,1,0,1,2,1,0,0,0,1,0,2,0,1,2,0,2,0,0,2,1,0,1,1,2,1,2,1,3,2,0,1,0,0,0,1,0,0,1,3,1,3,0,1,0,0,0,2,1,2,1,1,1,2,0,1,2,0,1,1,0,1,0,1,1,3,1,1,2,2,1,0,0,1,2,2,2,0,1,0,1,2,0,0,0,3,1,0,2,2,2,2,1,0,0,2,0,1,0,1,0,2,0,0,0,1,1,0,0,3,0,1,0,0,1,2,0,0,0,1,1,0,2,0,3,0,2,1,1,0,0,2,0,1,0,1,0,2,2,1,2,1,0,1,1,3,2,0,1,1,4,1,2,3,0,2,0,1,2,0,2,0,1,0,0,0,1,1,1,0,1,0,1,1,0,3,1,0,3,0,1,1,0,1,2,2,2,1,1,0,0,1,1,1,0,4,3,1,1,0,0,2,0,1,1,0,0,1,1,2,1,2,1,0,2,0,1,2,0,0,1,2,0,0,0,3,1,1,1,0,0,1,1,2,1,1,2,2,4,0,1,1,1,0,0,1,0,1,0,0,1,0,2,0,2,1,0,0,2,0,1,1,2,1,1,0,1,1,0,1,2,2,0,2,2,1,1,1,0,2,2,0,2,2,3,1,0,0,1,2,2,2,3,1,0,1,1,0,0,3,0,0,0,2,0,0,2,2,2,0,0,2,0,0,0,1,2,1,2,0,3,1,0,1,1,2,1,1,1,0,1,0,2,0,0,2,2,1,2,0,2,1,1,0,0,1,1,0,1,3,0,0,0,1,2,1,1,1,1,1,3,0,1,1,2,1,0,1,1,1,0,2,0,0,2,0,0,1,0,0,0,2,1,0,0,2,1,1,2,3,1,1,1,1,2,2,1,1,0,1,1,0,1,1,0,4,0,0,3,0,0,1,2,2,0,1,2,4,0,1,1,1,1,0,0,0,0,1,0,0,0,0,0,1,1,0,2,2,0,0,1,0,1,1,2,1,1,2,1,1,0,1,2,2,0,0,3,0,1,1,3,0,1,0,0,1,1,0,3,0,1,0,1,1,1,0,1,1,1,1,4,1,0,1,1,0,1,0,1,0,1,1,1,1,2,1,2,0,2,0,0,1,2,2,0,0,1,0,1,1,0,0,0,1,0,4,2,1,0,1,2,1,1,0,0,2,0,2,0,2,1,0,2,0,3,1,0,2,1,1,0,3,2,0,0,0,1,1,1,0,0,0,0,0,1,0,0,1,3,2,0,1,0,1,0,2,0,3,1,1,0,3,0,0,0,0,1,0,0,0,2,0,1,0,0,1,2,0,3,0,1,0,1,0,0,2,2,1,0,1,2,3,1,1,1,2,1,1,2,1,0,0,1,1,2,2,3,0,0,0,1,0,2,0,1,0,0,1,1,0,3,1,0,0,1,0,1,2,0,0,0,0,2,1,2,1,0,2,0,0,2,1,1,2,0,1,0,1,1,0,0,2,1,1,1,0,2,3,0,2,2,0,2,2,0,0,2,2,2,2,2,0,2,2,0,2,3,1,0,2,0,0,1,0,1,1,0,2,1,1,1,3,0,2,1,1,1,1,3,2,1,1,1,2,0,3,1,1,2,0,0,1,0,0,0,1,1,1,0,1,1,0,0,1,3,2,0,2,2,0,1,1,0,4,1,1,0,1,1,1,1,1,1,2,0,0,0,0,1,0,2,0,0,2,1,2,0,1,0,1,2,1,0,2,1,2,0,1,1,1,2,1,4,0,1,4,0,4,1,1,0,2,4,1,0,1,3,0,2,0,1,1,3,0,1,0,1,4,2,2,0,1,2,2,0,0,0,2,0,1,1,0,1,1,0,1,2,2,0,0,0,0,1,0,1,0,4,0,2,0,1,0,1,0,0,3,1,2,0,2,1,1,0,1,1,3,1,0,2,1,1,2,1,1,0,0,1,0,0,0,0,1,0,1,1,0,0,0,1,2,2,1,0,1,2,0,0,2,2,0,1,1,2,1,2,0,1,0,1,0,0,1,1,0,1,0,0,2,2,0,1,4,1,1,2,1,1,0,2,1,3,0,0,0,0,0,0,2,1,0,0,0,1,0,2,2,1,1,0,0,0,0,3,1,1,1,1,0,1,1,0,0,1,1,1,0,2,1,1,1,2,1,1,0,0,1,4,0,1,0,1,1,4,0,1,0,1,1,0,1,2,1,0,3,1,0,1,0,0,0,1,0,3,3,0,2,0,1,2,2,0,3,0,1,3,0,1,2,1,1,1,2,2,1,0,0,2,2,0,1,2,0,1,0,2,2,0,2,0,2,0,1,0,1,3,1,0,1,1,1,1,0,0,0,0,1,0,0,1,0,2,1,0,0,0,0,2,0,1,1,1,2,2,0,0,2,1,0,0,1,0,3,3,1,0,2,1,1,2,0,0,0,1,2,2,2,0,0,1,1,1,0,0,0,2,0,2,0,1,1,0,2,3,1,0,0,0,1,0,0,1,1,0,1,1,1,0,3,4,2,0,1,1,2,1,0,0,2,1,1,1,3,2,1,1,1,1,2,0,0,0,1,0,3,0,0,2,1,0,0,3,1,2,0,0,1,3,1,4,0,2,1,1,1,0,2,0,1,0,1,1,0,0,0,1,0,2,0,1,1,2,1,0,0,0,0,2,2,2,0,1,2,3,0,1,1,1,2,0,0,3,1,2,0,1,1,0,0,0,0,1,0,1,1,2,1,1,0,2,1,2,0,1,1,1,1,0,0,0,4,0,1,0,1,0,2,0,1,1,0,0,1,0,2,1,1,5,0,1,1,1,1,1,2,0,2,1,2,1,1,2,0,2,5,2,0,2,0,0,1,0,0,0,1,0,1,0,0,0,0,1,0,3,1,1,0,0,0,1,0,0,1,0,0,0,1,2,2,0,0,1,0,0,1,0,1,0,1,1,0,2,2,1,0,2,2,0,0,1,0,1,1,1,1,1,1,3,1,2,1,2,1,3,1,0,3,0,0,0,0,1,1,1,0,1,3,1,0,0,1,0,0,2,0,1,3,2,1,1,0,0,2,1,0,1,1,1,0,0,0,3,1,0,1,1,1,2,3,2,0,1,0,0,0,0,1,2,1,2,1,0,2,1,1,2,0,0,2,0,2,2,2,1,2,1,2,1,0,1,2,1,1,1,1,2,1,1,0,2,1,2,1,1,2,0,2,2,2,3,2,1,1,3,1,0,3,2,1,2,1,0,1,0,1,1,0,0,1,1,0,0,5,0,3,0,0,0,0,3,1,1,0,0,0,2,1,0,0,2,0,1,1,0,1,0,1,1,2,1,0,0,0,0,2,0,2,1,1,1,1,1,2,2,1,1,0,1,1,1,0,0,1,1,0,3,2,1,1,0,0,0]},{"counters":[3,2,1,1,2,1,0,1,2,1,0,0,0,1,1,3,2,0,2,1,2,0,1,1,1,1,1,0,0,1,0,3,1,0,1,0,1,2,1,0,1,1,1,1,4,2,1,1,0,0,2,2,0,1,0,0,0,1,1,2,0,2,1,0,2,0,1,1,2,1,0,0,1,0,0,3,3,1,1,3,1,2,1,1,5,2,1,1,2,2,1,1,1,0,1,0,0,0,1,0,0,1,1,1,3,1,2,1,0,0,1,3,2,0,0,0,1,1,2,1,0,1,0,1,0,0,2,1,3,3,1,1,3,1,2,3,1,0,0,6,1,0,1,1,0,2,1,0,1,1,0,2,1,0,2,1,1,1,1,2,0,0,3,0,2,0,1,2,3,3,1,1,0,2,1,1,0,2,0,0,2,0,0,0,1,2,1,2,1,1,0,2,1,0,1,0,3,2,0,0,2,1,3,1,1,1,1,0,1,0,0,1,0,1,0,1,0,2,1,0,0,0,1,1,2,2,2,0,0,0,1,3,1,0,0,1,1,1,0,0,1,0,2,1,1,1,1,1,0,0,0,1,0,3,1,2,0,1,1,1,2,2,1,0,2,1,1,0,1,1,0,0,0,0,6,4,1,0,0,1,1,1,0,0,1,1,2,2,3,0,0,4,0,4,1,2,0,2,0,0,0,1,1,2,1,2,2,0,0,1,1,1,1,1,0,0,0,1,1,1,0,3,1,1,4,0,1,0,1,1,1,0,5,1,0,0,0,0,1,1,1,0,2,3,1,1,2,0,2,1,0,1,2,0,3,1,0,1,2,1,2,1,0,1,2,1,2,0,1,1,1,0,0,0,1,0,1,1,1,0,0,0,0,1,1,0,0,0,0,0,0,3,2,1,0,0,2,1,1,1,2,0,0,2,1,3,0,0,2,0,1,1,0,1,0,0,4,0,1,1,1,1,0,1,1,1,2,1,1,3,0,2,3,1,1,1,0,3,0,1,2,0,0,1,0,1,1,2,0,1,1,2,1,0,2,2,1,0,1,1,1,1,0,1,3,0,0,0,1,0,1,0,0,0,0,2,1,1,1,0,2,0,0,1,0,1,0,0,0,0,2,1,1,0,1,0,1,1,0,0,1,1,1,0,1,1,1,0,1,0,2,0,1,3,1,2,1,0,2,1,2,2,0,0,3,0,1,1,1,2,1,0,0,1,2,0,1,1,0,1,0,1,1,3,0,2,2,3,1,0,0,1,1,1,3,1,0,0,2,2,2,1,1,0,2,0,1,1,1,2,0,3,0,0,0,3,2,1,0,0,1,2,0,1,0,1,2,0,0,0,1,0,2,0,0,1,2,0,0,0,1,1,2,0,0,0,2,0,1,1,1,1,1,2,2,1,2,0,2,0,3,0,1,1,4,1,3,1,1,0,0,1,1,0,0,2,2,0,1,1,0,0,1,0,0,1,1,2,0,3,3,1,0,1,1,1,1,0,1,0,0,0,2,0,3,1,1,2,1,1,2,0,0,1,1,0,0,2,1,2,1,0,1,2,1,1,0,2,2,0,2,0,0,0,3,0,3,0,2,1,1,1,1,0,1,0,2,1,2,0,2,3,2,3,1,1,1,2,0,1,2,0,1,0,0,2,0,0,1,1,2,1,1,2,0,1,0,0,0,1,1,1,2,1,1,1,0,0,1,1,1,1,2,1,0,0,2,0,1,1,0,0,1,1,1,0,0,1,2,1,1,1,0,1,3,1,0,1,2,0,2,0,1,1,0,1,2,1,2,0,2,0,0,3,2,0,2,1,2,1,3,1,3,1,1,0,1,1,1,0,2,1,1,1,1,1,0,1,0,0,1,1,1,2,0,0,1,2,1,2,1,0,1,1,2,0,1,1,0,1,3,0,0,2,2,0,0,4,0,0,1,0,1,0,0,1,0,1,2,1,4,0,1,2,0,1,1,0,0,0,0,2,3,0,1,0,2,0,2,0,1,1,1,3,1,2,0,1,1,1,0,0,2,1,1,3,0,1,1,1,1,1,1,1,1,0,1,1,1,1,1,0,2,0,0,1,0,1,1,2,2,2,1,0,1,2,0,1,1,1,0,2,0,1,0,2,4,0,1,3,0,0,1,1,0,3,1,0,2,1,3,2,3,1,0,4,1,0,1,1,1,0,0,1,1,0,1,0,2,2,2,0,3,0,0,1,0,1,1,1,1,0,1,1,0,1,0,1,0,0,1,3,1,1,1,1,0,1,1,1,1,1,2,2,1,0,0,1,0,1,4,0,1,0,0,3,0,1,0,2,1,2,0,1,1,0,2,1,0,3,1,1,0,1,0,2,1,1,2,2,1,0,1,1,0,2,1,2,0,0,0,2,2,1,0,1,0,0,2,1,1,2,6,0,0,1,0,4,3,3,3,1,0,1,1,0,2,1,0,3,0,3,0,2,0,4,0,0,0,0,0,0,3,1,1,2,0,1,0,0,1,3,0,2,0,2,4,2,1,1,1,1,2,0,2,0,1,1,0,1,0,1,0,2,2,1,2,1,0,2,1,1,0,2,0,1,1,0,2,3,1,1,1,0,0,4,1,1,1,1,1,1,1,1,1,2,2,1,1,3,2,1,2,0,2,0,0,1,1,1,0,1,1,1,0,1,0,0,1,1,1,2,1,1,0,2,1,1,0,1,3,3,0,0,0,1,3,1,0,0,0,0,1,0,1,3,2,0,0,0,0,0,2,2,1,0,1,1,2,1,0,3,1,1,1,5,0,2,0,0,1,0,0,1,0,0,1,0,1,2,1,2,0,1,1,0,2,1,0,0,2,1,0,1,2,0,5,0,1,0,2,1,1,0,1,1,0,1,1,2,0,1,0,1,1,0,1,0,2,0,0,0,1,1,1,0,1,0,0,1,1,2,0,2,0,1,0,1,4,0,3,1,2,1,1,2,1,0,1,2,2,3,0,1,1,3,0,1,0,1,0,0,0,1,0,0,1,2,0,0,1,0,2,4,0,0,0,1,1,2,2,1,1,2,0,1,0,0,3,0,1,1,2,0,1,2,1,1,0,3,1,3,1,1,1,0,2,1,0,0,1,0,0,0,1,0,1,0,0,1,0,1,2,1,2,1,1,1,0,1,0,0,2,0,3,1,1,1,2,1,0,1,1,2,0,1,2,0,0,1,2,0,2,3,1,2,2,1,1,4,3,2,0,1,2,0,4,0,2,0,2,1,3,0,0,0,0,0,1,0,1,0,1,0,0,0,0,1,0,0,1,0,1,1,0,0,0,0,0,0,0,1,2,0,1,0,0,0,1,0,0,0,1,0,0,2,1,0,1,1,2,0,2,0,1,2,2,1,2,1,1,1,0,0,1,3,1,0,1,2,1,1,0,0,0,0,0,1,0,0,1,0,2,2,2,2,1,1,0,1,1,0,0,0,0,0,0,0,1,1,0,3,2,0,0,1,2,0,2,0,0,1,0,2,1,0,2,1,2,2,1,1,0,2,1,2,2,0,3,1,1,2,1,3,1,3,1,3,1,1,2,1,0,0,0,2,1,0,0,0,0,0,1,0,1,0,1,1,0,0,0,2,1,1,3,0,0,1,1,1,3,1,0,1,1,1,2,0,1,1,0,0,2,1,0,1,1,1,1,3,1,0,1,0,1,2,0,1,1,1,0,1,1,0,2,1,0,2,0,0,1,1,2,2,0,0,0,0,1,1,1,1,1,1,0,1,1,1,2,0,0,1,1,1,0,3,1,1,0,1,2,1,3,1,2,0,0,1,2,0,1,0,0,1,0,2,0,2,2,4,1,1,4,0,0,1,1,1,6,1,0,0,0,1,1,0,0,2,2,2,1,0,3,1,0,0,1,1,0,1,0,1,2,1,1,2,1,0,0,0,1,0,0,0,0,1,0,1,0,5,3,1,3,0,0,1,0,0,0,1,1,3,0,1,1,1,0,2,2,0,1,0,0,0,1,3,0,2,1,0,2,1,0,0,1,0,1,2,1,2,1,1,1,0,0,0,2,1,1,0,2,1,0,2,0,1,1,1,2,1,0,0,1,0,0,2,2,3,1,1,1,1,0,1,2,1,1,1,2,2,0,1,0,1,0,1,1,0,0,2,0,1,1,2,1,0,2,1,1,1,1,3,2,1,0,2,1,0,0,3,0,0,4,1,0,3,2,2,1,1,2,1,0,0,1,0,0,0,1,1,0,1,1,1,1,0,3,1,2,0,1,1,1,2,1,1,1,1,2,0,1,0,2,0,4,2,3,3,0,1,0,0,1,0,2,2,0,1,1,1,0,3,3,1,1,0,1,2,0,1,2,0,2,0,2,0,2,1,1,2,0,1,2,0,1,0,1,1,0,0,0,0,0,0,1,1,0,2,4,0,1,2,0,1,3,0,1,1,0,4,0,2,1,2,2,3,1,1,1,0,2,0,1,0,3,4,1,3,0,0,0,2,0,0,1,1,2,0,1,0,0,0,1,2,0,1,1,1,0,0,1,2,0,0,1,1,0,4,0,0,0,1,0,2,1,1,1,0,1,2,1,1,0,2,1,1,3,0,1,0,1,2,1,1,0,0,3,0,0,0,0,1,0,1,0,1,0,1]}]},"null_count":0,"last_update_version":397952058323107840},"id":{"histogram":{"ndv":2000,"buckets":[{"count":8,"lower_bound":"LTIxNDUxOTQ2NTU=","upper_bound":"LTIxMjc4OTE4NDQ=","repeats":1},{"count":16,"lower_bound":"LTIxMjU5NzY2Mjg=","upper_bound":"LTIxMjIyNDE2MTk=","repeats":1},{"count":24,"lower_bound":"LTIxMTk0OTU3ODQ=","upper_bound":"LTIxMDIxNjQ3Mzk=","repeats":1},{"count":32,"lower_bound":"LTIwOTI0NjMxNDU=","upper_bound":"LTIwODc3OTM3MTA=","repeats":1},{"count":40,"lower_bound":"LTIwODY1NDE3MjA=","upper_bound":"LTIwNzMxNzE0MTQ=","repeats":1},{"count":48,"lower_bound":"LTIwNzEzNTM4MTQ=","upper_bound":"LTIwNjc3MzcwNDQ=","repeats":1},{"count":56,"lower_bound":"LTIwNTU2MjY3NjI=","upper_bound":"LTIwMjU0NTkwNTA=","repeats":1},{"count":64,"lower_bound":"LTIwMTQ3OTAwMDY=","upper_bound":"LTIwMDg5MzkxMjQ=","repeats":1},{"count":72,"lower_bound":"LTIwMDQ4NjQ2MjY=","upper_bound":"LTE5OTg3OTI3MDg=","repeats":1},{"count":80,"lower_bound":"LTE5OTA1MTA3MTQ=","upper_bound":"LTE5NjY2Njg1NDM=","repeats":1},{"count":88,"lower_bound":"LTE5NjYxOTc3NDI=","upper_bound":"LTE5NTI0NDYwMDM=","repeats":1},{"count":96,"lower_bound":"LTE5MzE2NjQ4MTA=","upper_bound":"LTE5MjY3NTczNjk=","repeats":1},{"count":104,"lower_bound":"LTE5MjExNjMxNDg=","upper_bound":"LTE5MDQxMDAyMzA=","repeats":1},{"count":112,"lower_bound":"LTE5MDMwMDYxMTg=","upper_bound":"LTE5MDAwNTI0MDE=","repeats":1},{"count":120,"lower_bound":"LTE4OTExOTIxODM=","upper_bound":"LTE4NzY0NTExNjY=","repeats":1},{"count":128,"lower_bound":"LTE4NzYyNTM4MDc=","upper_bound":"LTE4NjI3MzE3NzU=","repeats":1},{"count":136,"lower_bound":"LTE4NjAzMzE0MDE=","upper_bound":"LTE4NTMyNzAxOTg=","repeats":1},{"count":144,"lower_bound":"LTE4NDk0NDM4NDI=","upper_bound":"LTE4MjI3NDE2ODA=","repeats":1},{"count":152,"lower_bound":"LTE4MTk5OTIzOTA=","upper_bound":"LTE4MDU5NTg3MjE=","repeats":1},{"count":160,"lower_bound":"LTE4MDA5MDc1NTc=","upper_bound":"LTE3NzIyMzY2MjM=","repeats":1},{"count":168,"lower_bound":"LTE3Njg4ODc5OTY=","upper_bound":"LTE3NjQ5NjIyMzI=","repeats":1},{"count":176,"lower_bound":"LTE3NTcwMTAxMDM=","upper_bound":"LTE3NDMzMjA2MzE=","repeats":1},{"count":184,"lower_bound":"LTE3NDI2MjI4NjQ=","upper_bound":"LTE3MzI0MTY0NzQ=","repeats":1},{"count":192,"lower_bound":"LTE3MjU1NzkyMDE=","upper_bound":"LTE3MjA5MjE3ODk=","repeats":1},{"count":200,"lower_bound":"LTE3MTk5MzMxMjM=","upper_bound":"LTE2OTUwOTc0NjQ=","repeats":1},{"count":208,"lower_bound":"LTE2NzkyMjI3NTE=","upper_bound":"LTE2NjkzMTY4NzI=","repeats":1},{"count":216,"lower_bound":"LTE2Njg5Njk3NTU=","upper_bound":"LTE2NTk2Mzk5ODQ=","repeats":1},{"count":224,"lower_bound":"LTE2NTk2MTQyNzU=","upper_bound":"LTE2NTgwMzAzNTU=","repeats":1},{"count":232,"lower_bound":"LTE2NTMxOTAwMTI=","upper_bound":"LTE2NDUwNjExNzA=","repeats":1},{"count":240,"lower_bound":"LTE2Mzc0OTMyMDc=","upper_bound":"LTE2MjkwMjIyNTE=","repeats":1},{"count":248,"lower_bound":"LTE2MjcyNzk3NTY=","upper_bound":"LTE2MjQyODc4NzE=","repeats":1},{"count":256,"lower_bound":"LTE2MjI3ODMxOTU=","upper_bound":"LTE2MTI4NDM3MDI=","repeats":1},{"count":264,"lower_bound":"LTE2MDU5MjkzNzM=","upper_bound":"LTE1OTY0OTY3NjU=","repeats":1},{"count":272,"lower_bound":"LTE1ODEyMjMxMzI=","upper_bound":"LTE1NzcwODYxMzg=","repeats":1},{"count":280,"lower_bound":"LTE1NTkwODM4ODg=","upper_bound":"LTE1NTQyNjA3Mzk=","repeats":1},{"count":288,"lower_bound":"LTE1NTM5MDI3MDc=","upper_bound":"LTE1MzMyMTE1MTE=","repeats":1},{"count":296,"lower_bound":"LTE1Mjg1NjUwODU=","upper_bound":"LTE1MjA0MzQyNjc=","repeats":1},{"count":304,"lower_bound":"LTE1MTg4OTA2MTI=","upper_bound":"LTE0OTIwMjk2Nzc=","repeats":1},{"count":312,"lower_bound":"LTE0OTEzODkwODE=","upper_bound":"LTE0Njk5NjIzNjU=","repeats":1},{"count":320,"lower_bound":"LTE0NjI3MjEyNDk=","upper_bound":"LTE0NDMxMTY4MjM=","repeats":1},{"count":328,"lower_bound":"LTE0NDI0NzQ3NDM=","upper_bound":"LTE0MzA5MTE1MDI=","repeats":1},{"count":336,"lower_bound":"LTE0MjMwNTE0ODc=","upper_bound":"LTE0MTIxMjY5MTQ=","repeats":1},{"count":344,"lower_bound":"LTE0MTEzNjYyMTQ=","upper_bound":"LTEzOTUzNDA2MzY=","repeats":1},{"count":352,"lower_bound":"LTEzOTQ5MjQ0NDc=","upper_bound":"LTEzOTExMTA3ODA=","repeats":1},{"count":360,"lower_bound":"LTEzNzI4MjI1MDc=","upper_bound":"LTEzNjQxNTgxNDk=","repeats":1},{"count":368,"lower_bound":"LTEzNjEwMTUzODQ=","upper_bound":"LTEzNTU2MjQ0NjY=","repeats":1},{"count":376,"lower_bound":"LTEzNTE1Njk4MzI=","upper_bound":"LTEzNDUzNzkzOTM=","repeats":1},{"count":384,"lower_bound":"LTEzNDA1OTM4MzA=","upper_bound":"LTEzMzEzNzIzNTk=","repeats":1},{"count":392,"lower_bound":"LTEzMzA3OTMwNTg=","upper_bound":"LTEzMTQ5MTQ3OTY=","repeats":1},{"count":400,"lower_bound":"LTEzMTM5OTYzMzc=","upper_bound":"LTEyOTU4NzU3NDM=","repeats":1},{"count":408,"lower_bound":"LTEyOTI3MTAxMzI=","upper_bound":"LTEyNzY0Njg2MDM=","repeats":1},{"count":416,"lower_bound":"LTEyNzM5MjY0NTc=","upper_bound":"LTEyNjM1NTU3NjY=","repeats":1},{"count":424,"lower_bound":"LTEyNjA4ODg2ODU=","upper_bound":"LTEyNTEyMDIwMDA=","repeats":1},{"count":432,"lower_bound":"LTEyNTA4MDA1NDI=","upper_bound":"LTEyNDY3MDU3Nzk=","repeats":1},{"count":440,"lower_bound":"LTEyNDE0NjcxNDg=","upper_bound":"LTEyMjc4MDkyODQ=","repeats":1},{"count":448,"lower_bound":"LTEyMjcwNDkxMzg=","upper_bound":"LTEyMDEzMDg5NTU=","repeats":1},{"count":456,"lower_bound":"LTEyMDA5NzQzOTQ=","upper_bound":"LTExOTEyODc2NTE=","repeats":1},{"count":464,"lower_bound":"LTExOTAxMTkwOTA=","upper_bound":"LTExODI5NzY2Njg=","repeats":1},{"count":472,"lower_bound":"LTExNzg1MDA5OTU=","upper_bound":"LTExNTgyMTY4OTI=","repeats":1},{"count":480,"lower_bound":"LTExNTY4Nzg5MzI=","upper_bound":"LTExNTE0NzMxODY=","repeats":1},{"count":488,"lower_bound":"LTExNDE1NjYzNDE=","upper_bound":"LTExMzUzMTE1Nzk=","repeats":1},{"count":496,"lower_bound":"LTExMjk2MTMyMDk=","upper_bound":"LTExMjY5NDE2NzE=","repeats":1},{"count":504,"lower_bound":"LTExMTkwNDY5OTc=","upper_bound":"LTExMTQ4NTQ4NzM=","repeats":1},{"count":512,"lower_bound":"LTExMDg2MTM4MTg=","upper_bound":"LTExMDI1ODc2ODY=","repeats":1},{"count":520,"lower_bound":"LTExMDE3NDUxOTk=","upper_bound":"LTEwODQ2MDAyMTY=","repeats":1},{"count":528,"lower_bound":"LTEwODM4OTM4NTk=","upper_bound":"LTEwNzIxMTA2NTU=","repeats":1},{"count":536,"lower_bound":"LTEwNjYzOTE4NTc=","upper_bound":"LTEwNTMwNTY5MjM=","repeats":1},{"count":544,"lower_bound":"LTEwNDQwNDUxMjk=","upper_bound":"LTEwMzY5MjIzNjU=","repeats":1},{"count":552,"lower_bound":"LTEwMzY0MDMzNDk=","upper_bound":"LTEwMTA4MTgyMzQ=","repeats":1},{"count":560,"lower_bound":"LTEwMDg4ODI4ODQ=","upper_bound":"LTk5MDAzNjY0Mg==","repeats":1},{"count":568,"lower_bound":"LTk4ODQ0NTY4NA==","upper_bound":"LTk3MzkxNzE1Mg==","repeats":1},{"count":576,"lower_bound":"LTk3Mzg5ODcxNw==","upper_bound":"LTk1Nzc1NzA1MA==","repeats":1},{"count":584,"lower_bound":"LTk1NTU3OTc5MA==","upper_bound":"LTk0ODU5MDU3Ng==","repeats":1},{"count":592,"lower_bound":"LTkzODY1NDMxOQ==","upper_bound":"LTkzMDg5NDIyOQ==","repeats":1},{"count":600,"lower_bound":"LTkyNjcxMzM4Nw==","upper_bound":"LTg5MzEyODg2NQ==","repeats":1},{"count":608,"lower_bound":"LTg4NzkxNjgyMA==","upper_bound":"LTg4MzQxODc3Mg==","repeats":1},{"count":616,"lower_bound":"LTg4MjY0OTYwMQ==","upper_bound":"LTg3NDk5NTcwNw==","repeats":1},{"count":624,"lower_bound":"LTg3NDY0ODkyMQ==","upper_bound":"LTg2MjM4MjUyOQ==","repeats":1},{"count":632,"lower_bound":"LTg2MTAzNTY1OA==","upper_bound":"LTg1ODc0NjQxOA==","repeats":1},{"count":640,"lower_bound":"LTg1Njc2NjEwOA==","upper_bound":"LTg0ODU5NzI2OA==","repeats":1},{"count":648,"lower_bound":"LTg0ODQzMjk5Mg==","upper_bound":"LTg0MzQzMDE2NA==","repeats":1},{"count":656,"lower_bound":"LTg0MDIzNzIwOQ==","upper_bound":"LTgyNzA3MjgyNw==","repeats":1},{"count":664,"lower_bound":"LTgyMTk3NzY3MA==","upper_bound":"LTgwODE5MjcxNg==","repeats":1},{"count":672,"lower_bound":"LTc5ODE2NDEzMg==","upper_bound":"LTc4NTU5ODU4Nw==","repeats":1},{"count":680,"lower_bound":"LTc3MjE3NjUyMQ==","upper_bound":"LTc0Nzk4NDUzNA==","repeats":1},{"count":688,"lower_bound":"LTc0Nzc3MTMyNg==","upper_bound":"LTczNjQzMjk3MQ==","repeats":1},{"count":696,"lower_bound":"LTczNTM2MTU0Mw==","upper_bound":"LTcyNDc0OTEzNA==","repeats":1},{"count":704,"lower_bound":"LTcyMTgzNTQ4Mw==","upper_bound":"LTY4MTk4MDU0NQ==","repeats":1},{"count":712,"lower_bound":"LTY3NDU1ODA1OQ==","upper_bound":"LTY0NzExMTk2MQ==","repeats":1},{"count":720,"lower_bound":"LTY0MjMzMTMyMQ==","upper_bound":"LTYyMjE1MDg2Mw==","repeats":1},{"count":728,"lower_bound":"LTYwNzE1ODk2Nw==","upper_bound":"LTU4NTcwNDc2MA==","repeats":1},{"count":736,"lower_bound":"LTU4MTExODE2MA==","upper_bound":"LTU2MDQ5ODI3OQ==","repeats":1},{"count":744,"lower_bound":"LTU1NzIwMDk3NQ==","upper_bound":"LTU1MTk0MDE5NA==","repeats":1},{"count":752,"lower_bound":"LTU0OTM2MjYxMQ==","upper_bound":"LTUzOTIwMDY5Mg==","repeats":1},{"count":760,"lower_bound":"LTUzNjU0MTUxMA==","upper_bound":"LTUxMTY4MTM0MQ==","repeats":1},{"count":768,"lower_bound":"LTUwOTExNTgyOA==","upper_bound":"LTUwMDc2NTc1MA==","repeats":1},{"count":776,"lower_bound":"LTQ5OTQ3NDA1MA==","upper_bound":"LTQ5MDI2NzQzNQ==","repeats":1},{"count":784,"lower_bound":"LTQ4NjM2MjQ1Nw==","upper_bound":"LTQ2NzIwNDcxNA==","repeats":1},{"count":792,"lower_bound":"LTQ2NjI0NDQyNQ==","upper_bound":"LTQ1NzMyMTE2OQ==","repeats":1},{"count":800,"lower_bound":"LTQ1MjIzODk0Nw==","upper_bound":"LTQ0ODg0MDczMA==","repeats":1},{"count":808,"lower_bound":"LTQ0ODIzNzAxNQ==","upper_bound":"LTQzMjU4MjQ0NA==","repeats":1},{"count":816,"lower_bound":"LTQyOTg3MDE1Ng==","upper_bound":"LTQwOTM0MDcwMg==","repeats":1},{"count":824,"lower_bound":"LTQwNTU1NDYxOQ==","upper_bound":"LTQwMDY3OTgwNQ==","repeats":1},{"count":832,"lower_bound":"LTM5OTU2MjE3MA==","upper_bound":"LTM4OTE4NjQ2Mw==","repeats":1},{"count":840,"lower_bound":"LTM4MzQwMTM0NA==","upper_bound":"LTM3MjQ0NTY4Mg==","repeats":1},{"count":848,"lower_bound":"LTM3MTg1MDQyMQ==","upper_bound":"LTM2MjU2NTQyOQ==","repeats":1},{"count":856,"lower_bound":"LTM2MDgzMTIxNA==","upper_bound":"LTM1MDg4ODA1NA==","repeats":1},{"count":864,"lower_bound":"LTM0NjY2MDIxMQ==","upper_bound":"LTMzOTk3MTUwOA==","repeats":1},{"count":872,"lower_bound":"LTMzNjEzNTU0Mg==","upper_bound":"LTMyNTgzODc0Nw==","repeats":1},{"count":880,"lower_bound":"LTMyNDAzOTcwNw==","upper_bound":"LTMxMDE1MDA3MQ==","repeats":1},{"count":888,"lower_bound":"LTMwNjA2NjQ5NA==","upper_bound":"LTI5MTIwMjE3NA==","repeats":1},{"count":896,"lower_bound":"LTI3NTk3MTQ3Nw==","upper_bound":"LTI2Mzc0OTAxOA==","repeats":1},{"count":904,"lower_bound":"LTI1Njg4NjAwNg==","upper_bound":"LTI0NDUyNzUzOQ==","repeats":1},{"count":912,"lower_bound":"LTIzODQyODkxMg==","upper_bound":"LTIzMTUzMTM1OQ==","repeats":1},{"count":920,"lower_bound":"LTIyNzk2NzgzOQ==","upper_bound":"LTIxODQ5ODk3OA==","repeats":1},{"count":928,"lower_bound":"LTIxNzYzNTk2OQ==","upper_bound":"LTE5OTY5OTU3NQ==","repeats":1},{"count":936,"lower_bound":"LTE5NjAwMjI4MA==","upper_bound":"LTE4ODUwNDg1NQ==","repeats":1},{"count":944,"lower_bound":"LTE4MzQ2MzI3NQ==","upper_bound":"LTE2MzY4Mjc0OA==","repeats":1},{"count":952,"lower_bound":"LTE1OTk5NjQwMQ==","upper_bound":"LTE0OTI1Nzc3NQ==","repeats":1},{"count":960,"lower_bound":"LTE0MDE5NzE1MQ==","upper_bound":"LTEzNzA3NTY1Ng==","repeats":1},{"count":968,"lower_bound":"LTEzNjk4NzUwMw==","upper_bound":"LTEyMzcwNjYwNA==","repeats":1},{"count":976,"lower_bound":"LTEyMDM4MTc2NQ==","upper_bound":"LTk3MzQ1MzI4","repeats":1},{"count":984,"lower_bound":"LTkzOTI1MTM0","upper_bound":"LTg5NTExMTY0","repeats":1},{"count":992,"lower_bound":"LTg5MDU4MzIw","upper_bound":"LTc5NDYyMDE3","repeats":1},{"count":1000,"lower_bound":"LTc4ODQzMDM2","upper_bound":"LTY5NjE5ODg2","repeats":1},{"count":1008,"lower_bound":"LTU5NTc2OTQ4","upper_bound":"LTQ2NDM4MTM2","repeats":1},{"count":1016,"lower_bound":"LTI3MTIyMjI0","upper_bound":"LTExNzcwNzQ4","repeats":1},{"count":1024,"lower_bound":"LTg5MDI0MTQ=","upper_bound":"MTc1MzAyNQ==","repeats":1},{"count":1032,"lower_bound":"NDMzOTYxNQ==","upper_bound":"MjAwMjg0NDM=","repeats":1},{"count":1040,"lower_bound":"MjQ3NDIwMDI=","upper_bound":"MzM0NzQ5MDE=","repeats":1},{"count":1048,"lower_bound":"NDAzMjg4MTI=","upper_bound":"NzY4MTkzNzc=","repeats":1},{"count":1056,"lower_bound":"Nzc2ODI0MTQ=","upper_bound":"OTYzMjQ4NDg=","repeats":1},{"count":1064,"lower_bound":"OTg1NzgxNzg=","upper_bound":"MTAyOTkxMTUz","repeats":1},{"count":1072,"lower_bound":"MTEyODYzNjA0","upper_bound":"MTMwNjA2NjMz","repeats":1},{"count":1080,"lower_bound":"MTMxNTcwNDIz","upper_bound":"MTUxODYyMDMy","repeats":1},{"count":1088,"lower_bound":"MTYyODMwMjYx","upper_bound":"MTY2MTkwOTE4","repeats":1},{"count":1096,"lower_bound":"MTY4MDg3NjYz","upper_bound":"MTc0Mzg2NzE3","repeats":1},{"count":1104,"lower_bound":"MTc5MTQzOTAx","upper_bound":"MTg5MjUwMTM3","repeats":1},{"count":1112,"lower_bound":"MTk1NjUyODEz","upper_bound":"MjExODcwNjgx","repeats":1},{"count":1120,"lower_bound":"MjE1NzY1MDIy","upper_bound":"MjMwMjkwMjA1","repeats":1},{"count":1128,"lower_bound":"MjMwNDg0MTA0","upper_bound":"MjQ1NjMyMjY3","repeats":1},{"count":1136,"lower_bound":"MjQ2OTk2NzM2","upper_bound":"MjU2OTY0OTcz","repeats":1},{"count":1144,"lower_bound":"MjYwNTc1MTkz","upper_bound":"Mjg5MDk3MTY0","repeats":1},{"count":1152,"lower_bound":"MjkwNDQ3Njcz","upper_bound":"Mjk0NjExNDEx","repeats":1},{"count":1160,"lower_bound":"Mjk0NjUxMjIw","upper_bound":"MzA3ODkxNjI3","repeats":1},{"count":1168,"lower_bound":"MzE2NDQ2Mjgx","upper_bound":"MzM4MzIwMzA5","repeats":1},{"count":1176,"lower_bound":"MzQxMTEzOTI0","upper_bound":"MzQ3OTY0NjU4","repeats":1},{"count":1184,"lower_bound":"MzQ5MTYzMzg2","upper_bound":"NDAxMDIwNjQw","repeats":1},{"count":1192,"lower_bound":"NDA0Njk2Mjc3","upper_bound":"NDA3NjQ5MTM3","repeats":1},{"count":1200,"lower_bound":"NDEyOTI1Nzc4","upper_bound":"NDE3MTE3NTI0","repeats":1},{"count":1208,"lower_bound":"NDE5OTUwNTAy","upper_bound":"NDI0Mjg1MzI0","repeats":1},{"count":1216,"lower_bound":"NDI1MjM1Nzkz","upper_bound":"NDM3NTI2MzIz","repeats":1},{"count":1224,"lower_bound":"NDQwMzQyMzAw","upper_bound":"NDYxNTkzNjQ2","repeats":1},{"count":1232,"lower_bound":"NDY1OTg1OTkw","upper_bound":"NDcxNzUzMTc2","repeats":1},{"count":1240,"lower_bound":"NDc0MDMzOTE5","upper_bound":"NDgwNjMzMDg0","repeats":1},{"count":1248,"lower_bound":"NDgxOTkxMzMy","upper_bound":"NDk1MjA5OTcx","repeats":1},{"count":1256,"lower_bound":"NDk2OTk1NTYz","upper_bound":"NTE3NjUyOTc2","repeats":1},{"count":1264,"lower_bound":"NTI1ODE4MTc5","upper_bound":"NTQzNzE1MzEx","repeats":1},{"count":1272,"lower_bound":"NTQ2MDEyNjI0","upper_bound":"NTUzODcwNTIw","repeats":1},{"count":1280,"lower_bound":"NTU3OTQwNTk0","upper_bound":"NTY5MTY1ODA0","repeats":1},{"count":1288,"lower_bound":"NTY5NzMzODEy","upper_bound":"NTg0MzkwOTIz","repeats":1},{"count":1296,"lower_bound":"NTg3NjIyODA5","upper_bound":"NjAyOTY2OTM0","repeats":1},{"count":1304,"lower_bound":"NjA1OTA1MzQz","upper_bound":"NjE5NTM3MTc2","repeats":1},{"count":1312,"lower_bound":"NjIwNjE1NTcz","upper_bound":"NjI0MDQwNzY4","repeats":1},{"count":1320,"lower_bound":"NjMyMTc5Mzg4","upper_bound":"NjQwNjAyNDcz","repeats":1},{"count":1328,"lower_bound":"NjQ5NzQ5MzQy","upper_bound":"NjY3ODY0MzQx","repeats":1},{"count":1336,"lower_bound":"Njc4ODMyODc3","upper_bound":"NjgxNzI0NTIw","repeats":1},{"count":1344,"lower_bound":"Njk4NjYyNjMw","upper_bound":"NzA0OTg2Mjc4","repeats":1},{"count":1352,"lower_bound":"NzA4MTUxMzc3","upper_bound":"NzE4MjM5MzE5","repeats":1},{"count":1360,"lower_bound":"NzIwODgwNTE3","upper_bound":"NzM0MjYwNDE2","repeats":1},{"count":1368,"lower_bound":"NzM1NzcwMTE4","upper_bound":"NzU2NTc0Mzgw","repeats":1},{"count":1376,"lower_bound":"NzU3MDY3ODE1","upper_bound":"NzYwOTg3MzI3","repeats":1},{"count":1384,"lower_bound":"NzY1MDIzMDgz","upper_bound":"Nzc0MzM2OTU1","repeats":1},{"count":1392,"lower_bound":"Nzc3OTAzNDk3","upper_bound":"NzkxNjI3MTk3","repeats":1},{"count":1400,"lower_bound":"NzkxNjcxNTU0","upper_bound":"ODA4NzI5NDgw","repeats":1},{"count":1408,"lower_bound":"ODE2MzcyOTkz","upper_bound":"ODI2NzcxODY1","repeats":1},{"count":1416,"lower_bound":"ODI5MjY1MzYy","upper_bound":"ODM5MjIxMzkx","repeats":1},{"count":1424,"lower_bound":"ODQxMTk2NzY0","upper_bound":"ODUwNTgxMTc4","repeats":1},{"count":1432,"lower_bound":"ODYzMjI5MjYy","upper_bound":"ODc1MTg3MTgz","repeats":1},{"count":1440,"lower_bound":"ODc3MjQ0MjEw","upper_bound":"ODg2NjU5MTUz","repeats":1},{"count":1448,"lower_bound":"ODg4OTQzMDQ0","upper_bound":"ODkyOTE3MTI5","repeats":1},{"count":1456,"lower_bound":"ODk5OTM3NDAx","upper_bound":"OTE4NDUwOTg4","repeats":1},{"count":1464,"lower_bound":"OTE5OTA5ODQ4","upper_bound":"OTQyNTYzMTk3","repeats":1},{"count":1472,"lower_bound":"OTQ1NjY5MTEw","upper_bound":"OTU4NTc3NjUx","repeats":1},{"count":1480,"lower_bound":"OTU5NDQ3ODg4","upper_bound":"OTc0NDcwOTQ4","repeats":1},{"count":1488,"lower_bound":"OTc4MjkxODYy","upper_bound":"OTg2MjIxOTE4","repeats":1},{"count":1496,"lower_bound":"OTk1Mzk5OTY0","upper_bound":"MTAwNzgwODE2Nw==","repeats":1},{"count":1504,"lower_bound":"MTAxMjE3NjEzMA==","upper_bound":"MTAxOTY3MjgyNQ==","repeats":1},{"count":1512,"lower_bound":"MTAyMTM2MzI4MA==","upper_bound":"MTAzMzI0OTc4OA==","repeats":1},{"count":1520,"lower_bound":"MTAzMzUxOTY4Ng==","upper_bound":"MTAzNDI3ODQ5Mw==","repeats":1},{"count":1528,"lower_bound":"MTAzNTcyOTY5OQ==","upper_bound":"MTA1Njk2MDc5Nw==","repeats":1},{"count":1536,"lower_bound":"MTA2MjY5MDQwNA==","upper_bound":"MTA3MjMxODI2Mg==","repeats":1},{"count":1544,"lower_bound":"MTA3ODUzMTM1NQ==","upper_bound":"MTA4OTExNzI5MQ==","repeats":1},{"count":1552,"lower_bound":"MTA5MTE3NTQwMw==","upper_bound":"MTEwMDg3OTQ0Mw==","repeats":1},{"count":1560,"lower_bound":"MTEwNzc3MDYxOA==","upper_bound":"MTEyMTQxMDU2OA==","repeats":1},{"count":1568,"lower_bound":"MTEyNTQyOTIxMw==","upper_bound":"MTEzNDgzOTM5OQ==","repeats":1},{"count":1576,"lower_bound":"MTEzNjI2MjU1NA==","upper_bound":"MTE0OTgxNjUyOA==","repeats":1},{"count":1584,"lower_bound":"MTE1MDUxNDcxNg==","upper_bound":"MTE3MjMyNjA4OQ==","repeats":1},{"count":1592,"lower_bound":"MTE3NTYzNTI3Mw==","upper_bound":"MTE5MDU0OTU4MA==","repeats":1},{"count":1600,"lower_bound":"MTE5NDc4ODA0OQ==","upper_bound":"MTE5OTMyMDI3Mw==","repeats":1},{"count":1608,"lower_bound":"MTIwMDI1OTgwNg==","upper_bound":"MTIxMDczNDU1Ng==","repeats":1},{"count":1616,"lower_bound":"MTIxNDc3ODI4Ng==","upper_bound":"MTIyODc0MjY3OQ==","repeats":1},{"count":1624,"lower_bound":"MTIzMjk1NDU5OA==","upper_bound":"MTI0MjIxOTMxNg==","repeats":1},{"count":1632,"lower_bound":"MTI1NTU5MDU1OQ==","upper_bound":"MTI4MDUzOTAzOQ==","repeats":1},{"count":1640,"lower_bound":"MTI4NDkwMDMwNg==","upper_bound":"MTI5ODAxOTMzMQ==","repeats":1},{"count":1648,"lower_bound":"MTMwNDM5MTI4Mw==","upper_bound":"MTMyNzc3NzM2Mg==","repeats":1},{"count":1656,"lower_bound":"MTMyNzg4MTgxNw==","upper_bound":"MTMzOTk5ODM1Ng==","repeats":1},{"count":1664,"lower_bound":"MTM0NjcxMzQwNw==","upper_bound":"MTM3MDQ5Nzc1OQ==","repeats":1},{"count":1672,"lower_bound":"MTM3NTM2MzA5Mg==","upper_bound":"MTM4NDkwNjk3MQ==","repeats":1},{"count":1680,"lower_bound":"MTM4NjYyNzgxMg==","upper_bound":"MTM5MzMzNDM4MA==","repeats":1},{"count":1688,"lower_bound":"MTM5OTYwMzI4Mw==","upper_bound":"MTQwMzY2MjAwNg==","repeats":1},{"count":1696,"lower_bound":"MTQwNzk0NjA0Mg==","upper_bound":"MTQzNzU1MDIyMg==","repeats":1},{"count":1704,"lower_bound":"MTQ0Njg3MTM0OQ==","upper_bound":"MTQ1NzIwNDgyMQ==","repeats":1},{"count":1712,"lower_bound":"MTQ2NzcyMzIyMw==","upper_bound":"MTQ3NzQ4OTQ5NA==","repeats":1},{"count":1720,"lower_bound":"MTQ4MDc0NzA1MQ==","upper_bound":"MTQ4NjU4ODEwNw==","repeats":1},{"count":1728,"lower_bound":"MTUwMzkzNjQyMA==","upper_bound":"MTUxOTQ4NzA5Mw==","repeats":1},{"count":1736,"lower_bound":"MTUyNDYxNDc3MQ==","upper_bound":"MTUzNDMwNTM3MQ==","repeats":1},{"count":1744,"lower_bound":"MTU0ODgzNzI1OQ==","upper_bound":"MTU1MzQyMjYwNQ==","repeats":1},{"count":1752,"lower_bound":"MTU1Nzg2NTAwNw==","upper_bound":"MTU2NzAwOTUwNw==","repeats":1},{"count":1760,"lower_bound":"MTU2ODA5ODIwNw==","upper_bound":"MTU3OTA3NjUxOQ==","repeats":1},{"count":1768,"lower_bound":"MTU4NTM4Njk3MA==","upper_bound":"MTU5NTg3MDYwNA==","repeats":1},{"count":1776,"lower_bound":"MTU5OTAwNDA1NQ==","upper_bound":"MTYxNzQzNjgwMg==","repeats":1},{"count":1784,"lower_bound":"MTYxNzU0NzQ2OA==","upper_bound":"MTYyNDc1NDExNg==","repeats":1},{"count":1792,"lower_bound":"MTYyNDgyMTExMA==","upper_bound":"MTYzMDMwNDAwNw==","repeats":1},{"count":1800,"lower_bound":"MTY0MTAwODIxNw==","upper_bound":"MTY1MDMwNzU3Mw==","repeats":1},{"count":1808,"lower_bound":"MTY1Njc1MDU2Mw==","upper_bound":"MTY3OTQ2OTg5MA==","repeats":1},{"count":1816,"lower_bound":"MTY4MzA3NjI3MA==","upper_bound":"MTcwMTQ0NDEzNQ==","repeats":1},{"count":1824,"lower_bound":"MTcxMzgxOTIzNA==","upper_bound":"MTczNTY3NDk1MA==","repeats":1},{"count":1832,"lower_bound":"MTczODQ1NTk5Mg==","upper_bound":"MTc2MTM4Njc3Nw==","repeats":1},{"count":1840,"lower_bound":"MTc3NDUzMTM1Mw==","upper_bound":"MTc3OTUyNzgyNg==","repeats":1},{"count":1848,"lower_bound":"MTc4MTMxODQyNA==","upper_bound":"MTc5MzAzNTYyOA==","repeats":1},{"count":1856,"lower_bound":"MTc5MzY4MDM1OA==","upper_bound":"MTgwMjE5OTIyNw==","repeats":1},{"count":1864,"lower_bound":"MTgwODU3MjEyNA==","upper_bound":"MTgzMTQxOTk5MA==","repeats":1},{"count":1872,"lower_bound":"MTgzNjE4NTM5Mw==","upper_bound":"MTg0NTAyMTEwNA==","repeats":1},{"count":1880,"lower_bound":"MTg0ODA3NDA5Ng==","upper_bound":"MTg1ODU2MTk1MQ==","repeats":1},{"count":1888,"lower_bound":"MTg1OTc2OTc0NA==","upper_bound":"MTg4MzczMjMxNg==","repeats":1},{"count":1896,"lower_bound":"MTg4NDMzNjI0Mg==","upper_bound":"MTg5NDgwNDE0Mg==","repeats":1},{"count":1904,"lower_bound":"MTg5NjcwMTIwMg==","upper_bound":"MTkwNTAyMzA0Mw==","repeats":1},{"count":1912,"lower_bound":"MTkwODQyOTkyOA==","upper_bound":"MTkzMDk4MTY1Mg==","repeats":1},{"count":1920,"lower_bound":"MTkzMzg2Njk3NQ==","upper_bound":"MTk0NzU0NDMwMA==","repeats":1},{"count":1928,"lower_bound":"MTk0NzcxNDk2MQ==","upper_bound":"MTk2MTU4ODYxMA==","repeats":1},{"count":1936,"lower_bound":"MTk2MjcwMzQwMQ==","upper_bound":"MTk5MDQ5NTc4OA==","repeats":1},{"count":1944,"lower_bound":"MTk5MTEzMDM2NQ==","upper_bound":"MjAwNDAyNjc2OA==","repeats":1},{"count":1952,"lower_bound":"MjAwNzc3MDQzOA==","upper_bound":"MjAyODMwMjUyNw==","repeats":1},{"count":1960,"lower_bound":"MjA0Mzc0MDEwMQ==","upper_bound":"MjA0OTY1MjY3Nw==","repeats":1},{"count":1968,"lower_bound":"MjA1OTAxMzQ2Mg==","upper_bound":"MjA4MzA4NDQ5Mw==","repeats":1},{"count":1976,"lower_bound":"MjA4NzEwNTA5MA==","upper_bound":"MjA5MDE4MjU2Mw==","repeats":1},{"count":1984,"lower_bound":"MjA5MDU4NTk2Nw==","upper_bound":"MjEwODc3MjY1NA==","repeats":1},{"count":1992,"lower_bound":"MjExOTAzMjc1NA==","upper_bound":"MjEyODE5MTc0Ng==","repeats":1},{"count":2000,"lower_bound":"MjEzODkzMTQxMA==","upper_bound":"MjE0NjY1NDY2NQ==","repeats":1}]},"cm_sketch":{"rows":[{"counters":[0,1,1,0,0,3,1,1,2,5,0,2,1,1,0,0,1,3,1,0,1,1,1,0,1,0,0,2,0,2,2,1,1,2,3,0,1,0,1,2,1,2,1,0,1,0,2,1,0,1,1,0,0,2,2,1,1,0,1,0,2,1,1,1,1,0,1,2,2,0,0,1,1,1,1,0,0,0,0,2,1,1,4,1,0,1,1,0,1,1,2,2,1,2,0,2,1,1,2,1,1,0,2,0,0,1,2,0,2,1,2,0,0,1,0,2,1,0,0,2,0,1,2,0,1,1,1,0,0,0,0,3,3,1,0,1,3,1,1,1,2,3,1,2,0,1,1,1,2,0,1,2,0,0,1,0,1,2,1,2,1,1,0,2,3,0,0,0,1,1,0,3,2,0,1,1,2,1,1,1,3,0,0,1,0,3,1,0,1,0,2,0,0,1,0,2,1,1,0,0,2,0,4,1,1,0,1,2,0,1,1,1,2,0,0,0,0,2,0,1,0,1,1,1,1,1,2,2,3,3,0,0,1,0,0,0,1,2,0,1,0,1,0,1,0,1,2,0,0,0,1,0,0,2,0,0,0,0,1,0,0,1,3,0,0,0,1,1,4,0,3,0,1,0,0,2,2,0,2,1,1,4,2,0,0,1,0,2,2,3,3,1,0,2,1,0,2,0,2,1,3,1,2,1,0,1,2,1,0,1,2,1,2,1,0,3,0,0,1,1,1,4,1,0,1,2,2,2,0,2,1,1,1,2,1,0,0,1,1,2,1,1,0,0,1,2,1,0,0,0,3,1,0,1,1,1,0,1,1,0,0,1,1,2,0,2,1,1,0,0,2,1,2,3,1,2,2,0,2,1,1,1,2,1,0,0,1,1,0,1,0,2,2,0,1,0,1,3,1,2,1,0,1,2,2,2,1,2,0,0,2,1,2,0,0,1,0,1,2,1,0,2,2,1,1,0,1,2,1,0,0,1,0,0,1,0,0,0,1,2,1,2,0,2,1,0,1,1,2,1,2,0,1,0,0,1,0,0,1,0,1,1,2,2,1,1,1,0,2,3,2,1,0,0,0,0,1,1,2,2,0,0,2,0,0,0,1,2,0,2,1,0,3,0,2,0,2,1,1,3,0,0,3,0,1,1,0,1,0,2,3,0,0,1,1,0,0,3,1,1,0,1,1,2,1,0,0,1,0,1,2,1,1,3,0,1,2,0,1,0,1,1,1,0,1,1,0,0,0,1,0,0,1,2,0,0,1,0,0,3,4,1,1,1,2,0,3,3,0,1,3,3,2,1,1,0,1,0,0,1,0,1,0,0,1,3,0,0,0,1,3,0,0,1,0,1,2,3,0,0,1,1,1,1,1,0,0,0,1,0,0,1,2,0,2,3,1,1,3,1,1,0,0,1,1,0,0,1,2,2,1,0,1,2,1,2,1,2,0,1,1,1,2,0,0,0,0,1,0,2,0,1,1,0,3,1,1,1,1,1,3,1,1,2,1,2,0,1,0,2,0,1,1,0,1,1,1,1,0,0,0,2,0,2,2,0,1,2,2,1,1,0,2,2,1,0,0,2,1,1,1,1,3,0,0,1,0,2,1,0,1,0,1,0,0,2,0,2,0,1,1,1,0,1,1,0,1,1,0,2,1,0,1,0,0,0,1,2,2,2,1,2,1,2,0,1,0,2,0,1,2,2,1,1,1,1,0,0,2,1,1,1,3,0,0,0,0,0,1,2,2,0,0,1,0,1,0,1,0,1,0,0,0,1,1,0,0,2,1,0,0,1,1,1,2,0,0,2,2,1,0,2,0,2,3,2,1,0,3,2,2,0,3,2,0,2,0,1,1,0,2,2,1,0,1,2,2,0,1,0,0,2,1,2,0,1,0,1,2,0,1,1,0,1,2,1,1,1,0,2,1,1,0,0,2,0,1,0,1,0,0,0,0,4,0,1,1,1,0,1,0,2,0,1,1,2,1,2,1,0,1,0,0,2,1,1,0,1,2,1,1,0,3,1,0,1,0,1,1,0,0,0,1,3,0,0,3,0,2,0,0,2,0,2,2,0,2,1,0,1,1,0,1,1,1,1,0,1,1,1,0,1,0,0,2,1,1,1,1,0,0,1,0,1,1,0,1,0,0,1,0,1,1,0,3,0,0,1,0,0,0,1,1,0,0,1,1,3,2,1,0,1,1,0,1,1,2,1,1,1,3,0,2,0,2,1,1,1,2,1,1,0,0,2,0,0,0,1,1,2,2,0,2,1,0,0,0,3,0,1,0,2,0,1,0,2,0,2,0,2,0,0,2,1,1,0,2,2,0,1,1,0,2,0,1,3,3,1,0,1,1,0,2,2,0,0,3,1,0,0,0,1,0,0,3,0,0,0,0,0,3,2,1,2,1,1,1,0,3,1,0,1,0,2,0,1,0,1,0,1,1,0,1,0,0,0,0,0,3,0,1,0,1,0,1,1,1,1,0,1,2,2,4,1,3,0,1,2,1,1,0,0,1,2,1,0,2,0,0,3,1,0,1,0,1,0,3,1,1,1,1,1,3,0,2,0,0,2,4,3,0,1,1,1,1,4,2,0,3,0,1,0,1,0,1,2,1,0,3,1,1,1,0,2,1,1,0,0,1,0,1,0,1,0,1,1,1,0,1,0,0,4,1,0,0,2,1,1,1,1,2,1,0,0,1,0,0,1,2,1,0,0,2,1,0,2,1,0,3,0,1,2,1,1,0,1,1,1,3,0,1,1,2,1,2,0,1,0,0,2,3,4,2,2,0,2,0,0,0,1,1,3,0,1,3,0,0,0,0,0,2,4,2,0,0,3,1,0,0,0,0,1,5,0,0,0,2,1,0,0,1,0,0,0,0,1,0,0,2,2,1,1,0,0,1,2,1,0,1,1,2,0,1,1,0,2,0,0,0,0,0,1,1,0,1,1,2,1,0,1,0,0,0,4,0,1,1,1,1,3,1,0,1,2,1,0,2,3,3,2,2,1,0,1,2,1,1,4,0,2,0,2,0,2,0,2,2,2,0,1,2,1,0,1,1,0,0,0,0,3,1,3,2,1,1,2,0,1,1,1,0,2,0,1,0,0,2,0,1,1,1,1,0,0,1,1,0,1,1,2,2,0,1,1,2,1,2,0,1,0,0,0,1,0,1,0,0,0,0,1,0,1,0,1,2,0,0,2,0,1,1,2,3,0,2,0,0,0,1,2,1,0,1,1,0,2,2,2,0,0,1,2,0,2,1,0,3,2,0,3,0,2,2,1,1,0,0,3,0,1,3,1,1,0,0,1,0,0,2,2,0,0,2,1,0,1,0,0,2,0,0,0,4,1,1,4,0,3,0,0,2,1,4,1,3,0,0,0,3,2,2,1,1,1,1,1,3,1,0,2,0,1,2,0,1,1,0,0,1,0,2,2,2,1,3,0,1,1,1,0,1,0,1,1,0,1,0,1,1,0,1,2,1,0,0,0,1,0,1,0,0,1,0,1,1,0,0,1,0,1,1,3,4,3,2,1,4,2,0,2,1,1,2,1,1,0,2,1,0,1,6,0,1,0,1,1,2,0,2,1,2,2,1,0,1,1,1,0,1,1,2,3,2,1,0,2,0,2,1,1,1,3,0,1,1,1,1,0,1,1,0,2,0,1,1,3,0,3,0,1,3,3,1,3,0,0,1,2,1,1,3,2,1,0,0,2,1,1,0,0,2,0,0,0,0,2,1,2,1,0,0,1,1,3,1,0,2,2,0,0,2,3,2,0,3,1,0,1,1,0,0,3,2,0,1,1,2,2,1,1,1,0,1,0,0,3,1,0,1,1,2,0,1,1,0,0,0,1,0,1,1,0,1,1,0,0,3,3,4,2,4,1,1,0,3,0,3,2,0,2,2,2,1,0,1,0,2,0,1,2,0,2,0,0,3,2,1,0,0,0,1,4,3,0,1,0,2,0,2,0,1,2,1,0,3,0,1,1,1,1,0,0,2,0,1,1,3,0,2,2,0,1,1,3,0,0,1,0,0,0,1,2,2,0,0,0,2,0,1,2,0,3,0,0,2,1,2,3,0,1,0,0,1,2,0,2,0,2,2,0,1,1,2,0,1,1,0,0,0,0,1,1,0,2,0,1,1,1,1,0,1,4,1,2,1,0,0,1,2,1,1,0,1,1,1,0,1,0,0,0,0,0,0,2,0,0,1,0,0,1,1,1,1,1,1,2,0,0,4,2,3,0,0,0,2,1,0,1,1,0,0,0,3,0,2,0,0,1,2,1,1,0,1,1,1,0,0,1,2,0,2,0,0,0,1,0,2,2,2,2,1,1,0,0,0,2,1,1,1,1,1,1,0,3,2,0,1,0,1,2,2,3,1,1,0,1,2,1,1,1,3,0,2,0,4,1,4,2,0,2,1,1,0,0,1,0,1,0,1,0,3,1,0,1,0,0,0,0,0,1,1,0,1,1,2,3,2,2,3,1,0,4,1,0,2,0,3,0,0,2,1,0,1,0,0,1,2,1,0,0,1,1,0,1,2,1,0,2,2,0,0,0,3,0,2,0,1,1,1,1,1,0,1,1,2,2,0,2,1,0,1,0,0,0,1,2,1,2]},{"counters":[1,0,0,0,0,1,2,2,0,2,2,1,2,4,1,1,2,1,1,0,1,1,4,1,0,0,1,1,0,0,0,1,0,0,2,0,2,0,3,0,0,1,0,1,1,1,0,0,0,4,1,1,0,0,2,2,1,0,1,2,2,2,0,1,1,2,0,0,2,0,1,2,0,2,1,1,1,1,0,1,1,0,1,3,0,1,1,1,4,2,2,2,3,1,1,1,0,0,2,2,1,2,0,1,1,2,0,1,0,0,2,1,1,0,0,3,0,2,0,1,2,0,1,0,1,1,1,1,0,1,1,0,2,1,0,4,2,1,1,0,1,1,1,3,1,0,2,1,1,0,1,0,1,1,1,1,0,0,0,0,1,0,0,3,1,2,2,2,0,1,3,0,0,1,1,3,0,0,3,0,0,1,0,2,2,0,0,0,2,2,0,1,3,0,1,2,1,1,0,0,1,0,0,2,2,1,1,0,1,2,0,1,1,1,2,0,1,1,1,1,2,0,1,0,1,0,0,1,1,2,2,2,1,2,1,0,1,0,2,1,0,2,1,0,0,1,0,1,1,3,0,1,2,1,0,0,0,2,1,3,2,0,2,0,3,2,0,1,3,1,3,1,1,2,0,0,0,1,1,0,0,0,2,3,0,1,2,0,1,0,3,0,0,0,1,0,0,0,0,2,1,1,0,1,0,4,2,0,0,2,2,0,2,1,0,0,0,1,0,0,2,0,1,1,0,0,1,1,0,2,1,1,3,3,2,2,0,2,1,0,0,0,0,1,1,2,0,2,1,1,2,1,2,2,0,3,1,2,1,0,1,3,2,1,1,1,0,0,0,2,2,0,1,0,1,0,0,2,0,1,1,0,3,5,0,0,2,2,2,0,0,0,0,1,0,0,1,0,1,3,2,0,0,0,0,1,0,0,0,1,2,1,1,1,1,1,0,5,2,2,1,0,1,1,0,0,0,0,1,0,1,0,2,0,0,0,0,1,0,2,1,2,2,0,0,0,1,2,0,1,2,2,1,1,1,1,0,0,1,0,0,1,1,2,1,0,0,1,1,0,3,2,1,0,1,0,0,1,0,0,1,1,2,1,1,1,1,0,2,0,1,0,1,0,1,2,0,0,1,0,0,1,0,1,0,0,2,2,1,2,0,1,1,0,1,2,2,1,0,2,1,0,2,1,2,0,2,4,0,0,0,0,0,1,1,0,1,2,3,0,1,0,1,0,1,2,0,2,2,0,0,0,2,0,0,0,1,0,0,1,5,0,1,2,0,0,0,1,0,1,0,1,0,0,1,0,2,1,0,0,1,2,2,1,0,1,0,2,1,0,1,1,0,1,2,2,1,1,0,0,0,1,0,0,2,0,1,3,0,1,0,2,1,1,1,0,1,1,0,1,4,0,1,1,2,1,2,0,0,3,2,2,0,0,0,0,1,1,2,1,5,0,1,0,0,0,0,0,1,2,3,0,1,2,4,1,2,1,1,1,0,3,1,2,1,1,0,1,1,0,1,0,0,1,0,2,2,1,1,0,1,0,1,0,0,0,1,2,0,3,0,0,2,1,2,0,2,1,3,1,1,0,0,0,3,1,2,1,1,0,1,1,2,1,2,0,1,2,2,0,4,2,0,0,3,0,1,2,0,0,2,0,3,0,1,1,0,1,0,0,2,1,0,0,1,0,0,0,1,0,1,1,3,0,0,0,2,1,3,3,2,1,0,1,0,0,1,2,1,1,1,1,0,2,1,1,0,0,3,2,0,2,0,1,3,0,2,2,1,1,2,1,1,1,2,2,3,1,1,2,0,0,1,1,0,3,1,0,0,3,0,1,1,2,0,2,0,1,0,1,3,0,1,1,1,1,0,1,4,1,2,0,1,2,0,2,2,0,1,3,3,2,1,0,1,1,0,1,1,2,2,0,1,1,1,0,1,2,2,1,0,0,1,0,1,2,1,1,0,1,2,2,0,0,0,1,0,0,0,2,1,4,1,1,3,1,0,3,1,1,1,0,2,0,1,2,0,0,1,1,2,0,1,1,1,0,0,0,1,1,0,2,2,1,1,2,1,3,1,2,2,2,5,0,0,2,0,0,2,0,1,1,1,0,1,0,0,0,2,1,0,2,0,0,1,1,1,0,1,0,0,1,1,1,2,0,0,2,1,3,0,0,0,1,1,2,2,1,0,1,0,2,0,0,0,0,1,1,1,0,0,1,2,2,0,2,0,0,1,1,1,2,1,3,1,1,1,0,2,1,1,2,1,1,1,1,2,1,2,0,1,3,2,0,2,3,2,0,1,3,1,1,3,0,1,1,3,0,0,0,2,2,1,2,0,0,0,1,0,0,5,2,0,1,0,2,1,2,0,1,1,1,0,2,0,1,0,1,2,1,1,1,0,2,2,1,3,1,0,3,0,3,1,0,1,2,0,0,0,1,3,2,0,1,1,2,1,1,2,1,2,1,0,4,1,0,2,2,2,2,1,1,1,0,1,0,1,0,2,1,0,2,1,0,0,0,0,2,2,2,2,2,1,1,1,0,2,1,0,3,0,3,1,1,0,0,1,1,0,2,0,0,1,0,1,1,0,2,2,1,2,3,1,0,0,2,1,1,0,3,0,1,0,0,1,2,0,2,0,0,1,2,0,1,1,1,0,1,2,0,0,1,0,1,0,1,0,0,4,3,1,0,0,0,1,0,2,1,3,0,0,1,1,1,1,2,0,0,0,0,1,0,1,0,0,2,3,0,3,1,1,0,3,0,1,1,0,0,1,0,0,1,2,1,1,2,0,0,0,0,1,0,1,3,1,2,1,1,2,0,1,1,1,0,0,3,1,2,0,0,0,1,1,2,0,1,2,3,0,0,0,1,0,0,1,1,3,0,3,2,3,0,0,1,0,2,1,2,0,2,1,0,0,0,1,0,2,4,1,0,1,1,1,2,2,2,2,1,0,0,0,2,0,1,0,0,2,1,1,0,2,0,0,0,0,0,0,0,2,0,1,0,1,0,1,2,0,1,2,0,1,0,3,1,3,1,0,2,0,1,0,0,2,0,1,0,0,1,1,1,2,0,1,3,0,1,0,2,0,1,0,0,1,2,2,0,1,1,0,1,3,1,2,3,4,2,0,2,4,3,1,1,3,3,1,0,3,1,1,0,1,0,0,2,0,0,0,0,4,0,2,1,1,3,2,1,2,1,1,1,1,0,1,1,0,0,2,0,2,3,3,2,2,1,1,0,2,0,1,0,0,1,1,0,1,1,0,0,2,2,4,2,0,0,2,1,0,2,1,2,0,1,0,0,1,2,1,1,0,1,3,1,1,1,3,1,1,0,2,1,1,0,3,2,0,0,1,0,1,1,1,0,2,1,0,0,2,0,2,0,1,0,0,0,2,1,1,0,4,1,1,0,2,3,1,1,1,0,2,1,2,1,2,1,3,0,3,0,1,1,1,0,0,0,1,0,0,0,0,0,0,0,3,0,1,0,0,0,0,3,0,1,1,0,1,0,0,0,0,1,0,0,3,0,1,3,1,1,0,1,0,0,1,1,1,0,0,0,0,3,1,0,0,0,0,2,1,0,1,2,1,0,1,1,0,1,1,0,0,0,2,2,3,2,1,0,1,0,1,0,1,1,1,1,2,2,0,1,3,1,0,1,2,1,0,1,0,0,0,2,2,0,3,1,0,0,1,2,1,2,0,0,0,0,1,0,1,1,4,2,2,2,1,1,2,1,2,1,0,0,1,0,1,2,0,0,0,3,0,0,1,0,0,1,3,1,1,1,1,2,1,1,1,1,1,0,0,4,1,0,1,0,1,1,0,1,4,3,0,0,0,1,2,2,1,1,1,1,1,2,1,1,1,2,0,2,1,1,4,1,3,2,2,2,0,1,2,0,2,1,2,0,1,0,1,1,1,3,0,1,0,1,0,1,0,1,0,1,0,0,0,2,1,1,2,2,2,0,2,0,0,1,2,0,3,0,2,1,0,1,0,1,3,0,1,2,0,0,0,1,1,1,1,1,0,0,2,0,2,1,1,0,2,1,2,1,2,0,0,0,1,0,1,0,0,0,0,0,1,2,0,1,1,1,1,0,1,2,0,2,2,1,1,4,1,1,2,0,2,2,3,0,1,1,1,1,1,2,0,0,1,1,1,1,1,0,1,2,2,0,3,2,3,1,0,1,2,2,1,0,1,0,0,0,0,0,0,2,1,3,0,0,2,1,1,0,2,2,1,1,0,0,0,2,0,0,0,3,0,1,1,0,3,2,0,0,0,3,1,3,1,1,2,2,0,1,0,0,1,1,0,2,0,1,3,1,0,1,0,0,0,0,1,0,2,2,0,1,1,1,1,1,1,3,0,1,1,1,0,2,1,0,0,0,0,1,1,3,0,0,1,0,1,2,1,2,2,0,0,2,1,4,2,0,0,0,2,0,0,0,1,0,1,2,1,1,0,1,1,1,1,0,1,2,0,2,0,0,0,0,2,0,0,1,0,1,0,1,0,1,1,1,2,2,0,2,2,1,1,1,2,0,1,2,1,0,2,1,1,2,0,0,1,0,0,0,2,0,0,0,0,3,1,1,1,0,0,1,2,0,0,0,3,1,0,1,1,1]},{"counters":[2,1,1,2,2,0,0,0,0,1,1,2,0,1,1,3,1,0,1,1,0,0,0,5,0,2,0,4,1,2,0,0,1,1,2,0,1,0,0,2,3,3,1,2,0,0,3,0,1,0,2,1,0,3,0,2,2,2,0,1,3,1,1,1,1,0,2,0,0,0,1,1,5,1,1,2,1,1,0,2,1,0,2,1,0,0,1,2,0,0,1,1,0,1,1,1,1,2,1,0,1,2,1,0,0,0,0,1,1,2,1,2,1,1,2,3,1,0,1,2,0,1,3,1,1,0,0,1,1,0,1,2,3,1,0,1,1,1,1,1,3,0,1,2,0,2,0,0,0,1,0,0,0,1,4,1,4,3,1,0,1,0,2,1,1,0,0,1,0,1,1,0,0,0,6,1,2,3,0,1,0,1,3,1,1,1,1,2,0,1,0,1,0,1,1,1,2,1,1,0,1,0,0,1,0,2,0,0,1,2,3,1,1,2,0,0,0,0,0,0,1,2,0,0,0,3,0,1,2,0,1,1,2,0,1,0,0,2,1,2,2,0,2,1,2,1,1,1,0,0,1,3,0,1,0,0,0,1,0,0,1,1,1,0,2,1,1,2,0,0,0,1,2,3,0,2,1,0,1,0,1,0,1,0,0,0,1,1,0,0,1,3,0,0,2,1,2,1,0,1,0,1,0,0,0,1,1,3,3,1,0,2,0,0,1,0,2,0,3,6,0,0,0,0,0,2,1,0,1,1,0,3,2,1,0,2,1,2,1,4,1,1,1,1,3,2,3,0,1,1,2,0,1,0,1,0,1,2,1,0,1,1,1,1,1,3,4,0,2,0,1,0,1,0,1,0,0,3,1,2,1,1,1,1,0,0,0,1,1,1,0,2,0,0,1,2,2,1,0,1,2,1,1,1,1,1,0,1,0,0,0,0,0,1,2,0,0,0,4,1,0,0,3,0,3,1,2,0,1,2,3,0,1,0,0,2,0,0,0,0,0,1,2,1,0,2,2,3,1,0,2,2,3,2,3,3,3,3,0,1,0,0,0,1,1,0,0,1,1,2,1,2,3,1,0,0,1,2,3,1,1,1,1,1,1,1,1,2,1,0,0,1,0,2,3,0,0,0,1,4,2,0,1,1,2,2,1,1,0,0,2,0,1,1,1,0,2,0,0,2,0,1,2,0,1,2,1,4,1,2,0,3,0,0,0,0,2,1,1,2,0,2,1,0,0,1,1,1,0,0,1,0,5,1,0,2,0,3,2,0,2,1,1,1,1,0,1,1,0,0,2,1,3,0,3,0,0,1,2,0,0,0,0,2,0,2,0,1,1,3,0,2,0,0,2,2,3,0,1,0,1,0,1,2,0,1,0,2,0,0,0,3,2,1,2,0,0,1,1,1,1,2,0,0,1,3,3,1,1,2,1,0,0,1,1,0,0,3,0,3,1,0,1,3,2,1,1,0,1,1,0,1,0,1,2,1,1,1,0,0,0,0,1,0,2,2,0,1,1,0,0,1,2,1,0,1,2,0,0,1,1,0,1,1,1,1,2,1,3,0,1,1,2,2,2,0,1,0,0,1,0,0,0,0,0,2,0,1,1,1,0,2,0,0,0,0,1,1,2,0,1,1,1,0,0,2,0,1,2,0,1,1,6,0,1,1,0,0,2,0,0,0,0,2,1,0,0,0,0,0,1,0,0,0,1,1,0,0,2,2,1,2,1,2,0,3,0,0,0,2,0,2,1,0,2,0,1,0,0,1,0,1,2,0,2,3,0,0,1,1,1,0,0,0,0,0,0,0,1,1,1,2,0,1,2,1,1,1,2,2,1,2,1,1,3,1,1,3,1,2,0,0,2,2,1,0,0,1,0,2,0,2,0,0,2,1,1,1,1,1,0,0,2,1,3,3,1,1,1,2,0,0,2,1,1,1,1,0,0,0,0,0,1,0,1,2,2,0,2,1,2,1,2,0,0,2,1,1,2,0,1,0,0,2,2,2,2,2,2,3,2,1,2,0,0,0,0,2,2,1,3,1,1,1,1,1,0,0,2,0,2,2,0,2,0,0,0,1,2,0,1,0,1,1,1,0,0,0,1,5,1,0,1,1,3,3,3,1,0,1,0,1,0,1,0,0,0,0,1,0,2,2,1,1,4,0,1,0,0,2,0,1,1,2,0,0,0,0,0,0,1,0,0,2,1,0,0,2,3,0,3,0,2,1,1,1,0,1,1,0,0,2,3,0,1,1,1,0,0,0,1,0,2,3,2,2,0,1,0,2,3,1,0,3,2,0,1,0,0,0,2,0,3,0,0,0,2,1,2,1,2,0,1,4,1,0,1,0,3,0,0,1,2,2,0,0,2,0,0,1,4,1,0,1,2,1,0,1,0,1,1,0,3,0,0,0,0,1,1,0,0,0,0,4,0,1,1,0,2,0,3,2,0,1,1,0,0,4,1,1,1,1,1,1,1,1,0,1,1,2,1,0,0,1,3,1,1,0,2,0,0,3,1,1,0,0,0,2,0,2,1,1,1,1,3,0,0,2,2,1,2,3,1,1,3,1,1,2,2,2,3,1,3,0,0,0,4,1,1,1,1,1,2,3,2,1,0,1,1,1,0,0,1,0,0,2,1,0,2,0,1,1,2,2,1,0,1,3,0,3,0,0,2,1,2,1,1,0,1,0,1,1,2,2,0,3,2,0,1,0,3,2,0,0,0,1,1,0,2,0,2,0,1,0,1,1,0,2,0,3,0,1,0,0,0,0,2,0,0,1,4,2,1,0,1,0,3,1,2,1,0,1,1,1,1,0,1,4,1,1,0,2,0,3,1,0,1,1,0,0,1,1,1,2,2,0,0,1,0,0,0,3,1,0,1,1,1,1,1,2,3,0,0,2,1,0,1,1,1,0,1,3,0,2,1,1,0,3,2,0,1,3,0,0,2,0,0,1,0,1,0,1,1,0,0,0,4,0,0,2,0,0,1,0,2,1,1,3,0,1,1,0,1,0,1,0,2,0,3,3,1,0,1,0,2,1,0,0,2,1,0,2,0,0,0,3,2,1,1,1,1,1,3,2,1,0,2,0,2,2,0,2,1,2,1,1,0,0,1,1,1,1,1,0,0,1,3,1,2,1,3,2,0,1,1,1,2,2,0,1,0,1,0,1,1,2,0,1,1,1,1,1,0,1,2,3,1,2,2,2,1,1,2,0,2,2,0,0,0,1,2,0,0,1,0,2,1,2,1,1,2,0,1,1,0,1,2,1,0,0,0,2,2,0,1,0,1,3,1,0,0,0,2,0,0,0,1,0,1,1,1,4,1,0,0,1,0,1,0,0,0,1,1,0,1,1,0,0,0,0,2,1,2,3,1,1,1,0,2,0,0,1,0,0,2,0,1,2,2,0,2,1,2,4,2,0,2,0,2,0,0,0,3,2,1,0,1,1,1,2,0,3,0,0,0,0,2,1,0,1,1,2,1,0,1,3,1,1,0,0,2,0,1,1,1,0,1,1,1,2,1,1,2,1,0,0,1,1,1,1,1,2,1,0,0,0,0,3,1,0,0,1,0,1,1,0,0,1,1,0,3,0,1,1,0,2,0,1,2,1,2,0,1,2,0,1,1,0,0,0,1,0,1,0,0,1,3,2,1,1,1,3,2,2,0,1,0,1,2,0,1,0,1,0,1,2,0,2,1,3,1,0,4,2,0,0,2,1,0,0,0,0,2,1,1,0,0,0,0,1,0,1,2,0,2,1,0,1,1,0,2,1,2,1,0,1,1,1,1,1,2,0,1,1,1,0,1,2,1,1,0,1,0,1,2,0,1,1,3,1,1,2,0,0,3,0,0,1,0,2,2,0,3,0,3,3,2,0,2,3,1,3,2,0,2,1,1,1,0,0,3,0,1,3,3,0,1,1,2,0,1,1,0,2,0,2,1,4,2,2,0,2,1,0,0,1,0,2,1,0,1,0,0,0,0,4,1,0,2,1,2,1,1,0,1,0,2,2,1,1,2,1,1,2,0,0,1,2,0,0,2,0,0,0,0,2,0,1,0,0,1,1,3,1,0,0,1,0,2,0,0,1,0,1,1,0,1,0,1,0,1,0,0,1,0,0,0,2,0,0,0,0,2,1,1,1,2,1,0,1,2,0,0,0,1,2,3,0,2,1,0,0,3,1,0,2,0,2,1,2,2,1,2,2,1,2,1,0,0,0,2,2,0,0,0,0,2,2,2,1,1,1,1,1,1,0,1,0,0,2,2,1,0,2,0,0,0,1,1,2,1,0,0,1,0,1,0,1,1,0,2,0,1,1,1,2,1,1,0,1,1,0,0,2,1,0,3,1,2,0,1,0,2,1,1,0,1,0,0,2,0,0,0,2,0,1,1,0,0,2,2,1,1,2,1,1,0,1,0,2,0,0,2,0,0,0,0,2,1,1,2,2,2,0,0,1,1,1,0,2,0,0,2,1,2,1,1,1,1,1,0,2,1,0,2,0,0,2,0,1,1,1,2,0,1,0,0,1,1,1,2,2,3,2,0,0,3,1,1,1,3,0,2,0,0,1,0,0,2,0,0,0,1,1,0,2,2,1,0,0,1,1,0,1,1,1,1,1]},{"counters":[1,0,2,0,0,1,1,0,1,1,1,2,2,2,1,0,2,1,0,0,0,1,1,1,1,3,0,0,0,0,1,2,0,3,1,1,1,1,5,0,1,2,0,2,0,0,2,0,0,1,2,3,1,0,0,2,2,1,0,0,1,0,0,1,1,0,1,2,2,3,2,0,0,1,0,0,2,1,0,1,3,0,1,2,0,3,1,1,0,0,4,1,2,0,2,0,1,1,2,1,1,3,2,0,3,2,1,2,2,1,1,0,1,0,1,0,1,2,1,2,0,0,1,0,2,0,1,2,3,0,1,2,2,1,1,0,0,3,1,3,2,0,0,2,0,0,1,1,0,0,1,1,2,3,3,0,0,1,3,0,0,1,0,1,0,2,0,0,3,0,1,1,1,2,1,1,1,1,1,3,0,3,2,0,1,1,0,0,2,0,0,1,0,0,0,0,3,2,0,2,0,0,1,0,2,1,0,1,3,0,3,0,2,1,0,0,1,1,2,4,0,2,1,1,2,0,1,0,1,1,0,1,1,0,2,0,0,0,1,4,0,0,0,0,2,2,1,3,0,1,2,1,1,1,2,1,0,0,3,1,1,2,1,0,1,1,0,0,1,0,4,0,0,3,1,0,1,2,1,0,0,0,0,0,3,0,0,2,1,2,0,2,0,1,1,1,0,0,1,1,0,2,2,0,3,1,0,2,0,0,0,1,0,0,2,2,2,1,2,0,0,1,2,0,0,0,0,0,2,1,0,2,0,0,1,2,1,2,1,0,0,0,1,0,1,1,1,2,1,4,2,1,1,1,0,0,1,1,2,4,0,1,0,3,0,1,1,1,1,1,0,2,0,1,1,1,1,1,0,3,2,1,1,0,0,0,0,2,2,0,2,0,2,1,3,2,1,1,0,4,2,1,0,1,1,0,0,0,1,0,1,1,1,1,0,0,1,0,2,1,2,0,1,1,0,0,0,0,1,0,2,1,0,0,0,0,0,1,0,1,0,2,2,1,1,2,1,1,3,2,1,0,1,0,2,0,0,1,0,1,1,0,0,1,3,1,1,0,1,2,0,0,2,0,1,1,0,1,0,1,2,0,0,2,1,1,2,2,2,0,2,2,2,1,1,2,1,0,1,1,0,2,0,0,0,0,3,0,0,0,1,2,0,3,0,2,1,0,0,0,0,2,0,2,0,1,0,0,2,0,2,3,1,0,0,2,0,0,3,0,0,0,2,3,1,0,1,1,1,0,1,1,1,1,0,0,1,3,1,0,0,1,2,1,0,0,0,0,1,0,0,0,0,0,0,0,0,2,1,1,3,2,0,1,1,1,2,1,4,0,2,2,1,1,0,1,0,0,2,1,1,1,0,2,1,2,1,1,0,3,0,3,0,0,3,0,2,0,1,0,0,0,3,0,1,0,1,0,1,2,1,2,1,0,1,0,0,0,2,1,0,0,2,0,0,2,2,1,1,0,1,0,0,1,0,0,2,1,1,0,0,2,1,1,1,0,1,0,1,0,3,2,1,1,1,1,1,0,0,3,1,4,0,1,1,0,1,1,1,3,1,1,1,0,2,0,0,0,0,1,2,0,0,0,2,2,0,0,1,1,1,0,3,0,2,1,0,3,4,0,0,1,1,0,0,1,0,0,1,0,0,1,1,0,0,0,1,1,1,3,1,0,1,2,1,1,0,0,2,0,0,2,1,1,2,0,0,1,1,2,1,0,1,0,0,1,0,1,0,2,2,1,1,4,0,2,0,0,1,2,2,2,0,2,0,0,0,0,1,0,1,0,3,0,1,0,1,0,1,1,1,1,2,0,2,4,3,2,0,1,0,1,1,1,0,0,0,0,0,2,0,0,1,2,2,3,3,0,1,1,3,1,0,2,3,1,3,1,0,3,0,0,1,2,2,1,1,2,1,2,4,1,0,2,0,1,1,0,0,0,2,2,5,1,1,1,0,0,0,0,0,2,1,1,0,0,1,2,1,0,1,1,1,0,1,0,0,0,1,2,0,1,1,1,3,2,0,0,2,0,0,3,0,1,0,2,1,0,1,0,1,0,2,0,1,1,2,0,1,1,0,1,2,2,2,3,3,2,1,0,2,0,1,0,4,1,0,0,1,1,2,1,1,1,0,2,1,2,2,1,0,1,1,1,1,1,0,2,2,0,1,2,1,2,0,1,1,1,3,2,0,0,2,1,2,3,0,1,1,0,0,1,0,0,2,1,0,1,1,1,1,0,1,2,2,1,0,0,1,1,2,1,0,0,0,1,1,1,0,0,2,1,0,1,2,0,0,1,1,0,1,0,3,3,1,0,0,0,0,2,2,0,1,1,1,1,0,1,2,1,1,1,2,1,0,0,2,1,1,1,1,2,2,0,0,1,2,1,2,0,2,2,1,1,1,1,0,0,1,0,2,0,1,1,2,0,3,3,1,0,1,1,0,0,2,2,2,1,0,1,1,1,2,0,2,0,0,4,1,2,0,1,2,0,1,3,0,0,0,0,1,1,1,2,0,2,2,2,0,0,3,0,1,0,1,2,1,1,1,2,3,2,0,3,3,0,1,2,1,0,1,0,2,1,2,0,1,1,0,0,1,0,0,2,0,0,0,0,2,1,1,1,0,1,1,1,0,0,1,1,1,1,0,1,1,1,3,1,1,2,1,1,0,0,1,1,0,2,0,0,1,1,1,0,4,2,0,2,1,2,3,0,1,0,0,0,0,0,1,0,2,2,1,1,2,2,1,1,2,0,0,1,2,0,0,1,1,1,3,2,0,1,1,1,1,1,2,0,2,1,1,1,0,0,0,2,3,1,2,1,0,1,0,0,1,0,1,3,2,0,0,2,3,4,1,3,1,1,1,1,2,2,2,1,2,0,0,0,2,1,1,1,2,2,1,0,0,4,4,0,1,0,1,1,0,1,0,0,2,1,1,0,1,0,1,2,1,0,1,0,2,1,0,0,0,0,0,1,0,2,1,1,0,0,0,2,0,0,1,2,2,3,2,1,1,0,1,1,1,0,0,1,1,1,2,0,0,1,2,0,0,1,1,1,1,2,1,1,0,1,1,0,1,0,1,1,1,0,0,1,0,0,0,0,0,0,0,0,1,1,1,0,1,0,0,0,0,1,0,0,0,0,1,1,0,0,0,1,0,2,1,1,2,1,1,1,0,0,0,1,1,0,0,0,2,2,0,2,0,1,1,1,0,0,1,4,1,0,0,1,0,3,1,0,1,3,0,1,1,0,2,0,2,0,1,0,0,0,1,2,2,1,0,1,2,1,0,0,0,1,1,3,0,2,0,0,3,1,0,0,0,0,2,3,0,1,2,0,0,0,3,1,0,1,1,0,2,1,2,0,0,0,0,1,1,0,0,2,1,1,3,3,1,2,3,0,2,1,0,0,1,1,0,1,1,1,1,1,1,2,0,0,0,2,1,2,2,2,0,0,1,0,0,1,2,1,2,2,1,2,3,1,1,2,0,1,0,0,1,2,1,1,1,0,3,0,2,4,1,0,0,1,0,1,1,1,0,3,0,0,3,1,3,4,2,0,0,0,3,0,0,1,0,0,1,1,0,1,0,2,2,4,0,2,2,2,1,2,0,3,1,2,0,1,2,3,2,1,2,0,3,1,3,1,2,2,1,2,1,1,0,0,2,1,0,2,0,0,0,3,1,1,0,0,3,1,2,1,0,2,1,4,1,1,0,0,0,2,0,1,0,2,0,0,0,1,0,1,1,0,4,0,1,0,0,0,1,1,4,2,2,0,1,0,4,2,2,1,1,1,1,0,1,1,0,0,3,3,1,0,0,0,2,1,2,0,1,0,1,1,0,0,1,0,3,0,1,0,0,0,2,0,1,3,2,0,0,3,3,1,1,2,0,1,1,2,1,3,0,0,0,1,0,1,1,1,3,3,0,1,1,2,1,1,1,1,0,0,0,1,0,0,2,0,1,1,2,0,0,0,3,0,0,1,0,1,0,1,0,1,0,1,1,1,2,0,2,1,0,0,1,3,0,2,1,1,1,2,1,3,0,0,1,2,3,0,2,5,1,1,0,2,1,0,2,1,2,1,0,0,0,0,2,0,2,0,0,0,1,1,2,0,1,2,0,2,0,3,4,1,0,1,1,1,1,0,2,1,1,1,1,2,0,2,1,0,0,0,1,1,0,0,2,1,2,2,0,3,1,0,2,1,2,0,1,1,2,0,0,0,1,0,1,1,1,1,0,1,1,2,0,3,1,0,2,1,0,1,3,0,1,0,2,0,1,0,0,1,1,0,1,1,1,1,0,1,1,0,0,0,1,1,1,0,1,0,4,2,0,0,1,2,3,0,2,2,1,1,2,1,1,0,2,3,0,2,0,1,0,0,2,2,0,0,0,1,1,0,1,0,0,2,0,2,2,0,2,1,1,1,1,0,1,2,2,0,3,0,1,1,1,1,1,1,4,1,0,1,1,0,0,0,2,0,1,0,2,3,0,1,0,3,3,0,1,2,1,2,0,0,0,1,1,2,1,0,0,2,2,3,1,1,2,2,0,0,0,1,0,2,0,0,0,0,0,2,1,5,1,0,3,0,0,4,2,1,1,1,1,2,2,0,1,1,1,2,2,0]},{"counters":[0,1,2,1,3,0,0,0,1,1,1,0,2,2,1,1,2,1,0,2,1,0,0,0,4,0,0,0,1,0,0,2,2,0,1,1,1,2,1,1,1,3,0,0,2,1,0,3,2,2,1,0,1,3,0,1,2,1,2,0,1,0,0,3,1,0,0,1,0,2,2,0,1,0,0,0,0,0,0,0,0,1,2,3,2,0,1,1,1,1,1,0,0,0,4,1,2,1,1,3,1,1,1,3,0,3,2,0,1,0,1,2,0,0,2,1,0,0,1,0,0,0,3,0,2,1,1,0,0,1,1,1,1,2,1,0,2,2,2,0,0,1,3,1,1,2,1,2,1,0,0,2,0,1,1,3,1,1,2,2,5,1,3,1,1,0,1,1,1,0,2,1,1,1,0,1,0,0,1,1,0,1,2,2,2,1,1,2,0,1,1,2,0,1,0,1,0,2,2,1,1,2,2,0,1,0,0,3,2,0,2,0,0,1,2,1,2,2,2,0,2,1,0,0,0,3,2,1,1,0,0,2,3,1,0,0,2,0,4,0,0,0,0,0,1,1,1,1,1,0,0,0,0,2,2,3,2,0,4,2,0,2,1,1,2,1,1,0,0,1,0,3,0,0,1,0,0,0,1,1,0,1,0,1,1,0,0,2,0,3,1,1,2,1,2,1,1,1,2,3,0,0,2,0,0,2,1,1,0,4,1,1,1,0,0,0,1,1,0,0,0,2,2,2,1,2,0,1,1,2,1,0,0,1,0,0,1,0,2,0,0,0,2,1,2,1,0,0,0,0,1,0,2,2,0,2,1,0,0,0,0,1,1,0,3,0,2,1,3,2,1,1,1,1,1,0,1,0,1,3,0,0,1,0,1,0,0,1,1,1,1,2,1,3,0,0,0,0,0,1,2,1,1,0,1,0,1,0,1,0,1,1,0,0,2,0,1,2,2,1,1,0,0,1,2,0,2,0,2,0,0,2,0,1,0,0,0,0,0,2,1,0,2,1,1,1,4,0,0,1,1,1,3,1,3,0,0,0,1,1,2,4,3,1,0,0,0,0,2,1,1,2,0,1,2,0,0,3,0,0,1,1,0,1,2,0,0,0,1,2,1,1,0,3,0,0,0,2,0,1,1,1,2,0,2,0,0,1,1,0,1,1,1,0,0,0,0,0,1,1,2,0,1,0,2,0,1,0,1,0,0,2,0,0,2,2,0,3,1,1,1,2,1,0,1,1,0,2,3,0,1,1,0,0,0,0,0,3,1,1,0,1,1,2,0,2,2,0,1,0,1,1,0,3,2,0,0,1,0,1,1,3,0,0,3,3,0,1,3,1,1,0,3,0,0,0,1,1,1,2,1,1,1,0,0,0,0,1,2,1,1,0,1,2,3,0,0,0,1,1,1,1,4,2,1,0,2,1,2,2,0,2,0,1,0,1,1,0,3,0,0,0,0,0,1,0,1,0,2,1,1,3,0,1,2,1,1,0,1,3,0,1,0,2,1,2,2,0,0,1,2,0,1,2,1,1,1,0,2,1,0,0,0,0,1,3,1,1,1,1,0,1,0,1,1,1,0,0,1,1,0,1,0,2,0,0,1,2,2,1,1,2,2,2,1,0,1,0,0,2,0,2,1,2,1,1,2,1,0,1,2,1,0,4,3,2,1,0,2,1,0,1,0,0,1,2,0,1,1,0,1,1,2,0,0,1,3,2,0,1,0,1,2,1,0,0,0,1,0,1,0,0,0,0,1,0,0,2,0,2,3,0,0,0,0,1,0,0,0,0,1,1,0,0,2,0,1,2,0,1,1,3,0,0,2,0,1,1,0,1,3,2,0,1,1,1,1,1,0,1,0,3,1,2,0,0,2,1,1,0,0,1,1,1,0,2,1,2,1,0,1,1,0,0,1,2,0,1,1,1,1,1,1,0,1,1,2,1,0,1,2,2,0,1,1,2,2,1,0,1,1,3,1,0,0,0,2,0,1,1,1,0,1,1,0,1,1,1,2,1,1,0,1,1,1,0,1,0,1,0,0,0,1,0,2,0,2,1,1,2,1,1,0,1,0,1,0,2,0,3,0,0,2,2,1,0,1,2,1,1,1,1,0,1,0,1,0,2,1,2,1,1,3,2,0,1,5,2,1,0,0,2,1,0,1,1,0,0,3,3,1,2,1,0,0,0,2,2,1,1,2,1,0,2,0,0,2,1,1,0,2,1,1,1,0,1,0,1,0,1,3,1,0,3,2,0,0,0,0,0,3,0,0,1,2,1,3,1,0,0,1,1,0,0,2,2,0,1,1,1,1,1,1,2,0,0,1,2,2,2,3,0,4,0,1,0,0,1,0,1,2,1,0,1,1,2,0,0,2,0,0,0,0,0,2,2,0,0,1,0,1,1,1,1,0,2,1,0,2,2,0,2,1,0,3,2,2,1,0,1,0,2,2,0,0,0,3,2,2,2,0,2,0,1,0,0,1,1,1,1,1,2,1,0,0,1,1,0,1,2,0,2,2,1,0,0,1,0,0,3,3,1,2,1,1,0,0,2,0,1,2,1,0,0,1,1,1,0,1,1,2,0,1,1,0,1,1,1,2,1,2,2,0,1,0,0,1,2,0,1,3,1,2,2,1,1,2,1,1,0,0,2,0,0,0,1,0,1,4,3,0,0,2,0,1,0,2,1,0,2,1,2,1,0,0,3,1,0,3,1,0,1,0,1,0,0,0,1,1,0,0,2,0,2,0,0,0,3,1,0,1,0,1,0,0,0,0,1,1,2,0,3,0,1,0,2,0,0,1,0,1,0,1,0,2,4,1,1,0,1,0,0,2,0,0,0,1,1,1,0,2,2,1,0,0,2,0,2,0,4,0,2,1,1,3,3,1,1,0,0,0,1,0,0,2,2,4,0,0,1,0,0,0,4,1,0,1,0,3,1,1,0,4,1,0,1,2,1,0,1,2,0,2,1,1,0,4,2,3,0,1,1,0,1,0,0,1,0,2,1,3,0,0,0,2,2,1,0,2,3,0,1,2,0,1,1,3,1,2,0,1,0,0,1,0,1,2,0,3,2,2,1,1,1,2,0,1,0,0,1,1,3,1,1,0,1,1,2,0,0,1,1,1,0,1,0,0,1,2,4,3,1,1,3,0,2,1,1,3,1,2,0,2,0,0,0,2,0,1,1,1,0,1,0,2,0,1,2,2,1,1,0,1,1,1,0,2,1,1,2,1,0,2,1,0,0,0,1,0,1,1,2,1,0,1,2,0,0,2,3,2,2,0,2,3,1,1,1,3,3,1,2,1,2,1,1,1,1,4,3,0,2,0,0,1,0,4,0,1,0,1,3,1,0,0,3,3,2,1,1,3,2,1,0,2,2,0,0,0,1,0,1,0,1,1,1,0,1,2,0,0,0,1,2,0,0,1,0,1,2,0,0,0,0,4,1,0,2,1,2,2,0,0,1,2,1,2,0,1,1,1,1,2,0,2,1,0,1,1,1,4,5,0,2,1,1,1,1,1,0,3,2,0,1,3,0,0,0,1,2,1,2,1,1,2,1,2,0,1,1,2,0,2,0,2,2,2,1,2,3,0,2,1,3,0,0,1,0,2,1,1,0,0,1,1,0,0,1,0,1,3,1,2,0,0,0,2,0,4,1,0,1,3,3,0,1,0,0,0,1,1,2,2,2,1,2,0,0,1,1,1,0,2,0,0,1,0,1,1,1,1,2,1,0,1,0,0,0,1,0,0,1,1,0,0,2,2,2,1,3,1,1,1,3,1,1,1,0,0,1,0,1,1,2,1,0,2,3,2,2,2,1,3,0,1,2,1,1,0,0,2,0,3,1,0,0,0,2,0,0,0,0,2,1,1,2,0,0,0,0,1,0,1,0,2,2,0,1,1,2,0,1,0,0,0,2,1,2,4,0,0,2,2,0,0,1,0,0,2,0,1,3,1,1,2,1,1,2,1,0,1,0,0,1,3,1,2,1,1,0,0,0,1,1,0,1,3,0,1,1,0,0,1,0,1,1,0,1,0,0,1,2,0,1,0,0,1,2,0,0,0,1,1,0,0,0,2,0,2,1,2,1,2,1,1,0,1,4,0,0,1,0,0,1,0,1,2,2,0,1,1,2,1,1,1,0,2,2,2,1,0,0,0,0,2,0,2,1,1,3,2,1,2,1,3,0,3,1,2,3,0,2,0,4,1,2,0,1,2,0,0,3,0,0,1,1,0,0,0,3,0,0,3,1,1,1,0,1,1,3,1,1,1,0,1,0,0,0,0,1,1,3,0,0,1,2,2,0,3,1,2,1,1,1,0,0,1,1,0,0,0,1,2,0,2,0,0,0,0,1,0,2,0,2,0,2,2,0,1,0,2,0,2,1,1,0,2,0,1,1,1,0,1,1,0,0,0,1,1,0,3,1,1,3,0,0,0,4,1,3,0,1,0,1,0,0,3,2,1,2,1,0,2,2,1,4,1,0,0,1,1,0,0,0,2,3,1,1,3,0,0,1,1,1,1,2,1,0,2,1,2,2,1,1,2,1,0,0,0,1,3,0,2,1,0,3,1,1,3,0,0,2,1,0,1,0,1,1,1,1,0,0,2,1,1,1,0,0]}]},"null_count":0,"last_update_version":397952058243416064}},"indices":{},"count":2000,"modify_count":0,"version":0}