{"database_name":"test","table_name":"tbl_007","columns":{"a":{"histogram":{"ndv":2000,"buckets":[{"count":8,"lower_bound":"LTIxNDY0NzUwMzA=","upper_bound":"LTIxNDMwMzU0MDg=","repeats":1},{"count":16,"lower_bound":"LTIxMzgwODQ1MzU=","upper_bound":"LTIxMzQ1MzAwNTQ=","repeats":1},{"count":24,"lower_bound":"LTIxMzQyNjE5NDA=","upper_bound":"LTIxMzAwMTE1ODU=","repeats":1},{"count":32,"lower_bound":"LTIxMjk2MDk0ODE=","upper_bound":"LTIxMTYxNTE5MTQ=","repeats":1},{"count":40,"lower_bound":"LTIxMTIwODQyNjc=","upper_bound":"LTIwOTUzNTI2OTA=","repeats":1},{"count":48,"lower_bound":"LTIwOTQ2ODg2NjU=","upper_bound":"LTIwNzg5MTIwMDY=","repeats":1},{"count":56,"lower_bound":"LTIwNzU3Njc3MDA=","upper_bound":"LTIwNzE5MTE0MTE=","repeats":1},{"count":64,"lower_bound":"LTIwNjk4MzQ0NjU=","upper_bound":"LTIwNTI2ODE1NjM=","repeats":1},{"count":72,"lower_bound":"LTIwNTIwODQ4NzI=","upper_bound":"LTIwNDMzMDg5NDE=","repeats":1},{"count":80,"lower_bound":"LTIwNDEwOTEzMjk=","upper_bound":"LTIwMzI2MjEyNDE=","repeats":1},{"count":88,"lower_bound":"LTIwMzAyODE0MTM=","upper_bound":"LTIwMDk0NDkwNzE=","repeats":1},{"count":96,"lower_bound":"LTIwMDY5ODI0ODE=","upper_bound":"LTIwMDM5ODMwNjk=","repeats":1},{"count":104,"lower_bound":"LTIwMDI2MTU2MDg=","upper_bound":"LTE5OTA0NjM2MjQ=","repeats":1},{"count":112,"lower_bound":"LTE5ODM3ODUwNzQ=","upper_bound":"LTE5ODA1NTYyMTA=","repeats":1},{"count":120,"lower_bound":"LTE5Njg3NTI2ODA=","upper_bound":"LTE5NTQ1ODQyODQ=","repeats":1},{"count":128,"lower_bound":"LTE5MzU3MTQ1Mzc=","upper_bound":"LTE5Mjg1MDYwMDE=","repeats":1},{"count":136,"lower_bound":"LTE5MjM4OTEzOTE=","upper_bound":"LTE5MTI0MDk2OTI=","repeats":1},{"count":144,"lower_bound":"LTE5MDMzMTMzNzU=","upper_bound":"LTE4OTM0MzcwOTA=","repeats":1},{"count":152,"lower_bound":"LTE4ODU5ODkwMTg=","upper_bound":"LTE4NjI0MjE2NjY=","repeats":1},{"count":160,"lower_bound":"LTE4NDM0OTcyNTI=","upper_bound":"LTE4MjcxOTY0Njc=","repeats":1},{"count":168,"lower_bound":"LTE4MjA4NTEzMzg=","upper_bound":"LTE4MDk3ODk5MTE=","repeats":1},{"count":176,"lower_bound":"LTE4MDczMjU1NjQ=","upper_bound":"LTE3ODQ4NDk1NTM=","repeats":1},{"count":184,"lower_bound":"LTE3NzQ4NTg3MTU=","upper_bound":"LTE3NjMyNTcyMjE=","repeats":1},{"count":192,"lower_bound":"LTE3NjMwODgyNjE=","upper_bound":"LTE3NTcwODEwMzU=","repeats":1},{"count":200,"lower_bound":"LTE3NTY2NTExMTc=","upper_bound":"LTE3NDM5MTMwNDk=","repeats":1},{"count":208,"lower_bound":"LTE3Mzc2Nzc5NjE=","upper_bound":"LTE3MjI0ODA2MjM=","repeats":1},{"count":216,"lower_bound":"LTE3MjE5Nzg2MDQ=","upper_bound":"LTE3MTUyNjY2MjY=","repeats":1},{"count":224,"lower_bound":"LTE3MTUyMzc5ODk=","upper_bound":"LTE3MDU0NTE5NjY=","repeats":1},{"count":232,"lower_bound":"LTE3MDM5NTQxOTE=","upper_bound":"LTE2OTM5NzAxMzc=","repeats":1},{"count":240,"lower_bound":"LTE2ODk2NDgzNzA=","upper_bound":"LTE2ODMxMTI4NjU=","repeats":1},{"count":248,"lower_bound":"LTE2Njk4MzY0OTk=","upper_bound":"LTE2NjU0MDM1NDk=","repeats":1},{"count":256,"lower_bound":"LTE2NjM5MTIyNTY=","upper_bound":"LTE2NTU3MDA4OTA=","repeats":1},{"count":264,"lower_bound":"LTE2NTE4MTM1Mzg=","upper_bound":"LTE2NDA2ODEyMjc=","repeats":1},{"count":272,"lower_bound":"LTE2Mzc3NzA2MzI=","upper_bound":"LTE2MTc0Nzc5ODk=","repeats":1},{"count":280,"lower_bound":"LTE2MTQyMTY5MDA=","upper_bound":"LTE2MDA1MDcxMjY=","repeats":1},{"count":288,"lower_bound":"LTE2MDAyNzE3OTQ=","upper_bound":"LTE1ODQ2MjkwNjY=","repeats":1},{"count":296,"lower_bound":"LTE1Nzk2Njg1NjY=","upper_bound":"LTE1NjU4NTE5MzE=","repeats":1},{"count":304,"lower_bound":"LTE1NjQyNjkwNDk=","upper_bound":"LTE1NDM3MTAwNDQ=","repeats":1},{"count":312,"lower_bound":"LTE1MzI3MTM3NTQ=","upper_bound":"LTE1MTQzMTA5NTU=","repeats":1},{"count":320,"lower_bound":"LTE1MTE4ODk2OTI=","upper_bound":"LTE1MDI0NTIzODI=","repeats":1},{"count":328,"lower_bound":"LTE0OTkwOTc5NjY=","upper_bound":"LTE0NzI2NjA4ODY=","repeats":1},{"count":336,"lower_bound":"LTE0NjE4MDQxMjk=","upper_bound":"LTE0NTQ2MjkzNjQ=","repeats":1},{"count":344,"lower_bound":"LTE0NTMwNDM5MDI=","upper_bound":"LTE0NDEwNjg0MDA=","repeats":1},{"count":352,"lower_bound":"LTE0MzUxODEwNTI=","upper_bound":"LTE0MjEwODM3OTA=","repeats":1},{"count":360,"lower_bound":"LTE0MTE2MDE1NzQ=","upper_bound":"LTE0MDcxNzE1NjA=","repeats":1},{"count":368,"lower_bound":"LTE0MDY2ODIwMTc=","upper_bound":"LTE0MDEwODY1NjU=","repeats":1},{"count":376,"lower_bound":"LTEzOTkxMzk4MzA=","upper_bound":"LTEzOTU5NjkzMDk=","repeats":1},{"count":384,"lower_bound":"LTEzNzMyMjA4NDI=","upper_bound":"LTEzNjgwNDM3MjU=","repeats":1},{"count":392,"lower_bound":"LTEzNTE3NzI0Mzc=","upper_bound":"LTEzNDU2NTM1NDY=","repeats":1},{"count":400,"lower_bound":"LTEzNDQxOTE2MDY=","upper_bound":"LTEzMTI3MDEwMzk=","repeats":1},{"count":408,"lower_bound":"LTEzMDY0MzU4NzA=","upper_bound":"LTEyODU1NTA4OTc=","repeats":1},{"count":416,"lower_bound":"LTEyODUwODk5NTc=","upper_bound":"LTEyNzgyMjMxODE=","repeats":1},{"count":424,"lower_bound":"LTEyNzMyMzQ3NTg=","upper_bound":"LTEyNjQ5NDc1MDc=","repeats":1},{"count":432,"lower_bound":"LTEyNjMzNjczOTI=","upper_bound":"LTEyNDM4MDkzNDU=","repeats":1},{"count":440,"lower_bound":"LTEyMzgxNDgzNDU=","upper_bound":"LTEyMjk1NTM4ODI=","repeats":1},{"count":448,"lower_bound":"LTEyMjYxNDkwNTc=","upper_bound":"LTEyMTc1NDYwMTA=","repeats":1},{"count":456,"lower_bound":"LTEyMTQwMjc5NTM=","upper_bound":"LTExODU1MzYxNzE=","repeats":1},{"count":464,"lower_bound":"LTExNzk0MjcyOTU=","upper_bound":"LTExNjk1OTkwOTQ=","repeats":1},{"count":472,"lower_bound":"LTExNjg0MDQzNDk=","upper_bound":"LTExMzIzMjUzOTI=","repeats":1},{"count":480,"lower_bound":"LTExMzEyNjY0Mjg=","upper_bound":"LTExMTc0NDc3NjY=","repeats":1},{"count":488,"lower_bound":"LTExMTEyNTU4NDY=","upper_bound":"LTExMDcwMDExMjA=","repeats":1},{"count":496,"lower_bound":"LTExMDQ2MjA1MDY=","upper_bound":"LTEwOTgxNjIzMjk=","repeats":1},{"count":504,"lower_bound":"LTEwODg2ODMwMjA=","upper_bound":"LTEwNzU1MTg1NjU=","repeats":1},{"count":512,"lower_bound":"LTEwNTMwNjAzMjU=","upper_bound":"LTEwMzc1NjQ3Nzk=","repeats":1},{"count":520,"lower_bound":"LTEwMzM4NDE0NzY=","upper_bound":"LTEwMTczMDgxODU=","repeats":1},{"count":528,"lower_bound":"LTEwMDk5OTc0NzM=","upper_bound":"LTk3MTMwMjkzMQ==","repeats":1},{"count":536,"lower_bound":"LTk2Njg5NTkyMA==","upper_bound":"LTk1OTk2MDUxNw==","repeats":1},{"count":544,"lower_bound":"LTk1NjgyNjA1MQ==","upper_bound":"LTkzNTM0Nzk4MQ==","repeats":1},{"count":552,"lower_bound":"LTkzMDg4OTMyNQ==","upper_bound":"LTkyNzU2Nzc2Mg==","repeats":1},{"count":560,"lower_bound":"LTkyNzA1NzE5OQ==","upper_bound":"LTkyMTk5NTAzNQ==","repeats":1},{"count":568,"lower_bound":"LTkxOTAwNTQwMg==","upper_bound":"LTkxMTUxNjAzNQ==","repeats":1},{"count":576,"lower_bound":"LTkwNjk1NDQ5MA==","upper_bound":"LTkwMjQ4ODA4MQ==","repeats":1},{"count":584,"lower_bound":"LTg5ODQyNDI2Nw==","upper_bound":"LTg4MTQyNzAzMQ==","repeats":1},{"count":592,"lower_bound":"LTg4MDE5NzkxOA==","upper_bound":"LTg3MTUxODkwMQ==","repeats":1},{"count":600,"lower_bound":"LTg2Mzk0MjczMA==","upper_bound":"LTg2MjEwNjA4Nw==","repeats":1},{"count":608,"lower_bound":"LTg1Mjc2NjUyOQ==","upper_bound":"LTg0Nzg3MTUwOA==","repeats":1},{"count":616,"lower_bound":"LTg0NjM1OTQzMA==","upper_bound":"LTgzMjgxNjk3NA==","repeats":1},{"count":624,"lower_bound":"LTgyNDYzODYyNw==","upper_bound":"LTgxMzA1MTY1OA==","repeats":1},{"count":632,"lower_bound":"LTgwNjU1NDA1MQ==","upper_bound":"LTc4MDkyMjU3NQ==","repeats":1},{"count":640,"lower_bound":"LTc3MDI3NzU0Nw==","upper_bound":"LTc2OTA2OTY2MQ==","repeats":1},{"count":648,"lower_bound":"LTc2NTU5MTk5Ng==","upper_bound":"LTc1ODU4NTE0Nw==","repeats":1},{"count":656,"lower_bound":"LTc0NDU0OTAyMQ==","upper_bound":"LTczMTg1NTY0MQ==","repeats":1},{"count":664,"lower_bound":"LTcyODE0NjQ5MQ==","upper_bound":"LTcxOTcyNzA3NA==","repeats":1},{"count":672,"lower_bound":"LTcxNDczODcxMQ==","upper_bound":"LTcwNjMxMDc0MA==","repeats":1},{"count":680,"lower_bound":"LTY5NjIxNTQ4MQ==","upper_bound":"LTY4MjMzMDkyNw==","repeats":1},{"count":688,"lower_bound":"LTY3NjAzNTQxMw==","upper_bound":"LTY1Njk0NzMzNw==","repeats":1},{"count":696,"lower_bound":"LTY1MzUyNTExMg==","upper_bound":"LTY0NDA3OTk0OQ==","repeats":1},{"count":704,"lower_bound":"LTY0MTQ4MjQ4NQ==","upper_bound":"LTYyODcwMzYxMg==","repeats":1},{"count":712,"lower_bound":"LTYyNjg4NDQzOA==","upper_bound":"LTYxMjk4NzE5OQ==","repeats":1},{"count":720,"lower_bound":"LTYxMjAxMjU2Ng==","upper_bound":"LTYwMzEyMTQ4OA==","repeats":1},{"count":728,"lower_bound":"LTU5OTkxMjY3MA==","upper_bound":"LTU5MTQzMjg5Ng==","repeats":1},{"count":736,"lower_bound":"LTU3OTE4MjA5Nw==","upper_bound":"LTU1NTkxMzIyMA==","repeats":1},{"count":744,"lower_bound":"LTU1NTA0NjEwMg==","upper_bound":"LTU0NDIwNzAyOQ==","repeats":1},{"count":752,"lower_bound":"LTUyNjE0MzA4OQ==","upper_bound":"LTUwNzE5Mjg4Ng==","repeats":1},{"count":760,"lower_bound":"LTUwMzk3Mjg1Mw==","upper_bound":"LTQ5NjEzNDkwNA==","repeats":1},{"count":768,"lower_bound":"LTQ5NDM4NDA1Ng==","upper_bound":"LTQ4NTU4ODI0Nw==","repeats":1},{"count":776,"lower_bound":"LTQ4NDE0OTk2Nw==","upper_bound":"LTQ3MzUyMDAwMQ==","repeats":1},{"count":784,"lower_bound":"LTQ3MTQ2MjUwNw==","upper_bound":"LTQ2OTIxNzAyOQ==","repeats":1},{"count":792,"lower_bound":"LTQ2NTQ0OTc5OA==","upper_bound":"LTQ2MjgxNjMwNQ==","repeats":1},{"count":800,"lower_bound":"LTQ1NzAwMzk4Ng==","upper_bound":"LTQ0NTM5MTg1Mw==","repeats":1},{"count":808,"lower_bound":"LTQ0NDEwNjIwOA==","upper_bound":"LTQzNzQ1NTcwMA==","repeats":1},{"count":816,"lower_bound":"LTQzNTMyNzA1NQ==","upper_bound":"LTQxMjIxMDU5Mg==","repeats":1},{"count":824,"lower_bound":"LTQxMDA3NjIxMg==","upper_bound":"LTM5OTYzMDY5OA==","repeats":1},{"count":832,"lower_bound":"LTM5ODI4NzE5OA==","upper_bound":"LTM5MDY2OTYxMw==","repeats":1},{"count":840,"lower_bound":"LTM4OTE4MjQ1MA==","upper_bound":"LTM1OTg3NDY5Mg==","repeats":1},{"count":848,"lower_bound":"LTM1MTc2NDc2NQ==","upper_bound":"LTM0NjA0OTQ1Nw==","repeats":1},{"count":856,"lower_bound":"LTMzOTMyODg2NQ==","upper_bound":"LTMyMjg1NjQ3Ng==","repeats":1},{"count":864,"lower_bound":"LTMyMTY2MTA1Mw==","upper_bound":"LTMwMzg3MTM0MA==","repeats":1},{"count":872,"lower_bound":"LTMwMTk4NTA5NA==","upper_bound":"LTI5NDE1Nzc1Mw==","repeats":1},{"count":880,"lower_bound":"LTI5MTkxMjMyNg==","upper_bound":"LTI4OTI3MjEyNA==","repeats":1},{"count":888,"lower_bound":"LTI4NDQyMzUzMA==","upper_bound":"LTI3MjM4OTUxOA==","repeats":1},{"count":896,"lower_bound":"LTI2MDgzNzAxMw==","upper_bound":"LTI0OTk4MzU2NA==","repeats":1},{"count":904,"lower_bound":"LTI0NzI4NzYwMQ==","upper_bound":"LTIyOTk3NzkyNQ==","repeats":1},{"count":912,"lower_bound":"LTIyNjk5NTEyMg==","upper_bound":"LTIyMjk4NTg0Mw==","repeats":1},{"count":920,"lower_bound":"LTIyMTE1ODcyOQ==","upper_bound":"LTIxNDYxMjM5Nw==","repeats":1},{"count":928,"lower_bound":"LTIxMTE4OTg4NA==","upper_bound":"LTE5NTAxMTM3Mg==","repeats":1},{"count":936,"lower_bound":"LTE5Mjg4NTc5Nw==","upper_bound":"LTE3NTEwOTU2MQ==","repeats":1},{"count":944,"lower_bound":"LTE2MTU3NDM1Mw==","upper_bound":"LTE1MzE5NjA4Ng==","repeats":1},{"count":952,"lower_bound":"LTE0NjQ3NDgzMw==","upper_bound":"LTEzNjAzOTIyNw==","repeats":1},{"count":960,"lower_bound":"LTEzNDI4MDMzNw==","upper_bound":"LTEyNzA0NjY5OA==","repeats":1},{"count":968,"lower_bound":"LTExNTYwODY0MA==","upper_bound":"LTk4OTY5ODMz","repeats":1},{"count":976,"lower_bound":"LTk3MjIwMjYz","upper_bound":"LTkwNjIwMDg4","repeats":1},{"count":984,"lower_bound":"LTg2MzQxMjU4","upper_bound":"LTc2MjgyMTgw","repeats":1},{"count":992,"lower_bound":"LTcyNTIxOTc2","upper_bound":"LTU1NDcyMTU4","repeats":1},{"count":1000,"lower_bound":"LTUwNjc2NDYx","upper_bound":"LTQ3MjUxMzc4","repeats":1},{"count":1008,"lower_bound":"LTQ0MjYzNjY4","upper_bound":"LTI3NTE1NTEz","repeats":1},{"count":1016,"lower_bound":"LTIyNDEyMTkx","upper_bound":"LTM3OTMxMDU=","repeats":1},{"count":1024,"lower_bound":"MTI5NTc0MTI=","upper_bound":"MjU0MTY5ODU=","repeats":1},{"count":1032,"lower_bound":"MjY3OTcyMzc=","upper_bound":"MzI4NzU5MzA=","repeats":1},{"count":1040,"lower_bound":"NDYyMzc3Nzc=","upper_bound":"NjE3NDgxMjQ=","repeats":1},{"count":1048,"lower_bound":"NjYxMDkyMjg=","upper_bound":"Nzc3MzExNjQ=","repeats":1},{"count":1056,"lower_bound":"ODM4NDUzODA=","upper_bound":"OTM3Mjk3OTQ=","repeats":1},{"count":1064,"lower_bound":"OTQ5MTk3MjI=","upper_bound":"MTA1OTIyNTgw","repeats":1},{"count":1072,"lower_bound":"MTEzMTI2NjI0","upper_bound":"MTI2ODE3NTQ3","repeats":1},{"count":1080,"lower_bound":"MTMyNjQ2MzA0","upper_bound":"MTUyMTc2MzEw","repeats":1},{"count":1088,"lower_bound":"MTU4ODM4OTc5","upper_bound":"MTc0MzM2NTMy","repeats":1},{"count":1096,"lower_bound":"MTc0NzI3ODQ0","upper_bound":"MTgxNzIwOTc3","repeats":1},{"count":1104,"lower_bound":"MTg1OTY4MTMz","upper_bound":"MTk2OTQ0OTUx","repeats":1},{"count":1112,"lower_bound":"MTk3NDk0MzQz","upper_bound":"MjA2NDIyNjI2","repeats":1},{"count":1120,"lower_bound":"MjEzNTU4ODIz","upper_bound":"MjE2MTcyOTg3","repeats":1},{"count":1128,"lower_bound":"MjI0NjQ2NDY1","upper_bound":"MjM1MTc1NTY0","repeats":1},{"count":1136,"lower_bound":"MjQwODQxNDY2","upper_bound":"MjUxNzIzMzQy","repeats":1},{"count":1144,"lower_bound":"MjYyMjg1MTg2","upper_bound":"MjczMTYxNTEw","repeats":1},{"count":1152,"lower_bound":"Mjc0Mjg0NzI5","upper_bound":"Mjk5NzM3Njc0","repeats":1},{"count":1160,"lower_bound":"MzAxODA2NjQy","upper_bound":"MzE4MDk4Mjk5","repeats":1},{"count":1168,"lower_bound":"MzIxNjY2ODc4","upper_bound":"MzQwODcxMDg4","repeats":1},{"count":1176,"lower_bound":"MzQ0MDcwNDEy","upper_bound":"MzU2MjU4MjAy","repeats":1},{"count":1184,"lower_bound":"MzU5NDU2ODk1","upper_bound":"MzYyNjA5ODY0","repeats":1},{"count":1192,"lower_bound":"Mzc2NzQxODA3","upper_bound":"MzkxMTQzMzAx","repeats":1},{"count":1200,"lower_bound":"MzkxMzc1NzU4","upper_bound":"Mzk4MDM0NDM0","repeats":1},{"count":1208,"lower_bound":"Mzk5MTUxMDM0","upper_bound":"NDA1OTgzNjQ0","repeats":1},{"count":1216,"lower_bound":"NDEwNDE1MjA1","upper_bound":"NDI2NzEwMDI5","repeats":1},{"count":1224,"lower_bound":"NDI2OTk2NzA0","upper_bound":"NDUyMzM2NDU0","repeats":1},{"count":1232,"lower_bound":"NDcxNDg1OTg0","upper_bound":"NDg3MjM1OTY4","repeats":1},{"count":1240,"lower_bound":"NDg4NDUzNzcx","upper_bound":"NDk0ODQ3MDU5","repeats":1},{"count":1248,"lower_bound":"NDk3ODQ0MDQy","upper_bound":"NTA0NjcwMjg1","repeats":1},{"count":1256,"lower_bound":"NTA4ODE4MjMw","upper_bound":"NTE5MjcxMjc0","repeats":1},{"count":1264,"lower_bound":"NTI0MjA0NzM3","upper_bound":"NTMzMDI5ODI4","repeats":1},{"count":1272,"lower_bound":"NTMzNzcwNDM0","upper_bound":"NTQxMzA4MzQ3","repeats":1},{"count":1280,"lower_bound":"NTQ4NjI1OTkz","upper_bound":"NTY5MDAxNDU0","repeats":1},{"count":1288,"lower_bound":"NTcwMDI0MTQ5","upper_bound":"NTgxMTAxMzE1","repeats":1},{"count":1296,"lower_bound":"NTg0NzgxMjMy","upper_bound":"NjA3MzQwOTA1","repeats":1},{"count":1304,"lower_bound":"NjA3Njk3NDAw","upper_bound":"NjE0NzQ1NTky","repeats":1},{"count":1312,"lower_bound":"NjIwODQwMjEw","upper_bound":"NjIzMjg3MjQw","repeats":1},{"count":1320,"lower_bound":"NjI5ODU4Mzkw","upper_bound":"NjQzMDUwOTM4","repeats":1},{"count":1328,"lower_bound":"NjQ1MTE5Nzgx","upper_bound":"NjU1MzM0MDg4","repeats":1},{"count":1336,"lower_bound":"NjU2MDkzMjYz","upper_bound":"NjYwNjQwOTE2","repeats":1},{"count":1344,"lower_bound":"NjYzNzU4NDcw","upper_bound":"NjY3NDE4NTgw","repeats":1},{"count":1352,"lower_bound":"NjY5MzcwMDYw","upper_bound":"Njg3MDIwODc0","repeats":1},{"count":1360,"lower_bound":"Njg5NTY0NDk0","upper_bound":"Njk0NzA2ODI0","repeats":1},{"count":1368,"lower_bound":"NzAwOTY1NjMx","upper_bound":"NzE0Nzk2NzIw","repeats":1},{"count":1376,"lower_bound":"NzI0MzExMjkz","upper_bound":"NzMxNTUyNjIy","repeats":1},{"count":1384,"lower_bound":"NzM0Njg2ODcx","upper_bound":"NzM4Njk0Mjg5","repeats":1},{"count":1392,"lower_bound":"NzQ5ODUzMzIw","upper_bound":"NzY1NTA0MTU2","repeats":1},{"count":1400,"lower_bound":"NzcwMjY2MDg2","upper_bound":"Nzg0Mzg2NDE2","repeats":1},{"count":1408,"lower_bound":"Nzg1NzQyNjQ5","upper_bound":"Nzk5NjM1NTk4","repeats":1},{"count":1416,"lower_bound":"ODA1MTg3NjYw","upper_bound":"ODEyNjQ3MjAy","repeats":1},{"count":1424,"lower_bound":"ODE2MDQ5MDEw","upper_bound":"ODMxOTI5MTEy","repeats":1},{"count":1432,"lower_bound":"ODM5MDA1ODQw","upper_bound":"ODUzNzgwMzA5","repeats":1},{"count":1440,"lower_bound":"ODU2ODE3MDQ0","upper_bound":"ODY2MTk0MDgw","repeats":1},{"count":1448,"lower_bound":"ODY3MDAwNDU5","upper_bound":"ODc3Nzc1NzYz","repeats":1},{"count":1456,"lower_bound":"ODg0NzExNDky","upper_bound":"OTEyMTg0NTMw","repeats":1},{"count":1464,"lower_bound":"OTI3MzQyNTA5","upper_bound":"OTQyNjQyMTY5","repeats":1},{"count":1472,"lower_bound":"OTQ0MDI3MjQ5","upper_bound":"OTUwNjM0ODUx","repeats":1},{"count":1480,"lower_bound":"OTUyNjY4MTc1","upper_bound":"OTcxNTM4MDYz","repeats":1},{"count":1488,"lower_bound":"OTc0OTg2MTMz","upper_bound":"OTk5OTQ3ODk4","repeats":1},{"count":1496,"lower_bound":"MTAwMDU0ODgxMw==","upper_bound":"MTAxMTMzOTA2Ng==","repeats":1},{"count":1504,"lower_bound":"MTAxMzMxMTA5OQ==","upper_bound":"MTAyMjA3OTM0Ng==","repeats":1},{"count":1512,"lower_bound":"MTAyMzc1OTU1NQ==","upper_bound":"MTAzNDUxNDE2OQ==","repeats":1},{"count":1520,"lower_bound":"MTAzNTI3MDg2MQ==","upper_bound":"MTA1MjM3MDM4Ng==","repeats":1},{"count":1528,"lower_bound":"MTA2NDAxOTIxMA==","upper_bound":"MTA2Nzg5MDc5NA==","repeats":1},{"count":1536,"lower_bound":"MTA3MTQ2MTIzMw==","upper_bound":"MTA4NTcxMDA5OQ==","repeats":1},{"count":1544,"lower_bound":"MTA4ODk5MTk3MQ==","upper_bound":"MTEwMjYwNTIyMQ==","repeats":1},{"count":1552,"lower_bound":"MTEwNTQ2ODk2MQ==","upper_bound":"MTEwOTU5MzA3NA==","repeats":1},{"count":1560,"lower_bound":"MTEwOTYxNDgxNg==","upper_bound":"MTE0MTc2NTg2OA==","repeats":1},{"count":1568,"lower_bound":"MTE0NDMzNTkzMQ==","upper_bound":"MTE2MzkyMjAyOA==","repeats":1},{"count":1576,"lower_bound":"MTE3OTkyMTU4MA==","upper_bound":"MTIwMjMwNzA1Ng==","repeats":1},{"count":1584,"lower_bound":"MTIwMjYxOTM3OA==","upper_bound":"MTIwOTI3NjUyOA==","repeats":1},{"count":1592,"lower_bound":"MTIxMTg4MjYzOQ==","upper_bound":"MTIyMzc0NDQ5Ng==","repeats":1},{"count":1600,"lower_bound":"MTIyNzIyNjE4NA==","upper_bound":"MTIzNjQ1NzkwMQ==","repeats":1},{"count":1608,"lower_bound":"MTI1MTIzMTc3Nw==","upper_bound":"MTI2MDM0OTczNA==","repeats":1},{"count":1616,"lower_bound":"MTI2MTQ2NzQ2NQ==","upper_bound":"MTI2ODMwNzYxNQ==","repeats":1},{"count":1624,"lower_bound":"MTI3MTc0MDEwMA==","upper_bound":"MTMxODIxNjc4Nw==","repeats":1},{"count":1632,"lower_bound":"MTMxODM2OTQ5NQ==","upper_bound":"MTMzMDEzMzIxNg==","repeats":1},{"count":1640,"lower_bound":"MTMzMDYyNjIyNQ==","upper_bound":"MTM2OTY1NDQwNg==","repeats":1},{"count":1648,"lower_bound":"MTM3MjI5ODczNA==","upper_bound":"MTM4NzQ3ODA2NA==","repeats":1},{"count":1656,"lower_bound":"MTM4ODY5MTE3Mw==","upper_bound":"MTQwMTUyNDcyNQ==","repeats":1},{"count":1664,"lower_bound":"MTQwODE5Mjc0NQ==","upper_bound":"MTQyMTA1MTIzNA==","repeats":1},{"count":1672,"lower_bound":"MTQyNDUyODA4NQ==","upper_bound":"MTQ0MDQyNzI1Mw==","repeats":1},{"count":1680,"lower_bound":"MTQ0MTU2NTMzNg==","upper_bound":"MTQ1MDU4NTc5OQ==","repeats":1},{"count":1688,"lower_bound":"MTQ1MTA5OTQxOA==","upper_bound":"MTQ2ODU5NDc3MA==","repeats":1},{"count":1696,"lower_bound":"MTQ4OTIyNjQwMQ==","upper_bound":"MTUyMzE3MTMwMQ==","repeats":1},{"count":1704,"lower_bound":"MTU0MjAxMjAzNA==","upper_bound":"MTU1NTY1NDY1OA==","repeats":1},{"count":1712,"lower_bound":"MTU1NjcxOTY2MQ==","upper_bound":"MTU2Njc4ODc5Ng==","repeats":1},{"count":1720,"lower_bound":"MTU3MjA3NjcxNA==","upper_bound":"MTU4NzQyNjAxMw==","repeats":1},{"count":1728,"lower_bound":"MTYwMDQyNDkyOA==","upper_bound":"MTYxMTA4MDAwOQ==","repeats":1},{"count":1736,"lower_bound":"MTYxODI1MDcxNQ==","upper_bound":"MTYyOTM1NDAyOA==","repeats":1},{"count":1744,"lower_bound":"MTYzMjMyOTYxNA==","upper_bound":"MTYzOTk0ODE5Mg==","repeats":1},{"count":1752,"lower_bound":"MTY0NDQxNDY3OQ==","upper_bound":"MTY1MjM4ODkyMw==","repeats":1},{"count":1760,"lower_bound":"MTY1MzAyNjEzNg==","upper_bound":"MTY2NTEzNzg4OA==","repeats":1},{"count":1768,"lower_bound":"MTY2NTc2MzQzMw==","upper_bound":"MTY3MTM3MzU3OQ==","repeats":1},{"count":1776,"lower_bound":"MTY3MTU0NzcyNg==","upper_bound":"MTY4MzIxNDUxOQ==","repeats":1},{"count":1784,"lower_bound":"MTY4NjU2MzYxNQ==","upper_bound":"MTcwNjY1NTM5NQ==","repeats":1},{"count":1792,"lower_bound":"MTcwNjc5MjgwNw==","upper_bound":"MTcxNzI5NzA1OQ==","repeats":1},{"count":1800,"lower_bound":"MTcyNjM5Mzg5OQ==","upper_bound":"MTczODA5MjgwMQ==","repeats":1},{"count":1808,"lower_bound":"MTczODM2NzcxOQ==","upper_bound":"MTc0NzE5OTM5MQ==","repeats":1},{"count":1816,"lower_bound":"MTc1MDgyNDAwMA==","upper_bound":"MTc2MjkzODU2OA==","repeats":1},{"count":1824,"lower_bound":"MTc3MDE1NjgxMw==","upper_bound":"MTc4MDk2ODAyNg==","repeats":1},{"count":1832,"lower_bound":"MTc4Mzk3MjM4NA==","upper_bound":"MTc4ODI0NDk2NQ==","repeats":1},{"count":1840,"lower_bound":"MTc5MzM4NDAzOA==","upper_bound":"MTgwODEzOTY3Ng==","repeats":1},{"count":1848,"lower_bound":"MTgxMzgxMTY2Ng==","upper_bound":"MTgyODgyODc2OA==","repeats":1},{"count":1856,"lower_bound":"MTg0MzI2OTU0MQ==","upper_bound":"MTg0OTAzMjA3OA==","repeats":1},{"count":1864,"lower_bound":"MTg1MjYwNDAwNg==","upper_bound":"MTg2MDc4OTQ2MA==","repeats":1},{"count":1872,"lower_bound":"MTg2OTYxNjE2Mw==","upper_bound":"MTg3ODk3MzE3OQ==","repeats":1},{"count":1880,"lower_bound":"MTg3OTAxNDE2MA==","upper_bound":"MTg5NTg2MjA3Mw==","repeats":1},{"count":1888,"lower_bound":"MTkwMTQzNjI2NQ==","upper_bound":"MTkxNjMwMTAwOA==","repeats":1},{"count":1896,"lower_bound":"MTkxOTg0MjE1NQ==","upper_bound":"MTkzMDgyNzczMA==","repeats":1},{"count":1904,"lower_bound":"MTkzMjExOTYzMA==","upper_bound":"MTk0NTMwNTkxMw==","repeats":1},{"count":1912,"lower_bound":"MTk0NTQ2ODQyMA==","upper_bound":"MTk0OTI3NjkxOQ==","repeats":1},{"count":1920,"lower_bound":"MTk1MTEzMDk1OQ==","upper_bound":"MTk1ODMyODQ3Ng==","repeats":1},{"count":1928,"lower_bound":"MTk2MTUyNzU4NA==","upper_bound":"MTk3MjkzOTE3Ng==","repeats":1},{"count":1936,"lower_bound":"MTk3NTUzMzk5MA==","upper_bound":"MTk5MDY2NzUyNA==","repeats":1},{"count":1944,"lower_bound":"MTk5MTE4MDg4NQ==","upper_bound":"MjAwNzIzODQ0Mg==","repeats":1},{"count":1952,"lower_bound":"MjAwODQzNjM1MA==","upper_bound":"MjAxMTM3MTQwOQ==","repeats":1},{"count":1960,"lower_bound":"MjAxNzA0MDQ0NA==","upper_bound":"MjAyNjc1MzU0OQ==","repeats":1},{"count":1968,"lower_bound":"MjAzMzcxMjU5Nw==","upper_bound":"MjA3MTU3NDE2Mw==","repeats":1},{"count":1976,"lower_bound":"MjA4NzU5NzQ4Ng==","upper_bound":"MjA5NjU0MzI1Ng==","repeats":1},{"count":1984,"lower_bound":"MjEwMTQ0MDY0Ng==","upper_bound":"MjEwOTYwMTYzOQ==","repeats":1},{"count":1992,"lower_bound":"MjExNTA3MzUyNQ==","upper_bound":"MjEzMTQwODM0OA==","repeats":1},{"count":2000,"lower_bound":"MjEzOTk5NjkyOQ==","upper_bound":"MjE0NTc4Mzk3NA==","repeats":1}]},"cm_sketch":{"rows":[{"counters":[0,0,3,2,0,1,1,1,0,0,0,1,3,2,0,2,0,0,0,1,0,1,2,0,0,0,2,1,1,1,0,0,0,0,0,2,0,1,0,2,1,1,2,0,0,1,2,0,3,0,2,1,0,0,0,2,1,0,1,1,1,0,0,3,1,0,0,1,1,1,0,2,3,1,1,1,1,0,1,1,2,0,1,0,0,0,0,1,1,3,1,0,5,2,1,1,1,2,1,1,1,1,5,0,0,2,2,2,0,0,1,2,2,1,0,1,2,1,1,0,1,1,2,0,2,2,2,1,1,0,4,1,1,4,1,0,0,2,1,0,0,0,0,1,1,0,2,0,2,0,0,0,3,1,0,1,1,1,2,0,1,4,3,1,0,2,1,1,0,0,1,1,3,1,1,1,3,1,1,3,2,0,5,1,0,1,1,0,1,1,2,5,1,2,0,0,1,1,2,1,0,1,1,3,2,0,1,0,0,0,1,0,2,2,2,2,1,0,3,2,0,0,0,1,2,0,1,0,2,1,2,0,3,0,0,0,1,0,1,1,0,0,1,0,1,1,0,1,1,0,0,1,1,1,0,1,1,1,1,2,0,1,2,2,0,2,4,3,2,2,0,0,0,2,1,2,0,2,1,2,2,1,1,1,0,0,2,1,2,1,3,0,1,0,0,1,3,0,0,1,3,1,0,0,1,0,2,3,2,2,1,0,1,3,0,1,1,1,0,3,1,0,1,1,1,1,2,0,1,0,2,0,0,0,1,0,1,1,2,2,0,1,1,0,2,0,1,1,0,1,2,2,2,1,1,0,0,2,1,1,0,0,0,0,0,0,0,0,1,0,2,4,2,3,1,1,2,2,0,0,1,1,0,3,2,4,0,2,1,1,1,1,1,0,0,1,2,0,1,0,1,2,0,2,3,3,1,1,1,0,0,3,2,0,0,0,1,0,3,1,0,4,0,0,1,0,1,0,1,1,1,2,0,0,1,0,0,0,2,1,2,1,1,0,1,0,0,2,1,1,0,0,2,0,1,1,2,0,0,1,0,1,1,1,0,2,1,0,2,1,1,0,0,1,2,0,0,1,2,0,3,1,0,0,0,3,0,1,3,0,0,0,3,0,2,1,1,1,1,1,0,1,1,0,0,2,2,0,0,1,0,1,1,4,0,0,1,1,2,0,2,1,1,0,0,1,1,0,0,0,1,0,2,1,0,0,2,0,2,1,4,1,2,1,1,0,3,0,0,2,1,2,0,1,3,1,2,2,0,1,1,1,1,0,0,1,0,1,1,0,0,2,0,0,1,1,1,0,0,0,0,1,1,0,0,0,3,1,0,1,0,0,3,0,0,1,0,2,0,1,2,1,0,0,3,0,4,2,1,1,1,3,2,3,2,0,1,0,1,1,3,0,2,2,5,1,2,0,3,2,1,2,1,1,2,1,2,3,2,1,1,1,0,0,1,1,1,0,0,1,1,0,0,2,2,2,1,0,1,2,1,0,2,0,1,2,0,0,1,2,0,2,2,0,0,2,1,2,0,1,2,1,0,3,0,2,2,2,1,1,0,1,2,2,1,0,1,2,1,1,0,0,1,2,0,1,2,0,0,2,0,1,1,1,0,1,1,1,0,2,0,2,3,1,1,1,2,1,1,1,0,1,0,2,2,1,1,0,1,2,0,2,0,0,2,2,0,0,0,1,1,1,0,1,1,1,1,2,1,2,1,1,3,0,1,2,1,1,0,3,1,0,1,0,0,0,0,1,1,0,0,1,1,0,1,1,0,2,2,0,1,0,1,1,0,0,2,0,1,2,1,1,0,1,1,0,1,2,1,1,4,1,2,0,0,1,1,1,0,0,2,2,1,1,1,0,0,3,3,0,0,0,1,2,1,0,2,0,1,3,2,2,1,2,1,0,0,2,0,2,2,0,1,1,2,0,0,0,0,0,1,0,2,0,1,2,0,1,1,1,1,2,1,1,0,1,2,1,0,0,1,2,0,0,5,1,1,1,0,1,1,0,0,1,2,0,0,1,1,1,0,1,1,1,0,2,2,0,0,2,0,0,1,2,1,1,0,2,1,0,0,1,1,0,2,1,3,1,1,1,3,2,0,1,3,0,1,1,1,3,0,0,0,0,1,1,0,1,2,3,0,0,2,1,1,0,2,0,0,0,0,3,1,1,2,1,1,1,1,4,1,2,0,1,0,2,2,0,0,1,0,2,3,0,2,1,1,0,0,3,0,0,1,1,1,2,1,1,1,1,2,0,0,1,0,0,2,5,2,0,2,0,1,0,0,2,0,0,0,0,1,0,1,0,1,2,0,1,5,0,1,1,0,1,2,1,0,2,0,0,1,0,2,2,2,0,2,1,1,0,0,0,1,2,2,1,1,2,0,0,1,0,0,0,2,0,0,0,0,1,2,2,0,0,4,2,2,1,1,0,1,0,2,2,2,0,4,1,1,0,1,3,0,2,0,0,0,1,1,0,0,3,0,1,0,1,0,0,1,0,0,1,3,1,0,0,0,0,2,1,1,3,3,3,2,3,1,1,1,0,0,3,0,0,0,2,0,0,2,1,0,3,0,2,0,0,1,0,1,1,0,2,2,2,1,0,0,1,0,0,1,2,2,0,1,0,1,1,1,2,1,0,1,0,0,1,0,2,3,1,1,2,3,3,1,0,1,1,1,0,0,1,1,0,0,0,0,1,1,1,1,0,0,2,1,0,1,2,1,1,0,0,1,2,1,3,1,1,1,0,1,1,2,3,0,2,0,0,1,0,1,0,0,0,3,0,2,1,0,0,3,1,1,2,2,0,1,4,1,1,2,0,1,1,0,2,1,0,1,3,1,0,0,0,1,0,1,1,4,1,0,0,1,0,2,1,0,2,1,0,1,0,1,2,1,1,1,1,3,1,2,0,0,1,1,3,1,0,0,1,3,0,1,0,2,0,0,1,0,1,2,0,2,3,1,0,1,0,0,0,0,0,3,2,0,2,1,1,2,0,0,2,1,1,0,1,1,0,0,0,0,1,1,0,0,0,2,2,1,1,1,0,1,0,0,1,2,3,3,1,0,2,0,2,1,2,1,0,0,5,0,2,1,0,2,2,0,0,2,3,0,0,0,2,1,3,0,2,1,2,0,1,0,0,0,1,1,0,1,2,0,1,0,1,0,1,1,1,2,0,0,0,1,1,1,0,0,0,1,2,0,0,1,0,1,0,1,0,0,2,0,1,0,0,0,1,1,1,1,2,0,2,0,1,0,1,1,4,0,1,1,3,1,1,0,2,1,1,1,2,2,3,0,0,0,2,1,0,1,0,0,1,1,2,5,0,0,2,1,0,3,1,2,0,0,0,1,1,0,1,1,0,1,0,2,1,2,3,1,1,1,0,1,0,1,2,0,2,0,1,1,1,1,1,0,0,1,1,1,1,1,0,0,1,1,0,0,2,0,2,1,0,0,1,0,2,0,0,0,1,0,0,0,0,4,0,2,0,2,1,1,2,2,0,1,0,1,2,0,1,2,0,2,2,0,0,0,2,1,0,2,2,1,0,1,0,3,0,0,0,4,0,0,0,0,1,1,3,1,1,2,0,2,1,1,1,1,1,4,1,0,3,0,0,0,0,2,2,1,0,0,0,1,3,0,1,1,2,0,0,0,1,0,1,2,0,1,0,2,2,1,0,0,0,0,3,0,2,1,1,0,0,1,0,0,3,0,0,0,0,2,0,0,1,0,0,1,0,3,1,0,2,1,1,2,0,1,3,1,0,0,0,2,1,1,0,1,0,1,0,1,0,0,1,1,2,2,2,0,2,0,1,0,0,2,1,1,1,1,1,1,0,0,3,2,5,2,1,1,1,0,0,1,1,1,1,1,1,1,2,0,1,1,1,1,0,0,0,0,0,0,2,0,0,0,0,0,1,1,0,2,1,0,2,1,0,1,0,0,1,2,5,0,1,0,2,1,0,1,0,4,1,0,0,1,2,0,0,1,0,1,0,1,0,2,0,2,0,1,0,2,0,1,1,1,2,2,3,2,0,1,0,0,2,0,0,0,2,0,3,2,1,1,2,2,0,0,3,1,2,2,0,2,1,1,0,0,1,2,1,0,0,1,1,3,2,2,1,0,2,1,1,3,1,2,1,1,1,1,3,1,3,2,0,1,0,0,1,0,1,1,0,0,1,0,2,2,0,0,2,0,2,1,0,1,1,0,0,1,0,1,1,2,1,1,0,0,2,3,3,1,3,2,0,1,1,0,1,2,3,0,0,0,0,0,0,1,0,1,2,1,3,0,1,0,1,0,3,2,0,2,0,4,2,1,1,1,2,1,1,0,2,2,1,1,1,0,2,1,0,2,1,0,2,0,2,2,0,0,1,0,1,2,1,0,1,2,1,0,1,3,0,1,1,0,0,3,1,0,0,1,3,5,1,0,1,2,1,1,2,0,1,2,0,1,1,1,2,1,1,0,0,0,0,0,3,1,3,2,0,2,0,2,0,1,1,2,3,1,4,1,1,0,1,1,0,0,3,0,0,1,0,0,0,0,0,0,2,0,3,0,2,0,0,0,1,0,1,3,3,1,0,0,1,0,0,1,1,0,1,0,1,4,2,2,1,1,0]},{"counters":[2,1,0,2,1,0,1,2,0,3,2,1,1,0,3,0,1,0,0,1,1,1,1,0,0,1,1,0,0,3,3,0,1,0,0,2,1,0,1,0,0,2,1,3,2,0,1,0,1,3,2,2,0,1,1,1,2,1,1,1,0,1,0,1,0,0,1,0,1,1,0,2,1,1,0,1,0,0,0,1,1,2,0,0,1,3,0,1,2,3,0,2,0,1,0,0,3,1,2,0,1,2,0,1,0,1,1,3,1,1,0,1,0,2,1,3,0,0,2,0,2,2,0,1,0,0,1,1,1,1,1,2,2,0,2,1,1,0,1,0,0,1,0,1,2,0,3,1,1,0,1,0,0,1,0,1,0,3,0,2,1,1,1,2,2,2,3,1,2,1,0,0,1,1,3,2,2,2,0,0,3,0,0,0,1,2,0,1,2,0,3,1,2,0,1,1,0,1,1,1,2,3,1,0,2,1,1,1,0,1,0,0,0,0,3,0,0,0,2,1,1,0,1,1,0,0,1,0,1,1,0,0,0,1,0,3,2,1,2,2,2,0,2,0,1,4,1,0,1,0,1,1,0,0,1,0,0,1,1,1,0,0,2,1,1,0,2,0,0,0,2,1,1,1,1,0,2,1,0,1,2,0,0,3,0,1,1,1,4,0,0,2,1,1,0,0,1,1,0,1,1,1,0,0,1,1,1,1,0,1,0,1,0,0,1,1,2,0,3,1,0,0,0,1,0,1,2,1,1,1,1,3,3,0,0,1,0,1,3,0,1,1,2,0,1,0,0,0,0,0,1,2,2,1,3,2,0,1,1,1,0,2,0,0,2,0,0,0,1,1,1,0,1,1,1,0,1,1,0,1,2,3,1,2,0,0,2,0,1,1,1,0,0,0,1,1,1,2,1,1,1,2,2,1,0,1,2,2,0,1,1,0,0,2,0,1,2,2,1,1,2,0,0,0,0,0,3,5,0,2,0,2,0,1,3,1,1,0,1,0,1,1,0,1,0,0,2,1,2,0,1,0,0,0,0,2,0,1,1,1,1,2,1,0,2,0,2,1,2,2,2,1,0,1,0,1,0,1,2,2,0,0,0,2,1,0,1,0,1,2,2,2,1,0,0,0,2,2,0,1,3,0,0,1,0,1,2,0,2,0,1,1,1,0,1,0,1,2,0,0,2,1,0,0,0,2,2,0,1,0,2,0,0,1,2,1,0,1,1,2,1,1,3,1,1,0,1,0,0,1,1,2,3,3,1,1,1,0,3,2,0,0,2,0,1,1,1,2,1,2,1,2,0,0,1,0,2,2,2,2,0,0,2,1,1,1,0,0,0,0,0,0,0,1,1,1,1,0,1,2,1,1,2,2,0,0,2,1,0,2,1,3,2,0,0,1,1,2,1,1,2,4,1,1,0,1,1,1,1,0,1,0,0,0,1,0,1,2,0,1,1,1,2,0,0,2,1,1,0,1,3,0,0,1,2,1,3,2,0,0,1,1,1,0,4,3,2,2,1,2,0,2,1,1,1,1,0,1,2,0,2,0,1,2,0,0,0,0,0,1,5,1,2,3,1,1,1,1,0,1,1,1,2,1,2,0,0,0,1,0,1,0,0,0,1,1,1,2,2,1,0,1,2,0,1,1,1,0,0,0,0,2,5,1,2,2,2,0,0,1,1,0,3,0,3,0,1,0,0,1,0,1,0,1,0,2,1,0,1,0,0,1,2,0,1,0,0,0,1,1,1,1,0,0,0,2,1,0,2,0,1,2,1,2,3,0,4,1,2,1,1,2,2,4,2,3,1,1,2,0,0,0,0,1,1,1,1,2,0,0,1,0,4,3,0,0,2,1,2,2,0,0,0,1,2,1,1,0,0,3,4,1,1,0,2,1,1,2,0,1,1,1,2,2,1,3,1,0,1,1,3,1,1,0,0,1,1,1,2,1,0,0,2,0,1,3,0,0,0,1,2,0,2,1,1,1,0,2,0,0,0,2,2,1,0,2,0,1,1,0,2,3,1,2,0,2,0,1,0,0,0,0,0,2,2,1,1,0,0,1,0,2,2,4,1,0,0,0,0,0,2,0,0,1,1,3,2,0,2,1,0,2,2,0,1,1,0,1,1,1,0,0,0,0,1,0,1,0,0,0,4,0,1,1,0,0,2,1,2,1,1,0,0,0,0,1,0,0,2,1,1,0,1,1,1,0,0,0,2,1,1,0,0,1,0,1,2,1,0,3,0,1,0,2,0,0,1,0,2,0,3,1,3,1,2,0,1,0,0,1,2,0,0,1,1,4,0,0,2,1,1,1,0,2,0,1,1,1,3,1,1,2,0,0,1,4,1,0,0,2,3,2,1,1,2,0,0,2,2,1,1,0,0,0,1,0,0,2,0,0,1,0,2,2,1,2,1,1,0,1,0,0,2,0,2,2,0,2,1,2,1,4,1,0,2,2,1,1,0,0,0,4,3,1,2,0,0,1,1,0,2,2,2,1,0,0,0,2,2,1,0,0,0,2,1,0,1,2,0,2,2,3,1,3,1,2,1,1,2,2,2,1,1,3,3,0,1,4,1,0,1,2,1,0,0,0,0,0,0,0,1,0,1,3,1,0,0,3,1,0,0,0,0,0,0,1,0,1,2,3,0,2,0,0,0,1,0,0,2,2,2,1,0,0,0,1,0,2,1,0,0,0,0,0,1,0,0,0,0,0,2,1,2,1,1,0,3,0,3,1,1,0,1,1,0,2,1,1,0,2,0,1,1,0,3,1,0,1,0,1,1,0,0,2,2,2,2,0,1,0,0,2,1,0,0,1,0,2,0,3,2,1,1,2,2,1,1,0,1,1,0,1,0,0,1,0,0,0,1,2,1,1,1,2,0,0,0,1,1,5,1,0,0,1,2,0,0,0,0,2,0,0,2,2,2,1,2,0,3,1,0,0,0,2,0,1,1,2,1,0,1,1,2,1,0,0,1,1,1,1,0,2,1,0,1,1,0,3,1,0,0,1,1,0,1,2,0,0,1,2,2,1,2,0,1,0,1,3,0,1,2,0,3,1,5,1,0,4,0,1,0,0,2,1,2,0,2,0,0,1,3,0,0,0,0,0,1,1,0,0,0,3,1,0,0,1,2,1,1,1,1,1,0,1,1,1,1,1,3,0,2,3,2,1,0,3,0,2,1,0,1,1,1,1,1,1,1,0,1,1,1,3,3,1,1,1,1,2,1,0,0,2,0,2,1,0,1,1,2,1,1,3,2,1,0,1,1,1,1,1,1,0,0,0,0,1,1,3,1,0,1,1,4,0,1,0,0,2,1,3,4,0,2,5,2,0,0,0,0,1,0,2,1,0,2,2,1,0,1,0,2,3,0,1,0,2,1,2,1,1,1,0,0,0,1,2,1,3,2,2,1,0,0,1,0,0,1,1,2,2,1,0,0,1,0,0,3,0,1,1,3,0,0,0,1,0,2,1,0,2,0,0,0,1,1,2,1,1,3,4,3,1,0,0,2,0,0,1,2,1,2,0,1,2,3,4,3,1,0,0,0,2,0,1,2,1,1,2,1,1,2,1,2,2,0,1,1,1,3,0,0,1,0,0,0,1,1,1,2,1,1,0,1,0,0,2,0,2,0,0,3,1,1,1,3,1,0,1,0,0,0,1,1,0,1,2,5,2,0,0,1,0,1,1,2,0,1,1,1,1,3,1,0,0,2,0,3,3,0,2,1,1,1,0,1,0,0,2,0,3,2,1,1,1,2,1,1,2,1,0,1,2,1,0,1,2,0,0,0,0,1,0,1,0,1,1,0,1,0,0,0,1,1,1,1,0,2,0,2,4,1,2,1,0,0,2,1,1,0,1,1,0,0,2,1,0,0,1,1,1,1,1,1,0,1,1,2,0,1,1,0,0,0,1,1,0,2,1,2,1,0,1,0,1,1,4,1,0,0,3,1,0,0,2,0,0,1,0,1,0,0,0,1,0,1,2,0,1,2,2,0,1,2,0,2,0,0,0,0,0,3,1,4,2,2,0,0,0,1,2,2,3,2,1,0,1,1,2,0,2,1,2,0,2,0,1,1,4,0,1,1,0,2,1,0,0,2,4,0,1,4,0,1,0,1,0,1,0,0,0,0,3,1,0,2,1,2,1,3,2,1,0,1,3,2,0,0,0,0,4,0,1,2,3,1,1,2,3,0,0,1,0,0,0,1,0,1,1,2,2,3,0,0,2,0,0,0,0,0,1,2,0,0,0,1,1,0,2,0,1,1,2,1,1,0,4,1,0,1,4,1,2,2,2,0,1,0,2,0,0,0,1,2,0,1,4,1,0,0,1,2,0,1,0,0,0,0,1,1,1,2,0,0,0,2,0,2,0,1,1,2,0,1,0,2,0,0,2,3,1,0,1,1,1,1,0,1,1,1,0,0,1,0,0,1,0,0,4,1,2,1,2,1,2,0,0,0,2,1,0,3,1,3,0,2,1,0,1,1,2,1,1,1,1,0,0,1,0,0,0,0,2,3,0,3,1,2,1,0,2,3,1,1,2,0,2,0,1,2,0,1,1,1,0,2,3,0,0,0,0,1,0,0,0,1,1,0,1,1,1,0,3,3,0,3,1,0,1]},{"counters":[0,2,0,1,2,0,0,2,1,3,2,0,0,1,1,0,1,1,0,1,2,2,1,1,0,1,1,0,2,0,0,4,1,0,0,0,1,1,0,0,0,1,1,0,1,1,0,2,1,1,0,1,1,1,1,2,2,2,3,2,1,1,0,1,0,2,1,1,0,0,0,0,0,2,1,1,0,2,0,0,1,0,0,1,2,2,0,1,0,2,0,0,3,2,2,0,2,0,1,0,0,0,1,2,1,3,0,0,3,0,0,0,1,0,0,1,1,1,1,1,1,2,1,3,3,0,0,1,0,0,1,1,1,1,1,0,2,1,3,0,2,3,1,0,3,1,4,1,0,1,0,0,2,2,0,0,4,4,2,1,0,1,2,1,1,1,1,1,0,0,0,1,2,2,0,1,0,2,1,0,1,2,2,1,2,0,0,2,1,2,0,2,0,1,0,2,1,0,1,2,1,2,2,1,2,3,1,1,1,0,1,0,0,1,1,2,0,1,0,1,0,0,0,0,1,2,1,1,1,1,2,1,0,0,1,2,0,1,0,2,2,0,0,1,2,0,2,2,1,0,1,1,3,0,1,0,0,0,1,0,1,1,1,1,2,2,0,1,2,2,1,0,1,1,0,0,0,3,1,2,4,0,1,0,2,1,2,2,0,1,1,0,1,1,1,1,0,2,0,0,0,2,1,1,2,1,1,1,2,1,1,1,0,0,4,2,0,0,1,1,0,0,1,1,2,1,0,1,1,2,2,0,0,1,0,2,1,1,1,0,1,1,0,0,3,0,1,1,1,0,1,2,0,1,1,0,1,0,2,0,2,0,0,1,1,3,5,1,4,0,0,2,2,1,2,0,1,2,0,1,0,2,0,0,0,0,1,2,0,0,0,0,2,0,1,2,0,0,2,2,2,1,0,1,1,1,2,0,0,3,2,2,1,0,1,1,0,1,0,1,0,0,1,3,0,2,3,0,0,1,1,1,0,1,2,1,0,1,1,0,1,2,1,2,4,1,0,0,1,1,1,1,3,0,1,1,1,0,0,2,1,0,1,1,1,0,1,2,0,0,0,0,0,0,2,0,1,1,1,1,0,1,0,0,1,2,0,0,0,0,0,1,1,1,0,0,5,4,1,0,1,0,0,0,0,0,0,2,1,1,2,0,0,1,2,1,0,1,2,1,2,0,0,1,2,0,1,1,1,2,0,1,3,3,4,1,0,0,0,1,2,1,0,0,0,1,0,1,0,0,0,0,0,0,3,0,0,1,0,0,1,1,0,3,3,0,0,1,1,1,1,1,0,0,2,0,1,2,0,1,3,3,1,3,0,2,1,1,1,1,1,2,0,0,0,0,0,3,2,2,0,1,2,0,1,0,0,0,1,0,1,1,1,0,1,0,0,2,2,2,1,2,2,0,1,1,1,0,2,0,1,3,0,1,1,1,1,1,0,0,2,0,0,0,2,0,0,2,0,1,2,0,1,0,0,1,0,2,0,2,0,2,1,0,1,1,0,1,2,0,1,1,0,0,1,1,1,0,0,2,5,2,1,2,2,2,3,0,1,2,0,1,1,0,0,0,4,0,4,1,0,3,2,1,4,0,1,1,0,0,1,0,0,1,2,0,0,3,1,3,2,1,1,0,0,1,0,0,1,0,0,0,1,2,1,1,1,1,2,2,1,2,1,1,1,3,1,0,0,1,1,0,2,1,2,0,2,4,1,3,1,1,1,0,0,1,0,0,0,0,2,0,1,1,0,0,1,3,2,1,2,0,1,0,1,0,0,1,0,0,0,2,0,1,0,0,1,0,1,1,5,0,1,0,1,1,1,2,1,1,0,1,0,3,1,1,0,4,1,1,1,0,1,3,1,2,4,0,2,0,2,3,3,0,2,2,1,0,1,0,3,1,2,0,0,1,0,2,2,0,0,0,1,0,2,0,1,1,4,2,1,1,2,1,0,2,1,0,0,0,1,2,0,0,1,0,0,2,1,2,0,0,0,2,0,1,0,0,1,1,3,1,0,0,0,0,2,2,2,0,1,1,0,0,2,1,0,3,1,0,1,0,0,0,1,1,2,3,0,1,2,1,2,2,1,1,1,1,1,3,1,1,1,0,1,0,3,0,1,1,1,1,0,1,0,1,0,1,0,0,0,2,1,0,0,0,2,2,1,0,2,2,0,2,1,1,3,0,3,2,1,3,1,3,1,0,1,0,0,0,0,3,1,0,5,1,1,2,0,0,1,0,1,0,2,1,2,1,1,1,0,1,1,1,1,3,1,0,3,0,0,2,2,0,0,0,2,0,1,0,1,1,1,2,2,0,0,0,0,1,0,0,0,1,0,1,0,0,4,2,1,1,1,0,0,0,2,1,1,1,2,2,1,4,0,0,2,2,1,3,1,0,4,0,0,1,1,2,0,1,1,2,1,1,1,0,2,3,1,2,2,1,0,0,0,5,0,1,0,2,0,0,1,2,1,1,3,0,0,1,1,0,1,0,1,0,0,2,0,1,1,2,2,2,0,0,0,2,1,1,0,0,1,2,2,1,0,0,2,0,1,1,2,1,1,1,2,4,1,1,1,1,0,1,0,1,2,1,3,0,0,0,1,1,0,2,1,3,0,1,2,1,0,2,2,1,2,2,0,1,2,3,1,2,0,1,0,0,1,0,1,1,1,0,1,2,2,4,1,1,2,1,0,1,0,0,0,1,0,2,0,1,1,1,2,1,1,0,0,0,3,0,1,1,1,3,0,0,1,1,0,0,1,1,1,2,1,0,0,1,1,2,1,0,1,2,1,0,1,4,1,0,1,0,1,1,2,0,1,1,0,1,0,0,2,0,0,0,1,2,1,1,1,1,0,1,1,0,1,1,0,0,0,0,2,1,0,2,0,3,2,0,2,1,0,3,1,0,0,0,1,0,1,0,1,0,2,1,1,1,0,0,1,1,1,0,0,2,2,0,2,0,2,1,1,1,2,0,2,3,1,0,0,2,0,2,1,1,2,1,2,1,2,0,1,2,3,0,1,1,4,0,2,0,2,2,1,0,1,2,1,0,0,0,1,3,1,1,3,1,0,3,1,3,0,1,0,0,0,0,1,0,4,2,1,1,0,1,1,2,1,1,0,0,2,3,3,3,0,0,1,0,0,2,2,0,0,1,3,0,1,1,0,0,0,0,0,3,0,2,1,2,1,0,2,0,1,0,3,2,1,2,1,0,0,0,1,0,1,1,2,2,0,1,0,0,1,0,1,1,0,0,0,0,0,3,0,1,1,0,0,1,2,2,2,0,1,2,0,3,1,1,1,1,0,2,2,1,0,0,0,0,1,0,1,2,1,1,3,0,2,3,1,3,0,0,0,0,2,1,2,3,1,2,0,3,2,1,1,2,0,1,3,2,3,1,0,1,1,0,0,0,4,1,0,1,0,0,1,2,0,0,3,2,0,0,1,1,2,0,0,1,0,2,1,0,0,1,1,0,0,2,0,0,0,0,0,2,4,1,0,1,0,0,0,1,2,1,0,2,2,1,0,0,1,0,1,2,1,4,3,0,1,1,0,2,0,1,1,2,0,0,1,2,0,0,4,2,3,0,2,2,1,0,2,1,1,1,2,1,1,2,0,0,2,1,1,0,1,0,0,1,3,1,1,0,1,1,2,0,1,0,1,0,0,0,2,1,0,1,1,1,1,2,0,0,2,0,0,0,1,0,1,0,3,1,1,2,0,0,1,0,2,0,0,3,2,0,0,1,2,0,1,0,0,2,0,0,0,2,0,1,0,1,0,0,2,4,1,3,0,1,1,3,0,0,0,0,0,0,1,3,0,4,1,0,1,0,1,2,1,2,1,1,1,3,0,1,1,0,0,1,0,2,3,1,0,0,0,2,0,1,0,1,1,0,1,3,1,1,1,3,1,0,1,0,0,2,1,0,0,0,0,3,0,1,2,0,1,1,0,0,0,2,0,0,3,3,0,0,1,0,1,0,3,0,2,1,1,3,1,3,1,0,2,1,1,0,2,0,2,3,0,2,0,0,0,1,4,0,2,1,1,1,0,0,0,1,3,0,1,2,0,2,2,0,1,1,1,1,1,2,3,4,1,0,1,0,0,0,1,1,1,2,2,2,0,2,1,1,0,1,1,0,2,2,2,1,0,0,1,2,1,1,1,0,0,0,0,1,1,1,1,3,1,0,0,2,2,0,0,3,2,1,0,1,0,0,1,0,3,2,0,0,1,1,0,0,0,1,0,1,0,0,1,0,1,2,1,1,4,1,1,2,2,0,3,0,2,1,0,2,0,0,1,1,0,1,2,0,1,0,1,0,0,0,4,1,1,0,2,0,1,1,2,1,0,1,2,1,2,1,1,1,1,2,1,0,1,0,1,0,1,3,1,0,0,0,0,0,1,3,2,1,1,1,1,1,1,0,2,0,0,1,1,1,1,0,3,0,0,0,1,2,0,1,1,1,0,0,0,0,1,1,1,3,1,1,3,1,1,0,0,3,0,2,0,0,1,0,1,0,0,1,1,3,1,2,0,0,0,0,0,1,2,0,1,2,2,0,0,0,4,0,0,6,0,0,1,0,3,1,1,0,1,1,1,2,1,2,1,3,0,2,1,1,2,0]},{"counters":[0,4,0,1,1,0,1,0,0,0,1,2,1,2,0,1,1,0,0,2,1,3,0,3,1,2,0,2,1,4,0,1,1,2,1,2,1,0,1,2,0,0,1,2,1,1,1,1,1,0,1,1,2,1,1,2,0,1,1,0,0,0,1,1,0,2,1,2,0,0,0,0,0,1,1,1,0,0,1,0,1,2,0,2,1,3,2,0,1,0,1,1,0,3,1,1,5,1,2,1,0,0,1,1,0,1,2,1,2,0,0,3,3,3,0,1,3,0,1,0,0,1,3,2,1,2,0,1,0,0,1,0,1,0,0,3,2,1,0,0,0,0,1,3,0,1,1,0,0,1,0,0,0,1,1,1,2,1,2,1,1,2,2,0,1,1,1,2,1,0,1,2,1,0,1,1,0,2,0,0,2,0,1,0,3,0,1,0,1,0,2,1,2,1,0,0,0,0,2,1,2,0,2,0,2,1,3,1,1,1,1,1,0,1,0,3,3,0,2,1,1,1,2,1,1,0,0,4,0,2,0,0,1,0,2,1,1,1,1,0,0,0,0,1,0,2,2,2,3,0,1,0,2,0,0,1,4,0,3,0,1,0,2,1,0,0,3,0,0,1,2,1,3,0,1,0,0,0,1,1,2,0,1,2,3,0,1,1,2,1,2,1,1,1,2,3,1,1,0,0,2,2,0,1,2,2,0,1,2,1,1,2,0,2,2,4,0,3,0,1,2,0,3,1,0,2,0,0,1,0,1,0,3,0,0,1,1,0,1,1,0,0,3,0,2,0,0,2,0,2,2,1,1,0,2,1,0,0,1,0,0,2,0,0,2,1,4,0,0,2,2,1,0,0,0,0,0,0,3,2,0,1,1,2,2,0,0,0,0,2,1,1,0,0,1,0,1,3,0,0,4,2,2,2,2,0,1,0,0,0,0,3,3,2,3,0,1,0,0,0,2,2,0,1,1,2,0,0,1,1,2,1,0,2,1,2,2,0,1,0,0,1,0,2,1,1,1,1,0,0,1,0,0,1,3,1,3,3,1,0,3,1,0,1,0,1,2,3,2,0,0,3,0,1,4,0,1,1,0,0,1,1,2,0,0,1,0,0,1,0,1,1,0,2,0,0,2,0,2,1,1,2,0,0,0,0,1,1,0,1,1,1,0,0,0,1,3,0,3,1,0,2,0,0,2,2,0,0,5,1,4,0,2,3,0,2,1,2,1,0,0,2,0,1,1,2,1,2,0,1,5,3,0,0,0,1,2,0,1,0,1,0,1,0,0,2,2,1,2,1,1,0,1,0,1,1,2,1,0,1,1,0,0,3,0,0,1,2,1,3,0,1,1,0,2,1,1,1,0,1,2,1,4,1,0,3,0,3,2,0,0,0,0,1,0,0,0,0,1,1,0,1,0,0,1,0,3,0,0,2,1,0,2,2,0,0,0,0,1,1,0,0,0,2,1,0,0,1,3,1,1,1,1,0,2,0,0,1,1,1,2,1,0,0,1,1,1,2,2,1,0,1,2,1,1,1,1,1,0,1,1,1,1,0,2,1,0,1,1,1,0,1,2,0,2,0,1,2,0,3,1,1,2,2,0,2,2,0,3,1,0,4,1,1,1,0,1,0,1,1,1,0,1,3,0,2,1,0,1,1,1,1,0,1,0,1,1,6,0,2,1,0,0,4,1,2,0,2,1,2,0,0,0,1,0,0,2,0,0,0,0,2,2,0,1,0,0,1,0,0,0,1,1,2,1,1,1,1,4,0,1,2,2,4,2,3,1,1,0,2,1,1,2,0,0,2,0,4,0,0,2,0,0,3,3,3,1,2,0,2,2,2,1,1,0,2,0,1,0,0,0,1,1,1,0,1,3,1,1,1,0,0,0,1,3,1,1,2,0,0,1,1,0,1,0,2,4,0,0,0,0,0,1,1,2,1,1,1,0,1,3,1,0,0,0,1,0,0,1,1,1,1,2,0,2,0,1,3,0,0,2,1,4,1,2,3,0,1,1,1,0,3,2,0,0,1,2,0,4,1,0,2,1,0,1,0,2,0,2,1,0,0,0,2,2,0,1,3,1,2,0,1,1,2,2,1,0,3,2,2,0,0,0,0,1,1,0,0,0,0,0,0,2,0,0,1,0,0,0,1,0,1,1,0,1,0,1,1,2,3,0,0,2,0,0,1,0,1,1,2,1,1,0,0,0,0,0,0,0,1,0,0,0,2,1,1,0,1,1,0,3,0,3,3,2,1,1,0,1,0,1,2,0,1,0,0,1,1,1,1,2,1,2,1,1,1,2,1,0,1,1,0,0,1,1,2,2,1,1,3,2,0,2,0,1,0,1,1,1,3,3,0,3,0,1,1,0,1,0,3,0,0,1,0,0,0,1,1,0,2,1,0,0,2,0,0,1,0,1,0,1,1,1,0,1,2,3,0,1,0,0,1,1,1,0,2,1,1,0,0,3,0,0,0,2,0,1,2,0,3,2,2,2,2,2,0,1,1,1,0,0,1,2,4,3,2,4,1,1,0,1,1,1,1,1,2,0,0,1,1,2,0,0,2,2,0,1,1,0,2,2,2,1,0,0,0,1,1,3,0,2,1,1,1,2,2,1,0,0,1,0,1,0,1,1,0,1,0,0,1,3,1,0,1,0,2,1,0,2,3,1,0,1,0,0,1,1,0,0,1,2,0,0,1,2,1,1,2,1,0,0,1,2,4,1,1,0,0,2,1,1,1,1,1,2,0,2,1,3,0,0,0,1,2,0,0,1,0,2,3,1,1,0,1,0,0,0,3,2,1,2,1,1,0,1,1,0,0,2,2,0,0,3,0,3,1,0,3,0,0,1,1,0,0,2,1,1,2,0,1,1,3,1,0,0,1,0,2,0,0,1,0,0,1,5,2,1,1,2,0,0,1,2,1,1,1,0,0,1,1,0,1,1,1,2,0,2,0,1,0,2,2,0,0,0,1,0,0,0,0,0,0,2,1,0,0,0,0,3,3,0,0,1,1,1,2,0,1,0,3,0,3,2,1,1,0,2,0,0,1,1,1,0,2,2,2,3,1,1,3,0,3,0,1,2,0,2,2,0,0,0,0,2,1,1,1,2,0,1,0,1,2,0,1,0,1,2,0,0,2,0,1,0,1,0,1,1,2,1,2,0,0,0,3,1,2,1,1,1,2,0,0,0,2,1,2,2,1,0,0,0,1,1,1,2,3,1,1,0,3,0,0,3,1,1,1,3,0,2,0,0,0,1,1,3,1,1,1,0,2,0,1,2,0,1,2,0,1,0,0,2,3,1,0,1,2,2,0,2,1,0,2,1,0,1,1,2,0,2,1,1,1,1,0,0,3,2,0,0,0,2,0,0,0,2,1,1,1,0,0,0,1,0,1,0,1,3,2,3,1,0,1,0,0,0,0,1,0,2,1,2,1,1,0,0,2,0,0,0,0,1,1,0,2,1,1,1,2,0,2,0,0,1,0,0,2,2,0,0,3,1,1,1,1,0,1,2,2,1,0,2,3,1,0,0,1,1,2,0,2,2,1,1,0,1,4,3,0,0,1,1,1,0,0,0,4,2,1,2,2,0,0,2,2,1,0,1,0,2,1,1,0,1,0,2,1,2,3,2,1,0,2,1,0,0,0,0,1,1,1,0,0,1,1,2,1,1,1,0,0,0,1,2,2,1,4,2,0,0,2,0,1,3,0,0,0,1,1,1,1,0,1,0,2,1,1,0,0,1,0,1,0,0,1,0,1,2,3,1,2,1,1,1,0,1,0,2,0,0,1,3,1,4,2,3,1,1,1,0,2,0,1,1,1,1,3,2,0,2,2,0,0,2,0,0,0,1,0,0,0,1,2,2,0,1,0,0,1,0,1,0,0,1,2,0,1,0,0,0,0,0,1,0,1,1,2,0,1,2,0,4,1,2,1,1,1,1,1,3,2,1,0,0,1,1,0,0,3,2,0,0,2,0,0,0,1,2,2,0,1,1,1,0,2,0,0,0,0,1,1,1,3,0,0,0,1,0,1,1,0,2,1,2,1,2,0,0,1,2,0,2,0,0,0,3,0,1,0,2,0,2,0,1,1,2,0,3,1,2,2,4,1,0,0,2,2,2,1,0,0,1,0,3,0,0,1,0,0,0,1,0,0,2,1,0,1,0,2,0,1,1,2,1,1,1,3,1,0,1,1,0,0,1,0,1,1,3,2,1,1,1,1,0,0,1,1,1,2,1,0,0,0,1,2,1,0,1,0,2,0,1,2,0,0,1,1,0,1,0,0,0,1,2,3,2,0,2,1,3,1,0,0,0,1,0,1,1,0,0,0,2,0,0,2,1,0,2,0,1,2,1,2,0,0,2,0,2,1,1,0,1,1,0,1,0,3,1,0,2,0,2,2,1,0,0,2,1,1,0,1,1,0,0,0,2,2,2,2,3,0,1,1,0,0,0,1,0,2,0,1,0,0,2,1,0,0,2,1,1,2,4,1,0,2,0,2,1,1,1,1,0,2,1,1,0,2,0,1,3,2,0,3,1,2,1,0,0,3,0,2,0,0,1,2,3,2,1,0,0,1,2,1,0,1,1,0,3,0,0,1,6,4,0,1,0,0,1,1]},{"counters":[0,1,1,1,3,0,0,2,0,2,1,0,1,3,1,1,1,0,0,1,0,0,0,0,0,1,0,1,1,2,1,0,0,0,0,3,2,2,2,1,1,2,0,0,0,1,0,2,2,1,1,0,0,2,1,0,1,1,0,2,0,1,1,0,2,2,1,1,0,0,1,1,0,2,2,0,0,1,2,0,0,1,1,0,1,1,0,1,0,3,1,0,1,0,0,0,2,0,0,1,0,2,0,3,0,0,0,1,0,1,2,1,0,0,1,0,0,1,1,1,0,0,1,0,2,3,1,1,3,0,2,3,3,2,0,0,2,1,1,2,1,0,0,0,0,0,1,1,1,3,2,1,0,2,1,2,3,1,2,2,1,0,0,1,1,2,2,0,1,0,1,1,0,0,1,0,0,0,0,2,1,2,0,1,1,2,3,0,1,2,0,1,1,1,1,2,0,0,2,0,2,2,0,0,3,0,1,0,2,1,1,1,3,1,0,2,0,5,1,0,2,1,2,0,1,2,3,2,1,1,1,1,1,1,1,0,1,2,0,0,1,0,3,0,0,1,0,1,1,2,1,0,0,1,0,4,3,2,0,0,1,1,0,0,0,1,0,0,0,1,1,1,1,2,0,0,0,0,0,0,0,0,2,0,0,0,1,4,0,0,1,0,1,0,0,1,1,0,2,1,1,0,5,2,2,0,1,3,0,0,0,0,2,2,0,3,0,2,0,0,1,0,2,2,0,2,1,0,2,0,1,0,1,0,3,1,1,0,0,2,1,1,1,1,1,0,3,1,0,1,0,2,2,0,2,1,2,2,1,4,1,3,1,0,2,1,0,3,1,1,1,0,0,0,0,2,1,0,1,1,3,0,1,0,4,3,2,1,2,1,1,0,3,2,0,1,2,1,0,0,1,2,2,0,1,1,2,0,0,1,1,1,2,0,1,1,3,2,0,1,0,2,1,1,0,2,2,0,0,0,0,0,0,2,0,0,2,0,3,0,3,3,0,1,1,1,1,1,0,1,1,1,2,1,1,0,3,1,1,0,0,1,2,1,1,1,2,1,1,3,1,2,1,0,0,1,2,0,1,2,0,3,1,0,0,1,2,2,1,1,1,1,1,0,0,2,1,2,2,2,1,2,1,1,0,1,0,0,1,0,0,1,1,1,2,4,2,1,0,2,2,0,1,2,0,0,1,1,1,0,2,1,1,2,1,1,0,0,0,0,2,2,3,0,0,1,0,0,2,0,0,1,3,1,2,0,1,1,0,0,1,1,2,2,0,1,1,2,3,2,2,2,0,0,1,1,2,0,1,2,2,1,0,1,1,1,3,2,1,0,2,3,1,2,0,2,1,1,0,2,3,2,0,0,3,1,0,3,0,0,0,0,0,0,1,2,0,2,4,1,3,1,2,0,0,0,1,2,0,1,1,0,1,1,2,1,0,0,1,0,2,0,0,0,1,0,1,1,0,1,2,3,2,3,0,2,2,0,0,1,2,1,1,0,2,0,3,0,2,0,0,1,1,2,1,0,0,1,0,1,0,2,1,1,1,0,3,2,2,0,2,0,2,4,0,3,1,0,0,3,1,1,0,2,2,1,0,1,1,0,1,3,0,0,0,1,1,2,1,1,0,2,0,1,0,3,1,1,1,0,2,2,1,2,4,1,0,1,1,1,0,0,1,1,1,0,2,1,0,0,2,0,2,1,2,3,1,2,1,0,1,1,2,0,1,1,2,0,0,0,0,0,0,0,0,3,0,1,3,1,0,1,1,1,0,2,0,3,0,0,2,0,2,4,2,3,0,0,0,1,0,0,0,1,1,1,1,0,0,0,1,0,1,2,0,3,1,0,0,0,0,0,0,0,0,0,1,3,0,0,4,1,2,2,1,3,2,0,2,1,1,0,1,1,3,1,0,0,3,0,0,1,0,1,0,1,3,0,2,1,1,1,1,1,2,0,0,1,0,0,0,1,0,2,0,2,1,1,0,0,1,0,0,1,0,1,0,1,2,3,1,1,2,0,1,2,1,1,2,0,0,1,1,1,1,0,0,0,1,0,1,1,2,1,0,0,0,3,0,0,1,0,0,3,0,0,0,0,0,1,0,1,1,1,1,0,0,2,1,0,1,1,0,0,2,1,0,0,1,1,2,3,0,1,0,0,3,1,4,3,2,1,0,1,1,2,0,2,1,1,0,2,0,1,4,1,1,1,2,2,1,0,1,1,1,1,1,1,2,1,1,1,5,2,0,0,1,1,2,0,0,2,1,1,0,0,2,2,0,1,1,1,1,2,0,0,2,2,0,0,2,0,5,0,3,0,1,0,0,1,1,0,0,1,1,1,2,5,0,1,2,1,0,1,1,1,1,2,1,2,0,3,2,1,0,2,2,0,0,0,3,1,1,0,0,0,0,1,1,0,0,0,0,0,2,0,1,1,0,3,1,4,0,3,2,1,0,2,0,0,0,0,0,0,0,1,0,3,0,3,1,2,1,0,3,0,2,0,0,2,2,0,1,2,1,1,1,1,0,0,0,0,1,3,1,1,3,1,2,2,2,0,1,3,0,1,1,1,0,0,2,0,1,1,2,1,0,1,1,0,1,2,0,1,2,0,2,1,1,0,2,2,1,1,3,1,2,0,2,0,1,0,1,2,0,2,2,0,2,0,1,0,0,0,1,0,2,1,2,0,1,1,2,3,0,1,1,0,1,0,1,2,1,2,1,0,2,1,0,1,2,1,0,0,0,0,0,0,1,0,2,2,1,0,3,2,1,1,1,1,2,1,2,0,3,1,0,1,0,2,1,1,0,3,1,0,2,1,0,1,1,1,2,1,0,1,0,0,0,0,1,1,1,2,1,1,4,1,3,2,1,2,0,0,1,3,1,1,3,0,1,0,0,1,1,1,1,0,3,1,1,3,0,2,0,0,0,0,1,2,2,1,0,4,1,3,1,0,0,2,1,1,0,0,2,1,2,1,0,3,1,2,0,2,0,3,2,1,3,3,0,3,1,0,0,1,3,2,2,1,0,0,2,3,1,0,1,1,0,1,0,2,0,2,3,0,1,1,3,0,1,0,1,0,1,1,1,0,0,0,2,2,0,1,3,1,1,1,0,1,0,1,0,0,1,1,0,0,0,0,1,0,0,0,1,0,2,1,2,2,1,0,2,0,1,0,1,0,0,1,0,0,0,1,1,1,3,2,0,1,1,1,5,1,2,0,0,0,1,1,0,2,1,1,1,0,1,2,1,0,0,0,1,1,0,3,1,0,1,2,1,0,2,3,2,0,0,3,1,1,0,0,0,0,0,1,1,1,1,4,2,0,2,1,0,0,1,0,1,0,0,1,1,0,0,1,2,1,2,1,1,1,0,0,0,1,1,0,0,1,1,4,0,0,0,0,1,0,1,1,0,1,0,1,0,2,0,1,2,1,2,0,2,0,2,1,2,0,1,3,1,1,1,2,0,1,2,5,1,2,1,1,0,0,1,0,0,1,1,2,1,0,3,0,1,1,2,1,1,0,1,0,1,3,2,3,1,1,5,1,0,0,1,1,0,1,1,0,1,0,2,0,0,1,2,0,0,0,4,1,1,0,0,1,3,1,1,0,1,0,2,3,1,1,2,1,3,1,1,1,0,2,1,2,0,1,0,2,0,1,1,0,1,4,2,0,0,0,0,0,1,2,1,1,2,0,2,0,2,0,2,0,2,2,0,2,0,2,0,2,1,2,0,2,1,0,0,1,1,0,2,0,3,2,0,0,0,1,0,0,0,0,0,1,0,1,1,2,2,2,0,0,1,0,1,0,1,1,1,1,0,2,2,0,0,1,1,1,1,1,0,0,1,0,0,1,0,0,0,0,2,0,3,0,2,1,1,0,2,2,1,0,2,0,1,1,2,2,1,1,0,0,2,1,1,0,0,1,2,0,1,1,0,0,0,1,1,0,1,0,4,2,1,2,2,1,0,0,0,1,0,0,1,1,1,0,0,1,0,2,2,2,1,0,0,0,1,1,0,0,0,2,3,0,1,0,0,3,2,2,4,0,0,1,0,3,2,2,1,0,2,1,2,2,2,1,1,0,0,2,0,3,0,0,1,0,2,0,0,1,1,0,2,1,0,2,1,0,1,2,1,1,1,0,0,2,1,3,0,2,0,1,1,0,0,2,0,1,0,1,1,2,1,1,3,1,0,0,0,1,1,0,0,1,1,0,0,1,1,0,1,2,3,2,1,1,0,1,0,1,0,1,1,0,3,0,1,0,1,1,1,0,1,0,0,0,0,0,4,0,1,0,2,2,0,0,0,3,0,0,0,2,3,1,1,2,0,4,3,3,1,0,0,0,2,0,4,1,1,3,0,0,0,0,1,1,0,0,1,0,3,0,1,0,1,1,1,1,0,1,2,1,1,0,1,0,1,2,0,2,0,2,2,1,0,1,1,3,1,1,0,1,2,1,1,1,0,0,0,2,2,0,2,2,2,2,1,0,0,1,0,2,0,1,1,0,0,2,1,0,0,1,1,2,2,3,1,0,1,1,0,0,2,1,1,1,1,3,0,0,0,0,0,2,3,0,0,0,0,2,1,0,0,1,0,0,0,1,1,1,1,0,0,0,0,0,2,1]}]},"null_count":0,"last_update_version":397952049660035072},"b":{"histogram":{"ndv":2000,"buckets":[{"count":8,"lower_bound":"LTIxNDQ4NzYyMTc=","upper_bound":"LTIxMzQ5MzY0NjA=","repeats":1},{"count":16,"lower_bound":"LTIxMjg4OTgzNjY=","upper_bound":"LTIwOTc0NjM4MjU=","repeats":1},{"count":24,"lower_bound":"LTIwOTUzNzA5MTI=","upper_bound":"LTIwNjE4ODEyNjI=","repeats":1},{"count":32,"lower_bound":"LTIwNTYzODE1ODI=","upper_bound":"LTIwNTE4NjE4MjE=","repeats":1},{"count":40,"lower_bound":"LTIwNTE3MzI4OTc=","upper_bound":"LTIwNDEyMTA0NDk=","repeats":1},{"count":48,"lower_bound":"LTIwMzk3NzAxMTg=","upper_bound":"LTIwMzQwOTQ5NDI=","repeats":1},{"count":56,"lower_bound":"LTIwMzIwMzA2Mzk=","upper_bound":"LTIwMTY3MDU3MTc=","repeats":1},{"count":64,"lower_bound":"LTIwMTA2MzcwNTQ=","upper_bound":"LTE5ODYxNjI5MDU=","repeats":1},{"count":72,"lower_bound":"LTE5ODI5NTk4MDM=","upper_bound":"LTE5NzQwNTI3Mjc=","repeats":1},{"count":80,"lower_bound":"LTE5Njk4MDc4ODA=","upper_bound":"LTE5NTMzMTc5MTU=","repeats":1},{"count":88,"lower_bound":"LTE5NTI5MTIxNTI=","upper_bound":"LTE5NDE0MTkyNTM=","repeats":1},{"count":96,"lower_bound":"LTE5MzYwNDkzOTQ=","upper_bound":"LTE5MzEwMzMwMjM=","repeats":1},{"count":104,"lower_bound":"LTE5Mjk1MDc5OTc=","upper_bound":"LTE5MTg5MzU5NDU=","repeats":1},{"count":112,"lower_bound":"LTE5MTg0NTUwOTI=","upper_bound":"LTE4OTk2NTQzNzI=","repeats":1},{"count":120,"lower_bound":"LTE4ODIxMDQwNDM=","upper_bound":"LTE4NjEwOTI5Njg=","repeats":1},{"count":128,"lower_bound":"LTE4NTkyMjI3NjE=","upper_bound":"LTE4NDg3OTEyNDk=","repeats":1},{"count":136,"lower_bound":"LTE4NDA3MjM4NTM=","upper_bound":"LTE4MzE2NzMzNzM=","repeats":1},{"count":144,"lower_bound":"LTE4MjEwMDY4MzY=","upper_bound":"LTE4MTEwMTkyODA=","repeats":1},{"count":152,"lower_bound":"LTE4MDkzODM0ODA=","upper_bound":"LTE3OTc1MTk3Mzg=","repeats":1},{"count":160,"lower_bound":"LTE3ODg4NDI3MzU=","upper_bound":"LTE3ODM0OTE1NDk=","repeats":1},{"count":168,"lower_bound":"LTE3ODI0NjA0Nzg=","upper_bound":"LTE3Njg4OTQ2MTM=","repeats":1},{"count":176,"lower_bound":"LTE3NjE1ODUyNjU=","upper_bound":"LTE3NTc2NDU4NzE=","repeats":1},{"count":184,"lower_bound":"LTE3NTQ3NTU5OTk=","upper_bound":"LTE3NDcwNTk3MjU=","repeats":1},{"count":192,"lower_bound":"LTE3NDM4MjgxMzM=","upper_bound":"LTE3MzgxNTMwMjY=","repeats":1},{"count":200,"lower_bound":"LTE3Mzc0NTQyMTg=","upper_bound":"LTE3MzEzMDc2MjQ=","repeats":1},{"count":208,"lower_bound":"LTE3MjExODM3NTg=","upper_bound":"LTE3MTA3NjAyMjc=","repeats":1},{"count":216,"lower_bound":"LTE3MTA0MjgwNDg=","upper_bound":"LTE2OTM4OTA1NDg=","repeats":1},{"count":224,"lower_bound":"LTE2OTMyMDczMDc=","upper_bound":"LTE2ODIyMzI5MjI=","repeats":1},{"count":232,"lower_bound":"LTE2NzM1NDIxNDA=","upper_bound":"LTE2NTk2NjY2MTI=","repeats":1},{"count":240,"lower_bound":"LTE2NTM5NDA5NTg=","upper_bound":"LTE2NTAzNTc4MzM=","repeats":1},{"count":248,"lower_bound":"LTE2NDYxNDc3Mzk=","upper_bound":"LTE2NDE1ODQ2NTc=","repeats":1},{"count":256,"lower_bound":"LTE2MzI1ODkxNzA=","upper_bound":"LTE2MTI1NTY5ODY=","repeats":1},{"count":264,"lower_bound":"LTE2MTA2MzQwNDE=","upper_bound":"LTE2MDEzMzQ0NDg=","repeats":1},{"count":272,"lower_bound":"LTE1OTc4OTU2Mjc=","upper_bound":"LTE1ODg3NzI3NjE=","repeats":1},{"count":280,"lower_bound":"LTE1Nzk1MjgwMjU=","upper_bound":"LTE1NjgyMDQ2NTg=","repeats":1},{"count":288,"lower_bound":"LTE1NjM4MTQ1NTE=","upper_bound":"LTE1NDE3NjYwODM=","repeats":1},{"count":296,"lower_bound":"LTE1MzUwNDg1NTg=","upper_bound":"LTE1MjI4NzYzMDQ=","repeats":1},{"count":304,"lower_bound":"LTE1MTg1NDg1NDc=","upper_bound":"LTE1MDE0MDc3ODQ=","repeats":1},{"count":312,"lower_bound":"LTE1MDEzMDI2Nzk=","upper_bound":"LTE0OTQxNTg1Njg=","repeats":1},{"count":320,"lower_bound":"LTE0ODQ5MjI0Mzg=","upper_bound":"LTE0ODEwOTkyNjk=","repeats":1},{"count":328,"lower_bound":"LTE0Nzc2NDM3NjY=","upper_bound":"LTE0NjQzNTAyMDk=","repeats":1},{"count":336,"lower_bound":"LTE0NTA5NjMxOTA=","upper_bound":"LTE0NDU0MTU1NTQ=","repeats":1},{"count":344,"lower_bound":"LTE0Mzc2NDA3OTQ=","upper_bound":"LTE0MjcwNDQzNTM=","repeats":1},{"count":352,"lower_bound":"LTE0MjUyMTMzNzI=","upper_bound":"LTE0MjE0OTI5ODQ=","repeats":1},{"count":360,"lower_bound":"LTE0MjEzNDE3Njk=","upper_bound":"LTE0MTMyMzg1OTE=","repeats":1},{"count":368,"lower_bound":"LTE0MDc1NjAxOTM=","upper_bound":"LTEzOTQwMDczNTg=","repeats":1},{"count":376,"lower_bound":"LTEzOTM1OTc1MzM=","upper_bound":"LTEzODIzNzQ0MDM=","repeats":1},{"count":384,"lower_bound":"LTEzODE3NzgxMjQ=","upper_bound":"LTEzNjM0MjYxMjk=","repeats":1},{"count":392,"lower_bound":"LTEzNjI4NDcxNDI=","upper_bound":"LTEzMzE1MjkwNzI=","repeats":1},{"count":400,"lower_bound":"LTEzMTc2NDY3NTU=","upper_bound":"LTEzMDM4NTIwMDI=","repeats":1},{"count":408,"lower_bound":"LTEzMDIwNTc5NTY=","upper_bound":"LTEyOTk3NTQzNTY=","repeats":1},{"count":416,"lower_bound":"LTEyOTU1MTQxMDU=","upper_bound":"LTEyODY5MDMyNjE=","repeats":1},{"count":424,"lower_bound":"LTEyODA4NjY5NTc=","upper_bound":"LTEyNzczMDkwNTk=","repeats":1},{"count":432,"lower_bound":"LTEyNzIxMzYzNjM=","upper_bound":"LTEyNDYxNzcxNjY=","repeats":1},{"count":440,"lower_bound":"LTEyNDUzNTk3OTk=","upper_bound":"LTEyMzAzMjg5NDI=","repeats":1},{"count":448,"lower_bound":"LTEyMjg0OTAwNDU=","upper_bound":"LTEyMDAwMjIwMDM=","repeats":1},{"count":456,"lower_bound":"LTExOTgxMTM5Njg=","upper_bound":"LTExODY4MjU0MjI=","repeats":1},{"count":464,"lower_bound":"LTExNzYzMjA4MjI=","upper_bound":"LTExNjA2MDcxNTI=","repeats":1},{"count":472,"lower_bound":"LTExNTQxODIzNjk=","upper_bound":"LTExNTEzMjc2MjI=","repeats":1},{"count":480,"lower_bound":"LTExNDk5OTA5MTQ=","upper_bound":"LTExMzU0NDUzNzk=","repeats":1},{"count":488,"lower_bound":"LTExMzQzMzk4NTU=","upper_bound":"LTExMjMxMzAzNzM=","repeats":1},{"count":496,"lower_bound":"LTExMjEyMjY4NzY=","upper_bound":"LTEwOTc2NDcxNzg=","repeats":1},{"count":504,"lower_bound":"LTEwOTAyMTg0NzY=","upper_bound":"LTEwNTEyNjM2NjE=","repeats":1},{"count":512,"lower_bound":"LTEwNDU0ODA2NDU=","upper_bound":"LTEwMzk5ODM1MDA=","repeats":1},{"count":520,"lower_bound":"LTEwMzQ2NDc5MDU=","upper_bound":"LTEwMTg0NDU0ODU=","repeats":1},{"count":528,"lower_bound":"LTEwMTI2NTk1ODU=","upper_bound":"LTEwMDczMDIwMTI=","repeats":1},{"count":536,"lower_bound":"LTEwMDQ4MTIwNzk=","upper_bound":"LTk3NTgxOTA5Nw==","repeats":1},{"count":544,"lower_bound":"LTk3MDg2NzYwNQ==","upper_bound":"LTk2NjQxMDk4Ng==","repeats":1},{"count":552,"lower_bound":"LTk2MzY4MDU0MA==","upper_bound":"LTk1NzQ0ODQ1OA==","repeats":1},{"count":560,"lower_bound":"LTk1NjQ5MzM2MA==","upper_bound":"LTkzODk1NTg0Nw==","repeats":1},{"count":568,"lower_bound":"LTkzODEyMjkxMg==","upper_bound":"LTkyODYzNzQzMg==","repeats":1},{"count":576,"lower_bound":"LTkyNjY3NzM5MA==","upper_bound":"LTkwODQ4Nzg4OQ==","repeats":1},{"count":584,"lower_bound":"LTg5Nzg1MzkzOA==","upper_bound":"LTg5MzQ5NjU0MA==","repeats":1},{"count":592,"lower_bound":"LTg5MTIzNzg2NQ==","upper_bound":"LTg3OTc4MDQ5NQ==","repeats":1},{"count":600,"lower_bound":"LTg2NTczNDc1OA==","upper_bound":"LTgzNjczMDY2Ng==","repeats":1},{"count":608,"lower_bound":"LTgzNjUyMzYzOQ==","upper_bound":"LTgyODcxNjg1MQ==","repeats":1},{"count":616,"lower_bound":"LTgxNDk3NjQ5NA==","upper_bound":"LTgwMDIyNzEwMw==","repeats":1},{"count":624,"lower_bound":"LTc5OTAzNDY5OQ==","upper_bound":"LTc4MDI1MDQ0Nw==","repeats":1},{"count":632,"lower_bound":"LTc3NjY0NTM2NA==","upper_bound":"LTc2NDQ0OTY2Mg==","repeats":1},{"count":640,"lower_bound":"LTc1OTc1NTM2MA==","upper_bound":"LTc1MjE5MzA1MA==","repeats":1},{"count":648,"lower_bound":"LTc0MjM5NzQ2Mg==","upper_bound":"LTcyNzcyNDA5OQ==","repeats":1},{"count":656,"lower_bound":"LTcyNjQ5OTQ2Mw==","upper_bound":"LTcxODYwMTE1Ng==","repeats":1},{"count":664,"lower_bound":"LTcxMjE2OTI3Ng==","upper_bound":"LTY4MzMyMDc1Mg==","repeats":1},{"count":672,"lower_bound":"LTY4MDg5OTMzMw==","upper_bound":"LTY2OTEwNjc5OA==","repeats":1},{"count":680,"lower_bound":"LTY1NzU0ODc5OQ==","upper_bound":"LTY0NTYyNzMyOA==","repeats":1},{"count":688,"lower_bound":"LTY0MzA1NDY0Nw==","upper_bound":"LTYzMDg3MjkzOQ==","repeats":1},{"count":696,"lower_bound":"LTYyNDg3NjU4OQ==","upper_bound":"LTYxMjI1ODU0OQ==","repeats":1},{"count":704,"lower_bound":"LTYwODY2ODgzNg==","upper_bound":"LTYwMDk1MDY4NA==","repeats":1},{"count":712,"lower_bound":"LTU3NTYwNzAwOQ==","upper_bound":"LTU2NDM1MjQzNg==","repeats":1},{"count":720,"lower_bound":"LTU1NzMxOTY4MA==","upper_bound":"LTU0OTMzNTAxMg==","repeats":1},{"count":728,"lower_bound":"LTU0NTc3NzM0MA==","upper_bound":"LTU0Mzk1NDk1Mw==","repeats":1},{"count":736,"lower_bound":"LTU0MzEzMjM3MA==","upper_bound":"LTUyNzUwNDk0NA==","repeats":1},{"count":744,"lower_bound":"LTUyNTQwODgxNQ==","upper_bound":"LTUwNTUxMjAyNw==","repeats":1},{"count":752,"lower_bound":"LTUwNDU2OTUxNw==","upper_bound":"LTQ5NTE4MjE1Nw==","repeats":1},{"count":760,"lower_bound":"LTQ4ODIxODk5Ng==","upper_bound":"LTQ1NTkyMDMwOQ==","repeats":1},{"count":768,"lower_bound":"LTQ1NDgzODQ1NA==","upper_bound":"LTQ0NDk0MDQ1OQ==","repeats":1},{"count":776,"lower_bound":"LTQ0MzI4NjUwNg==","upper_bound":"LTQzNjQxOTU5Mw==","repeats":1},{"count":784,"lower_bound":"LTQzMjYyNDgyNw==","upper_bound":"LTQwMjA3OTQ0Mw==","repeats":1},{"count":792,"lower_bound":"LTM5NDI0NjYwMg==","upper_bound":"LTM4NDQ3MTk0NA==","repeats":1},{"count":800,"lower_bound":"LTM4MjczNzE0OA==","upper_bound":"LTM3MDQxNjAyNw==","repeats":1},{"count":808,"lower_bound":"LTM2NTI4ODE3MQ==","upper_bound":"LTM1Mzc0MDIwNA==","repeats":1},{"count":816,"lower_bound":"LTM0ODk4NjA1NA==","upper_bound":"LTM0MjQ2NDkwNw==","repeats":1},{"count":824,"lower_bound":"LTM0MjQyMDYzMw==","upper_bound":"LTM0MDc4NDEzNA==","repeats":1},{"count":832,"lower_bound":"LTMzODg0NTA1Nw==","upper_bound":"LTMyMDU3ODA4Nw==","repeats":1},{"count":840,"lower_bound":"LTMxNzI5MjUxOA==","upper_bound":"LTMxMzQ3MTY5Ng==","repeats":1},{"count":848,"lower_bound":"LTMwMzM0MzY0MQ==","upper_bound":"LTI5NzQwMzQxMQ==","repeats":1},{"count":856,"lower_bound":"LTI5NjY1MTI4OA==","upper_bound":"LTI3NTczNTM4NQ==","repeats":1},{"count":864,"lower_bound":"LTI3Mzg4MTg4MQ==","upper_bound":"LTI1OTQzNTg2NQ==","repeats":1},{"count":872,"lower_bound":"LTI1MTk2MzM1OA==","upper_bound":"LTI0NTcxNzcyOQ==","repeats":1},{"count":880,"lower_bound":"LTI0MzYwMDAwNw==","upper_bound":"LTIzMjMzNzA5Nw==","repeats":1},{"count":888,"lower_bound":"LTIyODA2NzAyOQ==","upper_bound":"LTIwODA1NjUwNQ==","repeats":1},{"count":896,"lower_bound":"LTIwNTU3NDIzMw==","upper_bound":"LTE4Nzg4ODQ0MA==","repeats":1},{"count":904,"lower_bound":"LTE4MTU3MTk1OA==","upper_bound":"LTE3MDA0MTA4Mg==","repeats":1},{"count":912,"lower_bound":"LTE2MDg5Njc1NA==","upper_bound":"LTE1NDAzOTk0Nw==","repeats":1},{"count":920,"lower_bound":"LTE1MDY4NjQ5Mg==","upper_bound":"LTEzMzczNTcxOQ==","repeats":1},{"count":928,"lower_bound":"LTEzMTgyOTc5Nw==","upper_bound":"LTEyMTIxNDI5NQ==","repeats":1},{"count":936,"lower_bound":"LTExNjgwMDg4Mw==","upper_bound":"LTExMzQ3MzE5Mw==","repeats":1},{"count":944,"lower_bound":"LTEwODk2MjM3OQ==","upper_bound":"LTEwMTczMDIzMA==","repeats":1},{"count":952,"lower_bound":"LTk2MTg2MzM3","upper_bound":"LTc4ODg3NTUx","repeats":1},{"count":960,"lower_bound":"LTczMTQ4MDI1","upper_bound":"LTcwODc5NDA5","repeats":1},{"count":968,"lower_bound":"LTY5NzI2ODY3","upper_bound":"LTU0NzkxMDMy","repeats":1},{"count":976,"lower_bound":"LTU0NDgzNjg3","upper_bound":"LTQwNTEwNTc1","repeats":1},{"count":984,"lower_bound":"LTM0OTg0NTYz","upper_bound":"LTI3MzUzMjk3","repeats":1},{"count":992,"lower_bound":"LTI0NjI5NzA3","upper_bound":"LTc1NzIzODE=","repeats":1},{"count":1000,"lower_bound":"LTczNzQxNDk=","upper_bound":"MTAyNTY3","repeats":1},{"count":1008,"lower_bound":"MTQ0NTAyMDU=","upper_bound":"MTk2MzI5Mjg=","repeats":1},{"count":1016,"lower_bound":"MzA1NDk3MzM=","upper_bound":"MzYyNjcxODM=","repeats":1},{"count":1024,"lower_bound":"MzgwOTYyODQ=","upper_bound":"NDcyMjU4OTM=","repeats":1},{"count":1032,"lower_bound":"NTI2NDU5NzY=","upper_bound":"NTc3MTczMjc=","repeats":1},{"count":1040,"lower_bound":"NjE1MjQwODI=","upper_bound":"NjkyNzU0Mjk=","repeats":1},{"count":1048,"lower_bound":"Njk3NDk1MTI=","upper_bound":"ODExNzY2MTQ=","repeats":1},{"count":1056,"lower_bound":"ODQ2MTU5NjM=","upper_bound":"MTA0MTYxNzE4","repeats":1},{"count":1064,"lower_bound":"MTExMTM5NzI1","upper_bound":"MTE2MDkwOTky","repeats":1},{"count":1072,"lower_bound":"MTIxODI1MTIz","upper_bound":"MTM0MjE3MzQx","repeats":1},{"count":1080,"lower_bound":"MTM0NzA3OTY4","upper_bound":"MTQ2NDc5ODMz","repeats":1},{"count":1088,"lower_bound":"MTQ2NzM2MDU5","upper_bound":"MTUwNjY0MjI5","repeats":1},{"count":1096,"lower_bound":"MTUwNzgxMzcw","upper_bound":"MTU4MjI5NDA0","repeats":1},{"count":1104,"lower_bound":"MTYwMTUwMjg3","upper_bound":"MTgwMTAwNzIy","repeats":1},{"count":1112,"lower_bound":"MTg1Mzc2ODc2","upper_bound":"MTk2MzU0NzAx","repeats":1},{"count":1120,"lower_bound":"MTk4OTUxMjAy","upper_bound":"MjE4OTc0MDQw","repeats":1},{"count":1128,"lower_bound":"MjIzNDEyNDg2","upper_bound":"MjMxNDk2MzUx","repeats":1},{"count":1136,"lower_bound":"MjQyMjM5MTc0","upper_bound":"MjU3MzQ1MTA5","repeats":1},{"count":1144,"lower_bound":"MjU3Njk3ODc0","upper_bound":"MjY2ODA3ODY4","repeats":1},{"count":1152,"lower_bound":"MjcwODg5Mzky","upper_bound":"Mjc2NzY1MjE4","repeats":1},{"count":1160,"lower_bound":"Mjc4Mzc3MTg2","upper_bound":"Mjg4MTk5MTg3","repeats":1},{"count":1168,"lower_bound":"Mjg5NDY2Njk3","upper_bound":"Mjk2MzA1NDEx","repeats":1},{"count":1176,"lower_bound":"MzAzNTg2OTAw","upper_bound":"MzA4MjQxMDE0","repeats":1},{"count":1184,"lower_bound":"MzExNTYxMjQ0","upper_bound":"MzE4NDIwNDY2","repeats":1},{"count":1192,"lower_bound":"MzM0ODM3MzI2","upper_bound":"MzQwMzkyODAx","repeats":1},{"count":1200,"lower_bound":"MzUwOTQ0NDg0","upper_bound":"MzU5NDY4MDE5","repeats":1},{"count":1208,"lower_bound":"MzYwMDM0MjY3","upper_bound":"Mzk0MDQ4OTYz","repeats":1},{"count":1216,"lower_bound":"Mzk0OTQ2MTIx","upper_bound":"NDEwNjM2OTU3","repeats":1},{"count":1224,"lower_bound":"NDExNzYyODk1","upper_bound":"NDM1MzQwMzQ2","repeats":1},{"count":1232,"lower_bound":"NDM2ODgxMTQw","upper_bound":"NDYyMjY3Nzc3","repeats":1},{"count":1240,"lower_bound":"NDY4Nzk0MDgx","upper_bound":"NTA4NDU2ODM5","repeats":1},{"count":1248,"lower_bound":"NTIyNDA5NDk1","upper_bound":"NTI1NDMyODkz","repeats":1},{"count":1256,"lower_bound":"NTI2MjcxNjUw","upper_bound":"NTMxNDE1NDAy","repeats":1},{"count":1264,"lower_bound":"NTQwNjQ4MzI1","upper_bound":"NTU3MDM5NzAy","repeats":1},{"count":1272,"lower_bound":"NTU4MDQxMTc2","upper_bound":"NTcyMjE5ODI4","repeats":1},{"count":1280,"lower_bound":"NTc0NjQwODE5","upper_bound":"NTgwMTU0MTA5","repeats":1},{"count":1288,"lower_bound":"NTgwMTg1OTgx","upper_bound":"NTkwMTc3NjYx","repeats":1},{"count":1296,"lower_bound":"NTk0MTUzOTkx","upper_bound":"NTk2MzE4MDk5","repeats":1},{"count":1304,"lower_bound":"NjA0NzEyNzMw","upper_bound":"NjE0ODE2NDE3","repeats":1},{"count":1312,"lower_bound":"NjE3OTA0ODcw","upper_bound":"NjI1MDM3MTA5","repeats":1},{"count":1320,"lower_bound":"NjI2MjE1OTE3","upper_bound":"NjM0ODYwMzEx","repeats":1},{"count":1328,"lower_bound":"NjM2MzgxMzE3","upper_bound":"Njc5MDM1MTI4","repeats":1},{"count":1336,"lower_bound":"NjgxODA0NzE5","upper_bound":"Njg3OTg2OTQw","repeats":1},{"count":1344,"lower_bound":"Njg5MjcwMDc2","upper_bound":"NzE5MDI2MTQ0","repeats":1},{"count":1352,"lower_bound":"NzIxNDI3MDAz","upper_bound":"NzI5Mzc5OTQz","repeats":1},{"count":1360,"lower_bound":"NzMzNDEzNDY4","upper_bound":"NzUwNTU2MDky","repeats":1},{"count":1368,"lower_bound":"NzUzMjc2NzE3","upper_bound":"Nzg2OTcwNzky","repeats":1},{"count":1376,"lower_bound":"Nzg3OTA0NDcx","upper_bound":"NzkzNzAxMzM4","repeats":1},{"count":1384,"lower_bound":"Nzk4MDU3ODUw","upper_bound":"ODE5OTQxMjIz","repeats":1},{"count":1392,"lower_bound":"ODM4MzY4MzMy","upper_bound":"ODQ2MTU0NTI2","repeats":1},{"count":1400,"lower_bound":"ODQ5NjQ4Nzg2","upper_bound":"ODU3NjM5Njg1","repeats":1},{"count":1408,"lower_bound":"ODU4MzQ4MjMz","upper_bound":"ODY4NDQxODk2","repeats":1},{"count":1416,"lower_bound":"ODcxMzkyMzQ3","upper_bound":"ODg0MTE0MTIx","repeats":1},{"count":1424,"lower_bound":"ODg5MTUwNDg2","upper_bound":"OTA5OTU1NTY3","repeats":1},{"count":1432,"lower_bound":"OTEwMjgzNTkw","upper_bound":"OTEzOTU4ODcw","repeats":1},{"count":1440,"lower_bound":"OTIwMTE3MTAw","upper_bound":"OTMxNjk3NjE0","repeats":1},{"count":1448,"lower_bound":"OTM1MDEwNDg4","upper_bound":"OTM5MzU3NTMz","repeats":1},{"count":1456,"lower_bound":"OTQ2MDAzOTgx","upper_bound":"OTU4MDc0NDM3","repeats":1},{"count":1464,"lower_bound":"OTYxNzk5NTM3","upper_bound":"OTY4ODM1NDcz","repeats":1},{"count":1472,"lower_bound":"OTcwNjgxNTU2","upper_bound":"OTgzMjYzODYw","repeats":1},{"count":1480,"lower_bound":"OTgzNDUzNzA1","upper_bound":"OTg3MzE1Nzgz","repeats":1},{"count":1488,"lower_bound":"OTkzNjA4NDgw","upper_bound":"MTAxMzQ5MDgwMg==","repeats":1},{"count":1496,"lower_bound":"MTAyNzA0MDEzOQ==","upper_bound":"MTAzNzIzNTcxMA==","repeats":1},{"count":1504,"lower_bound":"MTAzOTE1MjUzOA==","upper_bound":"MTA0OTU5MzIwNg==","repeats":1},{"count":1512,"lower_bound":"MTA1MDgyNjgyMA==","upper_bound":"MTA3ODc3NzIwNw==","repeats":1},{"count":1520,"lower_bound":"MTA5NzUxMDUwOA==","upper_bound":"MTExMDUwMzQ4Ng==","repeats":1},{"count":1528,"lower_bound":"MTExNTQxNjQzNA==","upper_bound":"MTEyNzU2MTA2Mg==","repeats":1},{"count":1536,"lower_bound":"MTEzMDMxNzUxOA==","upper_bound":"MTEzNzE1MDQ0NA==","repeats":1},{"count":1544,"lower_bound":"MTE0MTAyMjYzOQ==","upper_bound":"MTE1MDI1NzA2MA==","repeats":1},{"count":1552,"lower_bound":"MTE1MzAyMjQ4NA==","upper_bound":"MTE1OTI0NzExNw==","repeats":1},{"count":1560,"lower_bound":"MTE2MDU4MjEwNg==","upper_bound":"MTE3MTAzODIxOQ==","repeats":1},{"count":1568,"lower_bound":"MTE3ODExOTI5OA==","upper_bound":"MTE5NjAyMjMzOQ==","repeats":1},{"count":1576,"lower_bound":"MTIwMDEzNzIzNw==","upper_bound":"MTIzMTM2MTM2OQ==","repeats":1},{"count":1584,"lower_bound":"MTIzMzk0Njc3Mw==","upper_bound":"MTI1MTUyNzI2Mg==","repeats":1},{"count":1592,"lower_bound":"MTI1NTA0NzkxMQ==","upper_bound":"MTI4NjkxNjU3MA==","repeats":1},{"count":1600,"lower_bound":"MTI4ODg2NTg2MA==","upper_bound":"MTI5OTUxODg4NQ==","repeats":1},{"count":1608,"lower_bound":"MTMwOTQ1NjI1OQ==","upper_bound":"MTMyNDM3NzM5OA==","repeats":1},{"count":1616,"lower_bound":"MTMyNDc3OTc2Mw==","upper_bound":"MTM0Mjg2MDIxMA==","repeats":1},{"count":1624,"lower_bound":"MTM0NjQxOTQyMQ==","upper_bound":"MTM2NTQ1NDk3Nw==","repeats":1},{"count":1632,"lower_bound":"MTM2ODYzNDAwOQ==","upper_bound":"MTM4NjgxOTM3Nw==","repeats":1},{"count":1640,"lower_bound":"MTM5MDkyNDc1OA==","upper_bound":"MTM5NjYwNDYzMQ==","repeats":1},{"count":1648,"lower_bound":"MTM5ODUzNjg5Ng==","upper_bound":"MTQwODY4MjYxNA==","repeats":1},{"count":1656,"lower_bound":"MTQwOTU1NTI3MA==","upper_bound":"MTQxNzIzMDk4MA==","repeats":1},{"count":1664,"lower_bound":"MTQxNzM2OTkxOQ==","upper_bound":"MTQyNTU5NTI0NQ==","repeats":1},{"count":1672,"lower_bound":"MTQyNTc0Nzg0MA==","upper_bound":"MTQ0MzcyOTE1Mw==","repeats":1},{"count":1680,"lower_bound":"MTQ0Nzg1OTE4Ng==","upper_bound":"MTQ0OTgyMTM4OA==","repeats":1},{"count":1688,"lower_bound":"MTQ1MjQyMzE2MQ==","upper_bound":"MTQ1ODc1OTI1NA==","repeats":1},{"count":1696,"lower_bound":"MTQ2ODAwNzg0OA==","upper_bound":"MTQ4MjM4ODU4Mg==","repeats":1},{"count":1704,"lower_bound":"MTQ4MzM0NzQzOA==","upper_bound":"MTQ5MjAxNjc5Mw==","repeats":1},{"count":1712,"lower_bound":"MTQ5MzQyMDgyNg==","upper_bound":"MTUyODAxMTk1NA==","repeats":1},{"count":1720,"lower_bound":"MTUyODU1NTY3Nw==","upper_bound":"MTUzNDQyMTMxMw==","repeats":1},{"count":1728,"lower_bound":"MTUzNTQwNDU4MA==","upper_bound":"MTU1MjMxMzI3Mw==","repeats":1},{"count":1736,"lower_bound":"MTU1MzYwNjg5OQ==","upper_bound":"MTU2MzcyODk4NA==","repeats":1},{"count":1744,"lower_bound":"MTU2NjczNjQ1Mw==","upper_bound":"MTU3Njk0MjI5NQ==","repeats":1},{"count":1752,"lower_bound":"MTU4MzYyODAzOA==","upper_bound":"MTU5NzAxMjYxNA==","repeats":1},{"count":1760,"lower_bound":"MTU5NzQ3NDYzNg==","upper_bound":"MTYwMzIwNDg4MA==","repeats":1},{"count":1768,"lower_bound":"MTYxMzAxOTg4OQ==","upper_bound":"MTYzNjczNzYzMA==","repeats":1},{"count":1776,"lower_bound":"MTYzNzEzOTYzNA==","upper_bound":"MTY2MDc1NDEwMw==","repeats":1},{"count":1784,"lower_bound":"MTY2NzI0MjEwMA==","upper_bound":"MTcwMjQwNjYzNw==","repeats":1},{"count":1792,"lower_bound":"MTcwNzQ0ODM4Mw==","upper_bound":"MTcxNTE4NjYwNA==","repeats":1},{"count":1800,"lower_bound":"MTcxODIxNzUyMQ==","upper_bound":"MTcyMzI4MjYxMw==","repeats":1},{"count":1808,"lower_bound":"MTcyMzI5MDkyNQ==","upper_bound":"MTczNTQ2NjI1OA==","repeats":1},{"count":1816,"lower_bound":"MTczOTU0ODEyMA==","upper_bound":"MTc0NzAzNjA1Mg==","repeats":1},{"count":1824,"lower_bound":"MTc0OTQ1NDEwNA==","upper_bound":"MTc1MjYxMTI5NQ==","repeats":1},{"count":1832,"lower_bound":"MTc1NjYyNjg4MA==","upper_bound":"MTc1OTYwNzAzMQ==","repeats":1},{"count":1840,"lower_bound":"MTc3MzY2NzM5MQ==","upper_bound":"MTc4NzUwOTU2MA==","repeats":1},{"count":1848,"lower_bound":"MTc5MDQwMzg1MA==","upper_bound":"MTgwNTk1ODc2OQ==","repeats":1},{"count":1856,"lower_bound":"MTgwNjU2MDczMA==","upper_bound":"MTgxODUxODI2Mw==","repeats":1},{"count":1864,"lower_bound":"MTgyMTcwNzg4NQ==","upper_bound":"MTgzNzM3MDM3MA==","repeats":1},{"count":1872,"lower_bound":"MTg0MjIxNTY4Ng==","upper_bound":"MTg1NDY2MzI1MQ==","repeats":1},{"count":1880,"lower_bound":"MTg3MTI5ODExMA==","upper_bound":"MTg3NDA3NTY2Mg==","repeats":1},{"count":1888,"lower_bound":"MTg3NDYwMzE2NA==","upper_bound":"MTg5MDM5MTY0Mw==","repeats":1},{"count":1896,"lower_bound":"MTg5MTY0NTczMg==","upper_bound":"MTkwMzQwNzAwMA==","repeats":1},{"count":1904,"lower_bound":"MTkwNTA2NTE5MA==","upper_bound":"MTkxMTEwOTM1MA==","repeats":1},{"count":1912,"lower_bound":"MTkxMzA0MzU4Mw==","upper_bound":"MTkxODY5NjkyMQ==","repeats":1},{"count":1920,"lower_bound":"MTkxOTAyNzQxNQ==","upper_bound":"MTkzNzk0MjUwNw==","repeats":1},{"count":1928,"lower_bound":"MTk0OTI3NDUzNg==","upper_bound":"MTk2Mjg1MjExMw==","repeats":1},{"count":1936,"lower_bound":"MTk2ODg3Mzc1OA==","upper_bound":"MTk4NTc3NTU2MA==","repeats":1},{"count":1944,"lower_bound":"MTk4NTgwOTc1OQ==","upper_bound":"MTk5NzI3MzkwMA==","repeats":1},{"count":1952,"lower_bound":"MjAwMDk2MDg1NQ==","upper_bound":"MjAwOTk2NzgxNQ==","repeats":1},{"count":1960,"lower_bound":"MjAxMDMwNzg0NA==","upper_bound":"MjA0MDkwMjc1Mw==","repeats":1},{"count":1968,"lower_bound":"MjA1MDk4MDY2Mw==","upper_bound":"MjA4MjQ2OTU1Nw==","repeats":1},{"count":1976,"lower_bound":"MjA4MzczNzQyNw==","upper_bound":"MjA5NDU2Mjc0Nw==","repeats":1},{"count":1984,"lower_bound":"MjEwMzkxNDA2Nw==","upper_bound":"MjExMzEwOTYzNg==","repeats":1},{"count":1992,"lower_bound":"MjEyNTE4NjQwNQ==","upper_bound":"MjEzNDkwMDEyNw==","repeats":1},{"count":2000,"lower_bound":"MjEzNTIxMzUyMA==","upper_bound":"MjE0NzIxODg5OA==","repeats":1}]},"cm_sketch":{"rows":[{"counters":[2,1,0,0,1,2,1,0,2,1,3,3,1,0,4,2,0,2,3,0,0,0,0,1,0,1,0,0,5,0,2,1,1,2,0,1,0,1,0,0,2,2,1,1,0,4,0,0,1,0,1,0,0,2,1,2,1,1,0,2,0,0,0,1,1,0,0,2,0,0,0,3,0,1,3,0,0,3,0,0,1,0,0,1,0,0,2,1,0,2,1,0,1,3,0,1,1,2,0,4,1,2,0,0,2,1,0,1,1,0,0,1,4,0,2,0,1,0,1,0,0,3,2,4,1,1,1,0,0,1,1,0,0,0,1,1,2,0,0,1,0,0,1,1,0,2,0,1,0,0,2,2,0,0,1,2,2,1,0,1,1,2,1,0,0,0,0,1,2,1,0,4,0,0,0,1,1,1,0,0,2,2,0,1,1,1,1,0,0,1,2,3,1,4,0,1,0,2,2,0,1,0,1,0,1,1,1,4,0,1,0,2,0,0,1,4,1,2,2,0,0,0,0,1,1,1,3,1,0,2,2,1,1,3,0,2,0,1,2,1,4,0,1,1,0,2,2,1,3,0,1,2,2,3,4,1,1,2,0,1,0,2,2,0,1,0,2,0,1,2,4,0,0,2,2,1,1,0,2,0,0,1,1,1,1,0,1,2,1,3,1,0,1,1,1,2,1,2,0,2,2,3,1,0,0,2,0,1,4,1,1,0,0,3,1,1,1,0,1,1,0,2,0,1,1,0,1,2,2,0,0,0,2,1,0,1,1,0,0,2,0,0,2,0,0,1,0,2,3,1,1,0,1,0,1,1,0,3,4,2,1,1,1,1,0,1,2,0,3,1,1,0,0,0,0,0,2,1,1,3,3,1,1,2,1,1,0,1,1,1,0,2,1,1,2,0,1,1,0,0,0,2,1,0,0,1,2,2,1,2,0,0,0,0,0,2,0,0,3,0,1,2,2,1,1,0,3,1,3,1,0,0,0,0,1,2,2,0,1,0,0,1,2,3,1,1,2,0,2,0,1,0,3,2,1,2,0,0,0,2,0,1,0,0,1,1,0,0,3,1,1,2,0,0,1,0,0,2,0,0,0,0,1,0,1,0,1,1,1,0,1,1,3,2,1,2,0,1,0,0,0,0,2,2,2,0,3,0,0,0,0,1,1,0,2,0,0,2,1,0,1,0,2,0,3,2,1,2,0,2,1,2,2,0,2,3,1,3,2,1,2,0,0,1,3,0,0,1,0,2,0,1,0,0,0,0,1,1,1,1,0,1,0,2,0,0,1,2,1,1,1,2,1,0,2,2,1,0,0,2,3,1,1,3,0,1,1,0,0,1,1,1,0,1,1,1,3,1,1,0,0,2,0,1,1,1,2,0,1,1,0,0,0,0,0,1,1,0,0,2,0,2,0,0,3,0,1,1,0,1,1,0,1,1,0,1,0,1,1,2,2,0,1,0,0,1,0,3,2,0,1,1,1,1,2,4,2,1,1,4,2,0,1,0,2,1,1,2,0,0,0,0,2,0,1,1,3,1,2,2,0,1,1,3,0,1,1,1,0,2,1,1,0,1,1,1,0,1,2,2,1,1,0,0,1,0,2,1,2,1,2,1,0,1,0,2,1,0,0,2,0,2,1,1,1,0,0,0,2,0,0,0,2,0,1,2,0,2,3,2,0,2,1,3,2,3,0,1,1,0,0,0,2,2,0,2,0,2,0,2,2,1,2,1,1,0,1,0,1,1,1,1,0,0,3,0,1,0,2,0,1,0,2,1,1,1,1,1,0,3,0,2,1,1,0,1,2,2,1,2,0,1,1,0,0,1,0,1,1,0,0,0,0,1,4,1,1,1,0,2,1,0,2,1,0,3,1,1,1,1,0,0,1,1,0,2,0,1,2,1,2,2,0,1,1,0,0,2,0,0,0,2,1,1,0,2,0,1,0,3,1,2,0,0,0,1,1,0,1,2,1,2,1,0,3,2,1,1,0,1,1,1,1,2,0,1,4,1,2,1,0,2,1,0,3,0,0,0,0,1,0,0,2,0,2,0,2,0,0,0,0,2,0,2,1,1,0,1,3,0,0,1,0,2,1,0,2,1,2,1,0,1,0,1,3,1,2,0,0,1,1,1,2,0,3,1,1,1,3,1,2,1,0,1,1,2,0,0,0,2,2,2,0,2,1,3,0,2,0,2,0,2,0,2,1,1,0,0,0,0,0,1,1,2,3,1,0,0,1,0,0,2,2,0,0,0,2,1,4,0,2,1,1,2,2,4,1,1,1,1,2,2,1,0,0,2,2,0,1,0,0,1,1,0,0,1,0,1,0,1,2,1,0,1,0,1,0,2,1,1,2,1,4,1,0,0,0,0,0,1,0,1,1,2,2,0,1,1,1,0,1,0,0,0,2,0,2,1,0,2,2,1,3,0,2,0,0,3,0,0,0,2,1,0,1,1,0,1,1,0,1,0,2,0,2,0,1,1,2,2,1,2,1,0,1,1,2,0,2,2,0,2,0,0,2,0,0,0,0,0,0,2,1,0,1,0,2,0,0,1,1,0,1,0,0,1,0,3,1,2,1,1,1,1,0,2,1,2,3,2,3,0,1,3,0,1,3,1,0,0,1,1,2,0,1,2,2,1,1,1,1,1,2,1,2,2,0,2,1,0,1,0,1,0,1,1,2,0,0,0,0,0,1,0,0,0,0,1,2,2,2,0,1,1,2,1,1,0,2,2,0,0,2,1,1,1,1,2,1,2,2,1,1,0,0,0,3,0,0,0,1,0,0,0,1,1,0,1,3,2,2,0,1,1,0,1,0,1,1,1,1,2,0,1,1,1,1,1,1,0,0,0,1,1,1,3,1,2,0,1,1,0,1,3,0,0,0,1,1,2,1,0,0,1,1,2,2,1,0,0,1,0,0,2,0,2,1,0,2,2,0,3,0,3,0,1,1,2,1,2,2,1,0,2,1,3,0,2,0,1,1,1,2,2,1,1,4,1,1,2,2,2,4,1,2,1,1,1,0,0,2,1,0,2,1,0,3,3,1,1,0,2,1,0,0,0,2,1,0,0,0,1,0,0,0,0,1,0,1,2,0,0,0,0,0,1,1,0,1,1,1,1,1,1,0,0,0,0,0,0,0,3,1,4,1,3,1,0,0,0,1,2,2,0,1,0,1,0,1,2,2,0,1,0,1,0,1,1,0,1,1,0,1,2,3,1,0,0,1,1,1,0,0,0,2,2,2,0,2,0,0,1,1,1,0,0,0,0,0,0,0,1,1,0,2,2,2,0,3,0,3,2,1,1,2,0,1,1,0,0,3,0,2,1,0,1,0,1,2,1,1,2,1,1,1,2,0,3,1,1,0,0,1,3,1,2,0,1,0,0,4,2,0,2,1,3,2,4,1,0,0,1,1,2,0,0,1,4,2,2,0,0,1,0,1,0,1,0,1,6,1,1,0,1,3,0,0,0,0,1,2,2,0,3,1,0,0,1,0,3,0,0,0,0,0,0,2,1,0,2,0,0,2,3,1,1,2,0,1,1,0,0,1,0,0,2,1,0,1,0,1,2,2,1,2,2,0,0,1,0,0,1,0,0,1,2,1,0,0,1,1,1,2,0,0,1,0,1,3,4,2,1,2,0,3,1,1,3,0,0,3,2,1,1,1,1,3,2,0,1,2,2,0,1,0,3,0,1,0,1,0,3,0,3,2,2,1,1,1,0,2,1,1,2,2,1,0,1,1,0,1,0,0,1,3,2,1,2,0,0,2,2,1,2,1,1,0,2,1,0,0,1,1,0,2,1,0,0,0,2,2,3,1,2,2,3,0,0,2,1,0,1,1,1,0,1,1,0,1,1,0,1,1,0,1,0,0,2,1,1,0,0,2,2,0,3,2,0,1,2,2,0,1,1,1,3,1,0,1,1,0,0,0,1,1,2,3,1,0,0,1,1,0,2,0,1,0,1,0,2,0,2,2,2,0,1,2,0,1,1,2,0,2,1,0,0,2,0,0,4,1,1,2,2,1,0,1,0,0,0,1,0,0,0,2,1,2,0,1,0,0,1,2,2,1,0,0,0,0,3,3,1,0,0,2,3,2,2,0,1,0,1,0,0,0,1,0,1,0,2,0,0,1,1,0,0,0,1,0,0,0,1,0,1,0,1,0,2,1,3,2,0,3,1,3,0,2,0,0,0,1,3,1,2,1,1,1,0,0,3,1,2,2,2,1,1,1,0,1,2,0,2,1,1,0,3,0,1,1,0,2,1,1,2,1,2,0,0,1,1,0,0,1,0,1,0,1,2,0,2,1,1,2,2,0,1,0,0,0,1,2,3,0,1,0,1,2,1,2,0,2,1,1,1,0,2,0,2,2,2,0,0,0,1,1,0,0,2,0,1,1,0,1,0,0,0,0,0,0,1,2,1,2,2,0,1,1,0,3,2,2,0,0,2,2,1,0,0,3,0,1,0,0,3,0,1,0,0,1,1,0,0,2,0,1,1,0,0,1,2,0,0,3,1,1,1,0,2,0,1,0,0,0,0,0,0,3,2,2,1,0,2,1,3,1,1,2,1,1,1,0,1,3,3,0,2,0,0,1,1,1,1,1,1,1,0,0,0]},{"counters":[2,1,0,1,1,0,0,0,0,2,1,1,1,1,1,2,0,1,3,2,1,2,2,1,2,1,2,1,3,1,2,2,0,0,0,0,2,2,0,2,2,1,1,0,1,0,1,2,1,4,4,3,1,1,3,0,1,3,2,1,0,1,1,1,1,1,0,2,1,0,2,0,2,1,1,0,0,0,3,0,1,1,1,1,1,0,1,0,0,2,0,0,0,0,2,0,0,1,0,1,0,0,2,2,1,2,1,0,2,0,2,0,0,2,1,0,0,1,0,1,0,0,2,4,1,1,0,0,0,0,0,2,1,0,0,0,2,1,0,0,1,1,2,2,0,0,0,1,1,1,0,1,2,0,1,0,0,0,0,1,1,1,0,0,0,1,1,1,0,0,0,1,0,1,0,2,0,2,1,1,0,1,0,1,0,0,0,2,0,0,2,2,0,1,2,1,0,0,1,3,1,1,1,0,0,0,1,0,1,0,0,1,0,0,0,0,0,0,0,0,0,0,1,1,0,0,1,3,0,1,0,3,1,0,1,3,2,0,0,2,0,2,1,0,0,0,2,2,1,1,0,0,1,0,0,0,2,1,0,1,0,0,2,2,0,2,0,1,0,1,1,1,0,2,0,1,1,0,0,1,1,1,1,2,1,2,1,1,2,0,1,0,1,1,2,0,1,0,1,1,1,1,4,1,1,3,0,1,0,1,0,0,0,1,1,0,1,1,0,3,1,0,0,1,2,1,2,1,0,1,0,1,0,0,3,1,1,1,1,0,0,3,0,2,0,1,0,1,0,1,2,0,2,2,0,1,2,0,0,1,4,0,2,1,3,0,1,1,1,0,1,0,0,0,0,0,2,1,0,0,2,1,2,2,2,1,0,0,1,0,1,1,1,0,2,1,2,1,2,2,0,2,5,1,3,1,1,1,0,1,3,0,1,0,0,1,4,2,2,0,1,0,0,1,0,2,0,0,0,1,2,2,2,1,1,0,0,2,0,0,0,0,0,1,0,0,4,0,0,1,0,1,1,3,2,2,3,1,2,0,1,0,0,0,2,3,0,0,3,0,1,0,3,0,1,2,0,1,3,2,0,1,2,0,1,1,1,0,1,2,0,1,2,0,1,0,1,0,0,1,1,0,1,0,0,1,1,3,0,1,1,1,1,2,2,0,1,2,2,2,1,1,0,0,2,1,2,0,1,1,3,0,0,1,0,1,2,1,1,1,2,1,1,1,2,1,1,1,1,1,1,4,0,0,1,0,0,0,1,0,1,1,0,2,1,1,1,0,3,2,1,1,2,0,1,0,2,1,1,1,1,1,2,0,0,0,2,1,1,2,1,2,1,1,1,0,1,1,0,2,2,2,0,1,1,0,1,1,0,0,2,2,0,1,2,0,0,0,0,0,0,1,1,0,1,1,1,0,0,2,1,1,1,2,0,1,0,2,0,0,1,0,0,0,3,0,0,1,1,1,0,1,0,1,1,2,2,0,2,1,1,2,1,4,0,1,1,2,1,0,2,1,1,1,1,2,0,0,0,3,2,3,0,0,1,1,2,2,1,1,0,1,2,4,3,0,2,1,0,0,2,0,1,1,0,0,1,1,2,2,0,1,1,1,1,0,2,0,1,1,0,0,1,1,1,0,0,2,0,2,0,2,0,2,1,1,0,1,0,0,3,2,4,1,2,2,0,2,1,0,1,1,1,0,2,0,0,2,2,1,4,2,0,1,1,3,0,0,0,0,1,4,1,1,1,1,2,2,1,1,4,0,0,1,0,0,1,1,0,2,2,1,0,1,0,2,2,0,0,1,1,1,0,1,0,1,1,3,0,1,1,2,0,0,1,1,1,1,1,2,1,0,0,1,2,1,0,0,1,1,0,0,0,1,2,0,1,1,1,1,0,1,0,1,2,1,1,1,1,2,0,0,0,0,0,0,1,1,1,3,3,1,1,0,1,1,1,0,2,1,1,1,1,2,0,1,2,2,1,4,0,1,2,1,1,2,3,0,1,1,1,0,0,1,1,2,1,1,1,0,1,0,0,1,3,0,1,0,1,2,1,4,0,1,0,0,0,1,2,1,1,2,0,1,4,1,0,0,1,3,2,1,1,0,2,2,4,2,1,2,2,0,2,1,0,2,3,1,2,2,0,2,2,3,0,1,0,0,2,1,0,1,1,0,1,1,0,1,0,1,2,0,0,3,2,2,0,0,3,1,0,3,2,0,0,2,1,3,0,0,0,1,1,1,1,0,1,0,1,1,2,0,5,1,3,1,1,0,0,1,0,1,1,0,1,1,1,1,2,1,0,3,1,1,2,1,0,2,1,0,1,0,0,0,1,1,0,2,1,0,0,1,1,1,1,2,0,0,0,1,0,4,0,0,2,0,0,0,0,2,2,0,2,2,0,3,2,1,1,1,2,2,0,1,0,2,3,3,1,2,0,1,0,1,0,1,3,1,1,2,0,2,1,0,1,3,2,2,2,0,3,1,2,0,1,0,0,1,0,1,0,3,0,1,0,1,0,0,0,1,2,1,0,1,0,3,0,0,1,0,1,0,1,3,1,1,1,0,0,0,1,1,1,0,1,1,0,1,2,2,0,0,0,0,1,0,2,0,2,2,0,4,1,3,4,1,2,0,2,1,1,3,1,1,2,0,0,2,2,2,0,1,0,2,1,4,1,0,3,0,1,1,0,1,2,1,1,1,1,1,0,0,0,2,2,1,0,0,2,0,1,2,1,3,2,0,1,0,2,0,0,0,0,0,2,3,1,1,0,0,1,1,0,0,1,1,0,2,1,0,1,1,1,1,1,0,0,0,0,0,1,1,1,0,1,1,1,0,2,1,2,0,3,0,2,1,1,0,1,1,0,1,1,0,2,1,0,1,0,1,2,0,1,0,2,2,3,0,0,0,0,1,1,1,2,0,0,2,1,2,1,2,0,2,0,1,2,4,2,2,1,1,2,0,1,1,0,2,0,1,0,0,1,1,1,1,0,0,2,1,1,1,4,1,0,1,0,1,1,1,1,3,1,1,4,1,0,2,0,3,0,0,0,0,0,3,0,1,0,0,1,1,1,4,1,1,1,1,1,1,0,1,1,0,0,2,1,1,1,1,0,2,2,1,0,3,1,1,2,1,1,2,1,2,1,0,2,0,2,0,0,1,0,1,2,0,0,1,0,1,0,0,2,0,0,0,1,2,1,0,1,2,1,2,1,3,0,1,0,0,1,1,1,2,1,0,1,2,0,1,4,1,1,0,0,1,0,1,0,0,1,0,1,0,1,2,2,1,0,1,0,2,2,1,1,1,1,1,1,2,0,1,1,2,0,1,1,1,0,2,0,0,1,0,0,1,1,1,1,2,2,0,2,0,0,2,0,1,0,1,1,0,1,2,0,0,0,0,2,1,1,0,1,1,3,1,0,0,0,1,0,0,0,0,2,0,2,2,4,3,1,1,0,1,1,0,0,2,0,3,2,2,2,1,0,2,1,4,0,1,1,0,0,3,0,0,0,3,1,1,1,0,4,2,2,2,2,0,0,0,1,0,1,0,1,3,0,1,2,1,2,4,1,2,1,0,0,1,0,1,0,1,1,1,2,1,0,1,1,1,0,1,0,2,0,3,1,1,1,1,1,0,0,1,0,1,0,3,2,1,0,0,0,2,0,0,4,3,0,1,0,0,1,0,0,1,2,0,0,1,0,0,2,0,2,0,1,4,0,0,0,2,1,2,2,3,1,1,0,1,1,1,0,2,0,0,3,0,0,0,1,0,2,0,1,2,0,1,0,1,2,0,1,0,2,1,0,0,2,0,2,1,1,2,0,1,2,0,1,1,2,2,0,3,3,1,1,1,0,0,2,1,1,0,1,0,1,1,1,1,0,1,2,1,0,0,0,3,0,1,0,1,1,2,2,1,2,2,1,2,1,0,0,2,3,3,0,1,3,0,2,1,0,1,0,0,1,0,0,0,0,0,1,0,0,0,1,1,2,1,0,2,4,2,1,2,0,1,0,0,3,1,1,0,4,1,2,0,1,1,1,0,3,2,1,1,0,0,2,1,0,0,0,1,1,1,0,0,1,0,0,2,2,1,1,0,0,1,2,0,1,3,0,4,2,1,1,0,1,1,2,0,1,1,4,1,1,0,0,1,2,2,0,1,1,0,2,0,0,4,1,3,2,1,2,0,3,1,0,1,0,4,1,1,3,2,2,1,0,0,1,1,1,2,1,0,1,1,0,2,0,0,0,1,1,5,0,2,1,4,1,2,0,0,1,1,1,3,0,2,1,0,1,0,2,1,0,0,3,1,0,0,1,1,3,3,0,1,0,0,1,1,0,3,1,0,0,2,0,0,1,2,2,0,2,0,1,3,1,1,4,1,0,1,0,0,2,1,0,0,1,1,1,0,0,0,1,2,0,1,1,0,2,0,1,1,0,0,0,1,1,1,0,0,1,1,2,2,0,0,0,0,2,2,1,0,1,1,1,0,0,1,0,1,2,2,1,1,0,0,0,2,2,0,1,3,1,1,0,0,0,1,0,2,0,2,0,1,3,3,0,1,1,3,1,0,1,0,0,2,3,1,1,1,3,0,1,1,4,0,0,1,0,1,2,1,0,1]},{"counters":[2,2,0,3,1,1,2,0,0,0,1,4,0,1,1,0,1,0,0,1,0,2,2,3,0,1,3,1,1,0,0,0,1,0,2,0,1,0,2,0,0,0,0,1,2,0,0,0,0,1,2,0,0,0,1,0,0,0,2,2,0,0,0,0,1,1,1,2,0,1,0,3,0,2,1,0,0,1,1,0,0,2,1,0,2,0,1,0,1,0,1,1,3,1,2,3,1,5,1,0,0,1,3,1,0,1,3,0,0,1,1,1,1,2,2,0,1,4,3,0,0,0,1,1,2,2,1,0,0,1,1,0,1,2,1,1,1,3,0,2,0,0,0,0,0,1,1,2,1,2,0,0,2,3,0,0,1,0,0,1,3,0,2,1,0,1,1,3,2,2,0,0,0,0,0,0,1,0,1,0,1,0,2,0,0,2,1,0,1,2,1,1,0,1,2,1,0,1,4,1,1,1,1,1,1,0,1,0,0,0,0,1,2,1,2,1,1,1,1,1,0,1,0,1,0,0,0,1,1,3,0,0,1,0,1,1,1,2,0,4,1,0,1,3,1,1,0,0,1,1,1,2,0,0,0,0,1,2,1,0,1,1,2,4,0,1,1,1,0,0,0,2,2,1,2,0,1,3,2,0,3,0,2,0,0,1,1,1,0,1,1,2,0,1,0,1,0,0,1,2,4,3,0,1,1,0,1,2,2,1,2,1,0,2,0,3,0,0,3,1,1,0,4,3,1,0,0,0,1,2,1,1,2,1,0,3,1,0,1,0,1,1,0,0,0,2,1,2,0,0,4,0,1,1,1,1,0,2,1,1,0,0,1,0,1,0,0,0,0,1,3,0,1,1,1,2,0,2,0,1,0,0,0,0,2,0,2,0,1,0,0,2,1,1,4,2,2,0,1,0,0,2,1,1,0,1,2,0,1,1,3,0,1,1,1,2,1,0,2,1,1,1,0,2,2,0,3,1,2,0,0,3,0,0,1,0,2,1,2,1,1,1,0,0,0,1,1,0,1,2,3,3,1,2,3,1,0,0,2,1,0,1,2,2,0,1,0,0,0,1,0,1,1,2,0,1,0,0,1,0,0,0,1,4,1,1,0,6,1,0,1,2,2,1,0,3,1,0,3,1,1,1,0,0,2,1,1,1,0,1,0,2,1,2,0,1,2,0,0,2,2,0,1,2,2,1,0,0,1,2,0,0,0,2,0,4,4,1,0,3,0,2,2,0,0,1,0,0,1,0,0,1,0,0,1,2,2,1,1,3,1,0,0,0,0,0,0,1,2,0,1,4,1,0,0,3,1,0,0,3,3,1,0,1,2,2,2,2,0,1,1,0,1,0,1,2,1,1,3,0,0,1,1,1,0,0,0,2,2,0,1,0,2,0,0,1,2,1,0,0,0,0,3,2,1,0,0,2,0,0,1,0,1,0,1,0,1,0,1,1,0,2,1,0,2,2,2,1,0,1,2,0,2,0,2,1,0,0,1,2,0,1,0,1,1,1,2,3,1,0,1,1,0,0,1,2,1,1,1,1,1,1,1,1,3,1,0,1,0,1,0,1,1,2,0,1,1,0,0,0,2,1,0,0,1,1,0,3,2,2,1,0,0,0,0,1,0,1,0,3,1,0,0,2,1,0,1,1,2,0,1,1,2,1,0,2,0,0,2,1,1,1,0,2,0,0,2,1,1,0,0,0,1,0,1,0,0,3,0,2,0,0,1,2,0,0,0,0,0,1,3,0,4,1,0,3,1,0,0,3,1,0,1,0,2,0,1,1,1,0,0,1,0,0,1,2,0,2,1,0,1,4,2,2,3,1,2,0,2,1,0,3,1,1,0,0,2,0,1,0,0,0,1,2,3,1,0,5,1,1,0,0,0,1,0,3,3,0,2,3,1,0,0,1,1,3,1,1,1,0,0,2,0,0,0,2,1,2,0,0,2,0,1,3,1,0,0,0,0,2,1,1,2,1,5,1,0,2,1,1,0,0,1,1,2,2,2,2,2,0,0,0,1,0,1,0,1,1,1,0,3,1,1,2,2,0,0,0,1,2,0,1,1,0,1,1,0,0,0,3,0,1,0,1,5,1,0,1,0,2,1,1,3,0,0,0,1,2,2,3,0,0,1,1,1,1,0,2,2,4,1,1,2,0,1,1,0,0,0,3,2,1,2,0,1,1,3,0,0,1,1,2,3,0,0,3,0,2,3,0,0,1,1,0,3,1,1,0,0,1,1,1,1,1,0,2,0,0,0,1,0,0,0,2,1,0,4,0,2,0,1,2,1,2,1,0,1,0,0,4,0,1,0,0,0,2,1,0,0,1,1,1,1,0,0,3,1,2,1,0,1,1,1,2,1,1,2,4,1,1,0,1,1,1,2,2,1,1,0,0,0,0,2,1,0,0,2,0,0,0,1,1,1,0,0,4,0,3,0,3,0,1,0,0,1,1,0,0,1,0,1,3,0,3,0,0,1,0,2,1,0,0,0,1,1,2,3,1,0,0,0,2,1,2,0,0,3,0,1,0,0,1,2,4,0,4,3,1,1,2,1,0,1,1,0,1,1,1,1,1,1,0,0,0,1,1,0,0,1,0,1,3,2,0,1,1,0,0,1,1,2,4,0,1,3,1,0,2,1,2,0,1,0,1,0,1,0,0,1,1,1,2,0,1,0,0,3,5,2,0,1,1,1,0,0,0,0,1,1,1,0,3,1,1,0,0,1,3,0,2,0,2,0,2,2,1,2,0,0,0,1,0,2,1,1,1,2,0,3,1,0,1,2,1,1,0,2,0,0,3,3,0,2,1,1,1,2,2,2,1,1,1,1,0,0,1,2,1,0,4,0,0,0,1,0,1,1,0,0,1,1,0,1,0,1,0,2,2,0,1,2,0,0,2,1,2,2,2,0,0,1,1,0,0,1,2,2,1,1,2,0,1,1,1,0,3,1,1,0,1,0,1,0,3,1,3,0,4,0,1,0,0,1,0,1,5,1,0,1,2,0,1,0,0,0,3,1,1,1,1,0,4,2,4,2,2,4,0,1,3,2,0,0,1,2,2,0,0,2,2,0,0,1,2,2,1,1,0,2,1,0,1,1,2,3,1,0,1,3,1,2,1,0,0,2,0,0,1,1,1,3,3,0,0,0,1,2,1,1,1,0,0,1,1,1,1,0,1,1,1,0,0,1,0,1,3,0,3,0,0,1,0,1,1,4,1,1,0,1,0,0,2,2,0,1,1,0,7,2,1,1,2,2,0,0,0,1,1,0,0,1,3,1,3,1,1,1,0,1,0,0,0,2,1,2,0,0,0,0,1,1,0,1,1,1,1,0,1,1,1,3,2,1,0,2,0,0,1,2,2,2,2,0,2,0,2,2,0,1,3,1,1,0,1,3,0,0,2,1,2,1,1,0,2,1,1,0,0,0,1,1,0,1,0,1,0,2,0,0,1,0,0,2,1,2,2,1,0,0,1,2,1,1,0,2,3,0,3,1,0,0,2,1,1,1,1,0,0,1,0,0,2,2,0,0,1,1,1,1,3,1,0,0,0,1,1,0,0,0,2,1,0,3,1,0,0,1,0,2,2,0,2,0,0,1,1,0,0,1,0,0,0,1,0,0,0,1,3,0,1,1,1,0,0,0,0,2,0,0,1,0,2,1,1,3,2,0,2,1,0,1,0,2,1,2,2,0,2,0,3,0,0,2,2,1,0,0,1,0,0,0,0,2,3,3,0,0,0,2,1,3,0,0,3,1,0,1,1,0,1,1,1,1,1,0,2,1,2,0,0,2,2,1,0,0,0,0,1,1,1,0,0,0,2,0,0,1,1,1,0,1,2,3,3,1,1,4,0,0,1,2,0,0,2,1,0,1,1,2,0,1,0,1,3,1,1,2,3,0,0,1,2,0,1,5,1,1,3,2,1,0,3,1,0,0,3,3,3,1,1,0,1,2,1,4,2,0,0,0,3,1,1,0,1,0,1,0,1,0,0,5,0,1,1,2,2,0,0,0,1,3,1,1,2,3,0,1,0,1,0,1,1,1,0,0,1,1,1,0,0,1,2,1,1,2,1,0,1,1,1,0,1,2,0,1,1,3,1,1,0,4,0,1,0,0,1,1,2,0,2,0,0,3,1,1,0,1,0,0,0,0,1,3,0,1,0,0,1,0,2,2,0,0,0,1,1,1,1,1,0,4,3,1,1,1,3,0,1,1,1,0,1,1,1,0,0,0,0,3,2,0,2,1,0,3,2,0,3,1,1,0,2,1,1,0,1,0,0,1,0,2,1,1,1,0,0,1,0,3,0,1,2,0,1,0,2,2,0,1,3,1,1,0,1,1,1,1,1,0,2,0,0,0,3,0,1,1,3,1,0,1,1,1,0,2,2,0,1,3,1,0,2,1,1,1,0,0,0,2,2,1,2,1,1,0,2,0,2,1,2,1,0,0,1,1,0,3,1,1,0,2,0,0,2,1,3,1,0,1,2,1,2,0,0,1,0,0,1,1,0,1,0,0,0,1,0,2,1,1,2,1,0,2,0,2,1,0,0,1,2,0,1,2,0,1,1,1,1,1,3,1,0,1,3,0,0,1,0,2,1,1,0,1,1,1,1,0,1]},{"counters":[1,1,0,0,1,2,0,0,4,1,1,3,2,3,3,1,2,1,0,1,3,5,0,0,2,0,1,0,2,1,0,2,0,1,1,0,1,2,0,1,2,2,0,0,1,1,1,3,0,0,2,2,0,3,2,1,1,1,3,1,0,1,1,1,1,2,3,1,1,1,0,5,1,1,1,0,1,0,3,0,1,0,0,0,2,1,1,4,0,0,1,0,1,1,3,2,0,0,1,1,0,0,0,2,0,0,0,1,2,1,0,2,2,1,1,0,1,0,0,1,0,2,1,0,0,2,1,0,1,1,0,2,2,0,1,0,1,3,1,1,0,1,2,0,0,5,3,0,3,2,1,3,1,0,7,0,0,1,0,2,1,1,1,1,1,0,1,0,0,0,0,1,2,1,0,1,1,2,0,0,0,1,0,1,3,1,1,0,2,1,3,1,1,0,2,2,1,3,0,0,0,1,2,3,0,3,1,1,0,0,0,2,0,1,1,0,2,2,0,2,0,2,0,0,1,0,1,3,1,2,1,1,0,0,0,2,1,2,0,0,4,2,0,1,2,3,2,2,1,0,0,0,0,1,0,1,3,3,3,0,1,0,0,0,0,1,0,1,4,1,2,2,2,2,0,1,1,1,1,0,1,0,1,0,1,0,0,1,1,0,1,1,4,1,1,1,0,1,2,0,1,1,1,0,3,1,3,0,0,0,0,0,1,0,1,1,2,1,2,1,1,3,1,2,0,0,0,1,0,0,0,0,1,1,2,2,1,1,0,2,3,0,5,2,2,0,3,0,1,2,0,4,1,0,1,1,0,2,0,0,3,0,0,1,3,0,1,0,1,2,1,0,0,3,0,1,0,0,1,1,0,0,0,1,1,1,2,2,0,2,1,2,2,0,2,0,1,0,0,1,0,1,3,1,2,0,1,4,0,1,1,0,2,0,0,1,0,1,2,2,2,0,0,2,1,1,0,1,0,1,0,1,0,0,2,3,1,0,1,0,0,1,1,0,0,1,3,0,1,0,1,1,1,1,1,2,0,1,0,0,3,0,1,1,1,0,0,1,1,2,0,1,2,0,0,0,2,0,2,0,1,0,0,2,2,2,0,3,0,0,0,0,1,1,2,2,0,0,2,0,0,0,0,3,1,0,2,0,2,1,1,2,1,1,0,0,1,1,0,0,0,1,2,1,0,1,3,2,1,0,1,0,4,1,2,3,2,1,2,3,0,1,0,2,3,1,1,0,0,1,0,0,1,2,1,2,0,1,0,1,2,0,0,0,1,1,1,0,0,1,1,1,0,1,0,3,1,2,1,0,3,0,1,1,0,1,2,0,0,2,1,1,1,1,2,0,1,0,0,0,1,0,1,0,0,1,1,1,1,2,0,1,0,1,3,0,0,1,0,0,0,3,2,2,2,2,1,4,2,1,2,5,1,1,1,2,0,0,1,0,2,0,0,1,2,2,1,2,5,2,1,2,0,1,3,4,3,0,2,1,2,0,2,2,2,0,2,2,0,1,0,3,0,4,0,3,3,1,2,0,1,0,2,0,1,2,0,2,0,1,0,1,1,1,0,0,1,0,2,0,0,1,1,1,1,2,0,1,0,0,0,3,1,1,2,3,0,1,2,0,1,0,0,3,0,4,1,0,1,0,0,2,2,0,0,1,0,2,2,3,1,2,0,0,2,2,1,2,1,3,0,0,0,1,0,1,2,1,1,1,0,1,0,2,1,4,2,4,0,0,0,2,0,2,1,2,1,3,0,2,1,2,4,0,0,0,1,0,0,1,1,0,0,2,0,0,1,0,1,1,1,2,0,0,2,0,0,0,0,0,3,0,1,0,0,2,0,1,2,3,2,0,1,0,0,1,1,0,2,2,2,1,1,3,0,2,3,1,1,1,0,4,1,0,0,0,1,1,0,0,0,1,0,2,0,0,0,1,0,2,0,1,0,0,0,0,1,0,2,2,1,2,1,0,1,1,0,1,0,0,3,0,1,0,1,2,1,1,2,2,2,0,2,2,0,1,1,0,1,1,2,1,0,0,0,1,1,0,2,2,0,0,1,0,1,2,0,4,1,2,2,0,0,0,0,1,0,1,2,2,1,2,2,1,1,0,1,1,1,1,0,2,0,3,0,1,4,1,1,0,1,0,1,1,1,4,1,0,0,2,0,0,2,0,0,1,2,2,1,1,1,2,1,1,0,1,2,0,3,0,1,0,0,0,1,2,0,1,1,0,1,0,1,2,0,1,1,0,1,1,3,0,1,2,1,1,0,0,1,1,0,1,0,1,1,0,0,1,1,2,0,0,1,2,0,1,0,0,2,3,0,1,0,2,3,2,0,1,3,2,1,1,1,0,2,2,1,1,1,3,0,5,2,1,2,2,2,1,0,0,0,1,0,0,1,2,1,1,0,2,2,1,1,0,1,0,2,1,0,0,2,0,2,1,1,0,0,1,2,0,0,1,1,2,3,0,0,1,1,1,1,1,3,2,1,0,1,2,1,1,0,3,4,0,0,0,4,0,0,0,0,0,1,0,0,1,0,2,1,0,2,0,3,2,2,0,3,3,0,1,2,2,2,1,0,2,0,1,0,1,0,0,0,0,2,2,1,1,0,1,1,0,1,2,3,1,1,2,1,2,1,0,0,0,2,0,0,1,1,3,1,2,0,0,0,1,1,2,2,0,2,1,0,0,1,0,0,0,1,2,3,2,2,1,0,2,1,1,0,1,1,3,1,1,1,0,1,0,2,1,1,0,1,2,1,0,0,0,0,1,1,2,0,0,1,0,1,1,1,0,0,1,2,0,2,0,2,0,0,2,2,0,1,3,1,1,0,0,1,1,3,0,1,2,0,1,2,0,0,1,1,0,1,0,0,3,2,2,1,4,2,3,0,2,4,1,2,0,1,1,1,0,1,1,0,1,0,1,2,0,2,0,0,0,2,1,1,1,1,1,2,0,1,1,0,0,0,0,1,2,1,0,1,1,3,1,2,0,3,0,1,2,1,2,1,0,0,0,0,2,1,1,0,1,2,1,0,0,1,0,1,1,1,1,1,0,0,0,0,1,1,0,0,0,0,0,2,3,0,4,1,0,0,0,1,1,1,0,0,1,2,1,2,0,1,0,1,1,0,5,2,3,3,1,0,1,0,0,0,1,1,8,0,3,1,1,0,3,0,1,0,1,0,0,0,0,2,0,0,2,2,1,0,1,1,1,0,0,0,0,0,0,0,1,1,0,1,1,0,1,1,0,0,1,0,0,1,1,0,3,0,0,0,1,2,0,2,1,0,0,0,1,1,2,3,2,0,2,0,1,0,0,0,0,0,0,2,1,3,3,0,1,1,0,1,0,1,1,0,0,2,1,1,0,0,0,0,1,3,3,1,0,0,2,1,0,1,0,1,1,2,1,0,0,0,2,3,0,2,4,0,2,0,0,0,1,0,0,0,1,3,0,1,1,1,1,1,1,1,1,1,0,2,0,1,1,1,1,3,0,1,0,0,3,0,0,0,0,2,1,0,1,1,0,1,0,1,0,0,0,0,1,2,1,0,2,0,0,0,1,1,0,1,1,0,0,1,1,0,2,0,1,0,1,1,2,1,1,0,0,0,0,0,2,1,2,1,0,0,0,1,0,3,1,1,0,2,1,3,2,1,0,0,0,1,0,1,1,2,1,0,1,1,0,0,3,0,0,0,1,2,0,4,3,2,0,2,2,0,0,0,3,1,2,1,0,0,1,1,2,1,0,0,1,0,0,1,1,2,1,1,2,3,1,0,1,1,1,0,2,0,2,0,0,3,0,0,0,1,0,1,3,1,1,0,2,1,1,2,1,0,1,1,0,0,1,2,1,1,1,1,1,0,0,1,1,0,0,0,2,2,0,0,2,0,0,0,2,0,1,0,1,0,1,1,1,0,0,2,1,0,0,1,1,1,1,3,1,0,2,1,0,1,1,1,0,1,0,0,3,1,1,4,1,1,3,0,3,0,0,1,1,1,1,0,3,0,1,1,0,2,2,1,2,0,1,0,1,0,2,0,1,2,1,0,1,1,1,0,0,3,0,0,2,1,0,0,2,2,1,1,0,0,2,0,1,0,1,2,0,3,0,0,0,0,2,0,1,2,0,5,1,2,2,1,0,2,1,0,1,0,2,0,1,1,1,0,2,1,1,0,3,0,1,1,0,1,2,0,0,0,0,4,0,0,1,0,1,0,0,2,0,1,4,1,0,1,0,2,1,0,2,0,2,1,3,0,0,3,3,0,0,0,0,1,0,2,1,1,0,0,0,1,0,0,0,1,0,1,1,1,2,0,0,0,0,0,1,0,1,1,1,1,1,1,2,2,1,2,2,1,1,1,1,1,2,0,0,0,1,5,0,0,1,1,3,0,1,1,0,1,2,2,0,1,1,0,2,2,0,1,1,2,1,1,0,0,0,0,2,1,1,0,2,0,1,3,0,2,1,0,0,2,0,1,1,2,0,2,0,1,2,3,1,1,1,0,1,0,2,0,0,1,1,1,1,1,2,1,0,1,3,2,0,3,0,1,0,0,0,1,0,1,1,1,2,0,2,2,1,1,3,1,1,2,2,1,0,1,2,0,1,1,0,2,0,1,1]},{"counters":[1,3,2,0,2,1,1,2,3,0,1,0,1,3,0,0,2,0,2,0,0,0,2,2,1,2,1,0,0,0,0,1,1,1,0,0,3,0,1,0,0,0,1,1,1,3,0,3,0,1,0,0,1,0,0,0,3,0,3,2,0,0,0,0,0,1,1,3,1,3,1,1,1,0,0,2,0,1,0,1,1,2,1,2,0,0,0,2,0,1,0,1,1,0,0,2,0,5,0,0,0,2,0,0,1,1,0,4,0,1,2,1,0,1,2,1,1,1,2,3,0,2,1,0,1,3,1,0,1,0,0,1,2,2,0,1,1,0,1,3,1,0,1,1,0,0,1,1,1,0,1,3,1,1,0,0,1,1,2,1,1,1,1,2,1,1,1,0,0,2,1,1,0,2,3,0,1,2,0,1,0,1,2,0,0,3,1,1,0,0,0,0,0,1,0,2,1,1,1,1,1,0,0,4,0,1,0,0,1,1,5,1,0,1,1,0,0,1,1,1,2,3,2,2,0,0,1,2,2,0,0,1,0,2,0,1,0,1,1,2,0,0,0,1,0,1,1,2,1,1,2,0,2,1,2,2,2,1,1,0,0,1,1,3,2,0,0,2,0,1,0,1,1,2,2,0,0,0,1,0,0,0,1,2,0,2,2,1,0,3,0,3,2,2,0,0,1,0,1,4,3,1,0,3,0,0,1,2,0,2,0,0,0,1,0,1,0,2,1,0,2,0,1,0,2,2,1,3,1,4,1,1,0,1,0,1,0,0,1,1,1,3,0,1,5,2,2,1,0,0,1,1,0,2,2,0,2,0,0,0,1,2,1,0,2,0,0,1,0,1,1,1,0,1,1,1,3,1,3,1,0,0,2,1,0,2,1,2,1,0,1,0,1,1,2,1,3,0,1,0,1,1,0,0,2,1,1,2,2,0,0,1,1,0,2,0,1,2,3,1,0,1,0,0,1,3,0,2,0,0,0,1,1,0,0,1,0,0,1,4,1,2,0,1,2,1,0,0,1,0,2,2,0,4,1,2,1,1,1,1,2,0,1,4,1,1,2,0,0,1,0,1,0,0,0,1,1,3,1,0,0,0,1,0,3,0,2,0,2,0,1,3,1,0,0,1,0,1,0,1,0,1,1,2,0,1,1,1,1,1,1,1,1,1,0,1,2,4,1,3,0,0,0,1,1,2,0,3,3,2,0,3,1,2,1,2,1,2,1,4,1,0,2,1,0,4,0,1,0,0,0,0,2,2,0,1,2,1,3,1,0,1,1,0,0,1,2,0,0,3,1,2,0,1,1,1,3,1,0,0,2,2,1,2,3,0,2,0,0,1,2,1,0,2,4,1,0,1,1,2,2,0,1,1,2,1,0,1,0,1,0,4,3,3,2,1,1,0,1,1,0,1,0,0,0,1,1,3,2,3,0,2,2,1,1,1,0,1,2,2,2,2,1,0,1,0,2,3,2,1,0,3,2,1,0,1,2,1,0,1,0,2,0,0,0,1,1,1,1,1,1,0,0,1,0,2,0,1,2,0,2,0,0,1,0,0,1,0,0,3,2,1,2,0,0,1,3,0,0,0,1,0,1,1,1,1,1,0,2,1,2,0,0,3,1,1,0,1,2,1,1,0,0,3,0,1,5,2,1,1,1,1,2,1,0,1,1,1,1,0,1,3,0,0,1,1,1,1,2,2,1,0,2,1,1,2,1,1,1,2,2,3,1,1,2,1,2,0,0,1,1,1,0,1,1,2,0,2,2,2,1,1,1,1,0,1,0,1,0,0,0,0,0,2,2,1,2,0,3,1,0,1,0,1,0,1,2,0,2,2,2,1,2,2,1,1,0,0,1,0,1,2,0,0,1,0,1,1,1,1,0,0,3,0,1,0,2,2,0,4,0,4,1,1,2,1,1,0,2,0,3,2,1,1,1,1,0,1,3,2,0,1,0,1,1,0,2,2,1,3,0,0,1,0,3,0,1,1,0,2,1,1,1,0,2,2,3,1,0,1,0,1,1,0,0,2,1,1,0,0,1,1,0,0,2,0,0,0,0,0,1,0,1,1,1,0,2,2,1,0,1,0,1,2,2,0,4,0,0,1,0,1,1,2,0,1,0,1,0,2,0,1,1,0,1,1,0,2,0,1,3,1,0,2,1,2,4,1,0,1,1,0,0,1,0,1,0,1,0,4,2,1,0,0,1,3,1,0,4,2,1,0,1,0,0,0,0,0,0,1,2,1,1,0,0,1,2,0,3,1,1,0,0,0,0,0,0,2,1,0,3,2,0,0,1,0,1,0,0,0,3,1,2,2,0,0,0,0,1,2,1,1,1,0,2,3,3,1,1,0,0,0,1,1,0,0,1,1,1,0,2,0,0,1,3,1,1,1,1,0,0,1,0,3,2,1,0,0,2,0,1,1,1,2,1,0,0,1,1,1,0,0,1,2,0,2,0,2,2,0,3,2,1,1,0,0,0,0,0,2,2,1,1,1,1,1,4,0,0,0,3,1,1,0,0,1,0,2,1,1,1,2,0,0,1,0,2,2,1,0,0,1,1,1,1,0,2,1,1,1,2,1,2,3,1,2,0,2,0,1,3,0,1,0,0,1,0,3,1,2,1,1,0,1,0,0,2,1,1,1,0,0,1,1,1,1,0,1,1,1,1,3,1,3,0,0,0,0,2,2,0,2,0,0,2,0,1,0,2,1,0,0,2,0,1,4,0,1,1,1,1,1,0,1,0,0,2,1,2,0,1,2,1,1,0,1,3,1,1,1,0,1,1,1,1,1,3,0,1,1,2,1,3,1,2,0,0,0,1,0,1,1,0,0,0,4,2,1,1,0,0,1,1,0,3,1,0,0,1,1,2,1,0,0,2,3,1,2,1,0,0,3,1,0,0,3,1,1,0,1,2,4,0,1,0,0,1,0,2,0,2,1,0,2,1,1,2,3,0,2,1,1,0,1,0,1,1,0,0,1,0,0,0,0,2,0,1,1,2,0,0,2,0,2,0,1,1,3,2,1,2,2,1,1,0,1,1,1,1,0,3,1,1,2,0,1,0,1,2,1,0,3,3,0,1,1,2,3,1,3,2,1,1,1,0,1,1,0,1,1,0,2,3,1,0,1,0,3,1,1,1,4,1,2,2,1,1,1,0,1,0,3,1,1,2,0,3,4,4,0,1,2,1,0,0,0,2,1,0,2,1,0,0,0,0,0,0,1,0,1,0,1,1,2,1,1,1,2,1,1,1,2,1,0,0,1,1,0,4,0,0,1,0,1,1,0,2,1,1,2,4,4,0,0,0,0,1,1,1,1,0,2,0,2,0,1,1,2,0,1,0,1,0,0,1,0,1,1,0,0,3,0,0,2,2,3,3,0,0,0,0,0,1,0,0,1,0,0,2,0,1,0,1,1,1,0,2,0,0,2,0,3,0,1,0,0,1,0,3,3,0,0,1,1,0,1,0,4,1,1,0,0,1,2,1,2,2,0,0,1,1,0,1,0,1,2,0,0,0,1,1,2,1,1,0,1,2,3,1,1,2,0,0,0,0,1,0,0,0,1,2,1,0,1,0,1,0,3,0,1,1,1,2,0,1,0,0,3,0,0,2,2,1,0,0,0,2,0,2,0,2,0,0,0,3,2,1,0,0,1,1,0,0,2,1,1,1,2,1,2,1,2,0,0,2,0,1,3,0,0,2,0,1,0,1,0,1,2,1,1,1,0,1,1,2,2,0,1,1,0,1,1,1,0,1,1,1,0,1,0,2,0,1,0,1,1,0,2,0,0,0,0,0,0,2,2,2,0,1,0,1,2,3,1,0,1,2,0,1,0,1,2,0,1,0,0,1,4,1,3,1,1,1,0,1,0,1,1,1,1,0,0,0,0,1,0,2,0,1,3,0,2,0,0,0,2,0,1,1,0,3,1,2,3,0,1,0,0,1,1,1,1,1,1,1,1,1,0,0,1,1,0,0,1,1,1,1,2,1,0,1,3,1,1,2,1,0,0,1,0,2,2,1,0,0,1,2,1,0,0,4,0,2,0,1,0,0,2,0,1,0,1,0,1,3,1,0,0,0,0,0,1,1,2,2,0,0,4,1,0,0,1,1,1,1,0,1,0,0,0,0,0,2,1,1,1,0,1,1,2,1,1,1,0,1,3,1,1,1,3,0,2,1,1,0,1,0,1,3,0,0,0,2,0,0,3,0,1,1,1,3,1,0,1,0,1,1,0,0,0,2,1,1,1,0,2,2,1,0,1,3,1,0,2,0,1,1,0,2,2,1,2,0,4,1,1,5,1,1,1,1,1,0,1,2,0,1,0,0,1,1,1,1,0,0,1,1,0,0,0,0,2,2,1,3,0,2,0,1,3,0,1,2,0,0,2,0,0,2,1,3,1,0,2,0,2,0,0,0,1,0,2,0,1,0,3,0,2,2,1,4,0,2,0,3,1,1,1,1,0,2,0,1,2,0,2,2,2,2,1,1,1,1,0,2,2,0,1,1,1,0,0,1,1,0,2,0,2,1,0,1,1,0,0,1,1,1,0,2,0,1,2,0,0,1,1,3,0,1,0,1,0,0,0,2,0,2,0,2,0,0,0,0,0,4,2,0,0]}]},"null_count":0,"last_update_version":397952049719541760}},"indices":{},"count":2000,"modify_count":0,"version":0}