{"database_name":"test","table_name":"tbl_009","columns":{"a":{"histogram":{"ndv":2000,"buckets":[{"count":8,"lower_bound":"LTIxNDM1Mzg1Mzg=","upper_bound":"LTIxMjQ5NDU5OTM=","repeats":1},{"count":16,"lower_bound":"LTIxMTU0NDkyNzk=","upper_bound":"LTIxMDUyNDAwMzg=","repeats":1},{"count":24,"lower_bound":"LTIxMDE0NDE5MDA=","upper_bound":"LTIwOTA0OTY0MjA=","repeats":1},{"count":32,"lower_bound":"LTIwODYwODI5NzY=","upper_bound":"LTIwNjg5NTMyNTg=","repeats":1},{"count":40,"lower_bound":"LTIwNjcxMjU1MTg=","upper_bound":"LTIwNjEyMzIyODU=","repeats":1},{"count":48,"lower_bound":"LTIwNTEzNTAyOTE=","upper_bound":"LTIwMjMwNzA5MDI=","repeats":1},{"count":56,"lower_bound":"LTIwMTYwNTk1NzY=","upper_bound":"LTIwMDAxODU2ODQ=","repeats":1},{"count":64,"lower_bound":"LTE5OTc5NjYzNDI=","upper_bound":"LTE5NjQ1NjY4NDU=","repeats":1},{"count":72,"lower_bound":"LTE5NjA0Mjc4Nzc=","upper_bound":"LTE5NDk3OTMwODY=","repeats":1},{"count":80,"lower_bound":"LTE5NDgzODU1Mzg=","upper_bound":"LTE5Mzc1Nzc1MTc=","repeats":1},{"count":88,"lower_bound":"LTE5MzE2NzAzMzA=","upper_bound":"LTE5MjA0NTc5MDY=","repeats":1},{"count":96,"lower_bound":"LTE5MTg1MDYxMjc=","upper_bound":"LTE5MTMyMjA4NDA=","repeats":1},{"count":104,"lower_bound":"LTE5MDkwNTgwNTQ=","upper_bound":"LTE4OTczOTExMTg=","repeats":1},{"count":112,"lower_bound":"LTE4ODYzNzM2MDU=","upper_bound":"LTE4NjA0NzE0NjA=","repeats":1},{"count":120,"lower_bound":"LTE4NTcyNTk4NzA=","upper_bound":"LTE4MzkyMDExOTE=","repeats":1},{"count":128,"lower_bound":"LTE4MzUxNjc1NzU=","upper_bound":"LTE4MjY3MTQyODc=","repeats":1},{"count":136,"lower_bound":"LTE4MjI5NDAyNjg=","upper_bound":"LTE4MDg1MDMyNjU=","repeats":1},{"count":144,"lower_bound":"LTE3OTU2MTQyMjc=","upper_bound":"LTE3ODA2NjA0NTY=","repeats":1},{"count":152,"lower_bound":"LTE3ODAyOTA4NTQ=","upper_bound":"LTE3NzMxOTU5MTQ=","repeats":1},{"count":160,"lower_bound":"LTE3Njc1OTE1NTE=","upper_bound":"LTE3NTIxMDczOTc=","repeats":1},{"count":168,"lower_bound":"LTE3NTA1NDE2MjQ=","upper_bound":"LTE3MzU1NjAyMzY=","repeats":1},{"count":176,"lower_bound":"LTE3MzIwMjgyOTA=","upper_bound":"LTE3MjE0OTk4NTA=","repeats":1},{"count":184,"lower_bound":"LTE3MjA2MzY0NTI=","upper_bound":"LTE3MTI5ODkwOTU=","repeats":1},{"count":192,"lower_bound":"LTE3MDQ4Mjc5ODE=","upper_bound":"LTE2OTgzNDI0Mjg=","repeats":1},{"count":200,"lower_bound":"LTE2OTczNzQzMjg=","upper_bound":"LTE2OTQ4MDM0OTA=","repeats":1},{"count":208,"lower_bound":"LTE2Njc0NjgwNDU=","upper_bound":"LTE2NTM0NTQ5MDI=","repeats":1},{"count":216,"lower_bound":"LTE2NDc0MTE1MjQ=","upper_bound":"LTE2MzIzOTU5NzY=","repeats":1},{"count":224,"lower_bound":"LTE2MjQ0NzU2NTY=","upper_bound":"LTE2MDE3ODI3MjY=","repeats":1},{"count":232,"lower_bound":"LTE1OTgwMDQ4ODc=","upper_bound":"LTE1ODM5Njk5NTY=","repeats":1},{"count":240,"lower_bound":"LTE1NzkyNDk0NDc=","upper_bound":"LTE1NzQ4MDU4OTk=","repeats":1},{"count":248,"lower_bound":"LTE1NzQ0NDE3NzY=","upper_bound":"LTE1NTQ2MzI0NDE=","repeats":1},{"count":256,"lower_bound":"LTE1NDgxNzA1NTU=","upper_bound":"LTE1MjUwNDEyNjc=","repeats":1},{"count":264,"lower_bound":"LTE1MTU5NDEwODk=","upper_bound":"LTE0OTY3Mjg1NzM=","repeats":1},{"count":272,"lower_bound":"LTE0OTYzNjI2MDQ=","upper_bound":"LTE0ODcyMDAzNjQ=","repeats":1},{"count":280,"lower_bound":"LTE0ODMwOTE0NTg=","upper_bound":"LTE0NzgwNTI4Mjk=","repeats":1},{"count":288,"lower_bound":"LTE0NzY5Mjk5MTc=","upper_bound":"LTE0NzA3NDA5MjQ=","repeats":1},{"count":296,"lower_bound":"LTE0NjY1MDUzMzc=","upper_bound":"LTE0NjAyMDc3Mjg=","repeats":1},{"count":304,"lower_bound":"LTE0NTU3MDg2OTc=","upper_bound":"LTE0NDEwNDc1NzA=","repeats":1},{"count":312,"lower_bound":"LTE0MzgwNzA2NDg=","upper_bound":"LTE0MjU0NDQ3NDM=","repeats":1},{"count":320,"lower_bound":"LTE0MTkxMDY4Njc=","upper_bound":"LTE0MTEzODAyMjQ=","repeats":1},{"count":328,"lower_bound":"LTE0MDk3Nzk4OTg=","upper_bound":"LTEzOTcwMDc4MDc=","repeats":1},{"count":336,"lower_bound":"LTEzOTUyNTM1OTM=","upper_bound":"LTEzOTA5MDI4NDA=","repeats":1},{"count":344,"lower_bound":"LTEzOTAxNjgwMjA=","upper_bound":"LTEzODI0MzgyNTc=","repeats":1},{"count":352,"lower_bound":"LTEzODEwOTY4OTE=","upper_bound":"LTEzNjAzNDYzOTI=","repeats":1},{"count":360,"lower_bound":"LTEzNDQwOTYyMjc=","upper_bound":"LTEzMzc3NTM0MjA=","repeats":1},{"count":368,"lower_bound":"LTEzMzU1MDQ5NTY=","upper_bound":"LTEzMTY2NTA5OTY=","repeats":1},{"count":376,"lower_bound":"LTEzMTIwNzEwNjU=","upper_bound":"LTEyOTc0NjA2MTk=","repeats":1},{"count":384,"lower_bound":"LTEyOTMwNjk4NjE=","upper_bound":"LTEyOTEwMjEyMTg=","repeats":1},{"count":392,"lower_bound":"LTEyODkxOTkwMTc=","upper_bound":"LTEyNTcwMjAwNDc=","repeats":1},{"count":400,"lower_bound":"LTEyNDY4MzUxODY=","upper_bound":"LTEyMzgxMDMwNjA=","repeats":1},{"count":408,"lower_bound":"LTEyMzU1MTI5NjM=","upper_bound":"LTEyMTQwMDE3NDE=","repeats":1},{"count":416,"lower_bound":"LTEyMTA1MjQ3OTE=","upper_bound":"LTExNzE2NzEwMzg=","repeats":1},{"count":424,"lower_bound":"LTExNzAxNDQ0OTg=","upper_bound":"LTExNjA3ODc0MjM=","repeats":1},{"count":432,"lower_bound":"LTExNTg2NDM3MDQ=","upper_bound":"LTExMzc3MTY3MDM=","repeats":1},{"count":440,"lower_bound":"LTExMzU5OTUxNjY=","upper_bound":"LTExMjkxNzgzMDg=","repeats":1},{"count":448,"lower_bound":"LTExMjY0MzMzNzQ=","upper_bound":"LTExMDE2MjExMTA=","repeats":1},{"count":456,"lower_bound":"LTExMDEzNzgzNDI=","upper_bound":"LTEwOTU1MDA1NjM=","repeats":1},{"count":464,"lower_bound":"LTEwODYwMDc4MTA=","upper_bound":"LTEwNjQ0ODc4NzM=","repeats":1},{"count":472,"lower_bound":"LTEwNjEzNDI2MTI=","upper_bound":"LTEwNTA2NTEwMTU=","repeats":1},{"count":480,"lower_bound":"LTEwNDc5OTIzNjc=","upper_bound":"LTEwNDE2OTk3MDE=","repeats":1},{"count":488,"lower_bound":"LTEwNDA3MDg1NTk=","upper_bound":"LTEwMjgyNjU5NDA=","repeats":1},{"count":496,"lower_bound":"LTEwMTQxMTQ1MzI=","upper_bound":"LTEwMDY0MTY3ODc=","repeats":1},{"count":504,"lower_bound":"LTEwMDA0NzE3ODU=","upper_bound":"LTk4MTg1NDg0NQ==","repeats":1},{"count":512,"lower_bound":"LTk3OTI5NTQxOQ==","upper_bound":"LTk2OTUzNTY2MA==","repeats":1},{"count":520,"lower_bound":"LTk2OTQ4MDM5OA==","upper_bound":"LTk1OTAyMzUwOQ==","repeats":1},{"count":528,"lower_bound":"LTk1NDA5NzI5Mg==","upper_bound":"LTk0ODc2MzgzNA==","repeats":1},{"count":536,"lower_bound":"LTk0NzMwMDg4Ng==","upper_bound":"LTkyMzM3MzI5NQ==","repeats":1},{"count":544,"lower_bound":"LTkyMjQ1Mzg5OA==","upper_bound":"LTkxMDY5MTgwNA==","repeats":1},{"count":552,"lower_bound":"LTkwOTc5NDM3Ng==","upper_bound":"LTg5NDg1NDQ4Mw==","repeats":1},{"count":560,"lower_bound":"LTg5MzI2NTMxNw==","upper_bound":"LTg4MjU2Nzc1MQ==","repeats":1},{"count":568,"lower_bound":"LTg4MTY4NDg0Nw==","upper_bound":"LTg3ODc1ODQ2Nw==","repeats":1},{"count":576,"lower_bound":"LTg3ODI2NjM1OQ==","upper_bound":"LTg2NjU5NTg4NA==","repeats":1},{"count":584,"lower_bound":"LTg2NTc0OTk0OQ==","upper_bound":"LTg1MTY0MjY5OQ==","repeats":1},{"count":592,"lower_bound":"LTg0NTY2MjMyNw==","upper_bound":"LTgzNzk0NzI5MA==","repeats":1},{"count":600,"lower_bound":"LTgzNjI5NDUzMQ==","upper_bound":"LTgyODI5OTA4NQ==","repeats":1},{"count":608,"lower_bound":"LTgyMjgxMzI0OA==","upper_bound":"LTgxNTA1MTU2NQ==","repeats":1},{"count":616,"lower_bound":"LTgxMzE5MzUwOA==","upper_bound":"LTc4OTYzMzMxNw==","repeats":1},{"count":624,"lower_bound":"LTc4OTI5MTA2MQ==","upper_bound":"LTc3ODYwNTY5Ng==","repeats":1},{"count":632,"lower_bound":"LTc3NTk3OTg5OQ==","upper_bound":"LTc2NTAwMTE4OQ==","repeats":1},{"count":640,"lower_bound":"LTc2NDA0MTczOA==","upper_bound":"LTc1MjI5OTIzMw==","repeats":1},{"count":648,"lower_bound":"LTc1MTU2Nzc1Ng==","upper_bound":"LTc0NTI0ODM4OA==","repeats":1},{"count":656,"lower_bound":"LTczMDAyODY1NA==","upper_bound":"LTcxMjM4MjQwOA==","repeats":1},{"count":664,"lower_bound":"LTcwNzYwNjk5Mg==","upper_bound":"LTY5NzY0NTI0Nw==","repeats":1},{"count":672,"lower_bound":"LTY5MjIzNDAxNg==","upper_bound":"LTY4MzMwNDY2Nw==","repeats":1},{"count":680,"lower_bound":"LTY4Mjk1Njk4Nw==","upper_bound":"LTY2NTYxNjUzNg==","repeats":1},{"count":688,"lower_bound":"LTY1OTc0OTE5OQ==","upper_bound":"LTYzODUzODIzMA==","repeats":1},{"count":696,"lower_bound":"LTYzMjk5ODQzMA==","upper_bound":"LTYxNzY0NzI1OQ==","repeats":1},{"count":704,"lower_bound":"LTYxNDk2MTc0NQ==","upper_bound":"LTU5ODM5MjQ1Mw==","repeats":1},{"count":712,"lower_bound":"LTU5NDAzMDAxMA==","upper_bound":"LTU3MTM5MTk0Mg==","repeats":1},{"count":720,"lower_bound":"LTU2ODkxODIwNw==","upper_bound":"LTU2MjA4MTQ4NQ==","repeats":1},{"count":728,"lower_bound":"LTU2MTcxOTI4MQ==","upper_bound":"LTU1Nzk5MzU5MA==","repeats":1},{"count":736,"lower_bound":"LTU1NTU1OTU0OQ==","upper_bound":"LTU0OTMzMDE1Mw==","repeats":1},{"count":744,"lower_bound":"LTU0ODI5NDc2Mg==","upper_bound":"LTUzMTQzMjUxNw==","repeats":1},{"count":752,"lower_bound":"LTUzMDQ4MjkwMw==","upper_bound":"LTUxODIwODUxMA==","repeats":1},{"count":760,"lower_bound":"LTUxMDkzMDc5MA==","upper_bound":"LTQ5MzU5NzQ0Mg==","repeats":1},{"count":768,"lower_bound":"LTQ5MjQ5Mjg2Mg==","upper_bound":"LTQ4MjIwODA4MQ==","repeats":1},{"count":776,"lower_bound":"LTQ3Njc1MzQwMw==","upper_bound":"LTQ2MzczMzkzMA==","repeats":1},{"count":784,"lower_bound":"LTQ2MzIxNzcwNA==","upper_bound":"LTQ1ODUxNDkwNA==","repeats":1},{"count":792,"lower_bound":"LTQ1NTU5Mzk4NA==","upper_bound":"LTQ0NjEwMzYyMQ==","repeats":1},{"count":800,"lower_bound":"LTQ0MDQzNDc1Mg==","upper_bound":"LTQzMjE3MjE1MA==","repeats":1},{"count":808,"lower_bound":"LTQxNTAyNzI2NQ==","upper_bound":"LTM5NTI4ODE2Mg==","repeats":1},{"count":816,"lower_bound":"LTM5MjI4ODc4MA==","upper_bound":"LTM3ODg4NDM4OQ==","repeats":1},{"count":824,"lower_bound":"LTM3NDQ3MDUxOQ==","upper_bound":"LTM1NDcwMzA3Mg==","repeats":1},{"count":832,"lower_bound":"LTM1MDM0NDEyNQ==","upper_bound":"LTM0MjMyNTcxNA==","repeats":1},{"count":840,"lower_bound":"LTM0MjMyMDk2Ng==","upper_bound":"LTMyNTA2MjM2Ng==","repeats":1},{"count":848,"lower_bound":"LTMxOTE5NTg4Mw==","upper_bound":"LTMwNzI2NjAyNA==","repeats":1},{"count":856,"lower_bound":"LTMwNjM1MzY3Ng==","upper_bound":"LTI4Mzc3MzQ2MQ==","repeats":1},{"count":864,"lower_bound":"LTI3Njk0ODQyMg==","upper_bound":"LTI1OTU0MzcyNg==","repeats":1},{"count":872,"lower_bound":"LTI1NzMxMjQ1Mg==","upper_bound":"LTI1Mzg0NTQ2MQ==","repeats":1},{"count":880,"lower_bound":"LTI1MTU2OTI3MA==","upper_bound":"LTI0NjUyNDQ4NA==","repeats":1},{"count":888,"lower_bound":"LTI0NTk4NjA3Mg==","upper_bound":"LTIwNzg4MDcyMA==","repeats":1},{"count":896,"lower_bound":"LTIwMzk2MjY3NQ==","upper_bound":"LTE5MzA5MjkyOA==","repeats":1},{"count":904,"lower_bound":"LTE3NzMyNDI0NA==","upper_bound":"LTE2ODc0NzM5MA==","repeats":1},{"count":912,"lower_bound":"LTE1ODA3ODAzOQ==","upper_bound":"LTEzNjA2MTY5Mg==","repeats":1},{"count":920,"lower_bound":"LTEzNDcxMDU4Ng==","upper_bound":"LTEyMTc4NTIyOQ==","repeats":1},{"count":928,"lower_bound":"LTEyMDAxOTAyMw==","upper_bound":"LTEwOTUyMzY5Nw==","repeats":1},{"count":936,"lower_bound":"LTEwOTE1MTQ0Mg==","upper_bound":"LTk5MzY4NjQ4","repeats":1},{"count":944,"lower_bound":"LTk5MTY2ODQz","upper_bound":"LTkxNjc4Nzcz","repeats":1},{"count":952,"lower_bound":"LTg2MjI4MTgy","upper_bound":"LTYyMzk3ODM4","repeats":1},{"count":960,"lower_bound":"LTU3NTA3Njgw","upper_bound":"LTQ5NTkxNDEz","repeats":1},{"count":968,"lower_bound":"LTI3Njg1NjQ2","upper_bound":"LTE3ODkzMzk3","repeats":1},{"count":976,"lower_bound":"LTI3Mjc5MzQ=","upper_bound":"MjYxMjU0NzU=","repeats":1},{"count":984,"lower_bound":"MzA1MTE2MDc=","upper_bound":"MzkwNzA4NTA=","repeats":1},{"count":992,"lower_bound":"NDI2MDE4MjY=","upper_bound":"NjgzMzA3MjA=","repeats":1},{"count":1000,"lower_bound":"NjkxMjkxMDc=","upper_bound":"NzYzNDMyNTI=","repeats":1},{"count":1008,"lower_bound":"OTExOTQ3ODI=","upper_bound":"MTEwOTM2Mzc2","repeats":1},{"count":1016,"lower_bound":"MTEzMjg3OTM1","upper_bound":"MTIzNDg4OTQ2","repeats":1},{"count":1024,"lower_bound":"MTUzMzE3NjAz","upper_bound":"MTYxMjAzNzYw","repeats":1},{"count":1032,"lower_bound":"MTYyNDU1MDU5","upper_bound":"MTc5ODY5NTMw","repeats":1},{"count":1040,"lower_bound":"MTkzMTcyMzIx","upper_bound":"MTk1MzA0MzY5","repeats":1},{"count":1048,"lower_bound":"MTk5MzU4ODk2","upper_bound":"MjEwMzM2OTYw","repeats":1},{"count":1056,"lower_bound":"MjIwNjkzMTg4","upper_bound":"MjI2OTQ0ODM2","repeats":1},{"count":1064,"lower_bound":"MjI3MTAxNTYy","upper_bound":"MjM2MTA4OTYw","repeats":1},{"count":1072,"lower_bound":"MjM4Mzc1NzUy","upper_bound":"MjQ1Nzc5MDc4","repeats":1},{"count":1080,"lower_bound":"MjUyOTA3MDk4","upper_bound":"MjYyODMwNjc3","repeats":1},{"count":1088,"lower_bound":"MjY2MzMxMjYx","upper_bound":"Mjc5NDY5NTM0","repeats":1},{"count":1096,"lower_bound":"MjgxMzY2MzUy","upper_bound":"Mjk1OTEyNzg4","repeats":1},{"count":1104,"lower_bound":"Mjk2MDA2Njc3","upper_bound":"MzE5MDU3OTIw","repeats":1},{"count":1112,"lower_bound":"MzE5OTgxMjMy","upper_bound":"MzI1OTY3ODM3","repeats":1},{"count":1120,"lower_bound":"MzMyNjQwMTY3","upper_bound":"MzM5OTM0MDE4","repeats":1},{"count":1128,"lower_bound":"MzQ0MzQ3MDc1","upper_bound":"MzYwNTYyNDQ2","repeats":1},{"count":1136,"lower_bound":"MzYzMzI1MTcy","upper_bound":"MzY4MzQ0NjY4","repeats":1},{"count":1144,"lower_bound":"MzY5NDU5MTEx","upper_bound":"Mzg1MDcxMDQ2","repeats":1},{"count":1152,"lower_bound":"Mzg1MjA5MTA0","upper_bound":"Mzg5NTc4OTk1","repeats":1},{"count":1160,"lower_bound":"Mzk3Nzk0OTIz","upper_bound":"NDIxMzY0MTI5","repeats":1},{"count":1168,"lower_bound":"NDIzNDM1MjY4","upper_bound":"NDI2ODAwNDEx","repeats":1},{"count":1176,"lower_bound":"NDMyMDIwOTUx","upper_bound":"NDM1OTg3ODAy","repeats":1},{"count":1184,"lower_bound":"NDM2ODM5Njcw","upper_bound":"NDQ5OTE5NTkw","repeats":1},{"count":1192,"lower_bound":"NDUwMzI5NzAw","upper_bound":"NDU4NjU2MTc0","repeats":1},{"count":1200,"lower_bound":"NDYzMzQxMzIx","upper_bound":"NDY2MzE1ODIy","repeats":1},{"count":1208,"lower_bound":"NDczMTQxMDcx","upper_bound":"NDc2NDU1MDg4","repeats":1},{"count":1216,"lower_bound":"NDgxOTYyNzk4","upper_bound":"NDk3OTY3ODE0","repeats":1},{"count":1224,"lower_bound":"NDk4NTczMjI3","upper_bound":"NTA1NDIwODI0","repeats":1},{"count":1232,"lower_bound":"NTA3MjgwNjI5","upper_bound":"NTE3NTA1Mzcz","repeats":1},{"count":1240,"lower_bound":"NTE3ODA4MzY2","upper_bound":"NTM5NjAxMTM3","repeats":1},{"count":1248,"lower_bound":"NTQxNzE3MjYz","upper_bound":"NTUwODkwMjI0","repeats":1},{"count":1256,"lower_bound":"NTUzNDQ5NTU4","upper_bound":"NTc0Nzk3MjM4","repeats":1},{"count":1264,"lower_bound":"NTc1MTM3NDIw","upper_bound":"NTg2MDgzMjUz","repeats":1},{"count":1272,"lower_bound":"NjA1OTY2NzUx","upper_bound":"NjE0MDE3OTUw","repeats":1},{"count":1280,"lower_bound":"NjE0NDY0MTcx","upper_bound":"NjE5MjM4MjQy","repeats":1},{"count":1288,"lower_bound":"NjIxMTk0OTM1","upper_bound":"NjMyMDAxOTA1","repeats":1},{"count":1296,"lower_bound":"NjM2MDM4MzU2","upper_bound":"Njc0MjY3OTU4","repeats":1},{"count":1304,"lower_bound":"Njc3MTg1MDIx","upper_bound":"Njg3NTM5NTI4","repeats":1},{"count":1312,"lower_bound":"NjkyNTk5MzA3","upper_bound":"Njk5MDg5NDEy","repeats":1},{"count":1320,"lower_bound":"NzAxNjMzNzI1","upper_bound":"NzIzMTQ0NjM5","repeats":1},{"count":1328,"lower_bound":"NzI0Nzc1NTM5","upper_bound":"NzMzMzE5NDEz","repeats":1},{"count":1336,"lower_bound":"NzMzNjUxMzU1","upper_bound":"NzQ1NTM5NTYy","repeats":1},{"count":1344,"lower_bound":"NzQ2MTA2NjA1","upper_bound":"NzU4ODIzNDQ2","repeats":1},{"count":1352,"lower_bound":"NzU5NzYwODc3","upper_bound":"NzY0MDU2MTE0","repeats":1},{"count":1360,"lower_bound":"NzY5NDY5MjQy","upper_bound":"Nzc3MTIyODM2","repeats":1},{"count":1368,"lower_bound":"NzgxNzI5OTcx","upper_bound":"NzkwMTgxNTE1","repeats":1},{"count":1376,"lower_bound":"NzkwNjc5MDcw","upper_bound":"ODA3NTE4Mjk2","repeats":1},{"count":1384,"lower_bound":"ODI1NDgyMTgx","upper_bound":"ODQxNjczMTQx","repeats":1},{"count":1392,"lower_bound":"ODQxODI2MjA5","upper_bound":"ODY1MDMzNjc5","repeats":1},{"count":1400,"lower_bound":"ODc2OTg3MDI1","upper_bound":"ODgyNzQ3NzAz","repeats":1},{"count":1408,"lower_bound":"ODg0NTUzNzYz","upper_bound":"ODk0ODg2NjI4","repeats":1},{"count":1416,"lower_bound":"ODk4MzkzMTQ5","upper_bound":"OTE4MjAzNTQ5","repeats":1},{"count":1424,"lower_bound":"OTE5OTE1NTY5","upper_bound":"OTMzNTA0OTg4","repeats":1},{"count":1432,"lower_bound":"OTM1ODkyODU3","upper_bound":"OTU5NjY5OTEz","repeats":1},{"count":1440,"lower_bound":"OTU5ODgxMzEw","upper_bound":"OTY4Mjg0MDIy","repeats":1},{"count":1448,"lower_bound":"OTY5MzI4MzEz","upper_bound":"OTc4NjA5OTEx","repeats":1},{"count":1456,"lower_bound":"OTgxMTQ2NDQx","upper_bound":"MTAxMDIzNDkwMQ==","repeats":1},{"count":1464,"lower_bound":"MTAxOTIyNTc2MQ==","upper_bound":"MTAzMTQxNzMxNg==","repeats":1},{"count":1472,"lower_bound":"MTAzMzM1NjEyNw==","upper_bound":"MTA2MzE1NzExMQ==","repeats":1},{"count":1480,"lower_bound":"MTA2NDQwNzk0OA==","upper_bound":"MTA3MzI4NDE3Mg==","repeats":1},{"count":1488,"lower_bound":"MTA4MDI0MTE0OA==","upper_bound":"MTA4NzQ1NDkxNA==","repeats":1},{"count":1496,"lower_bound":"MTA4NzU4NTg1NA==","upper_bound":"MTEwMjg5MTY0OA==","repeats":1},{"count":1504,"lower_bound":"MTEwMzU1NDEzMg==","upper_bound":"MTExMjk5NzkwNQ==","repeats":1},{"count":1512,"lower_bound":"MTExNTIzMjMwOQ==","upper_bound":"MTEyNTczNjk0OQ==","repeats":1},{"count":1520,"lower_bound":"MTEyNjk3MDcxMA==","upper_bound":"MTE0Nzg0MDg1Mw==","repeats":1},{"count":1528,"lower_bound":"MTE0OTk2OTYxMQ==","upper_bound":"MTE1OTI3NDU4NQ==","repeats":1},{"count":1536,"lower_bound":"MTE1OTI5OTkwNQ==","upper_bound":"MTE3NTIxNzY5Mg==","repeats":1},{"count":1544,"lower_bound":"MTE3NjgxMzc0Ng==","upper_bound":"MTE3OTk5NDkyMw==","repeats":1},{"count":1552,"lower_bound":"MTE4MDM5MzMzNQ==","upper_bound":"MTE5MTcwNzQ5MQ==","repeats":1},{"count":1560,"lower_bound":"MTIwNjQ2NDc4Mw==","upper_bound":"MTIxMDI3OTY0NA==","repeats":1},{"count":1568,"lower_bound":"MTIxNDIxOTkwMg==","upper_bound":"MTIyMDU1NTE5Mw==","repeats":1},{"count":1576,"lower_bound":"MTIyMTA1NDI4Mw==","upper_bound":"MTIyOTM5NDY5NQ==","repeats":1},{"count":1584,"lower_bound":"MTIzMjM2MDA2Ng==","upper_bound":"MTI0MDQ5NDAxNA==","repeats":1},{"count":1592,"lower_bound":"MTI0MDUwNjMwNg==","upper_bound":"MTI1NTM0MDA1OQ==","repeats":1},{"count":1600,"lower_bound":"MTI3NjgwMTEzMQ==","upper_bound":"MTI5MTM0MTAzNA==","repeats":1},{"count":1608,"lower_bound":"MTI5NTkwOTU3MQ==","upper_bound":"MTMwMDkzNDg4NQ==","repeats":1},{"count":1616,"lower_bound":"MTMwMTA4MDMyOQ==","upper_bound":"MTMxNjUzMTM4Ng==","repeats":1},{"count":1624,"lower_bound":"MTMxOTA1MzkwMg==","upper_bound":"MTMzMTQ4NjUyNw==","repeats":1},{"count":1632,"lower_bound":"MTMzNzExNzQ1NQ==","upper_bound":"MTM1NTE2MTE5Mg==","repeats":1},{"count":1640,"lower_bound":"MTM2Mzg1NjY3OQ==","upper_bound":"MTM3NzM5OTA5Ng==","repeats":1},{"count":1648,"lower_bound":"MTM5Mzg0MjM2Mw==","upper_bound":"MTM5NjkwMTYyMw==","repeats":1},{"count":1656,"lower_bound":"MTQwMDk1OTk4MA==","upper_bound":"MTQxMDcwMTk3Mw==","repeats":1},{"count":1664,"lower_bound":"MTQxMTIwMzA0Nw==","upper_bound":"MTQyNjM3ODczNg==","repeats":1},{"count":1672,"lower_bound":"MTQzMDQxMzc3OQ==","upper_bound":"MTQ0MTc4OTI2NA==","repeats":1},{"count":1680,"lower_bound":"MTQ0NTUyMTQ5NQ==","upper_bound":"MTQ2MjI3MzUxNg==","repeats":1},{"count":1688,"lower_bound":"MTQ4MzI1MDQ3Mg==","upper_bound":"MTQ4NjI1MzYzNA==","repeats":1},{"count":1696,"lower_bound":"MTQ4Nzg0NzM1Mg==","upper_bound":"MTUwNTYyNjAxOA==","repeats":1},{"count":1704,"lower_bound":"MTUwNTk1NDE5Nw==","upper_bound":"MTUxNDA5MzYwNg==","repeats":1},{"count":1712,"lower_bound":"MTUxNTQyNTc1MQ==","upper_bound":"MTUyMTc3NzEwMA==","repeats":1},{"count":1720,"lower_bound":"MTUyMjA2Mjk0Nw==","upper_bound":"MTUzMjY2OTUyMg==","repeats":1},{"count":1728,"lower_bound":"MTUzODg2MjU4MA==","upper_bound":"MTU2NDg0NTkxNg==","repeats":1},{"count":1736,"lower_bound":"MTU2NjI1ODAxOA==","upper_bound":"MTU4OTI5OTUxMA==","repeats":1},{"count":1744,"lower_bound":"MTU5MDc0Mjg2MQ==","upper_bound":"MTYyMTczNTQ0MQ==","repeats":1},{"count":1752,"lower_bound":"MTYyMzUxNjgwOA==","upper_bound":"MTYzNzY0NzM1MQ==","repeats":1},{"count":1760,"lower_bound":"MTY0NTAyNjc0Ng==","upper_bound":"MTY1MTA5MzYxNQ==","repeats":1},{"count":1768,"lower_bound":"MTY1NTA3Mjg1MA==","upper_bound":"MTY4NDUwMzAyNA==","repeats":1},{"count":1776,"lower_bound":"MTY4NTQ4OTI3MQ==","upper_bound":"MTcwNTMzMDkyMQ==","repeats":1},{"count":1784,"lower_bound":"MTcwNjkzNjg1OQ==","upper_bound":"MTcyNjc2MTQ2MA==","repeats":1},{"count":1792,"lower_bound":"MTcyNzg0OTIyOA==","upper_bound":"MTc0MTUxMzkyNg==","repeats":1},{"count":1800,"lower_bound":"MTc0ODU4MjczNA==","upper_bound":"MTc1MzE0MzEzNw==","repeats":1},{"count":1808,"lower_bound":"MTc3MDU2OTY1MA==","upper_bound":"MTc3ODQzNTA5NQ==","repeats":1},{"count":1816,"lower_bound":"MTc4NzgxNjg4NQ==","upper_bound":"MTgwODgzODkxOA==","repeats":1},{"count":1824,"lower_bound":"MTgxMzM4NjI5Mw==","upper_bound":"MTgxOTgwNTM5Mw==","repeats":1},{"count":1832,"lower_bound":"MTgyNDE1MzEyNA==","upper_bound":"MTgzNDA5MzE3Mw==","repeats":1},{"count":1840,"lower_bound":"MTgzOTA4MDE2Mg==","upper_bound":"MTg1Mzk3MjYxMQ==","repeats":1},{"count":1848,"lower_bound":"MTg1NDg5MDczNA==","upper_bound":"MTg2OTg5ODc3NA==","repeats":1},{"count":1856,"lower_bound":"MTg3Mjg2OTcxMA==","upper_bound":"MTg4Mjk5NTcwNA==","repeats":1},{"count":1864,"lower_bound":"MTg4Mzc4MzU1MA==","upper_bound":"MTg5MjU4MTI2OA==","repeats":1},{"count":1872,"lower_bound":"MTg5NTE1MTQ0OA==","upper_bound":"MTg5OTE5ODQ4NA==","repeats":1},{"count":1880,"lower_bound":"MTkwMDk3MjU4NQ==","upper_bound":"MTkwNzA4MTU4NQ==","repeats":1},{"count":1888,"lower_bound":"MTkwNzczNTA0Nw==","upper_bound":"MTkyMTQ0MzYzNA==","repeats":1},{"count":1896,"lower_bound":"MTkyMTcxMzQxOA==","upper_bound":"MTk2NTY3MDcwMQ==","repeats":1},{"count":1904,"lower_bound":"MTk3MzQ4OTk3OA==","upper_bound":"MTk3ODMyMTYwOA==","repeats":1},{"count":1912,"lower_bound":"MTk4MTgzNzE2OA==","upper_bound":"MTk5ODA2NTI1MA==","repeats":1},{"count":1920,"lower_bound":"MTk5ODQ1NTEyNA==","upper_bound":"MjAwNTg3Njk1OA==","repeats":1},{"count":1928,"lower_bound":"MjAxMDE1NDkwMQ==","upper_bound":"MjAyNzMzMzc5NQ==","repeats":1},{"count":1936,"lower_bound":"MjAzMTk0MDUyNw==","upper_bound":"MjA1Mzc3ODEwNA==","repeats":1},{"count":1944,"lower_bound":"MjA2MjIxNjI5OA==","upper_bound":"MjA3MzIzMDQxNg==","repeats":1},{"count":1952,"lower_bound":"MjA3NTkzMzYzNw==","upper_bound":"MjA4NDM3NjcwNA==","repeats":1},{"count":1960,"lower_bound":"MjA4OTY0MDQ0Mg==","upper_bound":"MjA5MjAyNjI3NA==","repeats":1},{"count":1968,"lower_bound":"MjA5MjM1ODY2NQ==","upper_bound":"MjA5NjE1MjAyMw==","repeats":1},{"count":1976,"lower_bound":"MjA5NzQ5NTY1OQ==","upper_bound":"MjEwMjg1OTYxMQ==","repeats":1},{"count":1984,"lower_bound":"MjEwMzQ4NjI2Ng==","upper_bound":"MjEyMDk0NDIyNA==","repeats":1},{"count":1992,"lower_bound":"MjEyMzQ4ODU2MQ==","upper_bound":"MjEzNTM1ODI1Mg==","repeats":1},{"count":2000,"lower_bound":"MjEzNTkwNDYxMA==","upper_bound":"MjE0NDc2Mjc4Ng==","repeats":1}]},"cm_sketch":{"rows":[{"counters":[0,0,2,2,1,1,1,0,1,0,2,0,1,0,1,1,3,0,0,1,2,1,1,0,0,2,3,0,4,1,1,2,0,2,3,1,0,0,0,1,0,0,1,1,0,3,1,0,0,0,1,0,0,3,1,2,0,2,2,1,1,0,1,0,2,0,1,1,2,1,0,0,3,0,0,2,0,0,0,2,0,1,0,1,1,1,1,0,1,4,1,0,0,2,1,1,1,0,0,0,0,0,1,1,4,2,0,1,2,0,1,0,0,1,1,1,2,1,1,2,0,0,1,0,0,1,0,0,1,0,2,1,0,2,0,1,1,0,0,3,1,0,0,3,0,0,1,2,0,3,3,2,1,0,1,0,1,1,3,1,2,1,2,0,1,1,1,0,0,2,0,1,0,0,2,1,1,2,0,0,0,1,1,2,0,1,0,0,1,0,0,1,0,0,3,0,0,3,0,2,3,1,1,0,1,4,2,1,1,0,2,3,0,1,0,2,1,0,0,1,2,1,0,4,1,1,1,2,2,0,1,1,1,0,2,2,0,3,0,0,1,0,1,1,1,2,0,1,0,1,1,1,3,0,2,1,1,2,2,1,1,2,4,0,1,1,1,0,1,0,0,4,1,0,1,0,0,1,1,1,0,1,0,3,0,0,4,0,2,1,2,1,0,0,3,1,0,0,3,1,2,2,0,1,2,2,1,2,1,0,2,3,1,0,0,0,2,0,1,1,0,0,2,2,1,3,2,0,1,0,1,0,0,0,0,1,1,2,3,0,1,0,1,0,0,0,2,1,3,2,2,0,1,1,0,0,0,0,2,3,3,3,0,1,1,0,1,0,0,1,1,1,1,0,0,2,2,2,1,4,1,3,0,0,2,0,0,2,0,0,0,3,1,1,1,1,0,2,1,2,3,1,1,0,1,0,1,2,0,0,1,0,0,1,1,0,3,0,1,2,1,1,1,0,3,3,0,1,0,1,2,0,1,2,0,0,0,1,1,1,1,0,1,2,1,0,0,2,2,1,1,1,1,0,2,1,1,2,2,2,2,2,0,1,2,1,3,2,1,2,2,1,1,0,1,1,0,3,1,0,3,1,2,1,1,0,0,1,0,0,0,3,0,0,3,3,1,1,1,0,1,1,1,0,0,2,2,0,0,1,0,1,1,2,1,2,4,1,0,2,1,0,2,1,2,0,0,1,0,1,3,0,1,1,1,2,2,1,1,2,2,1,1,0,2,2,4,2,1,0,1,1,1,1,0,2,1,1,0,0,1,1,0,0,0,1,0,0,1,0,2,5,1,2,0,3,0,1,2,1,1,1,1,0,0,0,0,1,0,0,0,2,1,3,5,3,3,2,0,1,0,1,0,0,0,2,1,1,0,1,1,2,2,1,4,0,0,1,1,1,1,2,1,2,0,0,0,1,0,0,3,2,0,0,2,2,4,1,1,1,0,2,1,1,2,0,1,1,0,0,1,0,2,0,3,1,0,2,0,0,1,3,1,1,0,0,1,0,1,1,2,2,1,0,2,3,0,2,2,0,0,0,0,0,1,0,1,1,0,1,0,1,1,0,1,1,1,0,0,0,0,1,3,0,2,3,1,2,2,1,1,1,1,0,1,0,0,0,0,2,2,2,1,1,1,2,0,1,0,0,1,1,2,1,1,0,0,1,0,1,1,0,2,3,0,2,0,3,0,1,0,0,1,2,1,1,0,0,0,2,1,1,0,1,1,0,0,2,0,1,1,2,0,4,1,0,0,0,1,1,0,0,0,0,1,0,0,1,2,3,0,2,1,1,4,1,1,1,0,1,2,0,0,0,2,2,0,1,0,0,0,0,1,1,0,2,0,1,0,1,0,2,1,1,0,0,2,2,1,0,2,2,0,1,0,1,0,0,0,0,1,1,0,0,2,2,1,2,2,2,2,1,0,0,1,0,2,0,3,1,3,1,2,0,0,2,1,0,1,2,1,1,0,1,2,2,0,0,2,0,1,1,1,0,2,1,1,0,0,1,2,0,0,1,1,1,0,0,2,2,1,0,0,2,0,0,0,1,1,2,1,0,2,1,1,0,0,1,0,1,0,0,1,0,2,0,1,1,0,0,2,0,1,0,2,0,0,0,1,3,0,1,2,1,3,1,0,1,0,2,1,0,1,2,1,2,1,0,0,2,3,0,2,2,1,2,1,1,0,2,3,1,0,1,0,0,0,0,1,0,0,2,0,1,0,0,1,0,2,1,2,2,0,1,0,2,1,0,1,2,0,2,2,1,1,0,1,2,2,2,0,0,1,0,2,2,1,0,0,2,0,2,1,1,2,0,2,1,1,0,2,0,2,0,4,0,0,0,0,1,0,1,4,0,2,0,3,2,0,1,2,1,2,0,0,0,2,0,2,2,1,1,1,0,0,0,2,0,1,1,1,0,5,0,1,2,0,0,0,1,0,1,0,2,1,2,1,2,3,1,0,1,0,2,2,0,1,1,0,1,0,1,0,1,0,3,0,1,1,0,0,0,1,1,1,0,0,1,0,0,0,1,1,0,1,2,0,1,0,3,0,2,1,0,1,0,1,0,1,0,0,1,0,1,1,3,0,0,2,2,1,2,0,0,4,3,2,2,2,2,0,1,1,0,1,2,3,0,1,1,0,1,1,2,3,4,2,0,0,1,1,2,0,1,1,0,1,2,0,4,1,1,0,2,1,2,0,5,0,2,1,2,1,1,0,3,1,1,1,2,0,1,0,1,2,0,1,1,0,1,2,0,2,2,0,4,1,0,1,2,1,0,1,0,2,2,0,0,1,1,3,1,1,1,0,0,0,2,1,1,0,1,1,2,0,0,0,2,1,0,0,0,0,1,0,1,1,1,0,2,0,0,1,1,1,0,1,1,2,1,0,0,1,4,1,1,0,0,0,0,1,2,0,0,0,2,0,0,2,0,0,0,0,0,1,0,0,1,0,0,1,5,1,1,2,1,1,2,1,2,0,0,1,0,0,2,1,1,1,0,0,2,1,1,1,0,0,0,0,2,0,0,1,0,3,1,2,0,0,2,0,1,2,2,2,2,1,1,1,1,1,0,0,1,0,1,1,0,1,0,3,0,1,2,1,1,3,0,0,0,1,1,0,1,1,2,3,0,0,1,0,3,2,1,2,1,1,0,1,0,1,1,1,0,1,1,1,1,1,1,2,1,0,0,0,1,0,0,1,0,0,1,1,2,1,2,0,0,1,0,2,1,1,0,2,3,1,2,1,0,0,1,0,1,2,0,1,2,3,1,0,1,0,1,1,3,0,0,1,0,0,1,0,0,0,1,2,0,0,1,1,2,1,0,0,0,0,2,0,2,0,0,2,0,1,0,3,2,2,0,2,0,2,1,1,0,0,1,4,0,0,0,1,1,1,1,0,1,0,1,2,0,2,0,2,0,1,1,1,1,0,1,2,0,0,0,0,3,1,1,1,1,1,1,2,0,2,1,2,1,0,0,2,1,1,0,0,0,2,1,2,2,0,0,0,2,1,2,2,2,0,2,0,1,0,1,3,0,1,0,1,1,0,1,0,1,0,1,1,1,0,2,0,2,0,0,0,0,1,1,1,0,0,0,0,0,0,1,0,0,3,1,2,1,1,1,0,1,2,2,2,2,1,1,2,0,2,0,1,2,0,0,0,2,0,3,2,1,1,1,3,0,1,2,0,2,0,4,0,1,3,0,3,1,1,1,0,0,0,1,1,0,1,1,3,0,0,1,0,0,0,0,0,0,1,2,0,1,1,1,1,1,0,1,6,1,2,1,0,0,1,0,0,0,0,0,1,3,1,1,1,1,1,1,1,1,0,2,0,3,0,1,0,1,1,0,0,0,0,1,1,1,0,2,0,2,0,0,0,0,1,1,2,2,1,0,1,0,1,0,2,0,2,1,0,1,2,2,0,0,1,0,1,0,1,0,2,2,1,1,0,2,3,1,0,0,1,1,3,1,1,2,1,1,2,1,0,0,1,0,1,0,0,1,2,0,2,0,1,0,1,0,2,1,4,0,1,0,0,2,1,2,1,4,1,1,0,2,0,0,0,0,0,0,1,0,0,2,3,1,3,0,4,0,1,3,2,2,2,1,2,0,1,1,0,3,1,2,0,0,3,2,1,0,0,1,2,0,1,0,2,2,3,1,0,0,0,1,2,0,1,1,0,1,0,3,1,1,0,1,1,0,1,1,1,1,2,1,0,2,1,2,1,0,1,0,0,1,1,1,0,3,1,1,4,0,1,0,2,2,3,1,1,3,2,2,2,0,0,0,3,0,0,1,1,1,2,5,0,3,3,0,1,2,2,1,2,1,1,1,0,0,3,0,2,0,4,1,1,0,2,2,0,1,2,1,2,1,0,0,2,3,1,2,1,1,1,1,0,0,0,0,2,1,1,5,0,1,2,0,1,2,3,1,1,0,2,3,0,1,2,0,0,0,0,2,3,0,1,1,3,1,2,3,1,4,0,2,1,0,2,1,0,1,0,0,0,2,1,1,1,1,0,0,1,0,1,1,0,1,1,0,0,1,0,1,1,1,2,1,2,1,0,1,1,0,2,1,1,0,2,3,1,2,2,0,2,1,0,1,0,0,3,0,1,2,1,1]},{"counters":[0,1,1,0,3,2,0,1,2,4,0,2,1,1,3,1,0,3,2,1,2,0,0,1,2,2,2,2,0,2,2,0,0,0,3,0,2,0,0,1,0,1,1,0,2,3,1,2,0,0,1,1,1,0,0,1,4,3,0,2,2,0,0,0,3,2,2,2,0,1,1,1,0,0,0,0,0,0,1,0,1,2,0,1,0,3,0,1,0,1,0,2,1,1,1,2,2,1,0,1,2,1,0,0,2,0,0,2,0,0,0,0,0,1,1,3,1,0,1,2,2,0,2,2,2,1,2,0,1,2,2,3,1,2,1,1,0,0,2,1,3,1,1,2,1,2,2,2,1,2,1,2,0,0,0,3,1,1,0,0,2,1,2,2,1,2,1,0,2,2,0,0,0,0,0,1,3,3,0,0,1,1,0,0,0,1,0,1,0,1,3,1,1,2,0,2,0,1,0,0,4,1,1,0,0,1,2,1,0,1,0,0,1,0,1,1,1,1,3,1,1,4,0,1,1,1,0,1,0,1,1,1,0,2,1,0,2,3,1,1,0,0,0,2,3,1,0,2,0,1,0,1,1,0,0,1,0,2,1,1,2,3,1,1,1,1,0,1,0,1,0,0,2,1,1,1,2,0,0,0,1,0,1,1,3,1,1,0,1,1,0,1,2,0,0,2,0,1,1,0,2,0,1,2,0,2,2,1,1,1,0,2,1,0,1,1,1,1,1,2,0,3,0,1,0,0,2,0,3,1,2,0,0,1,2,1,2,0,0,2,0,1,0,2,1,0,0,0,0,0,0,2,1,0,0,1,0,0,2,1,0,0,3,1,0,0,2,2,0,0,0,3,1,0,0,2,1,1,0,2,2,1,0,1,0,2,0,0,0,1,2,1,0,1,0,1,2,2,1,0,1,2,2,0,2,1,0,1,0,0,1,0,2,1,3,1,1,0,0,1,2,0,1,0,0,2,1,2,3,1,0,0,1,0,2,2,0,3,2,1,1,0,0,0,1,0,1,3,1,1,2,1,1,0,1,0,1,1,1,1,3,1,0,1,0,0,2,1,0,1,3,1,0,2,1,2,1,0,0,3,1,1,0,3,1,1,0,2,2,1,1,0,0,1,0,3,0,1,0,0,0,3,1,1,2,0,0,1,0,1,1,2,0,1,0,0,0,0,0,2,0,0,0,1,1,0,0,0,2,2,0,1,0,2,1,1,0,3,0,3,2,1,0,0,2,1,0,1,1,0,0,2,0,0,0,0,0,0,1,0,3,2,0,2,0,1,1,0,2,1,0,0,2,2,0,2,1,0,0,3,0,0,1,1,2,0,0,0,2,3,2,1,1,1,0,0,2,2,3,2,1,3,0,0,3,0,0,0,2,0,1,1,1,1,0,3,1,1,3,1,0,0,0,2,1,2,2,1,2,1,1,0,0,1,2,3,1,3,2,1,0,0,0,0,1,1,0,0,0,1,0,0,0,3,1,0,1,0,0,0,0,2,1,1,0,1,0,1,2,0,1,2,0,1,1,1,0,0,1,1,0,0,0,0,0,1,2,2,1,1,1,1,1,0,2,2,0,0,0,0,1,0,1,1,0,0,0,0,0,2,1,3,1,0,0,2,1,2,1,0,0,2,0,1,1,1,2,1,2,0,0,3,0,1,0,0,0,2,0,1,1,0,2,0,1,2,1,1,1,2,1,0,1,1,1,4,1,1,1,1,1,0,2,0,0,3,1,2,1,0,1,1,2,2,5,2,3,1,2,0,1,1,3,2,0,1,4,0,1,0,0,2,1,2,0,1,0,1,0,0,1,2,0,2,1,2,2,2,2,0,1,0,2,1,0,1,3,3,1,1,2,2,0,1,2,3,1,0,1,1,1,3,0,0,2,3,0,1,3,0,1,2,4,0,2,1,0,1,1,0,0,0,0,4,0,1,1,0,1,2,1,1,1,1,0,1,2,2,2,0,0,2,2,0,1,0,1,1,2,0,4,1,2,2,0,2,1,1,0,1,2,2,0,1,1,1,1,0,3,5,3,2,3,0,0,1,1,0,0,0,0,1,0,2,1,0,0,0,0,0,0,1,0,1,0,0,1,0,2,2,2,0,2,3,1,1,2,1,0,0,2,1,2,1,1,1,3,1,0,1,0,0,0,0,1,2,0,1,0,2,2,0,0,1,1,1,0,0,1,0,2,2,2,1,0,1,1,0,0,0,1,0,3,1,0,3,1,0,0,0,1,4,1,1,0,2,0,1,3,0,0,0,1,2,0,1,1,0,0,3,2,0,0,0,0,1,1,0,1,3,1,0,2,1,2,1,0,0,1,1,1,0,0,1,0,2,0,0,2,2,0,1,2,1,0,1,0,0,1,0,0,0,0,4,1,0,0,0,1,1,1,1,1,1,1,0,2,1,1,0,3,1,2,1,1,0,1,0,2,0,0,1,0,0,3,1,1,0,0,0,2,2,2,4,0,0,2,3,0,3,0,0,1,2,0,3,2,2,1,0,2,0,3,0,0,0,1,2,2,0,1,1,1,1,0,1,1,1,1,1,1,1,1,0,1,3,1,5,1,0,1,2,3,0,1,3,0,0,2,2,1,0,0,3,0,1,1,1,3,2,0,0,0,0,0,2,0,0,3,1,0,1,1,1,2,0,0,1,2,3,0,2,0,1,2,0,0,3,1,0,1,0,0,0,0,1,3,0,1,1,0,2,1,0,1,1,1,0,1,3,0,2,1,0,1,1,1,0,0,0,1,2,2,0,2,3,0,1,1,0,0,1,0,3,0,1,1,1,2,0,1,0,1,0,1,3,0,0,1,0,1,1,1,0,0,1,2,2,1,1,0,3,0,1,2,0,0,1,1,1,2,2,3,3,1,1,1,2,1,2,2,0,1,0,2,0,0,1,1,3,0,0,0,2,1,1,0,2,1,1,3,1,3,1,0,2,0,0,1,2,1,0,1,2,0,4,0,1,0,1,0,0,2,1,1,1,2,1,2,1,0,0,1,0,4,0,2,0,0,1,1,0,0,0,0,0,2,0,1,2,1,3,0,2,2,2,3,1,1,0,0,2,0,0,0,0,1,1,2,1,0,1,0,0,1,2,0,1,1,5,0,1,1,0,2,1,0,0,2,2,0,1,1,0,1,0,2,0,2,0,1,0,1,1,1,1,0,1,1,0,0,1,3,1,1,0,1,1,2,1,0,2,0,0,1,1,2,1,1,1,1,2,1,2,0,1,0,1,2,2,0,2,0,1,1,2,0,3,2,0,1,1,0,1,0,1,0,2,3,1,3,0,1,1,1,1,0,2,0,0,0,3,0,0,1,0,2,1,1,0,2,0,1,1,2,0,1,0,0,1,1,1,0,2,1,0,1,1,0,0,2,2,0,1,2,2,0,0,1,0,1,1,1,2,0,0,1,1,0,1,1,0,1,0,0,0,1,0,1,0,2,0,0,1,2,1,1,1,1,1,0,2,1,2,1,2,1,1,1,1,1,2,0,2,1,4,2,1,1,1,0,1,1,0,1,0,1,0,0,1,1,1,1,1,0,0,1,1,0,1,2,1,1,3,1,2,0,0,1,2,2,0,3,1,3,1,2,1,0,1,1,2,1,2,1,1,2,0,2,0,2,0,1,0,3,0,1,4,2,0,1,1,0,3,1,1,0,0,0,0,0,0,0,1,3,1,3,2,0,0,0,1,0,0,2,0,2,1,1,0,1,0,1,1,1,4,0,0,2,3,0,1,2,0,0,1,0,0,1,0,3,1,1,0,0,0,1,0,1,2,0,2,0,1,0,1,2,1,2,3,0,2,4,1,1,1,0,4,1,0,1,0,2,0,1,1,0,0,1,1,0,1,1,5,2,0,0,1,3,0,0,0,1,0,0,0,1,0,0,1,3,0,1,1,1,1,1,0,1,1,1,2,2,0,2,2,2,1,1,1,1,0,0,1,0,2,1,5,1,0,1,0,0,0,2,0,1,1,0,1,0,0,1,1,4,1,1,1,0,1,1,0,1,0,1,0,2,3,0,0,1,0,0,1,0,2,0,1,1,0,0,1,1,0,0,1,1,0,0,0,1,2,0,2,1,3,2,0,1,0,1,1,1,1,1,1,1,1,4,4,1,0,1,0,1,1,0,3,3,2,2,0,0,1,0,0,0,0,0,2,0,2,0,2,2,4,0,0,3,1,2,2,1,1,4,0,0,2,0,1,1,1,0,0,0,1,0,0,1,0,0,4,0,3,0,0,0,2,0,0,1,4,2,3,0,1,2,2,0,2,1,3,1,0,2,1,0,2,0,2,1,1,1,0,2,1,0,1,1,1,0,0,0,1,2,1,1,0,0,0,1,0,0,1,3,0,1,0,1,1,1,1,3,1,0,1,0,2,0,1,2,0,0,0,0,4,1,2,1,2,0,2,1,0,3,0,0,1,1,0,0,1,1,1,0,1,1,1,3,1,2,2,4,0,0,1,0,0,0,2,2,1,1,2,0,0,3,1,0,1,1,1,0,2,2,2,1,0,1,0,1,0,2,1,0,1,3,1,2,0,0,0,0,1,1,3,0,0,1,1,1,0,4,1,1,1,2,1,0,1,1,1,1,1,1,0,1,0]},{"counters":[2,0,1,0,2,2,0,0,1,1,0,0,1,1,0,0,3,1,2,2,0,1,1,1,1,1,0,1,0,1,0,2,1,1,2,2,1,3,2,0,0,2,0,0,1,2,0,1,2,0,0,1,0,2,2,1,0,3,3,0,1,1,0,0,2,0,0,0,0,1,2,0,0,0,0,3,0,0,1,1,0,2,1,2,0,0,1,1,0,0,1,1,1,1,1,2,0,2,1,0,2,0,0,2,0,1,5,2,1,0,2,1,0,2,0,1,2,1,1,2,0,3,0,3,2,1,0,0,0,0,0,0,0,1,0,1,2,1,0,1,2,3,0,1,1,2,0,0,0,1,2,1,1,1,1,1,0,2,2,1,0,1,1,1,1,0,0,0,0,1,1,0,0,0,3,1,1,0,2,2,2,0,0,2,1,1,3,0,2,1,3,1,0,0,2,0,0,0,1,1,0,0,2,0,0,0,0,2,1,0,0,0,0,2,1,0,1,1,1,0,2,2,2,2,1,0,0,0,2,1,0,0,1,1,2,1,1,1,0,2,2,2,3,2,0,0,0,0,1,1,2,0,0,1,5,0,2,0,0,1,1,0,1,2,3,1,0,1,1,2,1,1,1,2,1,1,0,2,1,0,0,1,2,0,2,1,2,0,2,1,0,1,0,1,0,2,2,0,2,1,0,2,3,2,1,1,2,1,3,2,0,2,0,2,2,0,2,1,1,2,1,0,3,4,0,1,1,0,1,1,0,3,3,1,2,1,1,0,1,1,0,1,0,1,0,1,2,3,1,0,2,2,1,2,0,0,0,0,1,0,1,1,1,1,2,1,3,1,0,1,0,0,0,1,1,1,3,2,0,2,1,0,1,1,0,2,1,2,0,2,0,1,3,3,0,3,3,0,1,0,2,1,1,1,0,1,0,1,0,1,2,0,2,2,0,1,0,1,1,2,0,1,1,1,0,3,0,0,0,2,0,0,1,1,1,1,1,1,2,1,3,1,2,2,2,1,1,1,1,0,2,0,1,1,0,1,1,1,0,1,0,1,0,1,2,3,2,1,2,2,1,2,2,1,3,1,1,0,2,3,1,3,0,0,1,0,1,1,1,0,1,1,1,0,1,0,0,1,0,0,0,1,1,0,3,3,1,0,1,0,1,0,2,2,0,1,1,1,1,1,2,0,1,0,1,0,3,0,1,1,2,0,2,2,2,1,1,1,0,2,0,1,4,1,1,0,1,1,2,4,0,1,2,2,0,3,2,0,0,0,1,0,0,2,0,1,1,0,0,3,2,1,2,2,0,2,1,0,0,0,0,0,0,0,0,0,2,0,0,2,4,2,0,3,1,1,3,0,1,0,1,0,2,1,0,2,2,1,0,1,0,2,0,1,1,0,0,0,4,1,1,1,1,0,1,0,2,2,0,1,0,2,4,2,0,0,1,1,2,0,1,1,1,1,1,5,2,0,1,2,1,2,1,1,0,1,2,0,0,1,0,0,2,1,1,2,3,1,0,0,0,0,1,1,1,0,1,1,1,0,1,1,1,1,0,1,1,0,1,2,0,1,2,2,2,1,2,2,2,0,0,0,3,0,1,0,1,2,0,1,1,0,1,2,0,1,2,1,0,3,2,0,1,0,0,2,1,2,0,0,0,1,1,1,0,1,0,2,0,0,0,0,1,3,2,1,0,0,0,2,0,1,2,0,1,1,1,2,1,0,0,0,0,0,1,1,2,0,1,1,1,0,1,1,0,2,1,2,1,3,2,1,1,0,0,1,1,2,2,2,3,1,4,1,1,4,0,1,0,0,0,0,0,0,0,1,1,0,1,2,0,2,1,1,0,1,0,0,0,2,0,1,2,0,0,1,4,2,3,1,0,0,1,0,0,1,1,1,3,0,0,1,1,1,1,2,2,3,1,1,1,0,0,1,0,1,3,0,1,0,1,0,0,1,1,1,1,0,0,0,2,0,2,1,0,1,1,2,0,0,1,0,2,0,0,2,4,2,0,1,2,0,0,0,1,2,2,0,0,0,3,2,1,2,1,1,1,1,1,0,0,1,5,3,2,0,2,0,0,1,1,0,0,1,2,2,1,1,3,1,1,2,2,1,0,0,1,0,0,0,1,2,1,0,1,1,1,2,0,0,2,2,1,2,1,0,0,0,3,2,0,1,1,1,3,0,0,1,1,2,0,1,1,1,0,1,2,1,0,2,1,3,0,2,0,1,3,1,2,1,0,3,0,1,0,0,0,0,1,1,2,2,0,0,0,0,2,1,2,1,1,1,0,2,0,0,0,2,1,1,0,0,0,2,0,0,1,1,2,3,2,0,1,1,1,1,1,0,1,0,1,0,0,1,0,0,2,0,2,0,2,1,0,2,1,0,2,0,2,3,0,1,1,0,3,2,3,1,2,0,2,2,3,2,0,0,1,3,1,1,0,1,0,1,0,0,0,1,0,0,2,0,2,0,0,1,1,2,0,0,2,2,1,1,0,1,2,0,1,1,0,0,3,3,1,2,2,0,0,0,0,1,1,3,2,2,2,2,1,2,1,1,2,0,2,0,1,0,1,4,0,0,0,2,0,0,0,0,1,1,1,2,2,0,1,1,0,0,2,2,1,0,2,0,3,0,3,0,0,2,1,1,1,0,2,0,2,2,1,1,0,1,0,0,0,0,0,0,1,2,1,0,1,0,2,3,0,0,1,3,2,0,2,0,0,1,0,3,0,3,2,3,2,2,0,0,3,3,1,3,0,0,1,2,2,0,3,0,3,2,1,1,3,1,0,2,1,2,1,2,2,3,1,1,0,1,0,1,2,0,1,1,0,0,2,0,1,1,0,0,2,3,2,3,2,1,2,2,0,0,0,0,1,0,0,1,0,3,0,0,1,0,0,3,3,0,1,0,0,1,1,2,0,2,1,0,0,0,2,1,3,1,1,0,1,1,1,1,0,0,0,2,2,1,0,1,1,1,0,0,0,1,1,0,1,0,2,0,3,3,1,0,2,0,0,3,1,1,0,2,2,2,2,0,1,0,1,2,0,0,3,3,0,1,2,0,1,1,2,0,1,1,1,0,0,2,0,0,2,1,1,0,1,0,2,0,1,1,0,2,3,2,0,1,0,2,3,0,1,0,2,5,0,3,0,1,2,1,0,2,1,1,0,3,2,2,0,1,1,0,0,0,0,1,0,1,2,2,0,1,1,1,2,0,1,0,2,0,1,0,5,2,0,0,1,1,1,1,0,2,2,1,0,0,1,0,2,2,1,0,0,0,0,1,0,4,3,1,0,0,0,0,0,1,0,0,0,0,1,1,2,1,0,3,0,2,0,1,2,1,0,0,0,2,0,1,1,1,0,0,2,1,1,0,1,2,3,0,1,0,1,0,3,1,0,1,1,3,1,1,0,0,1,1,1,1,0,2,0,1,2,0,0,1,1,3,1,0,0,2,1,1,2,3,1,0,0,2,0,1,0,1,0,2,2,1,0,1,1,2,0,1,1,1,0,0,1,0,1,0,0,0,0,1,0,1,1,4,2,1,0,1,3,1,1,2,0,1,1,0,1,0,1,0,0,1,0,0,1,0,0,2,1,1,0,0,2,0,0,0,1,3,1,1,2,1,0,1,1,0,1,0,0,0,2,1,0,0,1,2,2,0,2,0,1,1,0,2,1,0,1,1,0,0,0,0,3,1,0,2,0,0,0,0,2,0,0,0,2,1,1,6,0,5,0,3,1,0,0,1,1,0,0,1,0,0,0,2,3,0,0,0,3,0,1,2,2,1,0,1,2,1,0,0,1,1,1,4,0,1,0,0,1,2,1,0,1,2,3,0,0,1,0,1,1,3,1,3,0,2,0,1,1,2,3,0,1,1,1,0,1,0,0,2,2,2,1,0,1,0,1,0,0,1,0,1,0,1,0,1,0,2,1,1,1,0,0,2,2,1,2,0,1,1,3,0,1,0,1,0,2,1,0,1,1,0,0,0,0,2,0,0,0,2,1,0,2,2,0,2,1,1,2,1,3,0,1,0,1,1,0,2,1,0,2,0,1,2,0,2,1,3,1,0,1,0,0,2,1,0,3,1,0,0,2,2,1,0,2,0,2,1,0,3,0,0,1,0,1,0,0,1,1,0,0,0,0,3,0,0,1,1,2,0,3,0,1,0,0,0,1,2,3,2,1,1,3,0,3,0,1,4,0,1,2,0,3,0,1,1,0,0,1,1,1,2,0,2,2,2,0,1,0,3,2,1,0,1,1,0,2,0,1,0,0,2,1,0,2,0,0,1,1,2,2,0,1,0,0,0,0,1,2,0,0,0,1,0,0,1,1,0,2,1,0,1,1,0,2,2,0,1,0,0,1,0,0,1,0,0,0,0,0,0,0,2,1,0,1,0,0,1,1,1,3,0,2,2,1,0,2,3,0,2,1,3,1,4,1,4,2,0,2,0,0,0,1,0,0,1,1,0,4,2,0,0,0,1,1,1,2,0,1,1,2,1,0,1,1,0,1,0,2,2,1,2,1,3,2,1,2,1,0,0,2,0,1,2,0,0,1,0,0,0,0,1,4,1,0,2,1,1,0,0,0,0,1,1,1,0,0,2,0,1,0,2,2,2]},{"counters":[0,1,0,2,2,2,1,0,2,0,0,1,1,0,0,3,0,0,1,1,1,2,0,1,0,2,0,0,0,0,1,0,1,2,0,3,1,1,2,0,0,0,0,1,2,1,1,2,2,0,1,0,0,1,1,0,0,1,1,2,1,1,0,1,0,0,0,1,0,0,0,1,1,1,0,1,0,0,1,2,0,1,2,1,1,2,0,0,1,2,0,2,0,1,5,1,0,0,2,2,0,1,4,0,2,3,1,2,2,0,2,1,1,0,0,2,0,0,0,2,1,1,4,2,4,0,2,1,2,1,1,0,1,2,3,2,2,2,0,0,1,1,1,1,0,2,2,2,1,0,2,2,0,2,2,3,0,2,2,1,0,0,0,2,0,2,0,1,0,0,2,1,2,0,1,1,0,1,0,0,1,2,0,1,1,2,0,2,1,0,0,2,0,1,0,0,1,1,2,3,1,1,1,0,1,1,1,0,0,2,1,2,0,0,1,0,1,1,1,1,2,0,3,2,3,0,2,1,0,1,1,1,1,1,0,0,1,2,3,1,1,1,1,3,1,0,1,1,0,0,0,2,0,2,0,2,0,0,0,2,1,2,1,1,1,0,0,0,1,0,0,2,0,1,1,1,1,1,0,0,1,1,2,1,0,1,0,1,2,2,1,1,0,1,2,3,1,3,0,1,2,0,0,0,2,1,0,3,0,2,1,0,4,1,1,1,3,0,0,0,1,2,0,0,1,2,0,1,0,0,0,0,0,0,0,1,1,2,0,0,1,1,0,3,1,1,0,0,1,0,1,0,0,2,1,1,2,0,0,0,0,0,0,2,2,1,0,1,1,0,1,0,1,1,1,0,2,1,1,0,0,2,3,2,1,0,0,3,1,2,1,1,0,0,3,2,2,0,3,0,1,0,2,4,1,2,1,2,0,0,0,1,3,0,4,2,2,1,0,1,1,2,2,1,1,1,1,0,1,1,2,1,2,2,0,1,0,1,0,0,0,0,2,1,1,1,3,1,1,2,1,2,1,0,0,3,1,2,1,0,0,2,1,1,0,1,1,0,1,0,1,1,0,1,0,3,1,0,2,0,1,0,2,0,3,0,0,0,1,2,0,3,0,4,0,2,0,2,0,0,0,2,3,0,1,0,0,1,2,2,2,1,4,0,1,0,3,1,0,0,0,3,0,0,1,2,0,0,3,1,1,2,0,1,2,2,1,1,1,1,0,2,1,2,1,2,2,1,0,1,2,1,0,1,0,1,0,0,0,0,1,2,1,2,1,2,2,2,0,1,0,2,3,0,1,1,1,0,0,2,2,3,0,2,1,2,4,4,0,1,1,2,2,0,2,0,0,0,2,0,1,3,1,1,1,0,0,1,0,1,1,1,3,0,1,0,1,1,0,1,1,0,0,0,0,0,0,1,0,1,1,2,0,1,0,0,2,1,0,0,0,2,1,2,1,0,2,0,0,1,0,0,0,3,1,0,3,1,3,0,0,1,1,2,0,0,0,0,2,2,0,2,1,0,2,1,2,0,0,0,1,2,1,1,0,0,2,1,1,2,2,1,1,1,4,0,0,1,0,1,0,3,3,1,1,0,3,0,2,1,2,0,1,1,3,3,1,1,0,2,0,1,2,2,1,2,1,0,1,0,0,1,2,0,0,3,0,1,0,1,0,1,1,1,1,0,0,3,0,1,1,0,3,0,0,2,1,3,0,1,3,1,1,2,2,3,0,0,1,2,4,0,2,0,0,3,1,0,1,1,1,0,0,1,1,1,1,0,0,0,0,1,0,1,1,0,0,1,2,0,3,2,2,0,0,0,1,0,1,2,1,0,2,2,0,1,1,1,1,1,0,0,2,2,1,0,0,1,1,2,2,0,1,0,0,2,1,1,2,0,0,1,0,2,0,1,0,1,1,1,2,2,1,2,0,2,0,0,2,0,3,0,1,1,0,1,2,1,1,0,0,0,0,1,1,1,1,0,2,1,2,1,2,0,0,1,1,3,1,0,3,2,1,1,1,1,3,2,1,2,0,1,0,0,1,1,0,0,2,1,3,0,0,1,4,0,2,2,1,1,0,2,0,1,2,2,3,1,2,2,0,0,0,1,0,0,0,0,0,1,0,0,2,1,0,1,2,1,0,1,1,1,2,0,0,0,1,1,1,3,1,0,0,1,1,1,0,2,0,3,0,1,1,1,2,0,1,2,0,1,4,3,0,0,0,0,1,1,1,1,2,0,0,2,1,0,3,0,1,0,0,1,1,0,0,2,1,1,1,1,1,3,1,2,0,1,0,0,1,1,1,0,0,1,2,1,1,2,0,3,0,0,1,1,1,1,0,1,0,0,0,4,1,0,2,0,1,0,0,0,1,0,1,2,0,0,2,1,1,2,0,1,0,1,0,0,1,1,2,0,0,1,2,0,3,1,1,0,1,1,0,1,0,1,0,1,0,0,1,2,1,0,0,1,1,1,0,2,0,0,1,0,0,1,2,3,0,0,0,0,2,1,1,3,1,1,1,3,0,1,2,1,3,0,2,1,0,2,2,0,2,0,1,1,0,1,0,0,1,1,0,1,1,0,0,1,1,1,1,0,1,1,0,1,0,3,2,0,0,1,1,0,1,1,0,0,0,0,0,1,2,0,1,0,1,1,1,2,1,2,0,3,1,1,0,1,1,1,0,0,2,1,2,1,6,0,1,1,1,1,0,1,1,1,1,0,0,0,1,2,1,0,0,0,0,2,2,0,0,0,1,1,0,1,0,0,0,3,2,0,2,1,2,1,2,0,1,1,1,0,1,2,2,1,0,1,0,0,1,1,0,3,1,2,0,0,2,0,0,2,0,3,0,0,0,2,3,0,4,1,1,2,2,1,0,0,1,0,2,0,0,1,0,1,1,2,0,0,0,2,1,0,0,0,2,0,2,0,2,1,0,0,1,2,0,1,1,0,1,1,1,2,1,2,0,1,1,2,3,0,0,2,0,3,0,0,0,0,0,0,0,1,0,1,0,2,2,3,0,1,0,0,1,1,1,1,0,1,0,1,0,0,1,1,3,0,1,1,0,2,0,0,1,2,1,0,0,2,0,1,0,1,2,2,1,2,0,0,1,0,2,0,1,2,1,0,1,4,0,1,0,0,0,2,1,0,0,0,1,1,0,4,1,2,1,3,0,1,1,0,0,1,0,2,1,1,3,1,0,3,0,2,1,0,1,3,1,1,1,2,0,1,0,2,0,2,1,0,1,3,1,2,1,2,0,1,1,2,1,0,6,0,1,1,0,0,0,1,0,1,1,0,0,0,2,1,0,0,1,1,0,0,1,1,1,0,1,0,2,0,1,0,1,2,1,0,1,2,0,3,1,0,1,1,1,0,1,1,0,0,1,1,2,1,0,3,1,3,1,1,4,2,3,1,2,0,2,3,1,2,1,0,0,4,4,3,1,1,1,0,0,1,0,1,0,1,0,2,0,2,0,1,1,3,0,0,0,0,0,2,1,0,0,2,2,0,1,2,1,0,1,1,1,1,2,1,0,3,1,1,0,1,1,0,1,1,2,1,2,0,0,0,5,0,0,1,1,0,1,0,0,2,0,1,0,2,1,0,0,0,0,0,1,1,0,0,0,1,0,1,0,1,0,0,1,0,0,0,0,0,1,0,2,0,2,1,0,1,3,0,0,0,0,2,1,5,1,0,0,1,2,2,1,0,1,0,2,2,0,1,1,1,0,1,0,1,1,3,0,1,1,2,1,1,0,1,1,0,1,0,0,2,1,0,3,0,2,0,1,1,1,2,1,2,1,2,3,2,2,0,0,0,0,0,0,1,2,1,1,2,1,1,1,4,1,0,0,0,0,0,0,1,0,0,0,0,1,0,0,2,0,4,2,0,2,1,2,1,1,0,3,1,1,1,1,1,1,3,1,2,0,2,1,2,1,0,1,2,2,1,0,1,1,2,2,1,3,2,0,2,0,1,4,2,1,2,2,0,1,1,4,1,0,1,2,1,0,1,2,1,0,1,0,2,1,2,0,3,1,0,0,1,2,1,1,0,3,1,1,1,1,1,1,1,0,1,1,0,2,0,0,1,3,0,1,4,2,0,1,0,0,0,2,0,1,0,1,2,1,1,2,2,2,0,2,2,0,3,1,1,0,3,1,2,0,1,1,1,0,0,0,0,1,1,0,3,2,1,4,1,0,1,1,1,1,3,0,0,1,1,1,0,0,0,0,0,1,0,0,1,1,0,2,0,2,2,0,1,0,0,1,0,0,0,0,1,2,1,1,1,1,1,1,1,2,0,5,2,1,2,2,2,1,2,0,0,2,1,3,1,1,1,0,0,1,3,1,2,1,2,2,1,0,4,0,2,2,2,2,0,1,0,1,1,2,1,5,1,0,1,0,2,2,1,0,2,0,1,1,0,0,1,2,0,0,0,2,2,1,1,0,1,3,0,1,0,1,0,2,3,3,4,1,2,1,2,1,0,0,1,1,1,1,1,2,1,1,1,1,1,0,0,1,2,0,2,0,0,0,0,2,0,0,2,2,2,2,1,0,1,1,3,0,0,1,1,1,0,2,0,2,1,1,0,0,0,2,1,2,1,1,2,1,2,3,1,0,1]},{"counters":[1,1,0,2,0,0,2,1,0,0,1,2,0,0,0,2,0,0,0,2,1,1,0,1,0,1,2,1,1,0,1,1,1,2,0,3,0,0,0,1,1,0,0,0,2,2,0,0,1,0,2,0,1,4,1,3,1,1,0,0,2,2,0,2,2,0,1,1,0,0,2,1,0,0,2,0,2,1,1,1,1,0,1,0,1,1,6,0,1,1,0,1,2,3,3,1,1,2,0,1,0,2,0,0,0,0,0,0,3,0,0,2,1,0,1,2,2,0,1,2,0,0,2,3,2,1,1,0,2,3,0,2,1,0,2,1,1,0,0,0,0,0,0,1,2,0,0,1,2,0,2,1,0,1,1,0,0,2,0,3,1,1,0,0,2,2,2,1,0,0,0,0,0,2,1,0,0,1,0,0,0,2,0,0,0,0,2,2,0,0,1,0,1,1,1,0,0,0,3,1,2,1,0,1,0,3,1,3,0,1,3,0,2,3,0,2,0,1,0,0,0,0,1,2,0,2,0,0,1,3,1,0,0,0,1,1,1,1,0,2,0,1,2,1,1,1,1,0,0,2,5,5,2,2,0,0,0,2,0,1,2,0,1,0,2,2,1,1,3,1,1,1,1,0,1,1,1,0,1,0,3,1,1,1,3,1,1,2,1,1,0,2,1,0,1,2,2,1,2,1,0,2,0,0,3,0,0,1,0,0,2,2,0,1,2,0,1,0,1,0,0,0,1,1,0,1,0,2,1,1,1,2,3,1,2,3,0,0,2,0,0,0,3,0,0,3,2,0,0,0,1,0,0,2,2,1,1,0,1,2,0,0,3,1,1,0,2,0,0,2,0,2,1,1,2,1,2,2,0,2,2,2,3,2,1,1,1,1,1,1,0,0,1,2,1,1,2,1,1,0,1,1,1,1,2,1,0,1,1,0,0,1,0,0,0,1,0,1,0,1,2,1,1,0,1,2,2,1,0,1,0,0,0,3,1,1,2,0,0,1,2,1,1,3,0,2,1,0,1,0,1,1,2,0,2,1,1,1,1,2,0,2,3,1,1,0,0,1,1,1,0,0,1,0,1,0,0,0,0,1,1,0,0,0,1,0,2,1,1,0,2,3,1,0,1,0,4,0,0,0,1,2,3,1,5,0,3,2,0,0,1,0,0,1,1,0,1,0,0,1,2,2,0,0,1,2,1,1,1,2,2,4,0,0,2,2,1,1,1,4,1,0,1,2,2,0,1,2,0,1,0,1,0,1,0,0,3,1,1,0,0,2,0,0,1,1,0,0,1,0,2,0,1,2,1,1,1,0,0,1,2,2,1,1,1,1,4,1,2,2,2,1,1,1,1,1,1,0,1,4,0,1,0,3,1,1,0,2,0,1,0,1,2,1,1,1,0,0,1,1,1,0,0,2,1,1,1,0,1,0,1,1,2,1,3,2,0,0,1,1,1,0,0,1,2,1,0,0,0,1,1,1,1,1,0,1,0,1,2,2,1,2,1,0,0,1,0,0,1,1,2,1,1,1,2,2,0,0,2,1,5,1,0,0,1,2,1,1,1,0,3,1,0,1,1,1,1,0,2,2,3,0,2,1,1,1,1,1,0,1,2,3,0,1,1,1,0,3,0,5,2,1,1,0,0,0,0,0,2,0,2,1,1,1,0,2,2,1,1,2,1,3,2,1,0,0,1,1,2,0,0,0,2,1,0,1,1,1,0,2,2,1,2,1,1,0,1,2,1,1,1,0,1,0,1,1,0,0,4,3,1,0,0,3,0,0,1,2,0,2,1,1,1,2,3,1,1,3,2,1,2,0,0,0,1,1,1,0,0,1,0,2,0,0,1,3,0,1,0,1,0,2,1,3,1,3,2,4,2,2,1,0,1,0,2,0,1,1,3,0,1,1,0,0,0,0,0,2,1,0,1,1,1,1,0,2,0,0,1,0,2,0,0,1,0,1,3,1,2,0,2,0,2,1,0,0,2,1,0,2,1,1,2,2,2,1,2,1,3,1,2,1,0,2,3,1,1,0,4,0,3,1,4,0,0,1,0,3,0,3,0,1,2,3,0,2,0,0,0,0,0,1,1,3,0,2,1,1,1,0,0,0,1,1,1,0,0,1,0,1,1,0,1,1,1,1,1,2,1,1,2,0,1,0,1,1,1,0,0,0,0,0,2,0,0,1,2,4,0,2,1,0,1,1,4,0,1,0,1,2,0,0,0,0,1,2,3,0,1,1,1,1,0,4,4,4,0,2,2,2,0,0,1,1,0,2,2,1,1,3,1,1,0,1,4,0,1,0,0,2,0,0,0,1,2,3,1,0,0,0,2,0,0,1,2,1,4,1,0,0,1,0,1,1,1,0,0,1,0,2,2,1,0,1,1,1,0,1,4,2,1,0,0,1,1,2,1,1,0,3,0,4,1,0,0,0,1,1,1,1,2,2,1,1,0,2,1,3,2,0,1,0,0,2,0,0,0,2,2,1,1,0,1,2,1,0,1,0,2,0,0,1,1,1,0,0,2,1,1,5,2,0,2,1,0,0,2,1,1,0,0,2,2,0,1,1,1,4,1,2,0,1,2,1,1,1,3,0,2,3,0,0,0,0,1,1,1,3,1,1,1,1,1,0,2,1,0,1,1,1,1,0,4,0,3,0,0,2,1,1,0,1,0,0,0,1,2,1,1,1,2,1,2,1,1,0,0,2,1,0,1,0,1,0,2,0,2,1,0,2,1,0,1,3,1,0,1,1,0,0,1,1,0,1,0,0,2,0,0,1,2,1,1,1,0,0,1,0,1,0,0,2,1,1,0,1,0,0,1,2,0,1,2,0,0,0,0,1,2,3,0,0,2,0,1,0,1,0,1,2,0,0,0,1,0,1,0,1,0,3,2,0,1,1,1,2,0,0,0,0,0,2,0,1,1,0,0,0,0,2,0,0,0,0,1,1,0,1,2,0,2,2,0,1,0,1,0,0,0,1,0,2,1,0,0,1,3,1,1,0,3,0,1,0,2,2,1,0,0,1,1,0,0,0,0,0,1,0,0,0,2,0,1,1,1,2,2,0,0,1,0,0,0,1,2,3,1,1,0,0,1,1,0,1,2,1,2,1,1,3,2,1,3,0,0,0,0,0,0,3,0,1,0,3,1,2,2,2,0,1,2,1,3,2,0,2,1,2,0,2,0,2,0,1,0,1,0,0,0,0,2,0,1,4,1,0,1,1,0,0,1,1,1,0,0,0,0,3,1,1,1,1,1,1,0,3,4,1,1,1,1,1,2,1,0,1,1,1,2,0,1,0,0,3,3,0,1,2,1,0,1,1,0,1,0,1,1,0,4,0,1,0,0,3,1,0,4,1,1,0,3,2,1,1,0,1,3,2,0,1,0,2,0,0,0,1,3,2,0,0,1,0,0,2,2,1,0,1,2,2,1,0,3,1,2,2,3,3,0,0,0,0,2,1,1,1,2,1,0,1,0,3,2,0,0,0,1,1,2,1,0,1,0,0,2,5,0,1,1,0,0,1,1,0,1,3,2,0,1,2,1,2,0,1,0,2,2,1,0,1,3,1,1,1,0,3,2,1,1,0,0,3,2,0,2,0,1,2,0,0,0,1,0,2,0,1,0,1,1,1,2,2,0,0,0,0,0,0,0,1,0,0,1,3,0,1,1,1,1,0,2,3,1,2,0,0,1,0,1,1,0,2,2,0,0,1,1,1,1,4,0,2,1,0,0,1,0,1,1,2,0,0,0,2,0,0,2,1,2,2,1,0,2,1,0,1,0,0,2,1,1,0,1,1,0,0,1,1,0,1,0,1,0,1,1,0,1,1,0,0,0,0,1,2,1,0,1,2,1,4,1,1,1,3,2,0,3,0,0,1,1,1,1,1,1,1,2,0,1,0,1,0,2,3,0,0,2,2,0,0,1,0,3,1,0,0,0,0,1,0,1,1,1,1,0,0,1,1,3,1,1,1,3,0,0,2,0,0,2,1,4,3,1,0,0,1,0,1,1,2,0,4,1,3,0,0,0,0,0,0,0,0,1,1,0,0,0,1,0,0,1,2,4,0,2,0,0,0,1,0,0,1,1,2,0,1,1,0,0,0,3,0,1,1,2,2,2,2,0,3,1,0,1,1,1,1,0,2,1,1,1,1,1,1,0,2,2,1,1,3,1,0,0,2,1,2,2,2,1,3,1,5,1,0,2,1,1,1,1,1,2,0,2,1,1,1,2,0,1,0,2,2,0,3,2,1,0,0,1,1,1,0,3,0,2,1,0,0,0,2,2,1,0,1,1,0,2,0,1,1,2,0,2,1,4,0,1,0,3,1,0,0,0,0,0,0,3,2,1,0,0,1,2,0,1,1,0,0,0,0,1,1,2,0,1,1,0,2,0,1,0,0,0,4,1,1,1,0,0,1,2,0,2,0,1,1,1,1,0,0,1,0,0,0,3,0,1,0,0,1,1,2,3,0,0,1,1,1,4,0,1,2,0,1,3,0,2,0,2,1,0,0,2,1,0,1,2,1,0,0,1,1,0,2,0,1,2,1,1,1,1,2,2,2,0,2,1,1,2,1,1,0,1,1,2,2,0,1,2,2,1,0,0,0,1,1,2,1]}]},"null_count":0,"last_update_version":397952051032621056},"b":{"histogram":{"ndv":2000,"buckets":[{"count":8,"lower_bound":"LTIxNDY0MDE5NTU=","upper_bound":"LTIxMzUxODA1NDU=","repeats":1},{"count":16,"lower_bound":"LTIxMzAwMTk5Mjk=","upper_bound":"LTIxMTQ5MTcwNjM=","repeats":1},{"count":24,"lower_bound":"LTIxMTQ0NzUxNTY=","upper_bound":"LTIxMDA0MDE0MTI=","repeats":1},{"count":32,"lower_bound":"LTIwOTgyMzg5MzI=","upper_bound":"LTIwOTYxODMzMzI=","repeats":1},{"count":40,"lower_bound":"LTIwOTQyODgyMDI=","upper_bound":"LTIwNzMyNzgzODY=","repeats":1},{"count":48,"lower_bound":"LTIwNjcxNDU5ODA=","upper_bound":"LTIwNDk2NTY3ODE=","repeats":1},{"count":56,"lower_bound":"LTIwNDkyNTMxMDY=","upper_bound":"LTIwMTA3MTQxNjg=","repeats":1},{"count":64,"lower_bound":"LTIwMTA1MzgyMDY=","upper_bound":"LTIwMDA1Njg4Mjc=","repeats":1},{"count":72,"lower_bound":"LTE5OTY5MTMxNTM=","upper_bound":"LTE5NzQzOTYzOTc=","repeats":1},{"count":80,"lower_bound":"LTE5NzIyMDMzNzI=","upper_bound":"LTE5NDcxMTQyNTE=","repeats":1},{"count":88,"lower_bound":"LTE5NDAzODI1NDM=","upper_bound":"LTE5MzMzMjA4NTU=","repeats":1},{"count":96,"lower_bound":"LTE5Mjk0MTIwMzc=","upper_bound":"LTE5MTM3NjY0MTY=","repeats":1},{"count":104,"lower_bound":"LTE5MDA5ODQ5MzE=","upper_bound":"LTE4ODY0NDg3Mjk=","repeats":1},{"count":112,"lower_bound":"LTE4ODE4MDI3MDQ=","upper_bound":"LTE4NzQwMjcwNDY=","repeats":1},{"count":120,"lower_bound":"LTE4NjU1NTMwNzk=","upper_bound":"LTE4NTY4MTA5MzI=","repeats":1},{"count":128,"lower_bound":"LTE4NTMxODE0MjI=","upper_bound":"LTE4NDM2OTI4MTE=","repeats":1},{"count":136,"lower_bound":"LTE4NDI2NDkxNzM=","upper_bound":"LTE4MzI2MTA3MTQ=","repeats":1},{"count":144,"lower_bound":"LTE4MzAxNTc5NTI=","upper_bound":"LTE3OTc3NjUyNjg=","repeats":1},{"count":152,"lower_bound":"LTE3OTUzMTU4NjY=","upper_bound":"LTE3NzUyMDg4MzY=","repeats":1},{"count":160,"lower_bound":"LTE3NzQwNDMwMDU=","upper_bound":"LTE3NzEwODk0NTQ=","repeats":1},{"count":168,"lower_bound":"LTE3NzAyOTk0OTk=","upper_bound":"LTE3NTA3NTU2NTU=","repeats":1},{"count":176,"lower_bound":"LTE3MzcxNTA3NDU=","upper_bound":"LTE3MjM0MzEyMDY=","repeats":1},{"count":184,"lower_bound":"LTE3MjIwNzI1Njk=","upper_bound":"LTE3MTQ4NzIzNzE=","repeats":1},{"count":192,"lower_bound":"LTE3MDk2NjM1OTA=","upper_bound":"LTE3MDAyMDQ4NTc=","repeats":1},{"count":200,"lower_bound":"LTE2OTc3MDU2NTk=","upper_bound":"LTE2ODk4OTkyNTg=","repeats":1},{"count":208,"lower_bound":"LTE2ODYzNzEyODM=","upper_bound":"LTE2ODA2MzczMDg=","repeats":1},{"count":216,"lower_bound":"LTE2Njg4MjAwMjM=","upper_bound":"LTE2NDUxMzA2MzA=","repeats":1},{"count":224,"lower_bound":"LTE2MzIxNDAzODE=","upper_bound":"LTE2MjMxNzIyOTE=","repeats":1},{"count":232,"lower_bound":"LTE2MTg4NTU5Njk=","upper_bound":"LTE1OTkxNTA5NTQ=","repeats":1},{"count":240,"lower_bound":"LTE1ODk4NTM4NTk=","upper_bound":"LTE1NzE2MTUzNDk=","repeats":1},{"count":248,"lower_bound":"LTE1Njg1MDAwNzk=","upper_bound":"LTE1NjIwMDI3NDE=","repeats":1},{"count":256,"lower_bound":"LTE1NTQxNjYwMDU=","upper_bound":"LTE1NDQxMjg1MDQ=","repeats":1},{"count":264,"lower_bound":"LTE1NDMyNTYyODk=","upper_bound":"LTE1MjQyMTI0NzA=","repeats":1},{"count":272,"lower_bound":"LTE1MjEzNzQ4NjY=","upper_bound":"LTE1MTAyMDU4OTk=","repeats":1},{"count":280,"lower_bound":"LTE1MDc5ODM4NTc=","upper_bound":"LTE0OTU3NTkxNDU=","repeats":1},{"count":288,"lower_bound":"LTE0OTE5NjMyOTY=","upper_bound":"LTE0NjU3MDA3MzI=","repeats":1},{"count":296,"lower_bound":"LTE0NjQzNDI2Mjc=","upper_bound":"LTE0NTQ3MTQ5NDc=","repeats":1},{"count":304,"lower_bound":"LTE0Mzk3NDEyMTU=","upper_bound":"LTE0MTc2OTg2MzQ=","repeats":1},{"count":312,"lower_bound":"LTE0MTMwMTg2ODA=","upper_bound":"LTE0MDYwNjc4ODI=","repeats":1},{"count":320,"lower_bound":"LTE0MDUxMzIxNTc=","upper_bound":"LTE0MDAyMjQ0NjY=","repeats":1},{"count":328,"lower_bound":"LTEzODkzODk0NTk=","upper_bound":"LTEzNzgwOTUyMTI=","repeats":1},{"count":336,"lower_bound":"LTEzNzE1NzAyMzY=","upper_bound":"LTEzNTQxNzgyMTM=","repeats":1},{"count":344,"lower_bound":"LTEzNDQ5NzA2MjE=","upper_bound":"LTEzNDE2OTM5OTM=","repeats":1},{"count":352,"lower_bound":"LTEzMzc1NjYxMDE=","upper_bound":"LTEzMzE2MzM1MzA=","repeats":1},{"count":360,"lower_bound":"LTEzMzE2MzI2Njc=","upper_bound":"LTEzMTczODkwNTk=","repeats":1},{"count":368,"lower_bound":"LTEzMTEwMDcyMzk=","upper_bound":"LTEyOTc1ODgyNDE=","repeats":1},{"count":376,"lower_bound":"LTEyOTUzNzU1Mzc=","upper_bound":"LTEyOTAxNTM4NTY=","repeats":1},{"count":384,"lower_bound":"LTEyODkwNTIwMTc=","upper_bound":"LTEyNzQ1MjA4MjY=","repeats":1},{"count":392,"lower_bound":"LTEyNzE0NTE5NDc=","upper_bound":"LTEyNTk1ODQ2MDk=","repeats":1},{"count":400,"lower_bound":"LTEyNTgwODIwNzg=","upper_bound":"LTEyNTI2MjkzMjE=","repeats":1},{"count":408,"lower_bound":"LTEyNTE4ODQ3Njk=","upper_bound":"LTEyNDY1MzQyOTE=","repeats":1},{"count":416,"lower_bound":"LTEyNDM4OTUyODE=","upper_bound":"LTEyMzk5MDU2Njk=","repeats":1},{"count":424,"lower_bound":"LTEyMjQ4OTg4MTY=","upper_bound":"LTEyMTk4NzIwMzM=","repeats":1},{"count":432,"lower_bound":"LTEyMTM0NTA5MzM=","upper_bound":"LTEyMTI2NjYyNjk=","repeats":1},{"count":440,"lower_bound":"LTEyMDIxMzc5NTk=","upper_bound":"LTExODE2Njg2ODg=","repeats":1},{"count":448,"lower_bound":"LTExNzY0OTczOTA=","upper_bound":"LTExNjYxODEwMTg=","repeats":1},{"count":456,"lower_bound":"LTExNjU3NjA2MTk=","upper_bound":"LTExNTc1NTU4MTI=","repeats":1},{"count":464,"lower_bound":"LTExNTE3NDY3Nzg=","upper_bound":"LTExMzY4ODA2MDY=","repeats":1},{"count":472,"lower_bound":"LTExMzQ4MTA4ODU=","upper_bound":"LTExMjk5NjAyMzI=","repeats":1},{"count":480,"lower_bound":"LTExMjkxOTM2NDA=","upper_bound":"LTExMjEzNjQ0Mjk=","repeats":1},{"count":488,"lower_bound":"LTExMjEwMDAzMTc=","upper_bound":"LTExMDE5NjUxMjA=","repeats":1},{"count":496,"lower_bound":"LTExMDAyODgxODM=","upper_bound":"LTEwODk0MzQ4NzU=","repeats":1},{"count":504,"lower_bound":"LTEwODgxMjM1MTI=","upper_bound":"LTEwODY3ODEzNTg=","repeats":1},{"count":512,"lower_bound":"LTEwODQ3MTEwMDU=","upper_bound":"LTEwODI0ODc4OTg=","repeats":1},{"count":520,"lower_bound":"LTEwODA2MTMxMTI=","upper_bound":"LTEwNjI1MTk2Mzk=","repeats":1},{"count":528,"lower_bound":"LTEwNTk3MjI3ODE=","upper_bound":"LTEwNTc0ODkyNjU=","repeats":1},{"count":536,"lower_bound":"LTEwNTYxNzU3OTU=","upper_bound":"LTEwNDYzMjY0NTA=","repeats":1},{"count":544,"lower_bound":"LTEwNDQ0MDMzODA=","upper_bound":"LTEwMzczMTg0NDY=","repeats":1},{"count":552,"lower_bound":"LTEwMzM5MjQxMzc=","upper_bound":"LTEwMTQ2NDYwMDU=","repeats":1},{"count":560,"lower_bound":"LTEwMTQ0NzEwMjg=","upper_bound":"LTEwMDE3OTg3OTM=","repeats":1},{"count":568,"lower_bound":"LTk5Nzc4NzE4Nw==","upper_bound":"LTk4MTY0MDkwMQ==","repeats":1},{"count":576,"lower_bound":"LTk3OTcyMjE1NA==","upper_bound":"LTk3NDMxOTcyMA==","repeats":1},{"count":584,"lower_bound":"LTk2NzAzMDg3NQ==","upper_bound":"LTk1MzA2MDczNw==","repeats":1},{"count":592,"lower_bound":"LTk1MjA0MTk0Ng==","upper_bound":"LTkyMzg0NTYxOA==","repeats":1},{"count":600,"lower_bound":"LTkxMzIyNjU0NA==","upper_bound":"LTg5NzE0NjkwMg==","repeats":1},{"count":608,"lower_bound":"LTg5NDAwMzkzOQ==","upper_bound":"LTg4ODY4MzI5Ng==","repeats":1},{"count":616,"lower_bound":"LTg4ODMzODUyNA==","upper_bound":"LTg3MjE1MDMwMA==","repeats":1},{"count":624,"lower_bound":"LTg2NTk0OTAzOA==","upper_bound":"LTg1NDQ2NTQzMA==","repeats":1},{"count":632,"lower_bound":"LTg0MTY4OTUyOA==","upper_bound":"LTgzNjUxNjQwNQ==","repeats":1},{"count":640,"lower_bound":"LTgzNjIzMjU2Mg==","upper_bound":"LTgyODMyNDU0Nw==","repeats":1},{"count":648,"lower_bound":"LTgyNDM0MTUwNQ==","upper_bound":"LTgxODgyNDE0OQ==","repeats":1},{"count":656,"lower_bound":"LTgxMzMyODQ2Nw==","upper_bound":"LTc4OTMwOTIxOA==","repeats":1},{"count":664,"lower_bound":"LTc3ODMzNTI2NQ==","upper_bound":"LTc2NDQwOTYzMQ==","repeats":1},{"count":672,"lower_bound":"LTc2MTg5Njc0NA==","upper_bound":"LTczNTA0MTA4Ng==","repeats":1},{"count":680,"lower_bound":"LTczMjI2MTI4NA==","upper_bound":"LTcwMjE1MjcxMQ==","repeats":1},{"count":688,"lower_bound":"LTY5NzM3ODU4Mw==","upper_bound":"LTY4OTIzMDM2OA==","repeats":1},{"count":696,"lower_bound":"LTY4NzUzMTY2MA==","upper_bound":"LTY3ODc2NDU4Ng==","repeats":1},{"count":704,"lower_bound":"LTY3Njc3MzAwOQ==","upper_bound":"LTY2OTk0NDUxOA==","repeats":1},{"count":712,"lower_bound":"LTY2MzMyMjMxNw==","upper_bound":"LTY1MjA5Mzc3NQ==","repeats":1},{"count":720,"lower_bound":"LTY1MTU3NTc0Nw==","upper_bound":"LTY0MjQ4NTExMw==","repeats":1},{"count":728,"lower_bound":"LTYzNTc5OTM0Mw==","upper_bound":"LTYxNjA5NjQ4Nw==","repeats":1},{"count":736,"lower_bound":"LTYxNDE5MDkyMg==","upper_bound":"LTYwNzUwNzI5OA==","repeats":1},{"count":744,"lower_bound":"LTYwNTM3NDcyOQ==","upper_bound":"LTU5OTM2Mjc3MA==","repeats":1},{"count":752,"lower_bound":"LTU5MTc3MDE4OQ==","upper_bound":"LTU2NDY3NTcxOA==","repeats":1},{"count":760,"lower_bound":"LTU1NjEyNjY5Mw==","upper_bound":"LTU0NDcxNTg0NQ==","repeats":1},{"count":768,"lower_bound":"LTU0MzgzMjEwMw==","upper_bound":"LTUzMzUxOTMzMg==","repeats":1},{"count":776,"lower_bound":"LTUzMDkwOTYwOA==","upper_bound":"LTUyMjcwNjg4Ng==","repeats":1},{"count":784,"lower_bound":"LTUxODY2NzU3MQ==","upper_bound":"LTUwNjU0MDUwOA==","repeats":1},{"count":792,"lower_bound":"LTUwNTAxNjU5Mw==","upper_bound":"LTQ3OTkyOTMyMg==","repeats":1},{"count":800,"lower_bound":"LTQ3ODM1NTcyOA==","upper_bound":"LTQ2OTI0NDEwMw==","repeats":1},{"count":808,"lower_bound":"LTQ2OTE3MDg1OQ==","upper_bound":"LTQ2MTAyODQ0OA==","repeats":1},{"count":816,"lower_bound":"LTQ1NTQwNTQyNA==","upper_bound":"LTQ0ODI4MTU0MQ==","repeats":1},{"count":824,"lower_bound":"LTQzOTc2MzY4MA==","upper_bound":"LTQzMDc0MTAyOQ==","repeats":1},{"count":832,"lower_bound":"LTQyOTI2OTQxNg==","upper_bound":"LTQwMzM2NTkwMQ==","repeats":1},{"count":840,"lower_bound":"LTQwMTk3MDQyOQ==","upper_bound":"LTM5MDg0NjEwOA==","repeats":1},{"count":848,"lower_bound":"LTM4NzY3NDAwNQ==","upper_bound":"LTM3NDkwNzA2Mw==","repeats":1},{"count":856,"lower_bound":"LTM3MDAzMTg3MQ==","upper_bound":"LTM2NzMyMDYxMA==","repeats":1},{"count":864,"lower_bound":"LTM2NDE4ODA4Nw==","upper_bound":"LTM0MTMwMTI0Nw==","repeats":1},{"count":872,"lower_bound":"LTM0MDM2NDU5NQ==","upper_bound":"LTMzMjE5MTU3OA==","repeats":1},{"count":880,"lower_bound":"LTMzMTkwODczMQ==","upper_bound":"LTMyMzM0NDE4MA==","repeats":1},{"count":888,"lower_bound":"LTMyMTg3NzYzOA==","upper_bound":"LTMwODAxMDYxOA==","repeats":1},{"count":896,"lower_bound":"LTMwNjM5MzgxMA==","upper_bound":"LTI4MjEyMzEzNA==","repeats":1},{"count":904,"lower_bound":"LTI3MjU2MTY1NQ==","upper_bound":"LTI1MDQxNTMzNA==","repeats":1},{"count":912,"lower_bound":"LTI0NzE3NTAyOQ==","upper_bound":"LTIyODYwMDIzOA==","repeats":1},{"count":920,"lower_bound":"LTIyNTQ2OTE0MQ==","upper_bound":"LTIwOTQ5NTcyNA==","repeats":1},{"count":928,"lower_bound":"LTIwMzkxMDE2Mg==","upper_bound":"LTIwMTc3NDc1Mg==","repeats":1},{"count":936,"lower_bound":"LTIwMDQ3ODY5NQ==","upper_bound":"LTE4NTE0NzM3NA==","repeats":1},{"count":944,"lower_bound":"LTE3ODk4MDk2OQ==","upper_bound":"LTE2NzkxODg1Nw==","repeats":1},{"count":952,"lower_bound":"LTE2NzA0NDc5NA==","upper_bound":"LTE1NzM0NzM5Mw==","repeats":1},{"count":960,"lower_bound":"LTE0NDkzNjU0Ng==","upper_bound":"LTEzNjIwMTg1MA==","repeats":1},{"count":968,"lower_bound":"LTEzMjM0MzE4Nw==","upper_bound":"LTExNDYxMDQxNA==","repeats":1},{"count":976,"lower_bound":"LTExMDE2NTUzNw==","upper_bound":"LTg5MDc0Mjcz","repeats":1},{"count":984,"lower_bound":"LTg0NTAxNDc2","upper_bound":"LTcyMzM2NjA3","repeats":1},{"count":992,"lower_bound":"LTcwMjIzMDAw","upper_bound":"LTUyOTQ0NjQ5","repeats":1},{"count":1000,"lower_bound":"LTUyMDExNDcw","upper_bound":"LTQxNTE4NDM4","repeats":1},{"count":1008,"lower_bound":"LTM5MjA4MTY3","upper_bound":"LTMxMjk3NDg2","repeats":1},{"count":1016,"lower_bound":"LTI0NDQwMjQx","upper_bound":"LTExMjQ1NDYy","repeats":1},{"count":1024,"lower_bound":"LTk3MDMzNzQ=","upper_bound":"LTU4NDMxNDQ=","repeats":1},{"count":1032,"lower_bound":"LTI2MTM2NjM=","upper_bound":"NzgzMDAxMw==","repeats":1},{"count":1040,"lower_bound":"ODc4ODAzOA==","upper_bound":"MTc1MjQ2MDk=","repeats":1},{"count":1048,"lower_bound":"MTk2MzQ2MzI=","upper_bound":"MzQ3Mjg4Nzk=","repeats":1},{"count":1056,"lower_bound":"NDI4MzE2Mjg=","upper_bound":"NDczMzk3NjI=","repeats":1},{"count":1064,"lower_bound":"NTg4ODk2NTU=","upper_bound":"NzM1MzIwODM=","repeats":1},{"count":1072,"lower_bound":"NzY3NjEyNTE=","upper_bound":"ODkzMTk3MTU=","repeats":1},{"count":1080,"lower_bound":"MTAzMDM5ODA0","upper_bound":"MTQ2ODkwODQw","repeats":1},{"count":1088,"lower_bound":"MTQ5ODUxMTI0","upper_bound":"MTU0ODMyMTQ1","repeats":1},{"count":1096,"lower_bound":"MTU4MjcyNzM0","upper_bound":"MTY0MzE3NTcw","repeats":1},{"count":1104,"lower_bound":"MTY0NTM0ODk1","upper_bound":"MTkxMTI3MTAy","repeats":1},{"count":1112,"lower_bound":"MTk0NzQwNTkw","upper_bound":"MjAxOTk2ODk3","repeats":1},{"count":1120,"lower_bound":"MjAyMjkyNDgx","upper_bound":"MjA3OTYxNzgz","repeats":1},{"count":1128,"lower_bound":"MjA5MDk5NjE2","upper_bound":"MjI5NDMzOTky","repeats":1},{"count":1136,"lower_bound":"MjMxODA2Nzc3","upper_bound":"MjYwOTA0Mzc0","repeats":1},{"count":1144,"lower_bound":"MjY2MzA0NDUw","upper_bound":"Mjg0NjUxODA4","repeats":1},{"count":1152,"lower_bound":"MjkxMTQ3ODcy","upper_bound":"Mjk0NTEzNDI4","repeats":1},{"count":1160,"lower_bound":"MzAwNTM4MDY2","upper_bound":"MzEyODcxNTQ3","repeats":1},{"count":1168,"lower_bound":"MzIxNTY4NTk0","upper_bound":"MzIzNzQ5NTgy","repeats":1},{"count":1176,"lower_bound":"MzIzOTE3NjY0","upper_bound":"MzI3ODY1NzM5","repeats":1},{"count":1184,"lower_bound":"MzI3OTM1MDEy","upper_bound":"MzQ0NTA4ODkw","repeats":1},{"count":1192,"lower_bound":"MzQ4ODk5ODI4","upper_bound":"MzYwOTE5ODky","repeats":1},{"count":1200,"lower_bound":"MzYyNDM0MTA0","upper_bound":"MzY3OTkzNDQx","repeats":1},{"count":1208,"lower_bound":"Mzc2ODk3MTE0","upper_bound":"NDA5NTMwNTcw","repeats":1},{"count":1216,"lower_bound":"NDEwMjEzMTk3","upper_bound":"NDIwNDU5NzM1","repeats":1},{"count":1224,"lower_bound":"NDIzOTk5Nzg0","upper_bound":"NDM1ODk2OTEx","repeats":1},{"count":1232,"lower_bound":"NDM3OTI1NjI3","upper_bound":"NDQyODUzMzgz","repeats":1},{"count":1240,"lower_bound":"NDQ2MTI5ODU5","upper_bound":"NDUxNDUwNTI5","repeats":1},{"count":1248,"lower_bound":"NDU4MDg5NjEw","upper_bound":"NDczMDMyNzE1","repeats":1},{"count":1256,"lower_bound":"NDg0Njc5OTgw","upper_bound":"NTAxMjM2MDk2","repeats":1},{"count":1264,"lower_bound":"NTA5MzQyNDEx","upper_bound":"NTE2OTkyNTQ4","repeats":1},{"count":1272,"lower_bound":"NTE3MTk5NzI0","upper_bound":"NTI5OTcwNzY3","repeats":1},{"count":1280,"lower_bound":"NTQyODA3NzY2","upper_bound":"NTU0MzgwNTE0","repeats":1},{"count":1288,"lower_bound":"NTU3MzY0OTQ5","upper_bound":"NTc1ODg5MzY5","repeats":1},{"count":1296,"lower_bound":"NTg0MTIzMzQw","upper_bound":"NTkxMjYyMTE2","repeats":1},{"count":1304,"lower_bound":"NTkyMzA5ODMw","upper_bound":"NjA1ODUwNTU5","repeats":1},{"count":1312,"lower_bound":"NjA3NTg5Nzkw","upper_bound":"NjIyMzI2NzY3","repeats":1},{"count":1320,"lower_bound":"NjQzNTgwMjk5","upper_bound":"NjUxMTIxODg2","repeats":1},{"count":1328,"lower_bound":"NjU0MzMzNTM3","upper_bound":"Njg0Nzk3OTEy","repeats":1},{"count":1336,"lower_bound":"NjkzMzk0MTA0","upper_bound":"NzI3ODIxNTYx","repeats":1},{"count":1344,"lower_bound":"NzM5Njc5NTc3","upper_bound":"NzU1ODIyMTEx","repeats":1},{"count":1352,"lower_bound":"NzU4MDQxMTY1","upper_bound":"NzY1Nzc3OTM4","repeats":1},{"count":1360,"lower_bound":"NzY2NjI1MDQ0","upper_bound":"NzcwOTI1MDIx","repeats":1},{"count":1368,"lower_bound":"Nzc5NzEzMzIy","upper_bound":"Nzg5MjY0MjMx","repeats":1},{"count":1376,"lower_bound":"NzkwNTI4NDIy","upper_bound":"ODEwMTI0MzAy","repeats":1},{"count":1384,"lower_bound":"ODE0MzExNjY1","upper_bound":"ODI4MDQ2NzI0","repeats":1},{"count":1392,"lower_bound":"ODM0Njk1Njk1","upper_bound":"ODQyNjYxNDQw","repeats":1},{"count":1400,"lower_bound":"ODYwMTE1MzQx","upper_bound":"ODcyOTczMzE5","repeats":1},{"count":1408,"lower_bound":"ODc1NTkzMTQz","upper_bound":"ODg5NTcxNzUw","repeats":1},{"count":1416,"lower_bound":"ODkwNjc1NzQw","upper_bound":"ODk2NDc0NTcz","repeats":1},{"count":1424,"lower_bound":"ODk3MDk5MTA1","upper_bound":"OTAzMzgyOTg3","repeats":1},{"count":1432,"lower_bound":"OTAzNTAwODEz","upper_bound":"OTE0MzExOTQw","repeats":1},{"count":1440,"lower_bound":"OTE1NDkzNTIw","upper_bound":"OTIwMTgxMjQ3","repeats":1},{"count":1448,"lower_bound":"OTIxMzc0MzE1","upper_bound":"OTM0NTkwMDky","repeats":1},{"count":1456,"lower_bound":"OTQyMTQ1MDU4","upper_bound":"OTcxMzA0ODkx","repeats":1},{"count":1464,"lower_bound":"OTc3ODExMTcz","upper_bound":"MTAxMjg4NTcxNA==","repeats":1},{"count":1472,"lower_bound":"MTAxNDc5MDQ0Nw==","upper_bound":"MTAzMDQ3MjY1OQ==","repeats":1},{"count":1480,"lower_bound":"MTAzMTUyMTc2Mw==","upper_bound":"MTA0MzA4OTE4MA==","repeats":1},{"count":1488,"lower_bound":"MTA0Mzk0Njk4OQ==","upper_bound":"MTA1MjQ4NzY5Mw==","repeats":1},{"count":1496,"lower_bound":"MTA1NDc0MzM5MA==","upper_bound":"MTA2NDU1NTUzNg==","repeats":1},{"count":1504,"lower_bound":"MTA2Njc4MDkwMw==","upper_bound":"MTA3ODU4ODMwNw==","repeats":1},{"count":1512,"lower_bound":"MTA3OTk0MDgwNQ==","upper_bound":"MTA5MDY1NzIzMg==","repeats":1},{"count":1520,"lower_bound":"MTA5NTc0NzM5OQ==","upper_bound":"MTEwNjg5NTkyNA==","repeats":1},{"count":1528,"lower_bound":"MTEwODYyOTY0NQ==","upper_bound":"MTEyMzM3NzM4Nw==","repeats":1},{"count":1536,"lower_bound":"MTEyNTAyNjk4Ng==","upper_bound":"MTEzMTIwMzU5NA==","repeats":1},{"count":1544,"lower_bound":"MTEzNjA5MjM4Mg==","upper_bound":"MTE0ODE3MzEwMA==","repeats":1},{"count":1552,"lower_bound":"MTE1MTg2NTc4MA==","upper_bound":"MTE2MzQ4ODA5OQ==","repeats":1},{"count":1560,"lower_bound":"MTE2NDgzMDg5MA==","upper_bound":"MTE2NjY2MDg3Mg==","repeats":1},{"count":1568,"lower_bound":"MTE3ODczNTExMw==","upper_bound":"MTE4NjMxMDU4Nw==","repeats":1},{"count":1576,"lower_bound":"MTE5NDMwMjkwNw==","upper_bound":"MTIxMzYwMDYxOA==","repeats":1},{"count":1584,"lower_bound":"MTIxMzk2NDg1Nw==","upper_bound":"MTIzMTYxMzc3OA==","repeats":1},{"count":1592,"lower_bound":"MTI0MTA2MjIyMA==","upper_bound":"MTI0NjY0MDY0Nw==","repeats":1},{"count":1600,"lower_bound":"MTI0Njk5Mzc1Mg==","upper_bound":"MTI1ODA5MjE5Mw==","repeats":1},{"count":1608,"lower_bound":"MTI1ODY2MDE4NQ==","upper_bound":"MTI2MjgyNzM3NA==","repeats":1},{"count":1616,"lower_bound":"MTI2MzEyOTIzNg==","upper_bound":"MTI2ODQxOTI1NA==","repeats":1},{"count":1624,"lower_bound":"MTI2ODc2ODkwNw==","upper_bound":"MTI4MjU3MTgzNw==","repeats":1},{"count":1632,"lower_bound":"MTI4MzY1MzUzMA==","upper_bound":"MTI4NzU5NDk4Mw==","repeats":1},{"count":1640,"lower_bound":"MTI5OTMzODM0Nw==","upper_bound":"MTMwODgxNTU5MA==","repeats":1},{"count":1648,"lower_bound":"MTMxMjAxMjczNg==","upper_bound":"MTMyMjI2MjA1NQ==","repeats":1},{"count":1656,"lower_bound":"MTMzMDgyNDE3OQ==","upper_bound":"MTM0ODE3MTEzOA==","repeats":1},{"count":1664,"lower_bound":"MTM1NjE5MDE4Mw==","upper_bound":"MTM2MjI2MTE0Mg==","repeats":1},{"count":1672,"lower_bound":"MTM2NTEwNzY0NQ==","upper_bound":"MTM2NzM3MzI0MQ==","repeats":1},{"count":1680,"lower_bound":"MTM4MjM3Nzc4Mg==","upper_bound":"MTQxMDM0ODI0NQ==","repeats":1},{"count":1688,"lower_bound":"MTQxNjY2OTI3OQ==","upper_bound":"MTQzMjE3OTk2OQ==","repeats":1},{"count":1696,"lower_bound":"MTQzMzQ0MDAyOQ==","upper_bound":"MTQ0NTA5OTE5OA==","repeats":1},{"count":1704,"lower_bound":"MTQ0NjI5NjE2Nw==","upper_bound":"MTQ2MTc3NzIzMQ==","repeats":1},{"count":1712,"lower_bound":"MTQ3NjMwMzUyMQ==","upper_bound":"MTQ4NTE4NzQxMQ==","repeats":1},{"count":1720,"lower_bound":"MTQ4NTc5MzE2NQ==","upper_bound":"MTUxMTMwNDAyNw==","repeats":1},{"count":1728,"lower_bound":"MTUxNDkyNTg5Nw==","upper_bound":"MTU0MTE3NjA5Ng==","repeats":1},{"count":1736,"lower_bound":"MTU0MjAzMTk0Mg==","upper_bound":"MTU0NzYwOTEzNQ==","repeats":1},{"count":1744,"lower_bound":"MTU0ODIwOTc5OA==","upper_bound":"MTU1OTYyMjc1Ng==","repeats":1},{"count":1752,"lower_bound":"MTU2MTkzMDI5MQ==","upper_bound":"MTU2NTM2ODI3OA==","repeats":1},{"count":1760,"lower_bound":"MTU3MDg2MjM3MA==","upper_bound":"MTU4MTM4ODY1Mw==","repeats":1},{"count":1768,"lower_bound":"MTU4MjAxNTI0MA==","upper_bound":"MTU5Nzk2MzA3Ng==","repeats":1},{"count":1776,"lower_bound":"MTYxMTE3ODc5NA==","upper_bound":"MTYxNzY1Mjc5Nw==","repeats":1},{"count":1784,"lower_bound":"MTYyNDUyNDY3Nw==","upper_bound":"MTYyOTU1NjY3Ng==","repeats":1},{"count":1792,"lower_bound":"MTYzMTgxOTM0NA==","upper_bound":"MTY1MzYxMTU2Mg==","repeats":1},{"count":1800,"lower_bound":"MTY1ODk4NjgzMQ==","upper_bound":"MTY3MDQ4ODY0Nw==","repeats":1},{"count":1808,"lower_bound":"MTY3MDY4NDE2OQ==","upper_bound":"MTcwMTkyMTk1OQ==","repeats":1},{"count":1816,"lower_bound":"MTcxMTY3MTc1MA==","upper_bound":"MTcyMTMwNDcxNQ==","repeats":1},{"count":1824,"lower_bound":"MTcyMTg4NjgyMg==","upper_bound":"MTczMzA3OTI1Nw==","repeats":1},{"count":1832,"lower_bound":"MTc0MTk0MDk5Ng==","upper_bound":"MTc1ODg3MjQxMw==","repeats":1},{"count":1840,"lower_bound":"MTc2NDI1Nzk3Mw==","upper_bound":"MTc5MzIwOTU3Nw==","repeats":1},{"count":1848,"lower_bound":"MTc5MzY2MzAyMQ==","upper_bound":"MTgwNzQ2ODIxOQ==","repeats":1},{"count":1856,"lower_bound":"MTgxODQ3NjUyNQ==","upper_bound":"MTgyMzExNjMyNg==","repeats":1},{"count":1864,"lower_bound":"MTgzNzgzMjA3Nw==","upper_bound":"MTg1NDM1MzEyMQ==","repeats":1},{"count":1872,"lower_bound":"MTg1ODYyNTExNw==","upper_bound":"MTg4MjI3MzI0Mw==","repeats":1},{"count":1880,"lower_bound":"MTg5NzQ2ODE5NA==","upper_bound":"MTkwMjU3MDE2MA==","repeats":1},{"count":1888,"lower_bound":"MTkwNDYxOTg5OA==","upper_bound":"MTkxNjkyMTcwNA==","repeats":1},{"count":1896,"lower_bound":"MTkyMDc3NDg3OQ==","upper_bound":"MTkzOTQwNDg5MQ==","repeats":1},{"count":1904,"lower_bound":"MTk0MDIwMTkxOA==","upper_bound":"MTk1NjE1MDc4Nw==","repeats":1},{"count":1912,"lower_bound":"MTk2MTUyNTYyMQ==","upper_bound":"MTk4MjU5NzE5NQ==","repeats":1},{"count":1920,"lower_bound":"MTk5MjI3NDU0NQ==","upper_bound":"MTk5NzgzNTMwNw==","repeats":1},{"count":1928,"lower_bound":"MjAwNTY4NTg2NA==","upper_bound":"MjAxMTgwNTE2NA==","repeats":1},{"count":1936,"lower_bound":"MjAxMjIzNzE3Mg==","upper_bound":"MjAxNjUzMjY1OA==","repeats":1},{"count":1944,"lower_bound":"MjAyMDc4MzA4Nw==","upper_bound":"MjAzNzEzMzU5Ng==","repeats":1},{"count":1952,"lower_bound":"MjAzNzIwODM3MQ==","upper_bound":"MjA0NDc1NjI0Ng==","repeats":1},{"count":1960,"lower_bound":"MjA0NjE4NDUzNQ==","upper_bound":"MjA1MzE1NDIzMg==","repeats":1},{"count":1968,"lower_bound":"MjA1OTM3NjEwOQ==","upper_bound":"MjA2OTcyMTI1NQ==","repeats":1},{"count":1976,"lower_bound":"MjA3NjM2MDExOA==","upper_bound":"MjA4NDA1NzM2Mw==","repeats":1},{"count":1984,"lower_bound":"MjA4ODc0Nzk1Mg==","upper_bound":"MjEwMjMwNDcwNQ==","repeats":1},{"count":1992,"lower_bound":"MjEwODY4NzE3Nw==","upper_bound":"MjEyNzMwNDQ3NA==","repeats":1},{"count":2000,"lower_bound":"MjEzMjM4MDgwNA==","upper_bound":"MjE0MDQyNDMzNA==","repeats":1}]},"cm_sketch":{"rows":[{"counters":[0,1,0,2,2,1,1,0,2,0,0,1,1,0,0,0,0,0,2,2,3,0,0,1,3,2,0,1,0,2,1,0,1,0,0,1,0,2,2,0,0,2,1,0,0,1,0,0,1,0,3,0,2,1,0,0,0,0,2,0,2,1,1,1,3,0,1,0,3,2,2,1,1,2,1,0,3,1,3,0,2,1,1,1,2,2,2,1,0,0,2,1,1,2,0,1,1,2,1,0,0,2,0,0,0,0,1,0,0,1,1,0,2,0,1,0,1,0,1,2,0,2,1,3,1,1,1,0,0,0,2,2,1,1,3,3,0,2,1,0,0,0,0,1,1,0,1,0,1,1,0,0,0,3,2,2,0,2,1,0,1,0,1,1,2,0,1,1,0,1,1,0,0,2,1,1,2,1,0,0,0,1,4,0,0,1,1,2,1,0,1,4,1,1,1,0,0,3,2,0,1,1,0,0,1,2,1,0,1,1,1,1,2,1,2,0,0,4,1,2,1,1,0,0,1,1,1,0,1,1,4,2,0,1,1,1,0,1,2,1,3,0,0,1,0,0,0,3,1,1,0,0,1,1,2,1,2,1,0,2,0,1,1,0,4,0,0,1,1,0,2,0,2,1,0,1,0,0,1,0,2,1,0,1,1,0,1,1,1,1,1,1,0,0,0,1,1,0,1,1,0,1,0,2,1,1,0,3,0,0,0,1,1,0,1,1,0,1,1,1,1,0,0,1,2,0,1,2,1,0,1,0,0,1,0,0,2,1,2,0,1,1,0,1,2,1,2,1,0,2,0,0,3,0,2,2,0,2,1,0,2,0,2,1,0,0,0,0,0,1,0,0,0,1,1,1,1,1,1,2,1,0,0,1,2,0,1,0,0,1,0,2,1,1,2,2,2,0,0,1,1,2,3,2,1,2,2,2,1,0,1,1,0,2,0,0,0,3,0,0,1,1,1,0,1,1,1,2,1,1,1,3,1,2,0,0,0,0,0,1,1,1,1,0,0,0,0,0,1,1,5,1,2,1,2,3,2,2,1,0,1,1,3,2,1,0,0,0,2,0,1,0,2,0,1,1,1,0,0,0,0,3,0,1,0,2,1,0,0,0,1,3,2,2,0,2,2,3,3,1,0,1,2,2,1,0,0,0,1,1,1,2,3,1,0,0,2,1,2,2,1,2,1,1,1,1,2,1,2,1,0,1,0,0,0,2,0,1,1,0,3,1,0,4,3,1,0,0,0,0,2,0,2,1,1,2,0,0,1,0,1,1,2,1,2,1,0,2,0,1,1,0,0,3,1,3,1,1,0,2,1,0,2,0,3,2,0,0,2,0,0,2,1,1,1,1,1,1,1,0,1,2,2,5,0,1,2,0,1,0,0,2,0,1,0,2,2,1,2,1,0,0,1,1,3,0,1,2,1,1,0,1,1,2,0,0,2,2,2,1,0,1,2,2,1,1,1,0,1,0,0,0,0,2,2,2,0,3,0,0,0,3,1,2,3,0,0,2,0,1,0,1,0,2,3,0,0,4,0,1,1,0,0,2,2,2,1,1,3,2,0,0,0,1,0,1,2,2,2,1,0,2,1,2,0,3,1,3,0,1,1,1,2,1,0,0,0,1,1,3,1,1,0,0,0,0,1,2,0,1,0,0,0,2,0,0,0,1,2,0,3,0,0,2,1,0,0,1,1,2,2,1,0,1,3,3,1,0,2,2,0,1,2,0,3,0,1,0,2,2,1,0,0,1,2,2,0,0,0,0,0,1,2,1,2,1,2,0,1,1,0,2,0,2,1,2,2,2,0,1,1,2,1,0,1,1,1,2,2,1,0,0,3,0,0,1,1,0,1,3,1,4,0,1,2,0,0,0,0,1,1,2,1,1,2,1,1,0,0,0,1,0,2,1,1,0,0,1,6,2,2,1,0,0,1,2,0,0,1,0,1,1,1,1,0,0,0,0,1,2,1,0,2,2,0,3,0,2,1,0,0,0,1,3,0,1,1,1,0,0,4,1,1,1,0,1,0,1,0,1,1,0,1,1,1,2,0,2,0,2,0,0,0,0,2,0,4,1,0,1,1,2,2,2,0,3,1,1,4,1,0,1,3,0,3,1,1,1,0,2,0,3,0,1,2,1,1,0,1,2,2,1,1,0,0,1,1,0,1,1,1,2,2,2,1,2,1,0,2,2,1,0,3,1,2,1,1,1,1,2,1,2,0,0,1,2,1,1,0,3,2,2,1,0,1,2,2,1,1,4,0,1,2,0,3,0,0,0,0,2,2,1,2,2,0,2,0,2,1,1,2,1,0,2,2,1,0,0,1,1,1,1,0,3,0,0,1,0,2,1,1,2,2,0,3,1,0,1,1,1,0,4,2,1,0,0,0,0,1,0,1,3,1,1,4,1,2,2,1,5,0,1,0,0,2,1,2,1,3,1,1,0,1,1,0,0,0,1,1,2,1,1,3,3,2,1,1,0,0,2,1,2,2,2,2,0,2,1,0,1,0,0,1,0,0,0,1,2,0,1,2,1,0,0,1,0,0,4,2,1,1,0,1,0,1,0,1,1,1,1,0,0,1,2,1,1,0,1,1,0,0,0,2,1,0,0,0,0,2,0,0,1,0,0,0,1,1,1,0,1,0,1,0,0,1,1,1,1,0,0,1,2,1,0,0,1,1,2,1,0,1,2,1,1,1,1,2,1,1,1,1,1,2,1,2,0,1,0,1,3,0,2,1,1,1,1,0,0,4,0,0,2,1,2,2,1,0,1,1,3,0,0,0,0,1,0,1,0,0,1,1,1,0,1,1,1,1,2,1,1,1,1,0,2,1,2,0,2,2,0,1,0,0,0,1,0,1,0,1,1,1,1,1,0,1,2,1,2,1,2,3,1,1,0,1,1,0,1,0,1,0,2,0,2,1,0,0,1,1,1,0,0,2,1,2,2,0,2,1,1,0,1,0,2,0,0,0,3,1,2,0,2,0,3,3,1,1,0,0,3,2,1,2,0,2,3,0,0,1,0,1,1,1,2,2,4,1,1,1,1,2,0,0,0,0,0,1,1,1,1,2,2,0,2,1,0,1,0,0,0,4,1,1,0,2,1,1,0,0,1,1,2,1,0,0,1,0,1,0,2,3,2,0,1,1,1,0,0,1,0,0,2,0,0,0,1,0,0,1,2,1,1,6,1,0,0,1,1,1,0,1,0,0,1,0,1,2,0,0,1,1,1,1,0,1,3,0,0,1,3,0,1,0,1,1,3,1,0,4,2,2,0,1,1,3,2,1,1,0,1,1,2,1,1,1,0,2,1,1,1,2,1,1,1,0,3,0,1,0,2,1,0,1,3,0,1,0,0,0,0,0,2,0,1,1,1,0,1,1,1,0,2,0,3,2,1,0,0,0,1,1,1,0,0,1,1,0,0,1,1,0,1,1,0,1,0,0,1,1,0,1,1,1,0,0,0,0,2,0,2,1,3,3,1,1,2,2,0,0,3,0,1,1,0,1,3,0,0,2,2,2,0,0,0,1,0,0,3,1,2,1,0,0,2,1,1,0,1,0,1,1,0,0,1,2,0,1,2,1,1,1,1,1,0,0,1,2,1,2,2,0,0,1,1,0,1,0,4,2,1,1,1,2,3,0,1,1,1,0,0,1,0,1,1,0,3,0,3,0,2,2,1,1,0,0,0,1,1,0,1,2,1,1,0,1,1,0,1,2,1,3,2,2,0,2,1,0,3,0,0,0,0,0,2,0,2,2,2,0,3,1,1,0,1,0,3,3,1,4,1,1,1,0,2,1,0,0,3,2,0,0,0,1,0,2,0,3,2,1,1,0,0,1,1,0,1,1,2,1,0,1,2,0,2,1,0,1,1,1,1,3,0,2,1,2,0,2,1,1,0,1,0,0,2,1,2,1,0,1,1,2,2,1,2,0,0,1,0,2,1,0,0,0,0,3,2,0,1,0,0,0,1,1,0,1,0,1,2,1,2,2,0,0,1,0,0,1,1,0,1,0,1,0,0,1,2,0,3,1,0,2,1,0,2,0,1,0,0,1,2,2,2,0,0,3,0,3,1,1,2,4,1,0,0,0,0,0,2,3,1,1,1,1,0,0,1,0,1,1,2,1,0,0,0,0,0,2,2,2,0,1,0,2,1,0,1,1,1,1,0,0,0,1,2,1,0,1,1,1,0,0,1,0,2,0,3,0,2,2,0,1,0,2,1,3,2,1,0,1,1,2,4,1,3,1,1,0,1,1,1,1,1,0,0,1,0,3,1,0,0,0,1,2,1,2,0,1,1,3,1,1,0,1,2,2,0,1,0,0,3,0,1,1,0,2,2,2,0,1,1,1,0,0,0,1,2,0,2,1,3,0,1,0,0,0,0,0,2,0,1,1,1,1,0,0,2,2,1,0,1,2,0,0,0,1,2,2,1,1,2,1,1,0,0,4,2,3,1,2,0,0,2,0,0,2,3,1,1,0,0,0,0,0,0,0,1,1,0,2,2,2,1,3,1,1,1,1,0,0,2,0,2,1,1,1,1,1,1,0,0,1,1,1,2,0,1,3,0,1,1,0,1,2,1,1,2,0,3,0,1,0,0,0,0,0,1,2,0]},{"counters":[2,1,0,1,2,3,0,0,0,2,0,1,1,2,3,1,1,3,1,4,2,0,1,2,1,0,2,2,1,0,0,0,1,1,0,0,1,0,2,0,0,1,0,1,0,3,0,1,1,0,0,0,4,1,0,0,1,1,0,0,0,1,0,0,1,1,1,0,0,0,2,1,1,1,0,1,4,1,1,2,0,0,0,0,0,2,1,0,1,0,0,0,1,3,2,0,1,2,0,0,1,2,2,0,2,2,1,0,1,1,0,1,2,0,1,2,0,1,0,0,1,1,1,0,2,1,1,0,0,1,2,2,0,0,1,1,1,0,0,0,0,3,0,0,0,0,0,0,4,2,0,0,1,2,2,0,2,0,0,0,1,0,0,1,0,1,1,0,1,2,0,2,1,0,0,1,0,0,1,1,0,2,1,3,0,1,0,1,2,0,0,1,1,1,1,1,1,3,0,0,1,1,1,1,1,0,0,2,0,4,0,0,3,1,2,0,1,2,1,1,1,4,0,0,2,0,0,0,0,1,1,2,0,1,0,1,1,0,0,1,0,3,1,1,0,0,4,1,0,0,0,1,1,0,0,3,0,1,0,1,1,0,1,1,1,3,1,2,0,3,1,2,2,0,3,2,0,3,1,1,0,0,1,1,3,0,0,4,2,1,1,1,0,2,0,1,1,0,1,1,2,0,3,3,1,2,0,1,0,0,0,0,3,2,0,2,0,1,0,2,0,1,0,2,1,2,0,1,2,0,1,1,0,0,4,1,1,2,4,2,1,1,1,1,0,0,1,1,0,0,0,1,0,1,0,0,1,1,1,0,1,2,1,2,0,2,1,1,0,0,0,2,2,2,0,1,0,1,1,0,2,1,1,0,1,0,0,2,1,2,2,3,1,1,0,1,2,0,1,2,0,2,0,2,1,2,1,2,0,1,0,0,4,1,2,0,1,1,0,0,0,2,1,1,1,0,0,1,0,1,1,2,0,0,1,3,0,2,0,1,0,1,1,1,0,0,2,1,1,0,2,3,0,0,0,2,2,3,2,2,0,1,0,0,2,1,0,0,0,0,1,1,1,0,0,1,2,3,1,0,2,1,2,3,2,1,0,1,1,0,1,4,1,0,1,1,1,3,0,1,1,0,3,1,0,1,1,3,2,1,1,0,0,0,0,2,1,2,0,1,2,1,1,1,3,1,0,1,0,0,1,1,0,2,0,1,2,2,0,2,2,0,0,0,0,0,0,1,2,0,1,2,0,2,0,0,1,1,1,3,3,1,1,1,0,2,0,2,0,2,0,1,1,0,3,0,2,0,0,0,1,2,1,0,0,0,0,1,3,0,0,0,0,0,1,1,1,1,1,0,0,0,1,2,1,1,1,0,0,0,1,2,1,4,1,2,1,1,1,1,1,0,1,1,0,2,2,0,1,0,2,1,1,0,0,0,2,0,2,1,3,0,2,3,0,2,2,0,1,2,0,0,2,1,1,0,1,4,1,0,3,0,1,1,0,1,0,2,0,0,1,0,2,1,1,5,1,1,3,2,2,0,0,0,0,3,1,0,0,0,2,1,1,1,3,1,2,1,0,1,2,1,0,0,1,1,4,1,0,0,1,2,1,0,0,1,2,0,3,1,1,1,0,1,2,0,3,1,2,1,1,1,0,2,0,0,0,1,3,1,0,3,1,0,3,2,0,1,1,4,1,1,1,0,1,3,0,1,0,1,2,1,0,0,1,1,3,0,3,1,1,2,4,2,1,0,1,1,0,0,1,1,0,1,2,1,1,1,0,0,1,0,0,0,0,1,2,1,1,1,0,1,1,3,1,2,2,2,0,2,1,0,1,0,2,0,0,2,1,1,1,1,1,1,2,1,2,1,1,1,0,0,1,1,0,1,1,3,0,0,4,2,0,2,1,0,2,1,1,1,3,0,3,2,1,1,0,0,0,0,2,0,1,0,0,0,0,1,0,1,0,1,0,2,0,1,0,1,0,0,0,0,1,1,1,1,1,0,2,1,2,0,0,2,0,0,2,2,2,0,0,1,1,0,1,2,2,0,1,3,1,1,1,2,0,2,2,0,0,1,0,1,1,2,3,0,2,1,2,1,1,1,0,0,0,0,1,1,1,0,1,0,0,1,3,1,0,0,2,1,2,1,1,0,0,0,2,0,0,1,1,0,3,1,2,3,1,0,1,1,0,0,0,0,0,3,0,2,1,2,1,0,2,4,0,0,0,3,4,0,0,3,0,1,1,1,5,0,4,1,2,0,2,1,3,3,0,1,0,0,2,1,1,0,2,1,0,1,2,2,1,1,0,0,2,3,0,3,2,4,0,0,0,0,0,2,0,0,5,0,1,1,0,0,0,1,1,1,0,0,1,0,1,1,0,2,0,1,2,2,1,1,1,1,0,1,0,2,1,0,3,2,2,0,0,4,1,1,1,2,1,1,5,0,0,1,4,1,0,0,0,0,1,2,1,0,1,0,1,0,0,0,0,1,0,1,1,1,1,2,1,0,1,0,2,0,1,1,1,0,1,4,2,3,0,2,1,1,1,0,0,3,1,0,1,0,1,0,1,0,1,3,0,1,0,0,0,0,0,0,1,1,1,3,1,1,2,1,0,1,5,2,0,1,3,0,2,0,2,2,2,1,0,2,2,0,0,3,2,0,0,3,2,3,0,0,2,2,0,0,0,1,2,0,0,0,0,1,0,1,1,1,0,0,1,1,0,3,0,3,0,0,1,0,1,1,0,0,2,1,1,0,0,1,0,0,2,2,1,3,1,2,0,1,1,1,0,1,3,1,0,1,4,2,2,2,2,4,0,1,1,1,2,3,0,0,0,0,3,2,1,2,1,0,0,1,0,2,1,3,0,0,2,2,0,0,0,0,1,0,0,0,1,0,2,0,1,0,1,4,1,0,1,1,0,1,1,0,2,1,0,0,2,2,2,2,1,0,1,1,3,2,1,1,0,2,1,0,1,1,0,0,2,0,1,1,1,2,1,0,2,0,1,1,4,3,1,0,1,2,1,1,1,0,1,1,1,0,1,1,1,1,1,2,0,1,2,0,0,0,5,1,1,1,0,0,0,0,0,3,3,1,0,1,0,1,1,1,1,1,0,2,2,0,0,1,1,0,0,0,3,0,0,2,1,3,1,0,0,1,1,0,0,1,1,2,4,1,0,0,0,1,1,1,2,0,0,0,1,1,0,1,0,1,1,1,0,1,0,0,1,1,0,1,0,0,0,2,1,1,2,1,0,0,1,1,1,1,3,2,1,1,1,2,0,2,1,2,1,1,0,2,1,2,2,1,3,2,1,1,0,3,1,3,0,2,2,1,0,1,1,2,0,1,0,1,2,1,0,2,0,1,2,0,1,1,0,0,1,1,1,1,1,0,2,0,1,1,2,1,0,1,1,0,0,0,1,0,2,1,1,0,3,0,1,0,2,2,0,0,0,0,0,0,0,2,1,0,1,1,4,1,0,0,0,2,1,1,0,1,4,1,1,0,1,1,1,2,0,2,1,1,1,0,2,0,3,0,1,3,0,1,1,1,0,0,2,2,1,1,1,0,3,3,1,1,3,0,1,1,2,1,0,1,1,0,0,1,2,1,0,0,1,0,1,0,0,0,0,2,0,0,3,0,0,0,2,1,1,0,0,1,1,2,2,0,1,0,1,3,1,0,0,3,0,0,1,4,3,0,1,0,0,2,2,2,1,2,0,2,0,1,3,0,1,0,1,0,3,0,1,2,1,2,1,2,0,1,2,1,1,0,0,1,2,2,2,2,0,1,0,2,0,0,1,3,3,2,1,0,4,1,0,0,0,2,1,0,0,1,0,3,1,2,0,0,0,2,1,1,3,0,2,0,1,1,2,1,2,0,0,2,1,3,1,3,0,1,0,1,0,1,1,1,0,2,3,1,0,0,1,2,0,1,0,1,0,3,1,2,1,0,0,0,1,2,0,0,1,1,1,0,1,1,0,0,0,0,0,0,2,2,0,2,0,3,1,0,1,0,1,0,1,0,1,0,0,1,0,0,0,0,1,0,0,0,0,1,2,1,0,1,2,0,0,1,0,2,0,0,2,0,1,1,0,2,0,0,2,2,5,2,2,0,0,0,1,0,0,0,2,0,1,3,3,0,1,1,0,1,0,0,0,3,2,0,0,1,0,0,2,2,1,3,2,1,3,3,1,1,0,1,2,2,2,1,0,1,1,3,3,2,0,0,1,1,0,1,1,2,0,1,0,0,0,0,3,0,0,1,0,2,4,2,0,1,2,3,1,1,0,4,1,0,0,0,0,2,1,0,2,5,1,0,0,1,1,3,2,0,2,0,2,2,0,2,2,2,0,4,2,0,2,3,0,1,0,2,0,0,3,2,0,1,2,1,1,3,1,1,0,2,1,0,1,1,0,1,1,1,0,1,0,0,2,2,1,0,2,0,1,0,0,1,1,3,1,0,0,0,2,0,1,0,0,1,1,1,2,1,0,1,2,2,0,1,1,0,0,0,1,1,0,0,0,0,0,1,1,1,1,0,1,0,1,0,1,0,0,1,2,1,1,0,1,0,0,1,0,1,0,2,2,1,1,0,3,0,3,0,1,1,0,1,0,1,1,0]},{"counters":[1,0,1,1,0,1,1,1,0,0,0,1,1,2,3,0,1,0,1,1,0,1,1,2,1,1,0,1,0,0,1,4,0,2,1,2,0,2,2,1,1,1,0,0,1,3,0,1,0,2,0,2,1,1,0,2,3,2,1,1,2,0,0,5,0,1,0,0,0,2,0,0,1,0,0,2,0,0,1,0,1,0,0,2,0,0,1,0,0,0,0,0,1,0,2,0,2,2,0,0,1,1,0,1,0,0,0,1,1,1,3,1,1,0,1,0,0,0,0,3,1,1,0,0,2,1,3,1,3,2,0,0,2,0,0,1,1,0,0,0,3,1,0,1,1,1,0,2,2,2,0,1,0,2,2,0,1,2,1,0,1,2,0,0,2,2,0,2,3,2,1,1,1,2,3,2,0,3,1,2,0,2,0,0,1,2,2,2,1,3,1,1,1,0,3,1,0,0,2,3,1,1,0,0,1,1,3,1,1,1,2,1,0,2,1,1,0,0,1,1,1,1,0,1,1,2,0,0,2,2,0,1,0,0,1,0,1,2,0,2,0,2,0,2,3,2,1,0,0,1,3,0,1,0,1,1,1,0,1,0,0,2,0,0,1,0,1,0,1,0,1,0,1,1,1,0,2,0,0,0,2,2,0,1,2,3,0,1,1,2,1,0,0,2,1,0,0,1,0,0,0,1,1,0,2,1,0,1,1,0,0,1,1,1,0,0,0,1,3,2,1,1,1,0,1,0,0,0,0,1,0,1,1,1,0,2,3,3,0,0,0,0,0,1,0,2,0,0,0,0,1,0,0,4,2,2,3,2,1,1,1,2,0,0,0,0,1,1,0,1,2,1,1,2,1,1,2,1,2,2,1,2,1,1,1,0,0,1,0,0,1,1,1,0,2,4,0,1,4,0,1,0,0,1,0,2,2,1,0,1,0,2,0,4,0,0,3,0,2,1,0,2,2,0,0,3,1,2,3,1,4,2,2,2,1,0,6,0,2,2,1,2,4,1,0,2,3,1,1,1,0,3,0,1,1,0,0,0,0,0,1,3,0,0,3,2,0,0,1,2,1,0,1,1,3,1,0,0,1,0,0,0,0,1,0,3,0,1,2,1,0,1,1,1,1,1,1,1,1,2,0,0,2,1,1,2,2,1,2,1,1,1,1,0,3,1,1,0,0,1,0,0,0,1,1,1,0,0,2,0,0,3,0,1,3,1,0,2,0,0,1,3,0,0,0,2,0,1,0,2,1,2,1,0,2,0,0,1,0,4,1,0,1,4,0,1,0,2,0,0,3,0,0,1,1,2,1,0,2,0,0,1,2,1,1,1,1,0,3,3,0,1,1,1,2,0,1,1,3,0,3,0,2,0,2,0,0,2,2,0,1,1,0,1,0,0,0,1,1,0,0,2,0,1,0,2,0,2,1,1,0,0,2,1,2,1,0,0,0,1,0,1,1,2,2,1,0,0,0,0,0,3,0,1,0,0,0,3,0,0,0,1,0,1,4,1,1,1,1,0,0,1,0,0,1,0,0,1,0,0,0,1,2,0,0,1,2,0,1,0,0,0,0,1,0,1,1,0,0,0,3,0,1,2,1,1,2,3,1,1,1,1,1,4,1,1,3,3,1,3,1,2,3,2,3,1,1,1,1,0,2,1,2,2,1,1,0,0,0,1,2,2,0,0,1,4,2,1,0,1,0,0,1,0,2,1,2,1,1,0,2,0,1,1,1,4,1,3,1,1,1,2,2,0,0,0,0,0,0,0,1,1,1,1,0,1,2,0,0,0,2,1,2,3,1,2,2,1,1,0,1,1,2,0,1,0,0,0,2,1,2,0,0,1,2,1,1,0,1,2,1,0,1,1,0,3,1,0,1,0,1,4,3,3,0,1,1,2,0,1,0,0,2,2,0,1,0,1,1,1,2,0,0,1,3,1,0,0,3,1,1,0,1,1,1,1,1,1,0,2,0,1,0,1,0,0,2,3,2,0,1,0,1,1,3,1,1,2,2,3,3,0,0,0,1,2,2,0,1,0,2,0,1,3,1,0,0,3,1,1,4,1,1,1,1,1,1,3,0,2,2,0,1,1,2,0,1,2,1,2,1,1,1,0,0,3,1,3,1,3,3,1,1,0,0,1,3,1,2,1,1,0,0,1,1,1,1,1,0,4,0,2,2,0,1,0,3,1,3,2,0,4,1,2,3,0,1,1,0,1,1,1,2,0,0,2,0,0,1,0,2,1,0,1,3,1,1,0,1,0,1,0,0,1,1,1,1,5,0,0,3,2,0,0,0,1,1,0,0,0,1,2,1,1,1,1,1,0,3,2,1,1,1,1,1,3,1,0,0,1,1,0,1,0,2,0,1,1,1,0,1,1,2,1,0,0,1,2,2,0,1,0,2,1,0,0,0,1,0,0,1,0,1,2,2,1,1,4,1,1,0,0,1,2,0,1,2,1,1,1,4,1,1,0,0,1,1,1,0,1,0,2,1,3,1,0,0,2,1,0,2,1,1,2,0,2,1,2,1,1,0,1,0,0,1,1,1,0,0,0,0,1,2,2,1,1,2,2,0,0,1,1,2,0,0,0,1,1,0,0,1,2,2,1,1,0,1,0,0,0,0,1,0,3,0,0,1,2,3,2,0,0,1,3,1,0,1,1,1,1,1,0,0,2,1,0,1,0,1,1,1,0,1,1,1,1,0,2,2,0,2,0,0,1,0,4,0,3,0,0,1,0,1,1,1,3,3,0,0,2,0,0,0,2,2,1,1,0,4,2,3,0,0,1,0,0,1,0,0,3,2,1,0,0,2,1,2,0,4,1,0,1,0,0,0,2,2,1,0,2,1,0,1,0,1,1,0,0,0,0,3,3,1,2,1,1,0,2,2,1,0,1,1,0,1,2,0,4,1,0,2,1,2,3,1,1,0,2,0,2,3,1,1,0,0,0,0,0,0,2,1,0,0,2,1,0,0,3,1,2,0,1,1,1,0,2,1,0,1,1,1,0,3,0,3,2,1,1,1,0,0,2,0,1,1,1,0,0,1,1,2,0,2,1,0,1,1,1,0,1,0,1,1,1,0,1,0,2,1,2,3,0,0,0,3,0,1,1,0,0,0,0,0,0,2,1,2,0,1,1,0,0,2,1,2,2,0,0,0,3,0,2,0,1,0,1,2,1,0,0,0,1,2,0,0,1,0,1,1,1,0,1,0,1,2,2,2,1,1,1,2,0,1,0,1,0,2,1,0,0,0,2,2,1,1,2,2,1,0,2,1,2,2,0,2,0,1,1,1,0,1,2,0,0,2,1,0,2,2,2,2,5,2,0,2,0,0,3,3,2,0,0,0,1,1,0,1,2,0,1,0,1,2,0,1,3,3,1,1,1,0,0,0,1,1,1,2,1,1,0,1,2,0,0,1,0,2,1,0,1,1,1,2,1,1,0,2,0,0,0,0,1,1,0,1,2,2,3,2,2,0,0,0,3,0,1,2,0,0,1,2,1,0,3,1,1,0,1,1,0,1,1,2,1,1,3,0,0,0,3,1,1,1,1,2,1,2,1,2,0,0,1,1,1,3,0,2,3,0,0,2,1,1,0,2,0,0,0,1,2,0,1,2,1,0,0,1,0,1,0,1,0,0,4,1,0,1,1,1,1,1,1,1,0,0,2,0,1,1,0,1,1,0,0,1,1,3,3,1,0,1,2,0,1,5,0,3,0,0,1,1,0,1,1,1,2,1,1,2,0,0,0,1,0,0,1,0,0,0,3,1,1,1,2,1,2,1,0,0,0,2,0,2,0,0,2,0,2,2,1,1,1,1,1,1,0,1,0,2,0,2,2,1,1,2,1,0,0,0,2,0,1,1,0,2,1,0,1,1,0,2,1,0,1,1,0,0,2,0,1,4,0,2,0,1,1,0,0,3,1,2,0,0,1,1,0,1,1,1,1,1,0,1,0,1,0,0,3,0,1,1,1,0,0,0,1,1,1,0,1,1,1,2,4,0,1,0,3,1,2,1,2,1,2,1,3,2,2,0,1,2,1,0,1,2,1,1,0,0,0,1,1,0,2,0,1,0,1,0,0,1,1,2,2,1,0,2,0,0,0,0,1,1,2,1,1,2,1,2,2,1,0,2,1,1,0,1,3,1,0,1,1,1,0,1,1,2,2,2,1,4,2,0,1,0,3,0,0,1,1,1,2,2,2,0,2,1,1,1,2,1,2,1,0,0,1,2,1,1,2,1,0,0,2,1,0,2,0,0,0,1,0,0,1,2,1,0,3,0,1,0,3,1,0,3,0,0,0,1,0,0,0,0,3,0,0,2,1,0,0,2,2,0,2,1,0,1,3,1,0,1,3,1,1,0,3,0,0,1,1,0,0,1,2,1,0,0,1,1,1,0,0,1,1,0,1,1,3,2,1,0,1,1,2,0,2,1,0,0,0,1,1,1,2,0,2,1,2,2,0,0,3,1,1,0,0,0,1,0,0,0,1,2,1,1,3,1,1,1,0,2,1,1,2,0,2,2,0,1,1,0,0,2,2,0,0,3,1,0,1,1,0,2,0,0,0,1,2,1,1,2,0,0,0,0,1,0,0,1,0,3,0,0,3,0,1,1,0]},{"counters":[2,1,1,2,0,0,1,1,2,1,0,2,1,0,1,0,1,1,0,0,0,3,0,0,1,1,0,2,3,1,0,1,1,0,1,1,2,1,1,2,1,0,2,1,1,1,1,1,0,0,1,2,0,0,0,3,1,1,2,2,0,1,3,2,0,3,0,0,2,0,0,3,2,1,1,0,0,0,1,1,0,2,0,0,0,0,0,2,1,0,3,0,0,0,0,4,0,1,2,1,2,1,0,0,2,4,0,0,1,0,1,0,0,0,1,1,0,0,1,0,0,2,0,2,1,3,0,0,1,1,0,1,4,0,0,1,1,2,2,0,1,0,0,0,0,1,0,2,0,1,1,2,0,1,2,0,0,1,1,1,0,2,1,0,1,1,1,2,2,1,1,0,2,1,1,1,1,1,2,2,0,0,1,0,0,1,1,0,0,1,0,1,1,0,0,0,2,1,2,2,0,0,0,1,3,1,0,0,1,2,3,0,0,3,2,1,0,1,1,2,1,2,0,1,1,1,0,0,1,2,0,1,0,1,0,0,1,2,2,0,1,0,0,0,2,0,1,0,0,1,2,1,1,0,0,1,0,1,1,0,1,1,5,0,0,0,2,0,1,2,2,3,1,2,0,0,0,0,1,2,2,1,1,0,1,3,1,0,0,1,1,0,1,0,1,1,1,1,1,0,3,1,0,2,0,2,1,3,0,0,0,1,0,0,3,0,0,3,1,0,0,1,0,1,3,0,1,2,0,2,1,0,0,2,2,3,2,1,0,0,2,1,1,2,1,0,1,2,3,2,1,3,2,1,0,1,1,1,0,3,0,2,1,1,1,0,2,3,0,2,3,1,3,2,1,2,2,0,1,1,2,1,0,0,1,1,1,1,0,2,2,1,1,0,2,0,2,1,1,2,1,1,0,2,0,1,3,0,0,1,1,1,0,2,0,1,0,0,1,0,1,2,1,2,2,1,1,0,1,0,1,0,1,1,1,1,0,1,1,1,0,0,1,1,0,1,0,0,1,0,0,1,1,0,0,0,1,3,0,1,2,1,0,1,1,2,1,3,2,1,1,0,1,0,1,0,1,2,2,1,1,1,3,2,1,2,1,1,2,0,1,0,0,2,0,4,0,1,0,0,0,0,0,0,1,3,2,0,0,1,0,1,1,3,1,0,4,2,0,4,1,1,1,1,3,0,0,3,0,1,0,1,1,1,1,3,1,0,0,3,0,0,0,0,0,0,0,2,1,2,1,2,1,2,1,1,1,2,0,0,3,2,0,0,1,1,1,2,2,2,1,0,0,0,0,0,0,0,0,2,1,1,1,1,1,3,1,1,0,0,2,1,2,2,0,0,1,0,0,0,1,2,1,1,0,0,2,0,1,1,1,0,1,0,0,0,0,0,0,2,1,0,2,0,1,1,1,1,0,2,1,0,4,0,1,2,0,2,2,0,0,0,2,1,0,0,0,1,2,3,0,0,0,0,1,1,0,0,2,2,2,0,0,2,1,1,0,3,2,1,2,2,1,1,0,2,0,1,2,1,0,1,2,0,1,0,0,0,0,1,2,0,1,1,0,0,1,1,0,1,1,1,1,2,0,0,1,0,0,0,2,0,2,2,0,1,0,2,0,1,2,2,0,0,1,1,3,1,2,0,1,1,1,3,1,0,2,1,2,2,1,0,2,0,1,1,2,2,2,1,2,1,2,0,0,2,2,0,0,3,1,0,0,3,2,0,2,1,0,1,1,1,1,1,1,1,1,0,3,1,0,1,1,2,0,0,1,1,0,2,2,1,3,0,2,1,2,2,0,0,0,0,1,0,0,0,1,0,0,0,0,0,0,2,1,3,0,1,0,1,2,0,0,1,1,1,0,2,1,2,2,1,0,0,1,1,0,0,3,1,5,0,0,0,0,1,0,3,0,4,1,0,0,0,1,0,0,2,2,1,0,1,0,1,0,0,1,3,1,2,0,0,0,0,2,2,1,1,2,1,0,1,2,0,0,1,1,3,2,2,2,1,0,0,4,1,1,2,2,0,0,1,0,0,0,0,7,2,2,3,0,2,2,0,1,3,0,0,3,0,0,0,0,0,0,0,0,1,1,2,0,1,0,5,2,1,1,0,0,2,1,0,2,0,0,2,0,2,2,2,0,0,1,0,0,0,0,2,3,2,0,1,2,0,0,0,1,1,0,4,0,1,0,1,0,3,3,1,0,0,1,2,1,2,0,0,2,2,1,1,4,0,2,1,1,1,3,2,0,0,1,1,1,1,1,1,3,0,1,1,0,0,1,0,0,1,0,1,0,1,0,2,1,0,0,2,1,1,1,1,2,2,1,1,2,1,0,0,2,0,2,1,1,3,0,1,2,0,0,2,1,0,1,0,0,0,2,2,0,0,0,0,2,3,2,1,2,1,1,0,1,1,0,0,3,2,0,2,2,2,1,0,1,0,2,1,0,2,1,1,2,3,3,0,0,2,2,1,1,2,0,0,1,0,4,3,1,0,1,0,0,1,2,3,1,1,1,2,0,1,0,1,1,0,0,1,1,1,1,0,1,1,0,1,0,1,1,1,1,1,0,1,0,1,0,0,2,1,2,1,1,0,3,2,3,1,1,2,1,0,4,1,0,0,1,0,2,1,2,1,2,2,2,1,0,0,1,1,4,1,1,0,2,0,0,1,0,2,1,4,0,0,0,1,0,3,1,0,0,1,0,2,1,0,0,1,1,1,1,0,2,0,1,1,1,2,0,2,2,0,0,3,2,1,1,3,2,1,2,1,1,1,0,1,4,1,0,1,2,1,1,1,1,0,0,2,0,0,0,2,0,1,1,3,0,1,0,0,2,1,0,1,1,1,0,0,4,1,1,0,1,2,0,0,2,3,1,0,0,2,1,0,0,0,1,0,2,3,0,0,0,0,1,0,0,2,1,3,1,1,1,0,3,1,0,1,1,0,1,1,3,1,1,1,0,1,1,2,1,0,1,2,2,0,0,0,0,0,1,3,1,0,2,2,0,2,0,0,2,1,2,0,0,1,1,4,2,0,4,3,0,1,0,1,0,2,0,1,1,0,2,3,1,1,1,1,2,0,0,0,2,1,2,1,1,0,0,2,1,2,1,0,1,2,0,0,1,0,1,0,0,1,0,0,1,0,1,1,1,3,4,0,2,1,1,0,0,5,2,0,1,0,2,0,0,2,1,1,1,2,2,0,0,2,1,0,2,2,1,1,0,1,0,1,0,1,4,2,0,3,0,1,1,1,2,0,0,1,2,2,0,2,1,0,1,0,0,0,1,0,0,2,0,0,0,1,1,0,2,0,0,0,4,0,1,0,1,1,1,4,1,0,1,1,1,3,2,1,0,5,1,0,2,0,3,0,1,1,1,1,2,3,1,1,1,1,1,0,1,1,1,0,1,4,0,1,2,1,1,0,1,1,1,0,0,6,0,0,0,2,0,2,1,2,2,2,2,1,0,1,1,0,0,1,1,2,0,1,1,2,0,0,1,0,1,3,4,3,1,0,1,3,1,2,0,2,0,0,0,2,1,1,0,4,1,0,1,2,0,2,0,0,0,3,0,0,0,0,1,1,1,1,2,1,2,2,0,2,1,0,2,2,0,1,3,1,1,3,1,1,0,0,1,0,0,2,1,1,3,0,0,1,1,0,0,1,0,0,0,4,1,1,0,2,0,1,0,2,1,1,0,2,3,0,2,0,2,1,0,4,0,1,2,1,1,1,2,1,1,3,0,1,0,2,1,0,0,2,0,0,0,2,1,0,3,3,1,0,1,1,1,1,1,2,1,1,3,1,1,1,1,2,1,0,2,1,2,0,1,0,0,1,2,0,0,0,0,2,0,0,1,0,2,0,0,2,0,1,1,1,1,2,1,1,4,1,0,1,2,2,1,1,0,0,0,1,4,2,1,0,0,2,0,1,0,3,1,0,0,1,1,1,2,1,1,1,0,0,1,0,2,0,1,1,1,0,0,0,1,0,0,2,3,0,5,2,0,0,0,2,0,2,0,1,0,1,0,0,3,1,3,1,3,2,2,0,0,1,0,0,4,3,0,1,2,2,1,0,0,0,0,0,2,3,0,2,0,1,0,0,1,2,0,0,3,1,1,1,0,1,1,0,3,2,1,0,2,0,1,0,2,2,0,0,1,0,2,1,0,0,0,0,1,2,0,0,2,0,0,2,1,1,0,1,0,0,1,0,0,2,2,2,1,0,1,0,3,0,0,2,0,0,1,1,1,0,1,1,0,1,0,0,1,2,3,1,2,0,1,0,1,3,0,0,1,0,1,1,0,1,2,0,2,0,1,1,0,0,1,2,1,0,1,0,1,0,1,0,0,1,3,0,0,0,0,3,0,1,1,0,1,1,0,0,0,2,0,1,0,0,0,0,1,0,1,1,0,0,2,1,0,0,3,1,4,1,0,1,2,1,2,1,3,0,1,2,4,1,1,0,1,2,1,2,0,0,1,1,1,1,0,1,0,1,1,1,0,1,1,0,0,0,0,0,3,1,1,1,1,0,2,2,1,1,1,1,0,0,0,0,1,0,1,1,1,0,2,2,0,3,1,3,2,2,1,1,0,0,0,2,1,2,0,2,1,0,0,3]},{"counters":[0,1,1,1,2,0,1,0,1,0,0,1,2,0,0,0,2,1,0,0,1,0,0,1,2,1,1,1,0,3,2,1,0,1,2,2,1,2,2,2,0,3,2,1,0,2,0,0,0,2,0,2,0,2,0,0,0,1,1,3,1,1,0,1,1,1,2,2,0,0,2,0,0,1,0,0,2,0,3,1,1,3,0,0,0,3,3,3,4,1,3,0,1,1,2,1,1,1,3,0,2,0,1,1,0,3,0,0,1,1,1,2,2,1,2,1,0,2,0,1,0,0,2,1,0,0,1,1,0,0,0,1,1,1,1,0,0,1,1,1,0,4,0,2,0,1,0,2,2,0,1,1,3,0,1,0,1,1,1,0,0,0,0,1,0,1,2,1,3,2,0,2,3,3,4,2,2,0,1,1,0,0,3,1,1,0,2,1,1,0,1,1,0,0,1,2,2,2,0,0,0,0,0,0,1,1,1,1,1,1,2,1,3,2,1,0,0,0,1,1,0,0,0,1,2,2,0,1,1,1,0,2,1,2,0,1,1,1,1,3,0,0,1,1,1,0,1,0,3,4,0,0,1,2,0,2,2,0,6,0,0,1,1,1,1,0,4,0,2,1,0,1,1,3,0,0,2,1,0,3,0,4,0,0,1,0,0,1,2,1,1,0,0,1,0,0,1,2,1,0,0,0,0,2,0,1,1,2,1,1,1,0,2,0,1,1,2,1,0,0,2,1,0,0,1,2,1,1,0,1,0,0,0,1,0,0,1,3,0,1,1,2,0,1,0,2,0,0,1,1,0,1,1,0,3,0,2,2,1,1,2,1,1,2,0,1,0,0,0,0,0,0,2,0,2,1,0,1,1,1,1,0,0,1,3,0,0,0,1,1,0,0,0,0,0,0,0,2,1,0,1,0,1,0,1,0,1,2,1,1,0,1,1,3,2,0,0,0,0,1,1,1,1,0,1,0,1,4,0,2,2,1,2,4,0,2,2,3,1,0,0,0,2,3,1,1,0,1,1,0,0,0,2,0,0,2,2,0,1,0,0,0,1,1,0,2,3,1,1,0,0,0,1,1,2,0,1,2,2,1,0,1,0,0,3,1,2,1,2,4,0,2,1,1,1,2,3,1,0,0,2,2,1,0,0,2,0,0,0,0,2,1,1,1,0,3,1,2,1,1,0,0,0,1,1,2,1,1,0,1,1,0,1,0,0,5,1,1,2,3,1,1,3,1,1,2,3,1,1,1,0,0,0,0,0,0,2,0,0,1,2,1,2,0,1,3,1,0,1,2,2,2,1,2,1,1,0,2,2,1,0,2,2,2,0,1,0,0,1,0,1,0,1,2,0,0,0,1,0,2,1,1,1,2,1,3,0,0,1,1,0,1,1,1,2,0,1,1,1,0,1,2,0,2,2,4,2,1,3,3,0,0,2,2,0,1,2,2,1,3,1,1,1,0,1,0,2,1,2,0,2,0,1,0,2,2,0,0,0,0,3,2,0,0,0,0,0,2,0,2,0,2,0,1,1,1,0,2,0,1,0,1,0,0,3,0,1,1,1,1,1,1,1,2,1,0,0,0,1,1,1,0,1,1,2,1,0,0,2,1,1,1,1,1,1,0,2,0,2,1,1,1,1,0,0,1,3,1,1,2,4,0,2,1,2,1,2,2,1,3,0,2,3,0,1,0,2,2,0,0,0,0,1,0,0,1,2,0,0,0,1,0,1,0,0,0,0,2,1,0,1,0,0,1,0,1,0,1,0,0,0,0,0,1,2,0,1,0,1,1,0,0,0,0,0,1,0,2,0,0,0,1,0,1,2,1,1,2,1,1,1,2,1,2,0,2,1,0,3,2,1,0,2,3,0,0,1,4,1,2,4,2,1,1,2,2,2,1,1,2,0,0,1,0,2,3,0,1,1,1,2,0,1,2,0,2,2,0,2,1,1,5,0,1,0,0,0,0,1,2,2,0,0,0,0,1,1,2,0,1,1,2,3,1,0,3,1,1,1,1,0,1,0,1,0,2,0,1,1,0,2,1,0,1,1,1,1,0,1,0,2,0,1,0,0,2,1,2,2,1,0,3,3,1,1,0,0,1,1,1,2,0,1,0,2,1,1,3,2,2,0,3,2,3,1,0,0,0,1,3,0,0,0,1,2,2,1,0,1,3,1,0,1,2,1,1,0,1,4,0,2,0,0,0,0,1,0,1,1,4,3,1,2,1,0,1,1,1,1,3,1,0,0,1,1,0,1,2,1,2,2,2,1,0,0,1,0,0,1,0,2,1,3,3,1,0,1,1,0,0,1,3,1,0,1,3,3,0,0,1,0,1,0,0,0,0,0,1,1,0,2,2,2,2,0,0,0,1,1,0,1,0,2,1,1,3,1,1,0,0,2,2,1,1,1,2,0,2,0,0,1,2,1,2,0,1,1,1,1,1,2,1,3,0,1,0,1,0,3,4,0,2,4,0,2,0,2,2,1,1,2,1,1,2,2,0,2,2,1,1,1,0,3,1,1,2,0,3,0,0,0,0,1,0,2,0,0,1,0,0,0,0,1,1,0,0,0,1,0,0,3,2,1,2,1,1,0,1,1,0,2,2,1,2,3,3,1,1,0,1,2,0,2,0,2,2,1,0,2,0,1,1,1,0,2,0,1,0,1,1,0,0,1,1,1,1,0,2,3,1,0,2,1,2,2,2,0,1,0,0,1,1,0,0,1,2,1,0,2,0,1,1,1,1,1,1,0,0,0,0,1,3,0,1,1,1,2,0,2,1,1,3,2,1,2,2,1,3,0,1,0,0,2,0,0,0,1,1,0,3,2,2,1,1,0,0,0,4,2,0,1,1,1,1,2,2,2,2,2,0,1,2,0,0,1,1,0,3,1,1,1,1,2,3,1,2,0,2,1,2,2,1,2,1,0,1,3,1,1,2,1,1,2,2,2,0,0,0,0,0,0,1,1,0,1,0,2,0,4,0,0,0,3,1,1,2,3,0,0,2,0,1,1,1,0,2,0,1,2,1,2,1,1,0,1,1,1,2,1,0,0,1,0,0,0,1,0,0,1,3,0,0,1,1,0,1,1,0,2,2,2,1,0,2,0,1,1,1,0,4,1,1,1,0,1,0,1,2,1,0,3,0,1,1,0,0,2,0,4,1,2,3,0,2,1,2,0,1,1,1,0,2,1,1,2,1,0,0,0,0,0,1,1,0,2,2,1,1,0,1,1,1,1,0,1,2,0,2,3,1,0,2,0,1,2,2,3,1,1,0,0,2,0,0,3,4,0,0,2,1,0,1,2,1,0,0,1,0,2,1,1,1,1,2,2,3,0,4,0,1,2,0,4,0,2,1,0,0,1,1,1,2,0,0,0,1,0,1,2,1,0,1,0,0,0,1,0,1,1,3,1,0,1,0,2,1,0,2,2,0,2,0,2,0,1,0,0,0,0,1,1,2,1,3,0,1,4,0,2,0,1,0,2,1,0,0,2,1,0,1,1,0,1,2,0,1,4,0,0,1,1,1,2,2,0,0,1,2,1,1,0,0,2,1,1,0,0,2,1,1,0,2,3,0,3,0,1,1,1,3,2,3,0,1,1,2,2,0,0,1,1,0,2,4,0,0,1,1,1,0,1,2,0,1,1,1,0,1,0,1,0,1,0,1,0,0,0,2,0,0,0,1,2,2,2,2,1,0,0,1,0,0,2,2,1,0,0,0,0,1,0,1,0,1,0,1,1,3,2,1,2,4,0,1,1,0,2,1,0,1,2,0,0,0,1,1,1,1,1,1,1,1,0,2,1,0,1,0,0,4,1,3,1,0,0,2,0,0,0,2,1,2,1,0,1,0,2,0,2,1,0,2,1,1,0,1,0,0,1,2,1,0,0,1,0,0,1,0,2,1,0,0,0,2,2,0,1,1,1,1,1,0,0,2,1,0,0,2,0,0,1,0,0,1,0,2,1,3,1,1,2,0,0,0,0,3,1,1,1,3,1,0,2,0,2,2,2,0,2,0,0,0,1,1,0,3,0,3,1,1,2,3,2,0,0,0,2,0,1,0,2,3,2,1,0,0,0,0,1,2,1,0,0,1,0,3,2,1,0,1,1,1,1,2,2,1,0,0,3,1,0,1,0,1,1,1,0,1,0,2,0,1,0,1,0,1,1,0,1,0,1,1,0,0,0,1,0,2,0,2,3,1,1,0,0,0,1,0,2,0,0,3,1,1,0,0,2,0,2,0,1,1,0,3,1,2,2,0,1,2,1,0,0,1,0,2,1,0,2,1,1,0,0,0,2,0,2,0,1,1,0,0,1,0,0,0,1,0,0,2,1,1,1,2,0,1,0,1,2,2,0,1,1,0,0,0,0,1,0,3,2,1,1,0,1,1,2,1,0,1,1,2,1,0,0,2,1,0,2,1,1,0,1,1,1,1,0,0,1,1,0,1,2,2,0,1,0,0,1,0,1,0,0,0,0,1,3,0,0,1,1,1,0,2,1,2,0,0,0,2,3,0,4,1,1,0,0,5,0,2,0,2,2,1,0,1,0,1,1,2,5,0,0,1,0,1,1,1,0,0,2,1,2,0,0,3,1,1,0,2,0,1,0,1,0,0,0,0]}]},"null_count":0,"last_update_version":397952051122274304}},"indices":{},"count":2000,"modify_count":0,"version":0}