{"columns":{"d0":{"histogram":{"ndv":2},"cm_sketch":{"top_n":[{"data":"A4AAAAAAAAAA","count":4},{"data":"A4AAAAAAAAAB","count":6}],"default_value":0},"fm_sketch":null,"stats_ver":2,"null_count":0,"tot_col_size":80,"last_update_version":464040919826694148,"correlation":-0.030303030303030304},"d1":{"histogram":{"ndv":10},"cm_sketch":{"top_n":[{"data":"AXMxNjQAAAAA+w==","count":1},{"data":"AXMxOQAAAAAA+g==","count":1},{"data":"AXMyNjEAAAAA+w==","count":1},{"data":"AXMyNjgAAAAA+w==","count":1},{"data":"AXM0MjYAAAAA+w==","count":1},{"data":"AXM0NzIAAAAA+w==","count":1},{"data":"AXM2MTQAAAAA+w==","count":1},{"data":"AXM3NTYAAAAA+w==","count":1},{"data":"AXM5MjcAAAAA+w==","count":1},{"data":"AXM5NTQAAAAA+w==","count":1}],"default_value":0},"fm_sketch":null,"stats_ver":2,"null_count":0,"tot_col_size":49,"last_update_version":464040919826694148,"correlation":-0.2727272727272727},"id":{"histogram":{"ndv":10},"cm_sketch":{"top_n":[{"data":"A4AAAAAAAAAB","count":1},{"data":"A4AAAAAAAAAC","count":1},{"data":"A4AAAAAAAAAD","count":1},{"data":"A4AAAAAAAAAE","count":1},{"data":"A4AAAAAAAAAF","count":1},{"data":"A4AAAAAAAAAG","count":1},{"data":"A4AAAAAAAAAH","count":1},{"data":"A4AAAAAAAAAI","count":1},{"data":"A4AAAAAAAAAJ","count":1},{"data":"A4AAAAAAAAAK","count":1}],"default_value":0},"fm_sketch":null,"stats_ver":2,"null_count":0,"tot_col_size":80,"last_update_version":464040919826694148,"correlation":1},"k0":{"histogram":{"ndv":6},"cm_sketch":{"top_n":[{"data":"A3////////+d","count":2},{"data":"A3////////+j","count":1},{"data":"A3////////+t","count":1},{"data":"A3/////////1","count":1},{"data":"A4AAAAAAAAA5","count":3},{"data":"A4AAAAAAAABE","count":2}],"default_value":0},"fm_sketch":null,"stats_ver":2,"null_count":0,"tot_col_size":80,"last_update_version":464040919826694148,"correlation":0.006060606060606061},"k3":{"histogram":{"ndv":10},"cm_sketch":{"top_n":[{"data":"AXMxMDIAAAAA+w==","count":1},{"data":"AXMzMTAAAAAA+w==","count":1},{"data":"AXM0AAAAAAAA+Q==","count":1},{"data":"AXM0MwAAAAAA+g==","count":1},{"data":"AXM0NzAAAAAA+w==","count":1},{"data":"AXM1NDUAAAAA+w==","count":1},{"data":"AXM3NzEAAAAA+w==","count":1},{"data":"AXM3ODgAAAAA+w==","count":1},{"data":"AXM4MTMAAAAA+w==","count":1},{"data":"AXM4MTQAAAAA+w==","count":1}],"default_value":0},"fm_sketch":null,"stats_ver":2,"null_count":0,"tot_col_size":47,"last_update_version":464040919826694148,"correlation":0.7212121212121212}},"indices":{},"partitions":null,"database_name":"shiro_fuzz_r6","table_name":"t4","ext_stats":null,"predicate_columns":[{"last_used_at":"2026-02-04 03:27:39","last_analyzed_at":"2026-02-04 03:27:08","id":2},{"last_used_at":"2026-02-04 03:27:40","last_analyzed_at":"2026-02-04 03:27:08","id":3},{"last_used_at":"2026-02-04 03:27:39","last_analyzed_at":"2026-02-04 03:27:08","id":4},{"last_used_at":"2026-02-04 03:27:39","last_analyzed_at":"2026-02-04 03:27:08","id":5},{"last_used_at":"2026-02-04 03:27:40","last_analyzed_at":"2026-02-04 03:27:08","id":1}],"count":10,"modify_count":0,"version":464040919826694148,"is_historical_stats":false}