{"columns":{"d0":{"histogram":{"ndv":10},"cm_sketch":{"top_n":[{"data":"BcAA4UegAAAA","count":1},{"data":"BcArVwpAAAAA","count":1},{"data":"BcA25mZgAAAA","count":1},{"data":"BcA9FwpAAAAA","count":1},{"data":"BcBIIUegAAAA","count":1},{"data":"BcBMg9cAAAAA","count":1},{"data":"BcBRaPXAAAAA","count":1},{"data":"BcBRyuFAAAAA","count":1},{"data":"BcBVxR7AAAAA","count":1},{"data":"BcBWBR7AAAAA","count":1}],"default_value":0},"fm_sketch":null,"stats_ver":2,"null_count":0,"tot_col_size":80,"last_update_version":464040940785631238,"correlation":-0.6484848484848484},"d1":{"histogram":{"ndv":10},"cm_sketch":{"top_n":[{"data":"BBmvKgAAAAAA","count":1},{"data":"BBmxfgAAAAAA","count":1},{"data":"BBm1sgAAAAAA","count":1},{"data":"BBm29AAAAAAA","count":1},{"data":"BBm3OgAAAAAA","count":1},{"data":"BBm3uAAAAAAA","count":1},{"data":"BBm36AAAAAAA","count":1},{"data":"BBm5XgAAAAAA","count":1},{"data":"BBm5agAAAAAA","count":1},{"data":"BBm6nAAAAAAA","count":1}],"default_value":0},"fm_sketch":null,"stats_ver":2,"null_count":0,"tot_col_size":80,"last_update_version":464040940785631238,"correlation":-0.503030303030303},"id":{"histogram":{"ndv":10},"cm_sketch":{"top_n":[{"data":"A4AAAAAAAAAB","count":1},{"data":"A4AAAAAAAAAC","count":1},{"data":"A4AAAAAAAAAD","count":1},{"data":"A4AAAAAAAAAE","count":1},{"data":"A4AAAAAAAAAF","count":1},{"data":"A4AAAAAAAAAG","count":1},{"data":"A4AAAAAAAAAH","count":1},{"data":"A4AAAAAAAAAI","count":1},{"data":"A4AAAAAAAAAJ","count":1},{"data":"A4AAAAAAAAAK","count":1}],"default_value":0},"fm_sketch":null,"stats_ver":2,"null_count":0,"tot_col_size":80,"last_update_version":464040940785631238,"correlation":1},"k0":{"histogram":{"ndv":10},"cm_sketch":{"top_n":[{"data":"A3////////+d","count":1},{"data":"A3////////+j","count":1},{"data":"A3////////+n","count":1},{"data":"A3////////+t","count":1},{"data":"A3////////+6","count":1},{"data":"A3/////////J","count":1},{"data":"A3/////////y","count":1},{"data":"A3/////////1","count":1},{"data":"A4AAAAAAAAA5","count":1},{"data":"A4AAAAAAAABE","count":1}],"default_value":0},"fm_sketch":null,"stats_ver":2,"null_count":0,"tot_col_size":80,"last_update_version":464040940785631238,"correlation":-0.3090909090909091}},"indices":{"idx_d0_9":{"histogram":{"ndv":10},"cm_sketch":{"top_n":[{"data":"BcAA4UegAAAA","count":1},{"data":"BcArVwpAAAAA","count":1},{"data":"BcA25mZgAAAA","count":1},{"data":"BcA9FwpAAAAA","count":1},{"data":"BcBIIUegAAAA","count":1},{"data":"BcBMg9cAAAAA","count":1},{"data":"BcBRaPXAAAAA","count":1},{"data":"BcBRyuFAAAAA","count":1},{"data":"BcBVxR7AAAAA","count":1},{"data":"BcBWBR7AAAAA","count":1}],"default_value":0},"fm_sketch":null,"stats_ver":2,"null_count":0,"tot_col_size":0,"last_update_version":464040940785631238,"correlation":0},"idx_id_1":{"histogram":{"ndv":10},"cm_sketch":{"top_n":[{"data":"A4AAAAAAAAAB","count":1},{"data":"A4AAAAAAAAAC","count":1},{"data":"A4AAAAAAAAAD","count":1},{"data":"A4AAAAAAAAAE","count":1},{"data":"A4AAAAAAAAAF","count":1},{"data":"A4AAAAAAAAAG","count":1},{"data":"A4AAAAAAAAAH","count":1},{"data":"A4AAAAAAAAAI","count":1},{"data":"A4AAAAAAAAAJ","count":1},{"data":"A4AAAAAAAAAK","count":1}],"default_value":0},"fm_sketch":null,"stats_ver":2,"null_count":0,"tot_col_size":0,"last_update_version":464040940785631238,"correlation":0}},"partitions":null,"database_name":"shiro_fuzz_r6","table_name":"t1","ext_stats":null,"predicate_columns":[{"last_used_at":"2026-02-04 03:27:40","last_analyzed_at":"2026-02-04 03:28:28","id":2},{"last_used_at":"2026-02-04 03:27:39","last_analyzed_at":"2026-02-04 03:28:28","id":3},{"last_used_at":"2026-02-04 03:27:39","last_analyzed_at":"2026-02-04 03:28:28","id":4},{"last_used_at":"2026-02-04 03:27:39","last_analyzed_at":"2026-02-04 03:28:27","id":1}],"count":10,"modify_count":0,"version":464040940785631238,"is_historical_stats":false}