{"columns":{"d0":{"histogram":{"ndv":10},"cm_sketch":{"top_n":[{"data":"BBmw9gAAAAAA","count":1},{"data":"BBmynAAAAAAA","count":1},{"data":"BBmzmgAAAAAA","count":1},{"data":"BBmz1AAAAAAA","count":1},{"data":"BBm09AAAAAAA","count":1},{"data":"BBm1BAAAAAAA","count":1},{"data":"BBm12AAAAAAA","count":1},{"data":"BBm2fAAAAAAA","count":1},{"data":"BBm2kgAAAAAA","count":1},{"data":"BBm3zgAAAAAA","count":1}],"default_value":0},"fm_sketch":null,"stats_ver":2,"null_count":0,"tot_col_size":80,"last_update_version":464040941087096834,"correlation":0.5393939393939394},"d1":{"histogram":{"ndv":10},"cm_sketch":{"top_n":[{"data":"BBmyoAAAAAAA","count":1},{"data":"BBmzfAAAAAAA","count":1},{"data":"BBm0XAAAAAAA","count":1},{"data":"BBm0ggAAAAAA","count":1},{"data":"BBm02gAAAAAA","count":1},{"data":"BBm3FAAAAAAA","count":1},{"data":"BBm5yAAAAAAA","count":1},{"data":"BBm56AAAAAAA","count":1},{"data":"BBm7dAAAAAAA","count":1},{"data":"BBm7fAAAAAAA","count":1}],"default_value":0},"fm_sketch":null,"stats_ver":2,"null_count":0,"tot_col_size":80,"last_update_version":464040941087096834,"correlation":0.47878787878787876},"id":{"histogram":{"ndv":10},"cm_sketch":{"top_n":[{"data":"A4AAAAAAAAAB","count":1},{"data":"A4AAAAAAAAAC","count":1},{"data":"A4AAAAAAAAAD","count":1},{"data":"A4AAAAAAAAAE","count":1},{"data":"A4AAAAAAAAAF","count":1},{"data":"A4AAAAAAAAAG","count":1},{"data":"A4AAAAAAAAAH","count":1},{"data":"A4AAAAAAAAAI","count":1},{"data":"A4AAAAAAAAAJ","count":1},{"data":"A4AAAAAAAAAK","count":1}],"default_value":0},"fm_sketch":null,"stats_ver":2,"null_count":0,"tot_col_size":80,"last_update_version":464040941087096834,"correlation":1},"k0":{"histogram":{"ndv":6},"cm_sketch":{"top_n":[{"data":"A3////////+d","count":2},{"data":"A3////////+n","count":3},{"data":"A3////////+t","count":1},{"data":"A3////////+6","count":2},{"data":"A3/////////J","count":1},{"data":"A3/////////y","count":1}],"default_value":0},"fm_sketch":null,"stats_ver":2,"null_count":0,"tot_col_size":80,"last_update_version":464040941087096834,"correlation":0.5757575757575758},"k1":{"histogram":{"ndv":10},"cm_sketch":{"top_n":[{"data":"BBmwWAAAAAAA","count":1},{"data":"BBmycAAAAAAA","count":1},{"data":"BBmzXgAAAAAA","count":1},{"data":"BBm0XAAAAAAA","count":1},{"data":"BBm1LgAAAAAA","count":1},{"data":"BBm2VgAAAAAA","count":1},{"data":"BBm4NgAAAAAA","count":1},{"data":"BBm4fAAAAAAA","count":1},{"data":"BBm5HgAAAAAA","count":1},{"data":"BBm6rgAAAAAA","count":1}],"default_value":0},"fm_sketch":null,"stats_ver":2,"null_count":0,"tot_col_size":80,"last_update_version":464040941087096834,"correlation":-0.006060606060606061}},"indices":{"idx_id_2":{"histogram":{"ndv":10},"cm_sketch":{"top_n":[{"data":"A4AAAAAAAAAB","count":1},{"data":"A4AAAAAAAAAC","count":1},{"data":"A4AAAAAAAAAD","count":1},{"data":"A4AAAAAAAAAE","count":1},{"data":"A4AAAAAAAAAF","count":1},{"data":"A4AAAAAAAAAG","count":1},{"data":"A4AAAAAAAAAH","count":1},{"data":"A4AAAAAAAAAI","count":1},{"data":"A4AAAAAAAAAJ","count":1},{"data":"A4AAAAAAAAAK","count":1}],"default_value":0},"fm_sketch":null,"stats_ver":2,"null_count":0,"tot_col_size":0,"last_update_version":464040941087096834,"correlation":0}},"partitions":null,"database_name":"shiro_fuzz_r6","table_name":"t2","ext_stats":null,"predicate_columns":[{"last_used_at":"2026-02-04 03:27:39","last_analyzed_at":"2026-02-04 03:28:29","id":5},{"last_used_at":"2026-02-04 03:27:39","last_analyzed_at":"2026-02-04 03:28:29","id":1},{"last_used_at":"2026-02-04 03:27:38","last_analyzed_at":"2026-02-04 03:28:29","id":2},{"last_used_at":"2026-02-04 03:27:40","last_analyzed_at":"2026-02-04 03:28:29","id":3},{"last_used_at":"2026-02-04 03:27:38","last_analyzed_at":"2026-02-04 03:28:29","id":4}],"count":10,"modify_count":0,"version":464040941087096834,"is_historical_stats":false}