{"columns":{"d0":{"histogram":{"ndv":10},"cm_sketch":{"top_n":[{"data":"A3////////+m","count":1},{"data":"A3////////+1","count":1},{"data":"A3/////////J","count":1},{"data":"A3/////////L","count":1},{"data":"A3/////////f","count":1},{"data":"A3//////////","count":1},{"data":"A4AAAAAAAAA2","count":1},{"data":"A4AAAAAAAAA9","count":1},{"data":"A4AAAAAAAABG","count":1},{"data":"A4AAAAAAAABj","count":1}],"default_value":0},"fm_sketch":null,"stats_ver":2,"null_count":0,"tot_col_size":80,"last_update_version":464040932173676564,"correlation":-0.006060606060606061},"d1":{"histogram":{"ndv":10},"cm_sketch":{"top_n":[{"data":"BgwCgAAAAAQW","count":1},{"data":"BgwCgAAAAAQy","count":1},{"data":"BgwCgAAAAAgc","count":1},{"data":"BgwCgAAAABYk","count":1},{"data":"BgwCgAAAACxH","count":1},{"data":"BgwCgAAAADE0","count":1},{"data":"BgwCgAAAAE5i","count":1},{"data":"BgwCgAAAAE8+","count":1},{"data":"BgwCgAAAAFRU","count":1},{"data":"BgwCgAAAAFxR","count":1}],"default_value":0},"fm_sketch":null,"stats_ver":2,"null_count":0,"tot_col_size":80,"last_update_version":464040932173676564,"correlation":-0.21212121212121213},"id":{"histogram":{"ndv":10},"cm_sketch":{"top_n":[{"data":"A4AAAAAAAAAB","count":1},{"data":"A4AAAAAAAAAC","count":1},{"data":"A4AAAAAAAAAD","count":1},{"data":"A4AAAAAAAAAE","count":1},{"data":"A4AAAAAAAAAF","count":1},{"data":"A4AAAAAAAAAG","count":1},{"data":"A4AAAAAAAAAH","count":1},{"data":"A4AAAAAAAAAI","count":1},{"data":"A4AAAAAAAAAJ","count":1},{"data":"A4AAAAAAAAAK","count":1}],"default_value":0},"fm_sketch":null,"stats_ver":2,"null_count":0,"tot_col_size":80,"last_update_version":464040932173676564,"correlation":1},"k0":{"histogram":{"ndv":5},"cm_sketch":{"top_n":[{"data":"A3////////+d","count":3},{"data":"A3////////+n","count":2},{"data":"A3////////+t","count":2},{"data":"A4AAAAAAAAA5","count":2},{"data":"A4AAAAAAAABE","count":1}],"default_value":0},"fm_sketch":null,"stats_ver":2,"null_count":0,"tot_col_size":80,"last_update_version":464040932173676564,"correlation":-0.05454545454545454},"k2":{"histogram":{"ndv":10},"cm_sketch":{"top_n":[{"data":"A3////////+1","count":1},{"data":"A3////////+6","count":1},{"data":"A3/////////E","count":1},{"data":"A3/////////y","count":1},{"data":"A3/////////1","count":1},{"data":"A3/////////6","count":1},{"data":"A4AAAAAAAAAh","count":1},{"data":"A4AAAAAAAAAt","count":1},{"data":"A4AAAAAAAABH","count":1},{"data":"A4AAAAAAAABK","count":1}],"default_value":0},"fm_sketch":null,"stats_ver":2,"null_count":0,"tot_col_size":80,"last_update_version":464040932173676564,"correlation":-0.01818181818181818}},"indices":{"idx_k2_0":{"histogram":{"ndv":10},"cm_sketch":{"top_n":[{"data":"A3////////+1","count":1},{"data":"A3////////+6","count":1},{"data":"A3/////////E","count":1},{"data":"A3/////////y","count":1},{"data":"A3/////////1","count":1},{"data":"A3/////////6","count":1},{"data":"A4AAAAAAAAAh","count":1},{"data":"A4AAAAAAAAAt","count":1},{"data":"A4AAAAAAAABH","count":1},{"data":"A4AAAAAAAABK","count":1}],"default_value":0},"fm_sketch":null,"stats_ver":2,"null_count":0,"tot_col_size":0,"last_update_version":464040932173676564,"correlation":0}},"partitions":null,"database_name":"shiro_fuzz_r6","table_name":"t3","ext_stats":null,"predicate_columns":[{"last_used_at":"2026-02-04 03:27:40","last_analyzed_at":"2026-02-04 03:27:55","id":3},{"last_used_at":"2026-02-04 03:27:40","last_analyzed_at":"2026-02-04 03:27:55","id":4},{"last_used_at":"2026-02-04 03:27:39","last_analyzed_at":"2026-02-04 03:27:55","id":5},{"last_used_at":"2026-02-04 03:27:40","last_analyzed_at":"2026-02-04 03:27:55","id":1},{"last_used_at":"2026-02-04 03:27:38","last_analyzed_at":"2026-02-04 03:27:55","id":2}],"count":10,"modify_count":0,"version":464040932173676564,"is_historical_stats":false}