path	line	evidence
rust/crates/tidb-ast/src/expr/restore.rs	38	Self::ParamMarker { .. } => panic!("Format is not implemented for parameter markers"),
rust/crates/tidb-ast/src/expr/restore.rs	56	panic!("Format is not implemented for charset binary literals")
rust/crates/tidb-ast/src/expr/restore.rs	62	Self::Default(Some(_)) => panic!("Format is not implemented for DEFAULT(column)"),
rust/crates/tidb-ast/src/expr/restore.rs	64	panic!("Format is not implemented for variable expressions")
rust/crates/tidb-ast/src/expr/restore.rs	82	Self::Row(_) => panic!("Format is not implemented for row expressions"),
rust/crates/tidb-ast/src/expr/restore.rs	96	panic!("Format is not implemented for aggregate or window expressions")
rust/crates/tidb-ast/src/expr/restore.rs	249	panic!("Format is not implemented for subquery expressions")
rust/crates/tidb-chunk/src/tests_mutrow.rs	227	// go-parity-gap: ShallowCopyPartialRow snapshotted instead of
rust/crates/tidb-codec/src/column.rs	281	write!(formatter, "typed chunk column {field_type:?} is not implemented")
rust/crates/tidb-distsql/src/chunk_decode.rs	207	"typed tipb row decoding is not implemented for {encode_type:?}"
rust/crates/tidb-distsql/src/response_channel.rs	1274	"TypeCHBlock row materialization is not implemented".to_owned(),
rust/crates/tidb-error/src/tidb/errname/consts_4.rs	30	raw: "not implemented",
rust/crates/tidb-exec/src/foreign_key_build.rs	188	return Err(refusal(DriverError::unsupported("MATCH PARTIAL is not supported yet")));
rust/crates/tidb-exec/src/wide_scan_selection.rs	58	//! Two refusals are deliberate and are not "not implemented yet":
rust/crates/tidb-executor/src/ddl/alter_table.rs	451	"changing the columns of a table involved in a FOREIGN KEY is not supported yet",
rust/crates/tidb-executor/src/ddl/alter_table.rs	750	"this ALTER TABLE action is not supported yet",
rust/crates/tidb-executor/src/ddl/alter_table.rs	1048	"ADD PARTITION PARTITIONS n on a non-HASH table is not supported yet",
rust/crates/tidb-executor/src/ddl/alter_table.rs	1282	"ALTER TABLE ... ADD PARTITION options and subpartitions are not supported yet",
rust/crates/tidb-executor/src/ddl/alter_table.rs	1637	"this index kind is not supported yet",
rust/crates/tidb-executor/src/ddl/alter_table.rs	2171	"this ALTER TABLE table option is not supported yet",
rust/crates/tidb-executor/src/ddl/alter_table.rs	4246	"dropping a clustered primary key column is not supported yet",
rust/crates/tidb-executor/src/ddl/indexes.rs	87	"SPATIAL, FULLTEXT, VECTOR and COLUMNAR indexes are not supported yet",
rust/crates/tidb-executor/src/ddl/indexes.rs	329	"an expression index is not supported yet",
rust/crates/tidb-executor/src/ddl/indexes.rs	334	"a prefix-length index is not supported yet",
rust/crates/tidb-executor/src/ddl/mview_schedule_expr.rs	407	unimplemented!()
rust/crates/tidb-executor/src/ddl/mview_schedule_expr.rs	413	unimplemented!()
rust/crates/tidb-executor/src/ddl/mview_schedule_expr.rs	418	unimplemented!()
rust/crates/tidb-executor/src/ddl/table_constraints.rs	199	"FULLTEXT, VECTOR and COLUMNAR indexes are not supported yet",
rust/crates/tidb-executor/src/ddl/table_constraints.rs	577	"MATCH PARTIAL is not supported yet",
rust/crates/tidb-executor/src/ddl/table_constraints.rs	949	"an expression primary key is not supported yet",
rust/crates/tidb-executor/src/ddl/table_partition.rs	691	"this partition expression is not supported yet".to_owned(),
rust/crates/tidb-executor/src/ddl.rs	501	"FORCE AUTO_INCREMENT is not supported yet",
rust/crates/tidb-executor/src/ddl.rs	1080	//       p.err = errors.New("'CREATE TABLE ... SELECT' is not implemented yet")
rust/crates/tidb-executor/src/ddl.rs	1092	"'CREATE TABLE ... SELECT' is not implemented yet",
rust/crates/tidb-executor/src/driver/dml.rs	339	"multi-table UPDATE plans are not supported yet",
rust/crates/tidb-executor/src/driver/dml.rs	362	"multi-table DELETE plans are not supported yet",
rust/crates/tidb-executor/src/driver/dml.rs	542	return Err(DriverError::unsupported("partitions are not supported yet"));
rust/crates/tidb-executor/src/driver/dml.rs	2992	"UPDATE of _tidb_rowid moves the row, which is not supported yet",
rust/crates/tidb-executor/src/driver/errors/exec.rs	278	"a binary operation between a {lhs:?} and a {rhs:?} value is not supported yet"
rust/crates/tidb-executor/src/driver/errors/exec.rs	434	"a binary operation between a Float32 and a Json value is not supported yet"
rust/crates/tidb-executor/src/driver/physical_builder.rs	5265	"physical executor construction for {} is not implemented",
rust/crates/tidb-executor/src/driver/set_opr.rs	187	"plan-only metadata for a set operation with CTEs is not supported yet",
rust/crates/tidb-executor/src/driver/subquery.rs	527	"a scalar subquery selecting several columns is not supported yet",
rust/crates/tidb-executor/src/driver/subquery.rs	582	"an ANY/ALL subquery selecting several columns is not supported yet",
rust/crates/tidb-executor/src/driver/subquery.rs	899	"a scalar subquery selecting several columns is not supported yet",
rust/crates/tidb-executor/src/driver.rs	941	"this subquery result kind is not supported yet",
rust/crates/tidb-executor/src/expression_index.rs	378	"a multi-valued index (CAST(... AS ... ARRAY)) is not supported yet",
rust/crates/tidb-executor/src/expression_index.rs	584	"this expression index's expression is not supported yet",
rust/crates/tidb-executor/src/expression_index.rs	642	"an expression index over an expression with no static type is not supported yet",
rust/crates/tidb-executor/src/generated_column.rs	639	"this generated-column expression is not supported yet",
rust/crates/tidb-executor/src/generated_column.rs	726	"this generated-column expression is not supported yet",
rust/crates/tidb-executor/src/hash_agg/builder.rs	152	"aggregate executor for {name} is not implemented"
rust/crates/tidb-executor/src/index_merge_reader.rs	1361	"index merge intersection with an order-by is not implemented (Go: fetchLoopIntersectionWithOrderBy)",
rust/crates/tidb-executor/src/tests_admin_check_admintest_source.rs	146	/// go-parity-gap: the EXPLAIN-shape assertions (the query with
rust/crates/tidb-executor/src/tests_ddl_masking_policy_ddl_gaps.rs	17	//! Masking-policy DDL and its system-table state are not implemented, so this
rust/crates/tidb-executor/src/tests_executor_suite_statements_source.rs	23	//! are recorded as `#[ignore]` go-parity-gap tests, never approximated.
rust/crates/tidb-executor/src/tests_hashagg_aggregate_suite_source.rs	241	/// go-parity-gap: the `desc analyze` DISK-column assertions (the HashAgg
rust/crates/tidb-executor/src/tests_hashagg_aggregate_suite_source.rs	282	/// go-parity-gap: the second half (list-partitioned `tlist` vs `tnormal`
rust/crates/tidb-executor/src/tests_required_rows_source.rs	326	// go-parity-gap: Go sizes a `DeleteExec` DML child chunk through
rust/crates/tidb-executor/src/tests_required_rows_source.rs	340	// go-parity-gap: the ported `crate::sort::SortExec::next` appends sorted rows
rust/crates/tidb-executor/src/view.rs	496	"a LATERAL derived table is not supported yet",
rust/crates/tidb-executor/tests/db_change_ddl_conflicts_source.rs	570	// --- go-parity-gap documentaries -------------------------------------------------
rust/crates/tidb-executor/tests/db_integration_ddl_types_source.rs	1320	// --- go-parity-gap documentaries -------------------------------------------------
rust/crates/tidb-executor/tests/db_integration_ddl_types_source.rs	1322	// go-parity-gap: needs the afterRunOneJobStep failpoint to strip a job's
rust/crates/tidb-executor/tests/db_integration_ddl_types_source.rs	1334	// go-parity-gap: needs the afterWaitSchemaSynced failpoint to run a
rust/crates/tidb-executor/tests/db_integration_ddl_types_source.rs	1450	// go-parity-gap: the second half of TestCreateTableTooLarge needs
rust/crates/tidb-executor/tests/foreign_key_ddl_owner_checks_source.rs	317	// go-parity-gap: this tier's ADD FOREIGN KEY auto-creates the covering index
rust/crates/tidb-executor/tests/foreign_key_ddl_owner_checks_source.rs	321	#[ignore = "go-parity-gap: ALTER ADD FOREIGN KEY auto-creates the covering index where Go refuses with the missing-index error"]
rust/crates/tidb-executor/tests/partition_global_index_version_source.rs	42	// go-parity-gap: no failpoints; `CREATE INDEX ... GLOBAL` answers 1105
rust/crates/tidb-executor/tests/partition_global_index_version_source.rs	43	// "this index kind is not supported yet" (measured); `admin check` has no
rust/crates/tidb-executor/tests/partition_global_index_version_source.rs	66	// go-parity-gap: `CREATE INDEX ... GLOBAL` unported (1105, measured), the
rust/crates/tidb-executor/tests/partition_global_index_version_source.rs	100	// go-parity-gap: the whole contract is keyed on a GLOBAL index carrier
rust/crates/tidb-executor/tests/partition_global_index_version_source.rs	123	// go-parity-gap: `ALTER TABLE ... PARTITION BY` with `UPDATE INDEXES` is
rust/crates/tidb-executor/tests/partition_modify_column_allowlist_source.rs	352	// go-parity-gap: this tier refuses the `character set`/`collate` column
rust/crates/tidb-executor/tests/partition_modify_column_allowlist_source.rs	832	// go-parity-gap: this tier has no field-type-allowed-as-partition-field
rust/crates/tidb-executor/tests/partition_modify_column_allowlist_source.rs	859	// go-parity-gap: no failpoints, no job/worker reorg stage machine, no
rust/crates/tidb-executor/tests/partition_modify_column_allowlist_source.rs	881	// go-parity-gap: failpoint injection and the job/rollback lifecycle do not
rust/crates/tidb-executor/tests/partition_modify_column_allowlist_source.rs	903	// go-parity-gap: `unique key uk_c(c) global` is refused at create time on
rust/crates/tidb-executor/tests/partition_pk_global_index_source.rs	257	// go-parity-gap: this tier has no online re-partitioning — `ALTER TABLE ...
rust/crates/tidb-executor/tests/partition_pk_global_index_source.rs	259	// "not supported yet" (measured) — and it refuses a GLOBAL primary key at
rust/crates/tidb-executor/tests/partition_pk_global_index_source.rs	283	// go-parity-gap: `ALTER TABLE ... PARTITION BY` answers 1105 "not supported
rust/crates/tidb-executor/tests/partition_truncate_issue57780_source.rs	29	// go-parity-gap: the assertion is `dom.InfoSchema().SchemaMetaVersion()`
rust/crates/tidb-executor/tests/sequence_function_values_source.rs	875	// go-parity-gap: the multi-row empty-list form `values (),(),...` that Go's
rust/crates/tidb-executor/tests/tiflash_replica_test_source.rs	107	// go-parity-gap: no SET TIFLASH REPLICA carrier, no UpdateTableReplicaInfo,
rust/crates/tidb-executor/tests/tiflash_replica_test_source.rs	120	// go-parity-gap: no mock TiFlash status server, no SET TIFLASH REPLICA
rust/crates/tidb-executor/tests/tiflash_replica_test_source.rs	134	// go-parity-gap: documented divergence — this tier answers the generic 1105
rust/crates/tidb-executor/tests/tiflash_replica_test_source.rs	150	// go-parity-gap: Go's gate is `checkUnsupportedCharsetForTiFlash`
rust/crates/tidb-executor/tests/tiflash_replica_test_source.rs	167	// go-parity-gap: no authed multi-schema ALTER surface, no privilege
rust/crates/tidb-executor/tests/tiflash_replica_test_source.rs	184	// go-parity-gap: no concurrent-session transaction validation, no metadata
rust/crates/tidb-executor/tests/tiflash_replica_test_source.rs	198	// go-parity-gap: no online-DDL job queue or state machine, no failpoints, no
rust/crates/tidb-executor/tests/tiflash_replica_test_source.rs	288	// go-parity-gap: documented divergence — this tier truncates IN PLACE
rust/crates/tidb-expr/src/rewriter.rs	2449	"a CAST with the ARRAY modifier is not supported yet",
rust/crates/tidb-expr/src/simple_expr.rs	72	//!   (`rewriter.rs`, "a CAST with the ARRAY modifier is not supported yet"),
rust/crates/tidb-expr/src/tests/builtin_time_calendars_source.rs	340	// go-parity-gap: TestDateArithFuncs' trailing DURATION block feeds a
rust/crates/tidb-expr/src/tests/compare_time_builtin_rows_source.rs	187	// go-parity-gap: the companion `show warnings` assertions at
rust/crates/tidb-expr/src/tests/expression_null_const_source.rs	18	//! their go-parity-gap reasons.
rust/crates/tidb-expr/src/tests/helper_current_timestamp_source.rs	182	// go-parity-gap carriers (Go tests without any Rust-side counterpart yet)
rust/crates/tidb-expr/src/tests/vectorizable_and_chunk_eval_source.rs	18	//! go-parity-gap reason.
rust/crates/tidb-metadef/tests/model_parity_source.rs	410	/// this port uses `TruncateTableArgs{FKCheck: true}` — go-parity-gap:
rust/crates/tidb-planner/tests/casetest_enforce_mpp_rollup_distinct_source.rs	44	#[ignore = "go-parity-gap: needs live MPP costing with TiFlash replica meta injection and the three-stage distinct-agg physical shaping"]
rust/crates/tidb-planner/tests/casetest_enforce_mpp_rollup_distinct_source.rs	58	#[ignore = "go-parity-gap: multi-distinct three-stage MPP rewrite lives only inside the unported optimizer/implementation set"]
rust/crates/tidb-planner/tests/casetest_enforce_mpp_rollup_distinct_source.rs	70	#[ignore = "go-parity-gap: null-aware semi-join MPP pushdown decisions and their warnings are unported"]
rust/crates/tidb-planner/tests/casetest_enforce_mpp_rollup_distinct_source.rs	83	#[ignore = "go-parity-gap: shared-CTE MPP execution planning and the mpp_shared_cte_execution switch are unported"]
rust/crates/tidb-planner/tests/casetest_enforce_mpp_rollup_distinct_source.rs	98	#[ignore = "go-parity-gap: ROLLUP grouping-set planning plus the GROUPING argument check have no end-to-end owner in this crate"]
rust/crates/tidb-planner/tests/casetest_enforce_mpp_rollup_distinct_source.rs	109	#[ignore = "go-parity-gap: needs the live MPP-enforcement decision loop over primary-key tables"]
rust/crates/tidb-planner/tests/casetest_enforce_mpp_rollup_distinct_source.rs	125	#[ignore = "go-parity-gap: set_var hint evaluation, READ-COMMITTED txn context and MPP broadcast-join rendering are unported"]
rust/crates/tidb-planner/tests/casetest_mpp_integration_suite_source.rs	40	#[ignore = "go-parity-gap: needs RunTestUnderCascadesWithDomain (mock-store + TiFlash replica meta injection), ANALYZE stats, session isolation variables and the integration_suite golden plans -- none of this surface exists in tidb-planner"]
rust/crates/tidb-planner/tests/casetest_mpp_integration_suite_source.rs	52	#[ignore = "go-parity-gap: needs hint-driven storage selection plus physical plan construction and plan_tree printing of ExchangeSender/Limit stacks"]
rust/crates/tidb-planner/tests/casetest_mpp_integration_suite_source.rs	63	#[ignore = "go-parity-gap: enforced-MPP planning with statement-warning capture needs the live session pipeline and golden book"]
rust/crates/tidb-planner/tests/casetest_mpp_integration_suite_source.rs	75	#[ignore = "go-parity-gap: outer-join build-side selection by broadcast threshold costs lives in unported findBestTask MPP paths needing analyze stats + replicas"]
rust/crates/tidb-planner/tests/casetest_mpp_integration_suite_source.rs	86	#[ignore = "go-parity-gap: fixed-build-side override inside unported MPP shuffle join planning"]
rust/crates/tidb-planner/tests/casetest_mpp_integration_suite_source.rs	96	#[ignore = "go-parity-gap: cost-driven build-side choice in unported MPP shuffle join planning"]
rust/crates/tidb-planner/tests/casetest_mpp_integration_suite_source.rs	105	#[ignore = "go-parity-gap: threshold-to-shuffle decisions need the unported MPP task/cost machinery plus golden plans"]
rust/crates/tidb-planner/tests/casetest_mpp_integration_suite_source.rs	116	#[ignore = "go-parity-gap: whole-plan goldens over enforce-MPP column pruning; the error surface itself lives in unported exchange resolution"]
rust/crates/tidb-planner/tests/casetest_mpp_integration_suite_source.rs	127	#[ignore = "go-parity-gap: collation gating of hash exchanges happens in unported MPP exchange resolution"]
rust/crates/tidb-planner/tests/casetest_mpp_integration_suite_source.rs	136	#[ignore = "go-parity-gap: same missing live-planning surface as the hash-exchange sibling"]
rust/crates/tidb-planner/tests/casetest_mpp_integration_suite_source.rs	145	#[ignore = "go-parity-gap: avg-to-sum/count rewrite under MPP pushdown needs the unported aggregation split rule chain"]
rust/crates/tidb-planner/tests/casetest_mpp_integration_suite_source.rs	154	#[ignore = "go-parity-gap: union branches inside the unported MPP costing loop"]
rust/crates/tidb-planner/tests/casetest_mpp_integration_suite_source.rs	163	#[ignore = "go-parity-gap: decimal-keyed join costing + exchange selection unported"]
rust/crates/tidb-planner/tests/casetest_mpp_integration_suite_source.rs	173	#[ignore = "go-parity-gap: exchange-level column pruning interacts with the unported physical optimizer driver"]
rust/crates/tidb-planner/tests/casetest_mpp_integration_suite_source.rs	186	#[ignore = "go-parity-gap: fine-grained-shuffle stream derivation + failpoint-backed instance list need domain plumbing absent from tidb-planner (receiver only exposes the configured count)"]
rust/crates/tidb-planner/tests/casetest_mpp_integration_suite_source.rs	196	#[ignore = "go-parity-gap: agg/topn placement across MPP stages requires unported enforcement+costing"]
rust/crates/tidb-planner/tests/casetest_mpp_integration_suite_source.rs	205	#[ignore = "go-parity-gap: sort-property rejection over MPP property enforcement unported"]
rust/crates/tidb-planner/tests/casetest_mpp_integration_suite_source.rs	215	#[ignore = "go-parity-gap: cross-engine selection distribution in unported physical planning"]
rust/crates/tidb-planner/tests/casetest_mpp_integration_suite_source.rs	224	#[ignore = "go-parity-gap: projection placement across exchanges unported"]
rust/crates/tidb-planner/tests/casetest_mpp_integration_suite_source.rs	234	#[ignore = "go-parity-gap: two-phase agg decomposition over exchanges unported"]
rust/crates/tidb-planner/tests/casetest_mpp_integration_suite_source.rs	245	#[ignore = "go-parity-gap: session-variable gated exchange versions + executor round trip unported"]
rust/crates/tidb-planner/tests/casetest_mpp_integration_suite_source.rs	256	#[ignore = "go-parity-gap: remove-useless-exchange rewrite belongs to the unported MPP post-processing"]
rust/crates/tidb-planner/tests/casetest_mpp_integration_suite_source.rs	267	#[ignore = "go-parity-gap: same missing surface as its WithRemoveUselessExchange sibling"]
rust/crates/tidb-planner/tests/casetest_parallel_apply_suite_source.rs	41	#[ignore = "go-parity-gap: needs CreateMockStore session+executor for explain analyze rows and recursive-CTE execution; enableParallelApply decision logic is unported"]
rust/crates/tidb-planner/tests/casetest_parallel_apply_suite_source.rs	52	#[ignore = "go-parity-gap: RunTestUnderCascades live planning with hint-driven IndexJoin choice plus plan_tree printing and warning capture"]
rust/crates/tidb-planner/tests/casetest_parallel_apply_suite_source.rs	65	#[ignore = "go-parity-gap: outerExpectedCnt estimation and KeepOrder selection in exhaustPhysicalPlans4LogicalApply are unported; assertions also compare executor outputs"]
rust/crates/tidb-protocol/src/error_conversion.rs	43	/// Feature is not supported yet.
rust/crates/tidb-server/src/cluster_session_node/mod.rs	6868	"{feature} is not supported yet"
rust/crates/tidb-server/src/mysql_connection.rs	259	/// such as `COM_FIELD_LIST` that this bounded node has not implemented.
rust/crates/tidb-server/tests/auth_exchange_source.rs	95	// and is intentionally not implemented by this transport leaf.
rust/crates/tidb-session/src/account.rs	470	"CREATE USER options beyond the account list are not supported yet",
rust/crates/tidb-session/src/account.rs	1157	"GRANT ... ON FUNCTION/PROCEDURE is not supported yet",
rust/crates/tidb-session/src/account.rs	1167	"GRANT ... REQUIRE is not supported yet",
rust/crates/tidb-session/src/account.rs	1302	"REVOKE ... ON FUNCTION/PROCEDURE is not supported yet",
rust/crates/tidb-session/src/account.rs	1582	"GRANT/REVOKE with a column list is not supported yet",
rust/crates/tidb-session/src/account.rs	1661	"GRANT/REVOKE with a column list is not supported yet",
rust/crates/tidb-session/src/binding_cache.rs	96	//!   incremental watermark and metrics are not implemented here.
rust/crates/tidb-session/src/dispatch.rs	420	"this CREATE DATABASE option is not supported yet",
rust/crates/tidb-session/src/dispatch.rs	2620	"IMPORT INTO FORMAT '{format}' is not supported yet"
rust/crates/tidb-session/src/dispatch.rs	2761	"this DML statement kind ({}) is not supported yet",
rust/crates/tidb-session/src/dispatch.rs	3059	"this DDL statement kind ({}) is not supported yet",
rust/crates/tidb-session/src/dispatch.rs	3064	"this statement kind (ADMIN {}) is not supported yet",
rust/crates/tidb-session/src/dispatch.rs	3068	"this statement kind ({}) is not supported yet",
rust/crates/tidb-session/src/dispatch.rs	3149	"reading at @@tidb_snapshot is not supported yet",
rust/crates/tidb-session/src/dispatch.rs	3163	"reading at @@tidb_read_staleness is not supported yet",
rust/crates/tidb-session/src/explain_arm.rs	67	"EXPLAIN of a plan digest is not supported yet",
rust/crates/tidb-session/src/explain_arm.rs	149	"EXPLAIN ANALYZE of {} is not supported yet",
rust/crates/tidb-session/src/explain_arm.rs	156	"EXPLAIN ANALYZE of {} is not supported yet",
rust/crates/tidb-session/src/explain_arm.rs	189	"EXPLAIN of {} is not supported yet",
rust/crates/tidb-session/src/explain_arm.rs	196	"EXPLAIN of {} is not supported yet",
rust/crates/tidb-session/src/show.rs	889	"EXPLAIN FOR CONNECTION over a live statement is not supported yet",
rust/crates/tidb-session/src/show.rs	1476	"SHOW WARNINGS filters are not supported yet",
rust/crates/tidb-session/src/show.rs	1484	"SHOW ERRORS filters are not supported yet",
rust/crates/tidb-session/src/show.rs	1570	"SHOW PROCESSLIST filters are not supported yet",
rust/crates/tidb-session/src/show.rs	1809	"SHOW EXTENDED COLUMNS is not supported yet",
rust/crates/tidb-session/src/tests_core/ddl.rs	1488	///   ERR code=1105 msg='CREATE TABLE ... SELECT' is not implemented yet
rust/crates/tidb-session/src/tests_core/ddl.rs	1490	///   ERR code=1105 msg='CREATE TABLE ... SELECT' is not implemented yet
rust/crates/tidb-session/src/tests_core/ddl.rs	1512	error.message, "'CREATE TABLE ... SELECT' is not implemented yet",
rust/crates/tidb-session/src/tests_domain_domain_utils_source.rs	48	// go-parity-gap: both constants live in pkg/domain/domain.go (unported);
rust/crates/tidb-session/src/tests_domain_domain_utils_source.rs	51	#[ignore = "go-parity-gap: domain.go's lostConnectionToPDTimeout/serverIDTTL \
rust/crates/tidb-session/src/tests_domain_schema_checker_source.rs	18	//! go-parity-gap: the Go test drives the REAL `isvalidator.New(lease)` delta
rust/crates/tidb-session/src/tests_domain_schema_checker_source.rs	103	// go-parity-gap: pkg/infoschema/isvalidator (ported as
rust/crates/tidb-session/src/tests_domain_schema_checker_source.rs	107	#[ignore = "go-parity-gap: the real isvalidator ring (tidb_exec::schema_validator) \
rust/crates/tidb-session/src/tests_domain_serverinfo_syncer_source.rs	289	// go-parity-gap: the owner-key half of cleanupStaleServerAndOwnerInfo
rust/crates/tidb-session/src/tests_domain_serverinfo_syncer_source.rs	293	#[ignore = "go-parity-gap: owner.DeleteOwnerKeyByID (owner election) is not \
rust/crates/tidb-session/src/tests_domain_serverinfo_syncer_source.rs	351	// go-parity-gap: NewCrossKSSyncer is not transcreated (keyspaces arrive
rust/crates/tidb-session/src/tests_domain_serverinfo_syncer_source.rs	355	#[ignore = "go-parity-gap: NewCrossKSSyncer (cross-keyspace syncer wiring) is \
rust/crates/tidb-session/src/tests_index_hints.rs	124	//! MEASURED NEGATIVE, not implemented here: a matched comment hint does not
rust/crates/tidb-session/src/tests_show.rs	2017	// Go skips exactly these two as not implemented.
rust/crates/tidb-session/tests/add_hash_partitions_source.rs	55	error.contains("not supported yet") || error.contains("REORGANIZE"),
rust/crates/tidb-txnkv/src/rpc/error.rs	45	/// The operation is not implemented.
rust/crates/tidb-unistore/src/kv_handler.rs	287	which is not supported yet"
rust/crates/tidb-unistore/src/tests_mockstore_part1_go_parity.rs	39	//!   (`go-parity-gap`, ignored with the master vectors): the two top-level
rust/crates/tidb-unistore/src/tests_mockstore_part1_go_parity.rs	548	// go-parity-gap pins: the subject has NO Rust transcreation anywhere in the
rust/crates/tidb-unistore/src/tests_mockstore_part1_go_parity.rs	558	#[ignore = "go-parity-gap: unistore pdClient.GetAllMembers has no Rust transcreation yet"]
rust/crates/tidb-unistore/src/tests_mockstore_part1_go_parity.rs	570	#[ignore = "go-parity-gap: unistore pdClient.LoadGlobalConfig/StoreGlobalConfig have no Rust transcreation yet"]
rust/crates/tidb-unistore/src/tests_mockstore_part1_go_parity.rs	582	#[ignore = "go-parity-gap: unistore pdClient.LoadGlobalConfig/StoreGlobalConfig have no Rust transcreation yet"]
rust/crates/tidb-unistore/src/tests_mockstore_part1_go_parity.rs	592	#[ignore = "go-parity-gap: unistore pdClient.WatchGlobalConfig has no Rust transcreation yet"]
rust/crates/tidb-unistore/src/tests_mockstore_part1_go_parity.rs	604	#[ignore = "go-parity-gap: pkg/store/mockstore/unistore/raw_handler.go has no Rust transcreation (kv_handler.rs seeds server.go only)"]
rust/crates/tidb-unistore/src/tests_mockstore_part1_go_parity.rs	621	#[ignore = "go-parity-gap: rides client-go testutils NewMockTiKV/MockCluster.SplitKeys across SQL-free mvcc scans; no hostable seam exists in this workspace (third_party MockCluster is not reachable from any crate without manifest edits outside this batch's scope)"]
rust/crates/tidb-unistore/src/tests_mockstore_part1_go_parity.rs	637	#[ignore = "go-parity-gap: MockTiKVDriver.Open / IsLatchEnabled have no Rust transcreation (node_config treats mocktikv as unsupported store)"]
rust/crates/tidb-unistore/src/tests_mockstore_part1_go_parity.rs	652	#[ignore = "go-parity-gap: rides session BootstrapSession + distsql over mock TiKV + failpoint DisablePaging; none of those seams exist in this workspace"]
rust/crates/tidb-unistore/src/tests_mockstore_part1_go_parity.rs	668	#[ignore = "go-parity-gap: mppExecBuilder/buildAndRunMPPExecutor (cophandler/mpp.go, mpp_exec.go) has no Rust transcreation"]
rust/crates/tidb-unistore/src/tests_mockstore_part1_go_parity.rs	682	#[ignore = "go-parity-gap: timed bench harness over the untranscreated MPP executor; its correctness content reduces to shapes already pinned above"]
rust/crates/tidb-unistore/src/tests_mockstore_part1_go_parity.rs	695	#[ignore = "go-parity-gap: exchSenderExec/ExchangerTunnel (cophandler/mpp_exec.go) has no Rust transcreation"]
rust/crates/tidb-unistore/src/tests_mockstore_part1_go_parity.rs	709	#[ignore = "go-parity-gap: newGCStatesManager (tikv/gc_worker.go) has no Rust transcreation; gc_state.rs transcreates client-go's CLIENT half, not this owner side"]
rust/crates/tidb-util/src/column_mapping.rs	396	/// rewriting is not implemented by this package.
rust/crates/tidb-util/src/column_mapping.rs	420	"ddl {statement} @ column mapping rule {schema}/{table}:{rule:?} not implemented"
rust/crates/tidb-util/src/master_key/mod.rs	171	STORAGE_VENDOR_NAME_AZURE => Err("not implemented Azure KMS".to_owned()),
rust/crates/tidb-util/src/master_key/mod.rs	248	/// Azure's explicit "not implemented" and the unknown-vendor message.
rust/crates/tidb-util/src/master_key/mod.rs	281	"not implemented Azure KMS"
rust/crates/tidb-util/src/memory/tracker.rs	1574	#[ignore] // go-parity-gap: relies on Go runtime.SetFinalizer machinery; Rust has no finalizers
rust/crates/tidb-util/src/memory/tracker.rs	1585	#[ignore] // go-parity-gap: needs the globalArbitrator singleton (global_arbitrator.go) which is not ported
rust/third_party/tikv-client-rs/src/common/errors.rs	59	/// Feature is not implemented.
rust/third_party/tikv-client-rs/src/mock.rs	431	unimplemented!()
rust/third_party/tikv-client-rs/src/region_cache.rs	4199	unimplemented!()
rust/third_party/tikv-client-rs/src/request/mod.rs	449	unimplemented!()
rust/third_party/tikv-client-rs/src/request/mod.rs	453	unimplemented!()
rust/third_party/tikv-client-rs/src/request/mod.rs	666	unimplemented!()
rust/third_party/tikv-client-rs/src/request/mod.rs	670	unimplemented!()
rust/third_party/tikv-client-rs/src/store/client.rs	645	"streaming coprocessor is not supported yet"
rust/third_party/tikv-client-rs/src/store/request.rs	1562	"streaming coprocessor is not supported yet".to_owned(),
rust/third_party/tikv-client-rs/src/store/request.rs	2569	Err(Error::StringError(message)) if message == "streaming coprocessor is not supported yet"
