CREATE TABLE `t0` (
  `id` bigint NOT NULL,
  `c0` datetime NOT NULL,
  `c1` bigint DEFAULT NULL,
  `c2` int NOT NULL,
  `c3` decimal(12,2) DEFAULT NULL,
  `c4` tinyint(1) NOT NULL,
  `c5` bigint NOT NULL,
  `c6` date NOT NULL,
  PRIMARY KEY (`id`) /*T![clustered_index] CLUSTERED */,
  KEY `idx_c1` (`c1`),
  KEY `idx_c2` (`c2`),
  KEY `idx_c6_4` (`c6`),
  KEY `idx_c3_26` (`c3`),
  KEY `idx_c4_27` (`c4`),
  KEY `idx_c2_c5_c0_29` (`c2`,`c5`,`c0`),
  KEY `idx_c0_29` (`c0`),
  KEY `idx_c5_30` (`c5`),
  KEY `idx_id_31` (`id`)
) ENGINE=InnoDB DEFAULT CHARSET=utf8mb4 COLLATE=utf8mb4_bin;
CREATE TABLE `t1` (
  `id` bigint NOT NULL,
  `c0` int NOT NULL,
  `c1` int NOT NULL,
  `c2` int NOT NULL,
  `c3` bigint NOT NULL,
  `c4` float NOT NULL,
  `c5` double NOT NULL,
  PRIMARY KEY (`id`) /*T![clustered_index] CLUSTERED */,
  KEY `idx_c2` (`c2`),
  KEY `idx_c3` (`c3`),
  KEY `idx_c0_1` (`c0`),
  KEY `idx_c5_2` (`c5`),
  KEY `idx_c1_8` (`c1`),
  KEY `idx_c4_18` (`c4`),
  KEY `idx_id_20` (`id`),
  KEY `idx_c2_c0_c3_32` (`c2`,`c0`,`c3`),
  CONSTRAINT `fk_102` FOREIGN KEY (`id`) REFERENCES `t5` (`id`),
  CONSTRAINT `fk_149` FOREIGN KEY (`id`) REFERENCES `t2` (`id`),
  CONSTRAINT `fk_162` FOREIGN KEY (`id`) REFERENCES `t4` (`id`)
) ENGINE=InnoDB DEFAULT CHARSET=utf8mb4 COLLATE=utf8mb4_bin;
CREATE TABLE `t2` (
  `id` bigint NOT NULL,
  `c0` int NOT NULL,
  `c1` tinyint(1) NOT NULL,
  `c2` double NOT NULL,
  `c3` decimal(12,2) NOT NULL,
  PRIMARY KEY (`id`) /*T![clustered_index] CLUSTERED */,
  KEY `idx_c1` (`c1`),
  KEY `fk_2` (`id`),
  KEY `idx_c2_9` (`c2`),
  KEY `idx_id_11` (`id`),
  KEY `idx_c0_14` (`c0`),
  KEY `idx_c3_21` (`c3`),
  KEY `idx_c2_c1_26` (`c2`,`c1`),
  KEY `idx_c0_c3_c1_29` (`c0`,`c3`,`c1`),
  KEY `idx_c2_c3_c1_31` (`c2`,`c3`,`c1`),
  CONSTRAINT `fk_2` FOREIGN KEY (`id`) REFERENCES `t1` (`id`),
  CONSTRAINT `fk_7` FOREIGN KEY (`id`) REFERENCES `t3` (`id`),
  CONSTRAINT `fk_79` FOREIGN KEY (`id`) REFERENCES `t5` (`id`),
  CONSTRAINT `fk_163` FOREIGN KEY (`id`) REFERENCES `t0` (`id`)
) ENGINE=InnoDB DEFAULT CHARSET=utf8mb4 COLLATE=utf8mb4_bin;
CREATE TABLE `t3` (
  `id` bigint NOT NULL,
  `c0` float NOT NULL,
  `c1` decimal(12,2) NOT NULL,
  `c2` int DEFAULT NULL,
  `c3` decimal(12,2) NOT NULL,
  `c4` double NOT NULL,
  `c5` float DEFAULT NULL,
  `c6` float DEFAULT NULL,
  PRIMARY KEY (`id`) /*T![clustered_index] CLUSTERED */,
  KEY `idx_c1` (`c1`),
  KEY `idx_c3_3` (`c3`),
  KEY `idx_c6_5` (`c6`),
  KEY `idx_c4_12` (`c4`),
  KEY `idx_c5_13` (`c5`),
  KEY `idx_c2_17` (`c2`),
  KEY `idx_c0_22` (`c0`),
  KEY `idx_id_23` (`id`),
  KEY `idx_c2_c4_c6_26` (`c2`,`c4`,`c6`),
  KEY `idx_c1_c5_c0_29` (`c1`,`c5`,`c0`)
) ENGINE=InnoDB DEFAULT CHARSET=utf8mb4 COLLATE=utf8mb4_bin;
CREATE TABLE `t4` (
  `id` bigint NOT NULL,
  `c0` varchar(64) DEFAULT NULL,
  `c1` float NOT NULL,
  `c2` bigint DEFAULT NULL,
  `c3` tinyint(1) NOT NULL,
  `c4` bigint NOT NULL,
  PRIMARY KEY (`id`) /*T![clustered_index] CLUSTERED */,
  KEY `idx_c3_0` (`c3`),
  KEY `idx_c2_6` (`c2`),
  KEY `idx_c1_7` (`c1`),
  KEY `idx_c1_c2_14` (`c1`,`c2`),
  KEY `idx_c4_15` (`c4`),
  KEY `idx_id_16` (`id`),
  KEY `idx_c0_24` (`c0`),
  KEY `idx_c0_c1_c3_26` (`c0`,`c1`,`c3`),
  CONSTRAINT `fk_90` FOREIGN KEY (`id`) REFERENCES `t3` (`id`),
  CONSTRAINT `fk_123` FOREIGN KEY (`id`) REFERENCES `t2` (`id`),
  CONSTRAINT `fk_145` FOREIGN KEY (`id`) REFERENCES `t5` (`id`),
  CONSTRAINT `fk_171` FOREIGN KEY (`id`) REFERENCES `t1` (`id`)
) ENGINE=InnoDB DEFAULT CHARSET=utf8mb4 COLLATE=utf8mb4_bin;
CREATE TABLE `t5` (
  `id` bigint NOT NULL,
  `c0` datetime NOT NULL,
  `c1` tinyint(1) NOT NULL,
  `c2` int DEFAULT NULL,
  `c3` timestamp NOT NULL,
  PRIMARY KEY (`id`) /*T![clustered_index] CLUSTERED */,
  KEY `idx_c2` (`c2`),
  KEY `idx_c3` (`c3`),
  KEY `idx_c0_10` (`c0`),
  KEY `idx_c1_19` (`c1`),
  KEY `idx_id_25` (`id`),
  KEY `idx_c1_c0_28` (`c1`,`c0`),
  KEY `idx_c0_c2_30` (`c0`,`c2`),
  CONSTRAINT `fk_103` FOREIGN KEY (`id`) REFERENCES `t0` (`id`),
  CONSTRAINT `fk_141` FOREIGN KEY (`id`) REFERENCES `t3` (`id`),
  CONSTRAINT `fk_147` FOREIGN KEY (`id`) REFERENCES `t4` (`id`),
  CONSTRAINT `fk_151` FOREIGN KEY (`id`) REFERENCES `t1` (`id`),
  CONSTRAINT `fk_198` FOREIGN KEY (`id`) REFERENCES `t2` (`id`)
) ENGINE=InnoDB DEFAULT CHARSET=utf8mb4 COLLATE=utf8mb4_bin;
INSERT INTO t1 (id, c0, c1, c2, c3, c4, c5) VALUES (81, 19, 68, 25, 15, 41.13, 51.94), (82, 93, 19, 11, 10, 81.29, 58.73), (83, 11, 42, 8, 63, 28.37, 90.65), (84, 53, 99, 63, 10, 92.07, 80.32), (85, 15, 24, 80, 43, 24.28, 55.72), (86, 95, 59, 92, 97, 64.04, 25.8), (87, 63, 5, 69, 66, 76.46, 68.47), (88, 7, 93, 5, 4, 28.47, 75.98), (89, 60, 39, 46, 60, 15.11, 93.71), (90, 41, 44, 58, 40, 34.06, 15.76), (91, 28, 70, 99, 15, 32.76, 56.33), (92, 67, 53, 19, 41, 82.51, 49.44), (93, 46, 86, 86, 69, 44.88, 98.73), (94, 18, 97, 18, 74, 3.46, 50.75), (95, 59, 11, 88, 1, 27.05, 17.22), (96, 13, 87, 98, 35, 16.88, 3.7), (97, 42, 47, 3, 8, 2.71, 88.6), (98, 74, 71, 53, 4, 10.8, 38.11), (99, 50, 73, 77, 37, 68.55, 11.5), (100, 81, 41, 15, 83, 60.26, 46.13), (101, 41, 41, 49, 69, 80.33, 40.82), (102, 40, 24, 82, 75, 0.46, 58.12), (103, 88, 22, 96, 40, 51.24, 12.29), (104, 76, 90, 24, 36, 8.57, 60.91), (105, 55, 46, 90, 73, 25.09, 95.02), (106, 9, 13, 34, 28, 21.22, 83.49), (107, 55, 95, 92, 69, 72.4, 86.64), (108, 81, 25, 63, 89, 7.23, 59.17), (109, 21, 41, 0, 66, 82.39, 8.48), (110, 7, 82, 5, 68, 31.54, 16.16), (111, 82, 12, 29, 25, 60.31, 41.89), (112, 5, 27, 37, 52, 32.53, 69.39), (113, 13, 87, 8, 30, 93.2, 69.79), (114, 13, 17, 55, 82, 60.9, 27.44), (115, 62, 49, 42, 68, 96.02, 80.66), (116, 32, 92, 46, 91, 55.75, 42.83), (117, 45, 82, 5, 92, 55.6, 59.32), (118, 22, 43, 87, 55, 79.93, 69.95), (119, 18, 37, 54, 95, 30.06, 55.03), (120, 89, 25, 41, 89, 51.71, 70.88), (121, 24, 27, 49, 66, 24.84, 85.76), (122, 41, 36, 42, 5, 79.81, 83.37), (123, 69, 55, 13, 98, 5.93, 24.75), (124, 96, 48, 8, 53, 29.21, 47.8), (125, 56, 45, 44, 73, 99.76, 86);
INSERT INTO t3 (id, c0, c1, c2, c3, c4, c5, c6) VALUES (26, 7.07, 87.98, 82, 3.83, 11.63, 50.72, 65.18), (27, 38.81, 97.35, 45, 37.31, 48.27, 9.57, 42.04), (28, 96.53, 15.1, 25, 15.5, 26.75, 30.28, 77.18), (29, 38.93, 11.47, 79, 16.4, 85.86, 19.56, 20.99), (30, 87.36, 2.45, 15, 83.62, 35.59, 53.76, 77.6), (31, 95.17, 8.15, 3, 35.16, 60.33, 71.02, 80.42), (32, 59.92, 16.29, 73, 48, 8.94, 98.34, 57.82), (33, 43.91, 62.13, 18, 74.5, 65.06, 61.22, 82), (34, 3.54, 66.12, 53, 13.26, 38.42, 43.97, 15.16), (35, 14.11, 13.51, 86, 21.6, 38.91, 6.7, 36.7), (36, 87.97, 67.98, 1, 2.53, 94.55, 93.1, 62.99), (37, 96.1, 38.56, 28, 91.8, 54.41, 94.86, 53.68), (38, 47.79, 98.93, 54, 3.52, 29.66, 98.32, 82.46), (39, 64.23, 65.09, 42, 28.54, 86.4, 24.25, 86.51), (40, 45.74, 60.36, 69, 87.99, 4.76, 73.31, 80.29), (41, 84.51, 21.48, 97, 92.25, 88.42, 10.97, 78.64), (42, 90.01, 22.27, 83, 82.87, 84.49, 11.64, 91.77), (43, 11.44, 10.98, 64, 24.27, 94.67, 39.06, 87.23), (44, 38.44, 85.63, 97, 53.56, 95.35, 44.11, 82.06), (45, 35.12, 65.11, 47, 89.75, 38.38, 95.6, 31.08), (46, 6.68, 94.63, 46, 25.68, 87.17, 37.62, 72.52), (47, 96.58, 11.74, 92, 81.31, 5.61, 56.02, 20.99), (48, 60.99, 85.1, 80, 58.47, 96.85, 66.57, 79.89), (49, 28.26, 26.25, 17, 20.57, 73.43, 1.4, 5.67), (50, 0.43, 17.67, 65, 17.18, 68.23, 99.67, 37.88), (51, 60.32, 13.7, 88, 32.14, 85.59, 89.45, 97.97), (52, 50.44, 63.36, 34, 26.66, 92.95, 84.87, 5.12), (53, 80.57, 73.36, 55, 5.81, 83.36, 3.86, 93.32), (54, 29.86, 67.62, 87, 9.57, 93.26, 78.8, 22.1), (55, 69.52, 13.29, 25, 63.12, 52.23, 55.37, 81.26), (56, 93.29, 50.46, 37, 92.26, 29.59, 83, 76.87), (57, 92.38, 94.88, 85, 62.86, 96.27, 31.71, 49.15), (58, 13.32, 62.85, 94, 76.09, 64.34, 79.07, 90.69), (59, 38.44, 90.39, 49, 64.17, 59.35, 2.45, 1.19), (60, 47.42, 83.58, 47, 28.86, 49.37, 8.97, 21.52), (61, 52.78, 32.29, 12, 18.05, 28.49, 81.44, 62.41), (62, 56.8, 65.92, 9, 29.74, 75.47, 97.45, 47.56), (63, 15.08, 12.04, 65, 77.4, 6.57, 66.01, 27.95), (64, 64.99, 66.46, 25, 36.73, 12.12, 18.6, 11.03), (65, 50.15, 26.82, 63, 71.62, 52.07, 1.99, 42.43), (66, 44.21, 10.87, 78, 79, 74.96, 44, 51.13), (67, 16.99, 25.13, 80, 56.41, 41.99, 14.2, 2.73), (68, 13.68, 53.55, 59, 12.06, 62.91, 7.75, 83.23), (69, 76, 66.56, 3, 87.11, 10.42, 19.11, 96.94), (70, 27.54, 8.03, 80, 20.64, 77.11, 9.34, 4.31), (71, 92.16, 57.54, 10, 16.24, 22.9, 75.14, 26.15), (72, 61.92, 91.57, 65, 5.56, 33.43, 1, 71.53), (73, 64.93, 22.65, 93, 31.28, 30.84, 90.89, 27.46), (74, 1.14, 7.5, 60, 62.25, 21.76, 61.54, 95.87), (75, 22.77, 2.26, 61, 85.34, 42.89, 35.86, 97.2), (76, 51.9, 71.42, 76, 72.67, 11.43, 81.13, 60.76), (77, 23.65, 38.15, 19, 63.81, 31.72, 54.54, 11.27), (78, 23.22, 88.9, 91, 82.09, 90.64, 92.05, 97.5), (79, 48.75, 1.3, 34, 6.02, 35.14, 3.11, 88.6), (80, 36.03, 26.75, 79, 69.36, 73.18, 40.64, 71.07), (81, 28.27, 88.75, 47, 84.37, 84.9, 40.95, 3.13), (82, 55.41, 74.85, 50, 53.25, 0.92, 54.65, 81.63), (83, 66.27, 24.1, 33, 53.5, 44.27, 72.26, 75.46), (84, 14.16, 28.86, 10, 0.03, 67.54, 85.6, 20.14), (85, 47.19, 89.23, 59, 0.59, 77.75, 3.73, 71.47), (86, 73.92, 23.64, 47, 1.65, 46.43, 70.08, 86.68), (87, 36.52, 19.42, 9, 31.34, 63.11, 54.24, 38.46), (88, 51.9, 80.77, 4, 76.02, 28.92, 68.49, 1.41), (89, 74.84, 94.03, 42, 37.48, 23.5, 26.65, 64.71), (90, 58.15, 86.97, 26, 98.36, 30.69, 59.09, 51.38), (91, 89.18, 84.23, 60, 58.59, 37.53, 27.48, 77.89), (92, 90.61, 19.2, 90, 58.34, 69.2, 22.56, 38.58), (93, 16.63, 0.53, 45, 20.43, 26.23, 19.37, 59.09), (94, 93.59, 16.67, 26, 6.33, 22.65, 94.19, 69.36), (95, 60.95, 59.87, 58, 93.12, 56.32, 69.5, 52.06), (96, 65.67, 90.5, 91, 96.35, 5.47, 42.18, 48.1), (97, 83.95, 53.16, 43, 12.19, 73.81, 99.68, 57.07), (98, 52.9, 67.11, 40, 46.95, 52.57, 77.26, 79.94), (99, 18.67, 20.49, 99, 88.08, 37.38, 94.47, 8.39), (100, 94.07, 61.59, 16, 63.9, 9.19, 80.18, 41.62), (101, 63.27, 98.47, 17, 50.13, 18.5, 7.65, 45.79), (102, 62.19, 17.98, 18, 15.01, 32, 16.69, 66.3), (103, 77.7, 25.6, 43, 12.43, 39.59, 12.01, 25.04), (104, 88.73, 65.38, 9, 30.31, 96.56, 8.7, 25.77), (105, 84.16, 64.25, 49, 39.55, 14.28, 16.49, 32.13), (106, 81.27, 67.49, 62, 9.92, 30, 0.35, 37.92), (107, 49.53, 98.28, 82, 35.16, 30.96, 82.54, 86.47), (108, 47.68, 33.96, 77, 45.83, 89.21, 80.95, 74.96), (109, 75.16, 84.72, 9, 47.26, 12.26, 38.27, 25.19), (110, 47.75, 68.68, 5, 61.28, 81.72, 62.88, 40.09), (111, 96.31, 27.84, 6, 52.95, 79.25, 53.96, 77.92), (112, 63.78, 65.11, 89, 43.47, 34.38, 21.94, 16.49), (113, 45.96, 61.79, 81, 71.3, 4.7, 25.3, 66.08), (114, 69.32, 68.12, 43, 4.11, 45.24, 31.2, 22.72), (115, 80.3, 85.48, 58, 80.98, 84.3, 84.69, 33.35), (116, 31.24, 18.97, 99, 10.23, 99.13, 79.63, 92.01), (117, 2.37, 49, 34, 55.99, 68.1, 10.21, 56.23), (118, 16.52, 33.93, 78, 96.46, 13.81, 5.81, 57.15), (119, 68.54, 55.78, 11, 16.32, 33.96, 61.51, 35.57), (120, 98.38, 48.44, 57, 0.33, 62.23, 67.5, 43.12), (121, 32.03, 53.15, 94, 55.15, 28.92, 82.04, 33.95), (122, 51.94, 85.88, 6, 53.02, 43.84, 61.84, 82.62), (123, 72.04, 85.56, 30, 94.96, 81.39, 14.16, 36), (124, 92.91, 69.23, 42, 82.99, 49.94, 68.33, 28.23), (125, 77.25, 38.06, 68, 35.81, 16.96, 99.45, 7.21), (126, 39.32, 16.91, 69, 42.45, 64.54, 7.69, 16.33), (127, 17.22, 85.21, 98, 3.3, 8.81, 53.54, 73.34), (128, 8.97, 31.81, 66, 6.75, 21.83, 51.62, 54.49), (129, 46.13, 22.22, 44, 82.6, 61.41, 90.81, 72.79), (130, 58.75, 41.25, 6, 32.37, 70.57, 92.91, 19.11), (131, 73.62, 7.93, 47, 20.05, 71.89, 65.19, 5.24), (132, 65.33, 57.28, 41, 41.49, 17.09, 23.07, 20.13), (133, 92.97, 93.3, 16, 87.95, 71.56, 50.81, 8.21), (134, 68.25, 18.9, 20, 53.64, 89.81, 31.01, 2.14), (135, 48.24, 83.18, 13, 35.11, 49.84, 37.42, 19.28), (136, 84.96, 56.01, 11, 26.01, 81.33, 59.64, 39.01), (137, 2.64, 63.21, 49, 96.86, 1.07, 52.56, 43.18), (138, 82.42, 16.56, 18, 2.37, 39.03, 20.38, 62.69), (139, 36.51, 97.48, 34, 11.75, 64.1, 97.57, 15.93), (140, 45.15, 96.98, 12, 4.34, 96.21, 45.25, 87.37), (141, 35.57, 24.93, 8, 34.68, 30.49, 59.09, 20.15), (142, 23.64, 55.24, 12, 62.4, 34.92, 16.78, 64.94), (143, 50.32, 20.73, 13, 36.2, 61.06, 42.42, 66.14), (144, 29.35, 94.54, 55, 33.02, 39.69, 67.82, 37.92), (145, 6.85, 43.88, 3, 74.14, 76.79, 12.89, 43.81), (146, 63.77, 74.81, 28, 72.95, 34.65, 46.6, 56.09), (147, 64.79, 35.38, 52, 83.07, 44.87, 61.14, 41.87), (148, 51.91, 81.76, 64, 13.37, 68.42, 24.32, 80.89), (149, 40.54, 70.46, 30, 32.63, 16.61, 34.88, 89.31), (150, 68.26, 67.71, 92, 55.13, 21.05, 19.2, 38.05), (151, 83.08, 62.58, 77, 75.5, 46.68, 92.38, 91.85), (152, 46.8, 10.98, 50, 97.2, 86.4, 5.7, 30.49), (153, 43.3, 87.51, 15, 44.96, 65.58, 10.36, 8.17), (154, 20.89, 39.21, 5, 90.45, 59.99, 80.77, 93.19), (155, 75.5, 8.54, 1, 46.94, 60.05, 91.81, 68.38), (156, 64.32, 5.35, 9, 93.05, 48.18, 38.42, 19.3);
INSERT INTO t0 (id, c0, c1, c2, c3, c4, c5, c6) VALUES (86, '2024-07-23 11:01:29', 74, 8, 41.98, 1, 12, '2023-10-05'), (87, '2024-12-05 16:48:46', 96, 14, 62.23, 1, 22, '2026-12-25'), (88, '2023-08-03 13:37:18', 7, 3, 42.05, 0, 74, '2024-04-20'), (89, '2023-05-22 03:50:49', 95, 81, 79.69, 1, 99, '2024-06-04'), (90, '2023-10-25 23:53:59', 87, 56, 11.05, 0, 83, '2026-07-21'), (91, '2026-07-23 09:36:39', 59, 67, 16.46, 0, 86, '2025-08-17'), (92, '2024-03-07 22:32:04', 51, 37, 43.97, 0, 43, '2026-12-30'), (93, '2023-04-03 18:33:02', 42, 86, 30.99, 1, 36, '2025-08-09'), (94, '2024-12-13 10:35:08', 50, 38, 98.43, 1, 62, '2024-06-10'), (95, '2023-11-30 12:31:35', 92, 49, 8.58, 0, 1, '2026-01-15'), (96, '2024-09-06 08:58:00', 41, 63, 95.2, 0, 72, '2023-04-06'), (97, '2026-09-14 04:35:06', 86, 76, 89.7, 0, 5, '2024-01-26'), (98, '2024-08-14 05:44:31', 33, 73, 33.96, 1, 44, '2023-11-30'), (99, '2025-10-26 06:07:24', 54, 58, 15.76, 1, 44, '2026-02-12'), (100, '2024-01-20 11:17:24', 36, 56, 21.45, 0, 5, '2025-07-05'), (101, '2025-07-20 22:16:51', 96, 53, 17.33, 0, 76, '2025-11-16'), (102, '2025-11-14 01:19:51', 44, 88, 28.65, 0, 20, '2025-12-25'), (103, '2024-01-20 06:02:47', 91, 6, 56.94, 1, 73, '2024-04-23'), (104, '2025-06-06 06:22:15', 20, 65, 95.25, 1, 40, '2026-10-12'), (105, '2025-12-17 05:13:51', 99, 30, 41.48, 1, 99, '2025-07-08'), (106, '2026-10-16 10:53:54', 88, 41, 60.6, 0, 15, '2024-06-29'), (107, '2026-07-23 06:49:41', 77, 70, 40.35, 1, 41, '2024-01-09'), (108, '2026-06-21 05:49:06', 75, 97, 18.55, 1, 9, '2026-12-19'), (109, '2026-06-02 03:01:35', 87, 72, 55.97, 0, 53, '2023-07-17'), (110, '2024-06-03 00:43:20', 73, 85, 10.34, 1, 86, '2026-10-09'), (111, '2025-11-20 01:43:29', 5, 25, 26.25, 1, 67, '2025-11-16'), (112, '2025-08-17 12:13:58', 21, 53, 48.67, 0, 93, '2026-02-27'), (113, '2024-08-16 14:58:32', 85, 25, 18.37, 1, 66, '2023-10-07'), (114, '2024-10-29 11:28:48', 63, 80, 95.44, 1, 85, '2024-03-31'), (115, '2026-08-21 10:41:47', 70, 82, 25.65, 1, 29, '2026-01-30'), (116, '2026-10-21 22:30:15', 37, 93, 55.54, 0, 33, '2023-10-05'), (117, '2024-05-19 01:44:10', 81, 46, 99.8, 1, 44, '2025-10-03'), (118, '2026-09-11 07:58:18', 4, 3, 97.16, 0, 44, '2023-12-08'), (119, '2025-10-05 13:54:28', 90, 36, 83.52, 0, 71, '2024-10-23'), (120, '2026-12-18 04:54:59', 8, 89, 79.1, 1, 75, '2024-04-12'), (121, '2025-01-10 11:44:40', 61, 4, 70.69, 1, 61, '2025-12-13'), (122, '2025-09-12 03:34:38', 72, 17, 43.03, 1, 20, '2026-12-04'), (123, '2023-07-25 08:49:12', 92, 63, 87.21, 1, 54, '2026-05-15'), (124, '2024-12-24 16:26:33', 69, 72, 2.06, 0, 69, '2026-04-29'), (125, '2024-12-19 23:24:09', 40, 73, 61.27, 0, 86, '2026-12-08'), (126, '2023-03-27 05:23:50', 93, 45, 88.94, 1, 73, '2024-12-27'), (127, '2025-12-15 21:58:36', 72, 4, 28.66, 1, 98, '2026-11-22'), (128, '2023-10-04 01:40:34', 12, 30, 89.28, 1, 29, '2025-11-25'), (129, '2025-07-15 03:42:45', 75, 97, 75.84, 0, 51, '2024-03-05'), (130, '2025-03-02 13:32:12', 84, 45, 8.79, 0, 20, '2023-01-03'), (131, '2025-07-09 17:53:25', 34, 55, 87.89, 1, 17, '2024-04-14'), (132, '2023-10-29 08:52:28', 31, 90, 26.02, 1, 45, '2024-05-12'), (133, '2024-10-25 20:53:19', 26, 75, 61.71, 1, 18, '2024-05-03'), (134, '2023-10-25 13:32:47', 53, 18, 43.78, 0, 41, '2026-07-08'), (135, '2024-12-21 09:07:54', 9, 10, 79.2, 0, 20, '2025-06-28'), (136, '2024-04-30 02:42:39', 81, 63, 88.41, 1, 33, '2023-09-30'), (137, '2023-08-23 16:22:15', 3, 37, 24.4, 0, 89, '2024-03-12'), (138, '2023-11-18 13:18:32', 52, 96, 63.34, 1, 1, '2025-01-05'), (139, '2024-05-10 16:03:28', 85, 60, 87.82, 1, 31, '2024-10-19'), (140, '2023-08-15 19:14:56', 35, 28, 51.92, 0, 62, '2023-11-04'), (141, '2026-07-08 15:49:18', 14, 22, 64.21, 1, 4, '2025-08-02'), (142, '2026-12-11 19:14:47', 25, 51, 55.78, 0, 7, '2024-04-25'), (143, '2025-09-19 20:57:33', 2, 82, 90.24, 0, 49, '2023-01-16'), (144, '2023-02-08 17:51:16', 44, 25, 96.3, 0, 91, '2024-11-03'), (145, '2023-02-12 12:35:13', 86, 61, 99, 0, 9, '2025-03-21'), (146, '2024-10-06 02:04:47', 79, 12, 72.87, 0, 53, '2026-08-15'), (147, '2024-04-29 10:05:59', 87, 79, 37.27, 1, 54, '2024-11-21'), (148, '2025-05-19 15:01:26', 51, 9, 13.52, 0, 16, '2023-11-16'), (149, '2024-02-27 22:12:43', 84, 90, 86.7, 0, 11, '2026-08-30'), (150, '2024-03-14 14:42:09', 73, 39, 41.96, 1, 31, '2025-03-21'), (151, '2025-02-01 02:51:05', 85, 48, 32.5, 0, 90, '2024-06-14'), (152, '2026-01-15 00:29:53', 10, 3, 71.23, 0, 39, '2024-04-10'), (153, '2025-05-05 04:47:45', 60, 52, 94.92, 0, 83, '2025-08-14'), (154, '2023-06-05 15:35:20', 82, 1, 31.86, 1, 12, '2025-01-04'), (155, '2026-05-24 00:03:30', 89, 9, 30.92, 1, 5, '2025-11-21'), (156, '2024-03-08 20:56:07', 57, 44, 99.08, 1, 3, '2025-09-08'), (157, '2024-03-01 05:23:41', 11, 33, 26.62, 0, 18, '2025-10-24'), (158, '2026-09-16 17:35:20', 9, 59, 98.23, 1, 65, '2023-04-14'), (159, '2024-01-19 18:15:19', 41, 79, 11.78, 1, 23, '2026-05-22'), (160, '2023-07-06 04:48:19', 71, 86, 62.67, 1, 65, '2026-12-09'), (161, '2026-06-11 05:35:36', 94, 29, 17.58, 1, 29, '2025-03-04'), (162, '2023-10-28 21:16:15', 75, 82, 0.26, 0, 85, '2025-11-07'), (163, '2024-06-20 18:52:21', 35, 14, 51.45, 1, 28, '2026-06-27'), (164, '2023-11-09 14:10:04', 69, 89, 66.5, 0, 9, '2024-07-14'), (165, '2024-10-10 17:44:51', 70, 65, 33.83, 0, 65, '2025-12-04'), (166, '2025-05-22 20:08:54', 52, 8, 6.51, 0, 35, '2026-07-30'), (167, '2026-05-09 21:45:52', 79, 32, 91.23, 1, 95, '2025-11-22'), (168, '2024-01-05 22:53:17', 11, 75, 81.14, 0, 76, '2025-06-01'), (169, '2023-08-09 18:43:12', 62, 15, 63.95, 0, 52, '2026-12-21'), (170, '2025-02-13 12:56:57', 22, 7, 74.06, 0, 4, '2026-10-26'), (171, '2025-02-06 18:28:28', 63, 18, 38.93, 1, 10, '2023-05-03'), (172, '2025-03-23 14:53:01', 46, 21, 93.73, 0, 28, '2026-02-11'), (173, '2025-09-28 23:03:39', 62, 54, 98.81, 1, 33, '2025-05-03'), (174, '2024-01-16 00:04:36', 8, 11, 28.03, 1, 39, '2025-02-09'), (175, '2026-01-22 21:56:16', 97, 73, 65.54, 1, 52, '2023-08-03'), (176, '2025-10-03 02:27:58', 94, 66, 0.63, 1, 82, '2026-06-30'), (177, '2023-10-03 04:38:17', 20, 48, 28.01, 1, 98, '2026-10-10'), (178, '2024-01-04 19:51:36', 0, 82, 88.1, 1, 0, '2024-03-11'), (179, '2026-03-18 05:51:53', 32, 79, 11.7, 0, 89, '2024-03-03'), (180, '2024-11-28 12:09:10', 36, 45, 43.39, 1, 69, '2023-01-12'), (181, '2025-04-30 02:32:55', 16, 39, 15.29, 0, 90, '2024-07-06'), (182, '2024-05-22 04:01:21', 97, 40, 57.98, 1, 63, '2025-10-04'), (183, '2024-07-25 09:00:22', 90, 87, 25.29, 0, 98, '2024-07-03'), (184, '2024-05-24 20:35:34', 6, 24, 59.42, 1, 84, '2024-07-10'), (185, '2024-01-09 10:05:23', 68, 88, 24.13, 1, 10, '2026-05-05'), (186, '2026-04-09 21:08:28', 68, 28, 63.05, 1, 65, '2026-09-04'), (187, '2023-02-06 12:39:12', 21, 66, 54.81, 1, 45, '2026-02-07'), (188, '2026-03-28 10:29:41', 89, 85, 40.48, 0, 42, '2026-01-24'), (189, '2026-08-24 07:11:43', 91, 15, 2.38, 0, 47, '2024-08-22'), (190, '2024-06-09 14:08:23', 72, 48, 67.15, 1, 8, '2026-06-22'), (191, '2026-02-28 23:12:31', 62, 81, 74.01, 1, 59, '2026-11-07'), (192, '2025-09-09 23:46:28', 27, 42, 83.31, 1, 57, '2026-11-01'), (193, '2026-09-03 22:38:48', 37, 62, 27.57, 0, 73, '2024-01-06'), (194, '2023-11-21 15:42:21', 60, 36, 48.45, 1, 7, '2024-04-26');
INSERT INTO t2 (id, c0, c1, c2, c3) VALUES (27, 96, 1, 85.02, 32.77), (28, 22, 0, 90.71, 98.23), (32, 41, 0, 63.65, 93.2), (33, 96, 1, 56.18, 59.02), (34, 18, 0, 27.03, 10.08), (37, 33, 0, 21.59, 24.5), (38, 39, 1, 0.14, 4.03), (39, 80, 1, 39.45, 47.04), (40, 95, 0, 40.31, 27.96), (41, 38, 1, 93.01, 64.31), (42, 26, 0, 63.52, 43.97), (43, 10, 1, 81.63, 85.34), (44, 25, 0, 83.69, 82.03), (45, 80, 0, 58.1, 44.46), (46, 29, 0, 50.41, 50.43), (47, 1, 0, 7.17, 59.04), (51, 16, 1, 3.04, 49.15), (52, 52, 0, 44.08, 26.83), (53, 11, 1, 33.08, 5.63), (54, 63, 0, 87.51, 11.57), (58, 23, 0, 0.92, 90.05), (59, 54, 0, 44.92, 83.4), (60, 45, 1, 2.2, 49.03), (61, 92, 0, 59.66, 11.91), (62, 76, 1, 94.14, 59.99), (63, 84, 1, 30.14, 22.34);
INSERT INTO t4 (id, c0, c1, c2, c3, c4) VALUES (21, 's96', 28.35, 71, 0, 58), (22, 's61', 18.77, 62, 1, 67), (23, 's63', 51.35, 32, 0, 7), (24, 's94', 68.36, 36, 0, 0), (25, 's7', 17.8, 97, 0, 36), (26, 's9', 55.88, 34, 0, 69), (27, 's20', 81.1, 22, 1, 62), (28, 's58', 25.16, 95, 0, 42), (29, 's45', 54.16, 56, 1, 76), (30, 's75', 5, 11, 0, 50), (31, 's24', 29.02, 83, 0, 76), (32, 's79', 89.86, 24, 1, 68), (33, 's42', 83.31, 62, 1, 26), (34, 's32', 23, 65, 0, 82), (35, 's99', 96.26, 93, 1, 45), (36, 's81', 67.32, 18, 0, 37), (37, 's9', 34.4, 57, 1, 43), (38, 's38', 43.61, 29, 0, 32), (39, 's17', 58.3, 57, 1, 97), (40, 's94', 87.54, 99, 1, 84), (41, 's35', 52.93, 40, 1, 8), (42, 's70', 11.05, 22, 1, 21), (43, 's51', 34.13, 14, 0, 0), (44, 's87', 5.15, 80, 1, 83), (45, 's22', 29.43, 86, 1, 91), (46, 's0', 77, 7, 0, 51), (47, 's31', 80.97, 65, 0, 30), (48, 's64', 76.49, 80, 0, 89), (49, 's28', 12.81, 49, 0, 29), (50, 's76', 5.43, 44, 1, 81), (51, 's71', 77.26, 71, 0, 32), (52, 's22', 52.76, 5, 1, 46);
INSERT INTO t5 (id, c0, c1, c2, c3) VALUES (6, '2026-01-27 15:01:18', 0, 85, '2026-07-14 03:57:49'), (7, '2025-02-18 13:39:39', 1, 39, '2023-08-25 21:04:46'), (8, '2026-03-01 03:49:51', 0, 1, '2025-11-02 03:03:34'), (9, '2023-06-03 09:21:28', 0, 68, '2024-11-11 19:44:21'), (10, '2024-10-19 20:42:19', 1, 89, '2023-09-22 16:31:58'), (11, '2024-07-16 19:41:58', 1, 60, '2024-08-17 17:05:36'), (12, '2025-11-20 12:37:58', 0, 36, '2024-07-04 21:43:44'), (13, '2023-03-10 16:59:00', 1, 71, '2025-12-17 17:35:37'), (14, '2023-09-19 13:55:59', 1, 42, '2025-10-08 11:28:43'), (15, '2023-06-25 19:37:44', 0, 33, '2023-09-10 21:20:30'), (16, '2023-10-03 01:44:35', 1, 62, '2026-01-18 23:12:59'), (17, '2024-10-26 05:58:23', 0, 68, '2024-12-18 23:33:54'), (18, '2024-07-27 03:30:49', 1, 38, '2024-09-21 14:04:55'), (19, '2024-04-03 02:32:17', 1, 74, '2023-05-30 03:16:45'), (20, '2026-08-18 01:48:12', 1, 17, '2024-08-23 10:40:24'), (21, '2025-01-21 12:01:10', 0, 59, '2026-02-09 10:13:09'), (22, '2026-07-31 10:14:52', 0, 19, '2026-05-10 22:48:02'), (23, '2023-10-05 13:46:23', 1, 50, '2026-12-31 22:43:15'), (24, '2025-05-21 11:45:53', 1, 23, '2023-11-16 22:43:31'), (25, '2025-03-09 23:00:07', 1, 51, '2025-06-02 06:11:53'), (26, '2023-02-06 21:58:41', 0, 58, '2026-10-05 01:37:35'), (27, '2026-08-03 03:05:31', 1, 73, '2025-05-29 00:20:06'), (28, '2024-01-23 18:25:09', 0, 31, '2023-05-15 13:19:59'), (29, '2024-04-07 23:52:40', 0, 55, '2023-04-11 08:07:28'), (30, '2023-12-27 23:16:30', 0, 17, '2025-02-19 13:04:58'), (31, '2024-11-07 07:05:46', 0, 79, '2025-09-13 05:28:16'), (32, '2023-03-09 14:32:22', 1, 7, '2023-11-06 09:40:39'), (33, '2024-12-25 14:01:57', 0, 10, '2026-07-13 16:06:13'), (34, '2024-03-27 11:14:20', 1, 11, '2025-06-29 00:47:49'), (35, '2023-08-21 15:22:15', 1, 69, '2023-06-04 22:54:40'), (36, '2024-09-17 13:43:21', 1, 78, '2026-05-06 00:45:44'), (37, '2023-10-10 19:53:44', 0, 70, '2025-07-10 00:16:00'), (38, '2023-12-18 10:44:31', 1, 2, '2026-04-09 10:54:28'), (39, '2023-11-16 12:29:06', 0, 66, '2026-09-24 13:10:52'), (40, '2023-07-26 06:32:59', 0, 32, '2024-04-07 16:31:20'), (41, '2023-08-02 21:57:52', 0, 14, '2025-07-01 21:24:23'), (42, '2024-08-22 05:06:23', 1, 0, '2023-12-08 04:13:54'), (43, '2025-01-21 19:32:16', 1, 70, '2025-04-11 14:25:53'), (44, '2024-07-08 14:01:34', 0, 66, '2026-05-24 13:19:25'), (45, '2024-07-29 19:39:59', 1, 95, '2025-11-14 20:08:40'), (46, '2025-09-18 17:29:53', 1, 15, '2023-12-28 03:39:02'), (47, '2023-11-07 08:05:23', 1, 25, '2025-09-22 10:56:05'), (48, '2026-02-25 05:09:00', 0, 39, '2024-03-28 22:47:42'), (49, '2025-05-07 10:41:28', 1, 35, '2026-08-20 15:43:41'), (50, '2026-03-06 16:01:40', 1, 37, '2024-05-21 16:57:28'), (51, '2023-02-27 17:11:14', 0, 70, '2023-09-19 21:35:42'), (52, '2023-07-30 19:49:39', 1, 48, '2025-01-03 13:32:06'), (53, '2023-06-19 22:12:48', 1, 11, '2026-09-14 17:30:39'), (54, '2026-10-09 23:07:34', 1, 21, '2024-10-13 17:32:25'), (55, '2026-04-07 14:16:40', 1, 61, '2023-09-19 20:54:24'), (56, '2025-11-06 04:00:02', 1, 39, '2023-06-22 03:44:30'), (57, '2024-01-16 09:05:52', 0, 56, '2024-11-30 13:55:35'), (58, '2026-12-07 02:31:48', 0, 94, '2024-04-28 21:28:26'), (59, '2024-10-06 07:46:11', 1, 11, '2026-05-08 08:42:13'), (60, '2024-07-12 13:44:33', 0, 49, '2025-10-08 02:20:28'), (61, '2026-12-29 02:33:02', 0, 49, '2026-11-01 16:47:19'), (62, '2026-06-16 05:39:44', 1, 13, '2025-10-13 07:05:56'), (63, '2025-09-26 23:52:41', 0, 60, '2024-05-17 18:25:47'), (64, '2023-11-23 15:57:53', 0, 25, '2024-12-09 02:36:39'), (65, '2025-06-24 17:54:55', 1, 77, '2025-06-03 18:02:02'), (66, '2026-07-11 07:17:34', 0, 15, '2026-10-10 16:46:14'), (67, '2023-03-05 02:39:44', 1, 62, '2026-02-20 10:02:16'), (68, '2023-06-12 06:04:15', 0, 0, '2023-04-05 00:09:18');
WITH cte_0 AS (SELECT t3.c3 AS c0, t3.c1 AS c1, t3.c5 AS c2 FROM t3 WHERE ((t3.c0 = t3.c5) AND ((t3.c4 >= t3.c2) AND (t3.c5 = t3.c4))) ORDER BY t3.id LIMIT 7), cte_1 AS (SELECT t3.c0 AS c0, t3.c2 AS c1, t3.c5 AS c2 FROM t3 WHERE (((t3.c1 < t3.id) AND (t3.c1 <= t3.c4)) OR (t3.c6 IN (5.84))) ORDER BY t3.id LIMIT 8), cte_2 AS (SELECT t0.c1 AS c0, t0.c0 AS c1, t0.c4 AS c2 FROM t0 WHERE ((t0.c6 > t0.c0) OR ((t0.c5 <= t0.id) AND (t0.c2 <=> t0.c3))) ORDER BY t0.id LIMIT 2) SELECT SUM(t3.c6) OVER (ORDER BY cte_1.c2, t0.c5) AS c0, ROUND(t3.c0) AS c1 FROM cte_2 RIGHT JOIN t2 ON (1 = 0) JOIN t1 ON (1 = 0) JOIN t5 ON (1 = 0) LEFT JOIN t3 ON (1 = 0) JOIN t4 ON (1 = 0) LEFT JOIN cte_0 ON (1 = 0) RIGHT JOIN cte_1 ON (1 = 0) JOIN t0 ON (1 = 0) WHERE ((cte_0.c2 <=> t3.id) AND EXISTS (SELECT v0.c2 AS c0 FROM v0 WHERE ((v0.c0 <=> v0.c1) AND (v0.c0 < v0.c1)) LIMIT 6));
