{"columns":{"id":{"histogram":{"ndv":80,"buckets":[{"count":3,"lower_bound":"MQ==","upper_bound":"Mw==","repeats":1,"ndv":0},{"count":6,"lower_bound":"NA==","upper_bound":"Ng==","repeats":1,"ndv":0},{"count":9,"lower_bound":"Nw==","upper_bound":"OQ==","repeats":1,"ndv":0},{"count":12,"lower_bound":"MTA=","upper_bound":"MTI=","repeats":1,"ndv":0},{"count":15,"lower_bound":"MTM=","upper_bound":"MTU=","repeats":1,"ndv":0},{"count":18,"lower_bound":"MTY=","upper_bound":"MTg=","repeats":1,"ndv":0},{"count":21,"lower_bound":"MTk=","upper_bound":"MjE=","repeats":1,"ndv":0},{"count":24,"lower_bound":"MjI=","upper_bound":"MjQ=","repeats":1,"ndv":0},{"count":27,"lower_bound":"MjU=","upper_bound":"Mjc=","repeats":1,"ndv":0},{"count":30,"lower_bound":"Mjg=","upper_bound":"MzA=","repeats":1,"ndv":0},{"count":33,"lower_bound":"MzE=","upper_bound":"MzM=","repeats":1,"ndv":0},{"count":36,"lower_bound":"MzQ=","upper_bound":"MzY=","repeats":1,"ndv":0},{"count":39,"lower_bound":"Mzc=","upper_bound":"Mzk=","repeats":1,"ndv":0},{"count":42,"lower_bound":"NDA=","upper_bound":"NDI=","repeats":1,"ndv":0},{"count":45,"lower_bound":"NDM=","upper_bound":"NDU=","repeats":1,"ndv":0},{"count":48,"lower_bound":"NDY=","upper_bound":"NDg=","repeats":1,"ndv":0},{"count":51,"lower_bound":"NDk=","upper_bound":"NTE=","repeats":1,"ndv":0},{"count":54,"lower_bound":"NTI=","upper_bound":"NTQ=","repeats":1,"ndv":0},{"count":57,"lower_bound":"NTU=","upper_bound":"NTc=","repeats":1,"ndv":0},{"count":60,"lower_bound":"NTg=","upper_bound":"NjA=","repeats":1,"ndv":0},{"count":63,"lower_bound":"NjE=","upper_bound":"NjM=","repeats":1,"ndv":0},{"count":66,"lower_bound":"NjQ=","upper_bound":"NjY=","repeats":1,"ndv":0},{"count":69,"lower_bound":"Njc=","upper_bound":"Njk=","repeats":1,"ndv":0},{"count":72,"lower_bound":"NzA=","upper_bound":"NzI=","repeats":1,"ndv":0},{"count":75,"lower_bound":"NzM=","upper_bound":"NzU=","repeats":1,"ndv":0},{"count":78,"lower_bound":"NzY=","upper_bound":"Nzg=","repeats":1,"ndv":0},{"count":80,"lower_bound":"Nzk=","upper_bound":"ODA=","repeats":1,"ndv":0}]},"cm_sketch":null,"fm_sketch":null,"stats_ver":2,"null_count":0,"tot_col_size":640,"last_update_version":464051613352853548,"correlation":1},"k0":{"histogram":{"ndv":10},"cm_sketch":{"top_n":[{"data":"A3////////+d","count":4},{"data":"A3////////+j","count":9},{"data":"A3////////+n","count":9},{"data":"A3////////+t","count":8},{"data":"A3////////+6","count":11},{"data":"A3/////////J","count":14},{"data":"A3/////////y","count":5},{"data":"A3/////////1","count":5},{"data":"A4AAAAAAAAA5","count":7},{"data":"A4AAAAAAAABE","count":8}],"default_value":0},"fm_sketch":null,"stats_ver":2,"null_count":0,"tot_col_size":640,"last_update_version":464051613352853548,"correlation":-0.01256446319737459},"k1":{"histogram":{"ndv":10},"cm_sketch":{"top_n":[{"data":"BBmwWAAAAAAA","count":10},{"data":"BBmycAAAAAAA","count":4},{"data":"BBmzXgAAAAAA","count":8},{"data":"BBm0XAAAAAAA","count":9},{"data":"BBm1LgAAAAAA","count":13},{"data":"BBm2VgAAAAAA","count":8},{"data":"BBm4NgAAAAAA","count":10},{"data":"BBm4fAAAAAAA","count":9},{"data":"BBm5HgAAAAAA","count":6},{"data":"BBm6rgAAAAAA","count":3}],"default_value":0},"fm_sketch":null,"stats_ver":2,"null_count":0,"tot_col_size":640,"last_update_version":464051613352853548,"correlation":-0.002226910454758556},"k2":{"histogram":{"ndv":10},"cm_sketch":{"top_n":[{"data":"A3////////+1","count":4},{"data":"A3////////+6","count":10},{"data":"A3/////////E","count":12},{"data":"A3/////////y","count":4},{"data":"A3/////////1","count":5},{"data":"A3/////////6","count":10},{"data":"A4AAAAAAAAAh","count":10},{"data":"A4AAAAAAAAAt","count":6},{"data":"A4AAAAAAAABH","count":11},{"data":"A4AAAAAAAABK","count":8}],"default_value":0},"fm_sketch":null,"stats_ver":2,"null_count":0,"tot_col_size":640,"last_update_version":464051613352853548,"correlation":0.09873417721518987},"k3":{"histogram":{"ndv":10},"cm_sketch":{"top_n":[{"data":"AXMxMDIAAAAA+w==","count":11},{"data":"AXMzMTAAAAAA+w==","count":9},{"data":"AXM0AAAAAAAA+Q==","count":5},{"data":"AXM0MwAAAAAA+g==","count":9},{"data":"AXM0NzAAAAAA+w==","count":10},{"data":"AXM1NDUAAAAA+w==","count":11},{"data":"AXM3NzEAAAAA+w==","count":7},{"data":"AXM3ODgAAAAA+w==","count":7},{"data":"AXM4MTMAAAAA+w==","count":5},{"data":"AXM4MTQAAAAA+w==","count":6}],"default_value":0},"fm_sketch":null,"stats_ver":2,"null_count":0,"tot_col_size":381,"last_update_version":464051613352853548,"correlation":0.43924050632911393},"p0":{"histogram":{"ndv":80,"buckets":[{"count":3,"lower_bound":"MjAyMy0wMS0wMyAwNzozNzoxMg==","upper_bound":"MjAyMy0wMS0xNyAwMjowNjo1NA==","repeats":1,"ndv":0},{"count":6,"lower_bound":"MjAyMy0wMi0xMSAwODoyMjowOA==","upper_bound":"MjAyMy0wMi0yOCAxMjowMzowNA==","repeats":1,"ndv":0},{"count":9,"lower_bound":"MjAyMy0wMy0wNCAxMjo1NDowMA==","upper_bound":"MjAyMy0wNS0wNCAxMDowODo1OQ==","repeats":1,"ndv":0},{"count":12,"lower_bound":"MjAyMy0wNS0wNSAxNDozODoxOA==","upper_bound":"MjAyMy0wNy0xNiAyMzozMjoyMg==","repeats":1,"ndv":0},{"count":15,"lower_bound":"MjAyMy0wOC0xMCAyMDo0ODozMg==","upper_bound":"MjAyMy0wOS0xNCAxMToxMzo1Ng==","repeats":1,"ndv":0},{"count":18,"lower_bound":"MjAyMy0wOS0xNCAxNTozNTo0Nw==","upper_bound":"MjAyMy0xMS0wMSAxNzoyNjoyMQ==","repeats":1,"ndv":0},{"count":21,"lower_bound":"MjAyMy0xMS0yNyAwMTo0NToyMg==","upper_bound":"MjAyMy0xMi0wOCAyMzo1MzoyNQ==","repeats":1,"ndv":0},{"count":24,"lower_bound":"MjAyNC0wMS0wNSAwNjoxMzozMA==","upper_bound":"MjAyNC0wMS0wOCAxMTo0NzozNQ==","repeats":1,"ndv":0},{"count":27,"lower_bound":"MjAyNC0wMS0yNiAxOToyOTo1Nw==","upper_bound":"MjAyNC0wMS0yOSAyMjoyNzoyMA==","repeats":1,"ndv":0},{"count":30,"lower_bound":"MjAyNC0wMi0wNyAwNzoyODozMA==","upper_bound":"MjAyNC0wMi0xMyAwNjoyNTowOQ==","repeats":1,"ndv":0},{"count":33,"lower_bound":"MjAyNC0wMi0yNiAwNzo0Mjo1OA==","upper_bound":"MjAyNC0wMy0wNyAwODozMDoyOA==","repeats":1,"ndv":0},{"count":36,"lower_bound":"MjAyNC0wNC0xMCAxMDo0NDoyMQ==","upper_bound":"MjAyNC0wNi0xMSAxNDo0OToxMQ==","repeats":1,"ndv":0},{"count":39,"lower_bound":"MjAyNC0wNi0xMSAxODo1NDoyNA==","upper_bound":"MjAyNC0wNi0xOSAwMDo0NjowNQ==","repeats":1,"ndv":0},{"count":42,"lower_bound":"MjAyNC0wNy0wMiAxNDoyMTozNQ==","upper_bound":"MjAyNC0wOC0xMyAwMDozMjo1OA==","repeats":1,"ndv":0},{"count":45,"lower_bound":"MjAyNC0wOC0xNyAwNDo1NzowNQ==","upper_bound":"MjAyNC0xMi0wNSAxODowNjo1MQ==","repeats":1,"ndv":0},{"count":48,"lower_bound":"MjAyNC0xMi0yNSAxNjoxNjo1MQ==","upper_bound":"MjAyNS0wNS0xMCAwOToyMToxMA==","repeats":1,"ndv":0},{"count":51,"lower_bound":"MjAyNS0wNS0xMSAxNzo0NzoyMQ==","upper_bound":"MjAyNS0wNi0xMiAyMjo0NTozMQ==","repeats":1,"ndv":0},{"count":54,"lower_bound":"MjAyNS0wNy0yMCAyMzoxODoyNw==","upper_bound":"MjAyNS0wOS0yOCAxMjoyMToyOQ==","repeats":1,"ndv":0},{"count":57,"lower_bound":"MjAyNS0xMC0yMSAxNzoxMTo1Ng==","upper_bound":"MjAyNS0xMi0wNyAwNDoyNToyMA==","repeats":1,"ndv":0},{"count":60,"lower_bound":"MjAyNS0xMi0xMiAwMToxOToxMA==","upper_bound":"MjAyNS0xMi0zMCAxOToyNjowMw==","repeats":1,"ndv":0},{"count":63,"lower_bound":"MjAyNi0wMS0yMSAxNDoyOTo0Ng==","upper_bound":"MjAyNi0wMy0xOSAxMTo0MjowNA==","repeats":1,"ndv":0},{"count":66,"lower_bound":"MjAyNi0wMy0yNSAwNzo1MToxNg==","upper_bound":"MjAyNi0wMy0zMCAwMzoyNDo0Mw==","repeats":1,"ndv":0},{"count":69,"lower_bound":"MjAyNi0wNC0yMiAxOTowMDozNg==","upper_bound":"MjAyNi0wNS0xMSAwNDowNjo1NQ==","repeats":1,"ndv":0},{"count":72,"lower_bound":"MjAyNi0wNS0zMCAwODozMjowMw==","upper_bound":"MjAyNi0wNy0xMCAyMDozMDoyNw==","repeats":1,"ndv":0},{"count":75,"lower_bound":"MjAyNi0wOC0wMyAwNzo0ODo0Mg==","upper_bound":"MjAyNi0wOC0yNiAxOToyNzo1NA==","repeats":1,"ndv":0},{"count":78,"lower_bound":"MjAyNi0wOS0wNCAxNDo1MTowOA==","upper_bound":"MjAyNi0xMS0yMSAwODoxMzo0MA==","repeats":1,"ndv":0},{"count":80,"lower_bound":"MjAyNi0xMi0wNiAwOTo1OTo1Mw==","upper_bound":"MjAyNi0xMi0yMCAxMTo1NToyMg==","repeats":1,"ndv":0}]},"cm_sketch":null,"fm_sketch":null,"stats_ver":2,"null_count":0,"tot_col_size":640,"last_update_version":464051613352853548,"correlation":-0.02351148616971402},"p1":{"histogram":{"ndv":69,"buckets":[{"count":3,"lower_bound":"LTk4","upper_bound":"LTky","repeats":1,"ndv":0},{"count":6,"lower_bound":"LTkx","upper_bound":"LTg3","repeats":1,"ndv":0},{"count":9,"lower_bound":"LTg2","upper_bound":"LTgw","repeats":1,"ndv":0},{"count":12,"lower_bound":"LTcy","upper_bound":"LTY1","repeats":1,"ndv":0},{"count":15,"lower_bound":"LTYy","upper_bound":"LTU0","repeats":1,"ndv":0},{"count":18,"lower_bound":"LTUw","upper_bound":"LTQz","repeats":1,"ndv":0},{"count":21,"lower_bound":"LTQx","upper_bound":"LTMz","repeats":1,"ndv":0},{"count":24,"lower_bound":"LTMw","upper_bound":"LTE4","repeats":1,"ndv":0},{"count":27,"lower_bound":"LTE2","upper_bound":"LTEy","repeats":1,"ndv":0},{"count":30,"lower_bound":"LTk=","upper_bound":"MQ==","repeats":1,"ndv":0},{"count":33,"lower_bound":"Mw==","upper_bound":"NQ==","repeats":1,"ndv":0},{"count":36,"lower_bound":"OA==","upper_bound":"MTA=","repeats":1,"ndv":0},{"count":39,"lower_bound":"MTE=","upper_bound":"MjQ=","repeats":1,"ndv":0},{"count":42,"lower_bound":"MzU=","upper_bound":"NDE=","repeats":1,"ndv":0},{"count":45,"lower_bound":"NDI=","upper_bound":"NDU=","repeats":1,"ndv":0},{"count":48,"lower_bound":"NDk=","upper_bound":"NTY=","repeats":1,"ndv":0},{"count":51,"lower_bound":"NTk=","upper_bound":"NzE=","repeats":1,"ndv":0},{"count":54,"lower_bound":"NzI=","upper_bound":"ODM=","repeats":1,"ndv":0},{"count":57,"lower_bound":"ODk=","upper_bound":"OTM=","repeats":1,"ndv":0},{"count":58,"lower_bound":"OTY=","upper_bound":"OTY=","repeats":1,"ndv":0}]},"cm_sketch":{"top_n":[{"data":"A3////////+u","count":2},{"data":"A3/////////A","count":2},{"data":"A3/////////Z","count":2},{"data":"A3/////////a","count":2},{"data":"A3/////////q","count":2},{"data":"A3/////////4","count":2},{"data":"A4AAAAAAAAAX","count":2},{"data":"A4AAAAAAAAAi","count":2},{"data":"A4AAAAAAAAA+","count":2},{"data":"A4AAAAAAAABb","count":2},{"data":"A4AAAAAAAABe","count":2}],"default_value":0},"fm_sketch":null,"stats_ver":2,"null_count":0,"tot_col_size":640,"last_update_version":464051613352853548,"correlation":0.1927332395686826}},"indices":{},"partitions":null,"database_name":"shiro_fuzz_r6","table_name":"t0","ext_stats":null,"predicate_columns":[{"last_used_at":null,"last_analyzed_at":"2026-02-04 14:47:00","id":6},{"last_used_at":null,"last_analyzed_at":"2026-02-04 14:47:00","id":7},{"last_used_at":null,"last_analyzed_at":"2026-02-04 14:47:00","id":1},{"last_used_at":null,"last_analyzed_at":"2026-02-04 14:47:00","id":2},{"last_used_at":null,"last_analyzed_at":"2026-02-04 14:47:00","id":3},{"last_used_at":null,"last_analyzed_at":"2026-02-04 14:47:00","id":4},{"last_used_at":null,"last_analyzed_at":"2026-02-04 14:47:00","id":5}],"count":80,"modify_count":0,"version":464051613352853548,"is_historical_stats":false}