{"columns":{"d0":{"histogram":{"ndv":0},"cm_sketch":null,"fm_sketch":null,"stats_ver":0,"null_count":0,"tot_col_size":0,"last_update_version":464051613051387938,"correlation":0},"d1":{"histogram":{"ndv":0},"cm_sketch":null,"fm_sketch":null,"stats_ver":0,"null_count":0,"tot_col_size":0,"last_update_version":464051613051387938,"correlation":0},"id":{"histogram":{"ndv":0},"cm_sketch":null,"fm_sketch":null,"stats_ver":0,"null_count":0,"tot_col_size":0,"last_update_version":464051613051387938,"correlation":0},"k0":{"histogram":{"ndv":0},"cm_sketch":null,"fm_sketch":null,"stats_ver":0,"null_count":0,"tot_col_size":0,"last_update_version":464051613051387938,"correlation":0},"k1":{"histogram":{"ndv":0},"cm_sketch":null,"fm_sketch":null,"stats_ver":0,"null_count":0,"tot_col_size":0,"last_update_version":464051613051387938,"correlation":0}},"indices":{},"partitions":null,"database_name":"shiro_fuzz_r6","table_name":"t2","ext_stats":null,"predicate_columns":[],"count":0,"modify_count":0,"version":464051613051387938,"is_historical_stats":false}