{"columns":{"c0":{"histogram":{"ndv":0},"cm_sketch":null,"fm_sketch":null,"stats_ver":2,"null_count":0,"tot_col_size":0,"last_update_version":464051607467720773,"correlation":0},"c1":{"histogram":{"ndv":0},"cm_sketch":null,"fm_sketch":null,"stats_ver":2,"null_count":0,"tot_col_size":0,"last_update_version":464051607467720773,"correlation":0},"c2":{"histogram":{"ndv":0},"cm_sketch":null,"fm_sketch":null,"stats_ver":2,"null_count":0,"tot_col_size":0,"last_update_version":464051607467720773,"correlation":0},"c3":{"histogram":{"ndv":0},"cm_sketch":null,"fm_sketch":null,"stats_ver":2,"null_count":0,"tot_col_size":0,"last_update_version":464051607467720773,"correlation":0},"c4":{"histogram":{"ndv":0},"cm_sketch":null,"fm_sketch":null,"stats_ver":2,"null_count":0,"tot_col_size":0,"last_update_version":464051607467720773,"correlation":0},"c5":{"histogram":{"ndv":0},"cm_sketch":null,"fm_sketch":null,"stats_ver":2,"null_count":0,"tot_col_size":0,"last_update_version":464051607467720773,"correlation":0},"id":{"histogram":{"ndv":0},"cm_sketch":null,"fm_sketch":null,"stats_ver":2,"null_count":0,"tot_col_size":0,"last_update_version":464051607467720773,"correlation":0}},"indices":{"idx_c0":{"histogram":{"ndv":0},"cm_sketch":null,"fm_sketch":null,"stats_ver":2,"null_count":0,"tot_col_size":0,"last_update_version":464051607467720773,"correlation":0},"idx_c0_c1_c2_39":{"histogram":{"ndv":0},"cm_sketch":null,"fm_sketch":null,"stats_ver":2,"null_count":0,"tot_col_size":0,"last_update_version":464051607467720773,"correlation":0},"idx_c0_c3_c2_34":{"histogram":{"ndv":0},"cm_sketch":null,"fm_sketch":null,"stats_ver":2,"null_count":0,"tot_col_size":0,"last_update_version":464051607467720773,"correlation":0},"idx_c1_8":{"histogram":{"ndv":0},"cm_sketch":null,"fm_sketch":null,"stats_ver":2,"null_count":0,"tot_col_size":0,"last_update_version":464051607467720773,"correlation":0},"idx_c2_7":{"histogram":{"ndv":0},"cm_sketch":null,"fm_sketch":null,"stats_ver":2,"null_count":0,"tot_col_size":0,"last_update_version":464051607467720773,"correlation":0},"idx_c3_0":{"histogram":{"ndv":0},"cm_sketch":null,"fm_sketch":null,"stats_ver":2,"null_count":0,"tot_col_size":0,"last_update_version":464051607467720773,"correlation":0},"idx_c3_c0_c1_39":{"histogram":{"ndv":0},"cm_sketch":null,"fm_sketch":null,"stats_ver":2,"null_count":0,"tot_col_size":0,"last_update_version":464051607467720773,"correlation":0},"idx_c4":{"histogram":{"ndv":0},"cm_sketch":null,"fm_sketch":null,"stats_ver":2,"null_count":0,"tot_col_size":0,"last_update_version":464051607467720773,"correlation":0},"idx_c4_c0_c2_39":{"histogram":{"ndv":0},"cm_sketch":null,"fm_sketch":null,"stats_ver":2,"null_count":0,"tot_col_size":0,"last_update_version":464051607467720773,"correlation":0},"idx_c5":{"histogram":{"ndv":0},"cm_sketch":null,"fm_sketch":null,"stats_ver":2,"null_count":0,"tot_col_size":0,"last_update_version":464051607467720773,"correlation":0},"idx_c5_c0_c1_38":{"histogram":{"ndv":0},"cm_sketch":null,"fm_sketch":null,"stats_ver":2,"null_count":0,"tot_col_size":0,"last_update_version":464051607467720773,"correlation":0},"idx_c5_c4_1":{"histogram":{"ndv":0},"cm_sketch":null,"fm_sketch":null,"stats_ver":2,"null_count":0,"tot_col_size":0,"last_update_version":464051607467720773,"correlation":0},"idx_c5_c4_c0_39":{"histogram":{"ndv":0},"cm_sketch":null,"fm_sketch":null,"stats_ver":2,"null_count":0,"tot_col_size":0,"last_update_version":464051607467720773,"correlation":0},"idx_id_6":{"histogram":{"ndv":0},"cm_sketch":null,"fm_sketch":null,"stats_ver":2,"null_count":0,"tot_col_size":0,"last_update_version":464051607467720773,"correlation":0}},"partitions":null,"database_name":"shiro_fuzz_r5","table_name":"t2","ext_stats":null,"predicate_columns":[{"last_used_at":"2026-02-04 14:44:12","last_analyzed_at":"2026-02-04 14:46:38","id":1},{"last_used_at":"2026-02-04 14:44:09","last_analyzed_at":"2026-02-04 14:46:38","id":2},{"last_used_at":"2026-02-04 14:44:03","last_analyzed_at":"2026-02-04 14:46:38","id":3},{"last_used_at":"2026-02-04 14:44:09","last_analyzed_at":"2026-02-04 14:46:38","id":4},{"last_used_at":"2026-02-04 14:44:11","last_analyzed_at":"2026-02-04 14:46:38","id":5},{"last_used_at":"2026-02-04 14:44:09","last_analyzed_at":"2026-02-04 14:46:38","id":6},{"last_used_at":"2026-02-04 14:44:09","last_analyzed_at":"2026-02-04 14:46:38","id":7}],"count":0,"modify_count":0,"version":464051607467720773,"is_historical_stats":false}