{"columns":{"c0":{"histogram":{"ndv":0},"cm_sketch":null,"fm_sketch":null,"stats_ver":2,"null_count":0,"tot_col_size":0,"last_update_version":464051607428399140,"correlation":0},"c1":{"histogram":{"ndv":0},"cm_sketch":null,"fm_sketch":null,"stats_ver":2,"null_count":0,"tot_col_size":0,"last_update_version":464051607428399140,"correlation":0},"c2":{"histogram":{"ndv":0},"cm_sketch":null,"fm_sketch":null,"stats_ver":2,"null_count":0,"tot_col_size":0,"last_update_version":464051607428399140,"correlation":0},"c3":{"histogram":{"ndv":0},"cm_sketch":null,"fm_sketch":null,"stats_ver":2,"null_count":0,"tot_col_size":0,"last_update_version":464051607428399140,"correlation":0},"id":{"histogram":{"ndv":0},"cm_sketch":null,"fm_sketch":null,"stats_ver":2,"null_count":0,"tot_col_size":0,"last_update_version":464051607428399140,"correlation":0}},"indices":{"idx_c0_24":{"histogram":{"ndv":0},"cm_sketch":null,"fm_sketch":null,"stats_ver":2,"null_count":0,"tot_col_size":0,"last_update_version":464051607428399140,"correlation":0},"idx_c0_c1_38":{"histogram":{"ndv":0},"cm_sketch":null,"fm_sketch":null,"stats_ver":2,"null_count":0,"tot_col_size":0,"last_update_version":464051607428399140,"correlation":0},"idx_c0_c2_c3_39":{"histogram":{"ndv":0},"cm_sketch":null,"fm_sketch":null,"stats_ver":2,"null_count":0,"tot_col_size":0,"last_update_version":464051607428399140,"correlation":0},"idx_c0_c3_c1_32":{"histogram":{"ndv":0},"cm_sketch":null,"fm_sketch":null,"stats_ver":2,"null_count":0,"tot_col_size":0,"last_update_version":464051607428399140,"correlation":0},"idx_c1_23":{"histogram":{"ndv":0},"cm_sketch":null,"fm_sketch":null,"stats_ver":2,"null_count":0,"tot_col_size":0,"last_update_version":464051607428399140,"correlation":0},"idx_c1_c3_38":{"histogram":{"ndv":0},"cm_sketch":null,"fm_sketch":null,"stats_ver":2,"null_count":0,"tot_col_size":0,"last_update_version":464051607428399140,"correlation":0},"idx_c2":{"histogram":{"ndv":0},"cm_sketch":null,"fm_sketch":null,"stats_ver":2,"null_count":0,"tot_col_size":0,"last_update_version":464051607428399140,"correlation":0},"idx_c2_c0_c3_35":{"histogram":{"ndv":0},"cm_sketch":null,"fm_sketch":null,"stats_ver":2,"null_count":0,"tot_col_size":0,"last_update_version":464051607428399140,"correlation":0},"idx_c2_c1_c3_39":{"histogram":{"ndv":0},"cm_sketch":null,"fm_sketch":null,"stats_ver":2,"null_count":0,"tot_col_size":0,"last_update_version":464051607428399140,"correlation":0},"idx_c3_14":{"histogram":{"ndv":0},"cm_sketch":null,"fm_sketch":null,"stats_ver":2,"null_count":0,"tot_col_size":0,"last_update_version":464051607428399140,"correlation":0},"idx_c3_c0_38":{"histogram":{"ndv":0},"cm_sketch":null,"fm_sketch":null,"stats_ver":2,"null_count":0,"tot_col_size":0,"last_update_version":464051607428399140,"correlation":0},"idx_c3_c0_c1_39":{"histogram":{"ndv":0},"cm_sketch":null,"fm_sketch":null,"stats_ver":2,"null_count":0,"tot_col_size":0,"last_update_version":464051607428399140,"correlation":0},"idx_c3_c1_31":{"histogram":{"ndv":0},"cm_sketch":null,"fm_sketch":null,"stats_ver":2,"null_count":0,"tot_col_size":0,"last_update_version":464051607428399140,"correlation":0},"idx_c3_c2_23":{"histogram":{"ndv":0},"cm_sketch":null,"fm_sketch":null,"stats_ver":2,"null_count":0,"tot_col_size":0,"last_update_version":464051607428399140,"correlation":0},"idx_id_3":{"histogram":{"ndv":0},"cm_sketch":null,"fm_sketch":null,"stats_ver":2,"null_count":0,"tot_col_size":0,"last_update_version":464051607428399140,"correlation":0}},"partitions":null,"database_name":"shiro_fuzz_r5","table_name":"t5","ext_stats":null,"predicate_columns":[{"last_used_at":"2026-02-04 14:44:12","last_analyzed_at":"2026-02-04 14:46:37","id":1},{"last_used_at":"2026-02-04 14:44:09","last_analyzed_at":"2026-02-04 14:46:37","id":2},{"last_used_at":"2026-02-04 14:44:11","last_analyzed_at":"2026-02-04 14:46:37","id":3},{"last_used_at":"2026-02-04 14:44:09","last_analyzed_at":"2026-02-04 14:46:37","id":4},{"last_used_at":"2026-02-04 14:44:12","last_analyzed_at":"2026-02-04 14:46:37","id":5}],"count":0,"modify_count":0,"version":464051607428399140,"is_historical_stats":false}