{"columns":{"c0":{"histogram":{"ndv":0},"cm_sketch":null,"fm_sketch":null,"stats_ver":2,"null_count":0,"tot_col_size":0,"last_update_version":464051603338952736,"correlation":0},"c1":{"histogram":{"ndv":0},"cm_sketch":null,"fm_sketch":null,"stats_ver":2,"null_count":0,"tot_col_size":0,"last_update_version":464051603338952736,"correlation":0},"c2":{"histogram":{"ndv":0},"cm_sketch":null,"fm_sketch":null,"stats_ver":2,"null_count":0,"tot_col_size":0,"last_update_version":464051603338952736,"correlation":0},"c3":{"histogram":{"ndv":0},"cm_sketch":null,"fm_sketch":null,"stats_ver":2,"null_count":0,"tot_col_size":0,"last_update_version":464051603338952736,"correlation":0},"c4":{"histogram":{"ndv":0},"cm_sketch":null,"fm_sketch":null,"stats_ver":2,"null_count":0,"tot_col_size":0,"last_update_version":464051603338952736,"correlation":0},"c5":{"histogram":{"ndv":0},"cm_sketch":null,"fm_sketch":null,"stats_ver":2,"null_count":0,"tot_col_size":0,"last_update_version":464051603338952736,"correlation":0},"c6":{"histogram":{"ndv":0},"cm_sketch":null,"fm_sketch":null,"stats_ver":2,"null_count":0,"tot_col_size":0,"last_update_version":464051603338952736,"correlation":0},"id":{"histogram":{"ndv":0},"cm_sketch":null,"fm_sketch":null,"stats_ver":2,"null_count":0,"tot_col_size":0,"last_update_version":464051603338952736,"correlation":0}},"indices":{"idx_c0_28":{"histogram":{"ndv":0},"cm_sketch":null,"fm_sketch":null,"stats_ver":2,"null_count":0,"tot_col_size":0,"last_update_version":464051603338952736,"correlation":0},"idx_c1_25":{"histogram":{"ndv":0},"cm_sketch":null,"fm_sketch":null,"stats_ver":2,"null_count":0,"tot_col_size":0,"last_update_version":464051603338952736,"correlation":0},"idx_c1_c6_35":{"histogram":{"ndv":0},"cm_sketch":null,"fm_sketch":null,"stats_ver":2,"null_count":0,"tot_col_size":0,"last_update_version":464051603338952736,"correlation":0},"idx_c2_26":{"histogram":{"ndv":0},"cm_sketch":null,"fm_sketch":null,"stats_ver":2,"null_count":0,"tot_col_size":0,"last_update_version":464051603338952736,"correlation":0},"idx_c2_c0_31":{"histogram":{"ndv":0},"cm_sketch":null,"fm_sketch":null,"stats_ver":2,"null_count":0,"tot_col_size":0,"last_update_version":464051603338952736,"correlation":0},"idx_c2_c5_38":{"histogram":{"ndv":0},"cm_sketch":null,"fm_sketch":null,"stats_ver":2,"null_count":0,"tot_col_size":0,"last_update_version":464051603338952736,"correlation":0},"idx_c3":{"histogram":{"ndv":0},"cm_sketch":null,"fm_sketch":null,"stats_ver":2,"null_count":0,"tot_col_size":0,"last_update_version":464051603338952736,"correlation":0},"idx_c3_c1_c0_39":{"histogram":{"ndv":0},"cm_sketch":null,"fm_sketch":null,"stats_ver":2,"null_count":0,"tot_col_size":0,"last_update_version":464051603338952736,"correlation":0},"idx_c4_27":{"histogram":{"ndv":0},"cm_sketch":null,"fm_sketch":null,"stats_ver":2,"null_count":0,"tot_col_size":0,"last_update_version":464051603338952736,"correlation":0},"idx_c4_c3_4":{"histogram":{"ndv":0},"cm_sketch":null,"fm_sketch":null,"stats_ver":2,"null_count":0,"tot_col_size":0,"last_update_version":464051603338952736,"correlation":0},"idx_c5":{"histogram":{"ndv":0},"cm_sketch":null,"fm_sketch":null,"stats_ver":2,"null_count":0,"tot_col_size":0,"last_update_version":464051603338952736,"correlation":0},"idx_c6":{"histogram":{"ndv":0},"cm_sketch":null,"fm_sketch":null,"stats_ver":2,"null_count":0,"tot_col_size":0,"last_update_version":464051603338952736,"correlation":0},"idx_id_16":{"histogram":{"ndv":0},"cm_sketch":null,"fm_sketch":null,"stats_ver":2,"null_count":0,"tot_col_size":0,"last_update_version":464051603338952736,"correlation":0}},"partitions":null,"database_name":"shiro_fuzz_r5","table_name":"t4","ext_stats":null,"predicate_columns":[{"last_used_at":"2026-02-04 14:44:09","last_analyzed_at":"2026-02-04 14:46:22","id":5},{"last_used_at":"2026-02-04 14:44:09","last_analyzed_at":"2026-02-04 14:46:22","id":6},{"last_used_at":"2026-02-04 14:44:12","last_analyzed_at":"2026-02-04 14:46:22","id":7},{"last_used_at":"2026-02-04 14:44:12","last_analyzed_at":"2026-02-04 14:46:22","id":8},{"last_used_at":"2026-02-04 14:44:09","last_analyzed_at":"2026-02-04 14:46:22","id":1},{"last_used_at":"2026-02-04 14:44:12","last_analyzed_at":"2026-02-04 14:46:22","id":2},{"last_used_at":"2026-02-04 14:44:12","last_analyzed_at":"2026-02-04 14:46:22","id":3},{"last_used_at":"2026-02-04 14:44:09","last_analyzed_at":"2026-02-04 14:46:22","id":4}],"count":0,"modify_count":0,"version":464051603338952736,"is_historical_stats":false}