{"columns":null,"indices":null,"partitions":{"global":{"columns":{"c0":{"histogram":{"ndv":2},"cm_sketch":{"top_n":[{"data":"A4AAAAAAAAAA","count":16},{"data":"A4AAAAAAAAAB","count":14}],"default_value":0},"fm_sketch":null,"stats_ver":2,"null_count":0,"tot_col_size":240,"last_update_version":464051606025928782,"correlation":0},"c1":{"histogram":{"ndv":2},"cm_sketch":{"top_n":[{"data":"A4AAAAAAAAAA","count":12},{"data":"A4AAAAAAAAAB","count":18}],"default_value":0},"fm_sketch":null,"stats_ver":2,"null_count":0,"tot_col_size":240,"last_update_version":464051606025928788,"correlation":0},"c2":{"histogram":{"ndv":30,"buckets":[{"count":3,"lower_bound":"MC42OA==","upper_bound":"NS4xNw==","repeats":1,"ndv":0},{"count":5,"lower_bound":"OC40MQ==","upper_bound":"MTMuOTQ=","repeats":2,"ndv":0},{"count":9,"lower_bound":"MTMuOTQ=","upper_bound":"MTkuNzU=","repeats":1,"ndv":0},{"count":18,"lower_bound":"MjM=","upper_bound":"NTguOTM=","repeats":1,"ndv":0},{"count":20,"lower_bound":"NTkuNjI=","upper_bound":"NjIuOTY=","repeats":2,"ndv":0},{"count":24,"lower_bound":"NjIuOTY=","upper_bound":"NzQuMjQ=","repeats":1,"ndv":0},{"count":26,"lower_bound":"ODMuNzc=","upper_bound":"OTAuNzM=","repeats":2,"ndv":0},{"count":30,"lower_bound":"OTAuNzM=","upper_bound":"OTUuNjI=","repeats":1,"ndv":0}]},"cm_sketch":null,"fm_sketch":null,"stats_ver":2,"null_count":0,"tot_col_size":240,"last_update_version":464051606025928794,"correlation":0},"c3":{"histogram":{"ndv":18},"cm_sketch":{"top_n":[{"data":"BBmvEqNXAAAA","count":1},{"data":"BBmvHXcBAAAA","count":1},{"data":"BBmvaRvaAAAA","count":1},{"data":"BBmwUImJAAAA","count":1},{"data":"BBmwXtjbAAAA","count":1},{"data":"BBmw9GSWAAAA","count":1},{"data":"BBmxcBkxAAAA","count":1},{"data":"BBmy7roVAAAA","count":1},{"data":"BBmzNBNuAAAA","count":1},{"data":"BBmzWUXVAAAA","count":1},{"data":"BBmz0H1tAAAA","count":1},{"data":"BBm3ELiQAAAA","count":1},{"data":"BBm3YrmKAAAA","count":1},{"data":"BBm42CPjAAAA","count":1},{"data":"BBm47ABSAAAA","count":1},{"data":"BBm5l0H5AAAA","count":1},{"data":"BBm5yXqWAAAA","count":1},{"data":"BBm6RMiaAAAA","count":13}],"default_value":0},"fm_sketch":null,"stats_ver":2,"null_count":0,"tot_col_size":240,"last_update_version":464051606025928800,"correlation":0},"c4":{"histogram":{"ndv":30,"buckets":[{"count":2,"lower_bound":"MjAyMy0wMy0yMyAxNjoyNTozMw==","upper_bound":"MjAyMy0wNS0xNCAxMjowMzo1MQ==","repeats":2,"ndv":0},{"count":6,"lower_bound":"MjAyMy0wNS0xNCAxMjowMzo1MQ==","upper_bound":"MjAyMy0wOC0yOCAwMzo1NTo1Ng==","repeats":2,"ndv":0},{"count":9,"lower_bound":"MjAyMy0wOC0yOCAwMzo1NTo1Ng==","upper_bound":"MjAyNC0wMi0xNCAxMjoyNTowNw==","repeats":1,"ndv":0},{"count":10,"lower_bound":"MjAyNC0wNC0xNCAwNzo1Njo0Ng==","upper_bound":"MjAyNC0wNC0yMyAxMDozMTowNQ==","repeats":2,"ndv":0},{"count":15,"lower_bound":"MjAyNC0wNC0yMyAxMDozMTowNQ==","upper_bound":"MjAyNC0wOS0yMSAxNjo1ODo1MA==","repeats":1,"ndv":0},{"count":16,"lower_bound":"MjAyNC0xMS0wMSAwMzowOTowMg==","upper_bound":"MjAyNC0xMS0wNyAxNjowNToxOA==","repeats":2,"ndv":0},{"count":24,"lower_bound":"MjAyNC0xMS0wNyAxNjowNToxOA==","upper_bound":"MjAyNi0wMy0xNSAwNzozMToxMw==","repeats":2,"ndv":0},{"count":26,"lower_bound":"MjAyNi0wMy0xNSAwNzozMToxMw==","upper_bound":"MjAyNi0wNi0yOCAwNDoyNToxNw==","repeats":2,"ndv":0},{"count":30,"lower_bound":"MjAyNi0wNi0yOCAwNDoyNToxNw==","upper_bound":"MjAyNi0xMS0wMSAwNTowNjo0Nw==","repeats":1,"ndv":0}]},"cm_sketch":null,"fm_sketch":null,"stats_ver":2,"null_count":0,"tot_col_size":240,"last_update_version":464051606025928806,"correlation":0},"c5":{"histogram":{"ndv":30,"buckets":[{"count":1,"lower_bound":"OS45OQ==","upper_bound":"MTIuNTY=","repeats":2,"ndv":0},{"count":5,"lower_bound":"MTIuNTY=","upper_bound":"MjMuOTQ=","repeats":2,"ndv":0},{"count":9,"lower_bound":"MjMuOTQ=","upper_bound":"MzYuMzI=","repeats":1,"ndv":0},{"count":15,"lower_bound":"MzYuNjg=","upper_bound":"NDQuMDU=","repeats":2,"ndv":0},{"count":18,"lower_bound":"NDQuMDU=","upper_bound":"NTkuMDU=","repeats":1,"ndv":0},{"count":19,"lower_bound":"NjIuMTA=","upper_bound":"NjMuMjc=","repeats":2,"ndv":0},{"count":24,"lower_bound":"NjMuMjc=","upper_bound":"OTAuMDE=","repeats":2,"ndv":0},{"count":30,"lower_bound":"OTAuMDE=","upper_bound":"OTguOTc=","repeats":1,"ndv":0}]},"cm_sketch":null,"fm_sketch":null,"stats_ver":2,"null_count":0,"tot_col_size":240,"last_update_version":464051606039035909,"correlation":0},"id":{"histogram":{"ndv":30,"buckets":[{"count":1,"lower_bound":"NTEw","upper_bound":"NTEx","repeats":2,"ndv":0},{"count":6,"lower_bound":"NTEx","upper_bound":"NTE1","repeats":1,"ndv":0},{"count":7,"lower_bound":"NTE2","upper_bound":"NTE3","repeats":2,"ndv":0},{"count":12,"lower_bound":"NTE3","upper_bound":"NTIx","repeats":1,"ndv":0},{"count":13,"lower_bound":"NTIy","upper_bound":"NTIz","repeats":2,"ndv":0},{"count":18,"lower_bound":"NTIz","upper_bound":"NTI3","repeats":1,"ndv":0},{"count":19,"lower_bound":"NTI4","upper_bound":"NTI5","repeats":2,"ndv":0},{"count":24,"lower_bound":"NTI5","upper_bound":"NTMz","repeats":1,"ndv":0},{"count":25,"lower_bound":"NTM0","upper_bound":"NTM1","repeats":2,"ndv":0},{"count":30,"lower_bound":"NTM1","upper_bound":"NTM5","repeats":1,"ndv":0}]},"cm_sketch":null,"fm_sketch":null,"stats_ver":2,"null_count":0,"tot_col_size":240,"last_update_version":464051606025928775,"correlation":0}},"indices":{"idx_c0_17":{"histogram":{"ndv":2},"cm_sketch":{"top_n":[{"data":"A4AAAAAAAAAA","count":16},{"data":"A4AAAAAAAAAB","count":14}],"default_value":0},"fm_sketch":null,"stats_ver":2,"null_count":0,"tot_col_size":0,"last_update_version":464051605999714415,"correlation":0},"idx_c0_c5_c3_39":{"histogram":{"ndv":30,"buckets":[{"count":1,"lower_bound":"A4AAAAAAAAAABgwCgAAAAAljBBmxcBkxAAAA","upper_bound":"A4AAAAAAAAAABgwCgAAAAAw4BBm6RMiaAAAA","repeats":2,"ndv":0},{"count":9,"lower_bound":"A4AAAAAAAAAABgwCgAAAAAw4BBm6RMiaAAAA","upper_bound":"A4AAAAAAAAAABgwCgAAAAC8KBBm6RMiaAAAA","repeats":2,"ndv":0},{"count":11,"lower_bound":"A4AAAAAAAAAABgwCgAAAAC8KBBm6RMiaAAAA","upper_bound":"A4AAAAAAAAAABgwCgAAAAD4KBBmy7roVAAAA","repeats":2,"ndv":0},{"count":18,"lower_bound":"A4AAAAAAAAAABgwCgAAAAD4KBBmy7roVAAAA","upper_bound":"A4AAAAAAAAABBgwCgAAAABUhBBm5yXqWAAAA","repeats":2,"ndv":0},{"count":27,"lower_bound":"A4AAAAAAAAABBgwCgAAAABUhBBm5yXqWAAAA","upper_bound":"A4AAAAAAAAABBgwCgAAAAFkHBBm6RMiaAAAA","repeats":2,"ndv":0},{"count":30,"lower_bound":"A4AAAAAAAAABBgwCgAAAAFkHBBm6RMiaAAAA","upper_bound":"A4AAAAAAAAABBgwCgAAAAGJhBBmvEqNXAAAA","repeats":1,"ndv":0}]},"cm_sketch":null,"fm_sketch":null,"stats_ver":2,"null_count":0,"tot_col_size":0,"last_update_version":464051606012821585,"correlation":0},"idx_c1_21":{"histogram":{"ndv":2},"cm_sketch":{"top_n":[{"data":"A4AAAAAAAAAA","count":12},{"data":"A4AAAAAAAAAB","count":18}],"default_value":0},"fm_sketch":null,"stats_ver":2,"null_count":0,"tot_col_size":0,"last_update_version":464051606012821527,"correlation":0},"idx_c2_19":{"histogram":{"ndv":30,"buckets":[{"count":3,"lower_bound":"Bb/lwo9gAAAA","upper_bound":"BcAUrhSAAAAA","repeats":1,"ndv":0},{"count":5,"lower_bound":"BcAg0euAAAAA","upper_bound":"BcAr4UegAAAA","repeats":2,"ndv":0},{"count":9,"lower_bound":"BcAr4UegAAAA","upper_bound":"BcAzwAAAAAAA","repeats":1,"ndv":0},{"count":18,"lower_bound":"BcA3AAAAAAAA","upper_bound":"BcBNdwpAAAAA","repeats":1,"ndv":0},{"count":20,"lower_bound":"BcBNz1wgAAAA","upper_bound":"BcBPeuFAAAAA","repeats":2,"ndv":0},{"count":24,"lower_bound":"BcBPeuFAAAAA","upper_bound":"BcBSj1wgAAAA","repeats":1,"ndv":0},{"count":26,"lower_bound":"BcBU8UegAAAA","upper_bound":"BcBWrrhgAAAA","repeats":2,"ndv":0},{"count":30,"lower_bound":"BcBWrrhgAAAA","upper_bound":"BcBX564gAAAA","repeats":1,"ndv":0}]},"cm_sketch":null,"fm_sketch":null,"stats_ver":2,"null_count":0,"tot_col_size":0,"last_update_version":464051605986607197,"correlation":0},"idx_c3_20":{"histogram":{"ndv":18},"cm_sketch":{"top_n":[{"data":"BBmvEqNXAAAA","count":1},{"data":"BBmvHXcBAAAA","count":1},{"data":"BBmvaRvaAAAA","count":1},{"data":"BBmwUImJAAAA","count":1},{"data":"BBmwXtjbAAAA","count":1},{"data":"BBmw9GSWAAAA","count":1},{"data":"BBmxcBkxAAAA","count":1},{"data":"BBmy7roVAAAA","count":1},{"data":"BBmzNBNuAAAA","count":1},{"data":"BBmzWUXVAAAA","count":1},{"data":"BBmz0H1tAAAA","count":1},{"data":"BBm3ELiQAAAA","count":1},{"data":"BBm3YrmKAAAA","count":1},{"data":"BBm42CPjAAAA","count":1},{"data":"BBm47ABSAAAA","count":1},{"data":"BBm5l0H5AAAA","count":1},{"data":"BBm5yXqWAAAA","count":1},{"data":"BBm6RMiaAAAA","count":13}],"default_value":0},"fm_sketch":null,"stats_ver":2,"null_count":0,"tot_col_size":0,"last_update_version":464051605999714328,"correlation":0},"idx_c4_18":{"histogram":{"ndv":30,"buckets":[{"count":2,"lower_bound":"BBmvroZhAAAA","upper_bound":"BBmwHEDzAAAA","repeats":2,"ndv":0},{"count":6,"lower_bound":"BBmwHEDzAAAA","upper_bound":"BBmw9z34AAAA","repeats":2,"ndv":0},{"count":9,"lower_bound":"BBmw9z34AAAA","upper_bound":"BBmynEZHAAAA","repeats":1,"ndv":0},{"count":10,"lower_bound":"BBmzG34uAAAA","upper_bound":"BBmzLifFAAAA","repeats":2,"ndv":0},{"count":15,"lower_bound":"BBmzLifFAAAA","upper_bound":"BBm0ao6yAAAA","repeats":1,"ndv":0},{"count":16,"lower_bound":"BBm0vzJCAAAA","upper_bound":"BBm0zoFSAAAA","repeats":2,"ndv":0},{"count":24,"lower_bound":"BBm0zoFSAAAA","upper_bound":"BBm5XXfNAAAA","repeats":2,"ndv":0},{"count":26,"lower_bound":"BBm5XXfNAAAA","upper_bound":"BBm6N0ZRAAAA","repeats":2,"ndv":0},{"count":30,"lower_bound":"BBm6N0ZRAAAA","upper_bound":"BBm7P1GvAAAA","repeats":1,"ndv":0}]},"cm_sketch":null,"fm_sketch":null,"stats_ver":2,"null_count":0,"tot_col_size":0,"last_update_version":464051606039035938,"correlation":0},"idx_c5_13":{"histogram":{"ndv":30,"buckets":[{"count":1,"lower_bound":"BgwCgAAAAAlj","upper_bound":"BgwCgAAAAAw4","repeats":2,"ndv":0},{"count":5,"lower_bound":"BgwCgAAAAAw4","upper_bound":"BgwCgAAAABde","repeats":2,"ndv":0},{"count":9,"lower_bound":"BgwCgAAAABde","upper_bound":"BgwCgAAAACQg","repeats":1,"ndv":0},{"count":15,"lower_bound":"BgwCgAAAACRE","upper_bound":"BgwCgAAAACwF","repeats":2,"ndv":0},{"count":18,"lower_bound":"BgwCgAAAACwF","upper_bound":"BgwCgAAAADsF","repeats":1,"ndv":0},{"count":19,"lower_bound":"BgwCgAAAAD4K","upper_bound":"BgwCgAAAAD8b","repeats":2,"ndv":0},{"count":24,"lower_bound":"BgwCgAAAAD8b","upper_bound":"BgwCgAAAAFoB","repeats":2,"ndv":0},{"count":30,"lower_bound":"BgwCgAAAAFoB","upper_bound":"BgwCgAAAAGJh","repeats":1,"ndv":0}]},"cm_sketch":null,"fm_sketch":null,"stats_ver":2,"null_count":0,"tot_col_size":0,"last_update_version":464051605999714386,"correlation":0},"idx_c5_c2_c3_39":{"histogram":{"ndv":30,"buckets":[{"count":1,"lower_bound":"BgwCgAAAAAljBcAx0euAAAAABBmxcBkxAAAA","upper_bound":"BgwCgAAAAAw4BcBFj1wgAAAABBm6RMiaAAAA","repeats":2,"ndv":0},{"count":5,"lower_bound":"BgwCgAAAAAw4BcBFj1wgAAAABBm6RMiaAAAA","upper_bound":"BgwCgAAAABdeBcBPeuFAAAAABBmzNBNuAAAA","repeats":2,"ndv":0},{"count":9,"lower_bound":"BgwCgAAAABdeBcBPeuFAAAAABBmzNBNuAAAA","upper_bound":"BgwCgAAAACQgBcBWszNAAAAABBmvHXcBAAAA","repeats":1,"ndv":0},{"count":15,"lower_bound":"BgwCgAAAACREBcBB49cAAAAABBm6RMiaAAAA","upper_bound":"BgwCgAAAACwFBcBQ+FHgAAAABBmwXtjbAAAA","repeats":2,"ndv":0},{"count":18,"lower_bound":"BgwCgAAAACwFBcBQ+FHgAAAABBmwXtjbAAAA","upper_bound":"BgwCgAAAADsFBcBWTMzAAAAABBmz0H1tAAAA","repeats":1,"ndv":0},{"count":19,"lower_bound":"BgwCgAAAAD4KBcA/j1wgAAAABBmy7roVAAAA","upper_bound":"BgwCgAAAAD8bBcAyIUegAAAABBm3YrmKAAAA","repeats":2,"ndv":0},{"count":24,"lower_bound":"BgwCgAAAAD8bBcAyIUegAAAABBm3YrmKAAAA","upper_bound":"BgwCgAAAAFoBBcBQt64gAAAABBm5l0H5AAAA","repeats":2,"ndv":0},{"count":30,"lower_bound":"BgwCgAAAAFoBBcBQt64gAAAABBm5l0H5AAAA","upper_bound":"BgwCgAAAAGJhBcBDXXCgAAAABBmvEqNXAAAA","repeats":1,"ndv":0}]},"cm_sketch":null,"fm_sketch":null,"stats_ver":2,"null_count":0,"tot_col_size":0,"last_update_version":464051606012821556,"correlation":0},"idx_id_22":{"histogram":{"ndv":30,"buckets":[{"count":1,"lower_bound":"A4AAAAAAAAH+","upper_bound":"A4AAAAAAAAH/","repeats":2,"ndv":0},{"count":6,"lower_bound":"A4AAAAAAAAH/","upper_bound":"A4AAAAAAAAID","repeats":1,"ndv":0},{"count":7,"lower_bound":"A4AAAAAAAAIE","upper_bound":"A4AAAAAAAAIF","repeats":2,"ndv":0},{"count":12,"lower_bound":"A4AAAAAAAAIF","upper_bound":"A4AAAAAAAAIJ","repeats":1,"ndv":0},{"count":13,"lower_bound":"A4AAAAAAAAIK","upper_bound":"A4AAAAAAAAIL","repeats":2,"ndv":0},{"count":18,"lower_bound":"A4AAAAAAAAIL","upper_bound":"A4AAAAAAAAIP","repeats":1,"ndv":0},{"count":19,"lower_bound":"A4AAAAAAAAIQ","upper_bound":"A4AAAAAAAAIR","repeats":2,"ndv":0},{"count":24,"lower_bound":"A4AAAAAAAAIR","upper_bound":"A4AAAAAAAAIV","repeats":1,"ndv":0},{"count":25,"lower_bound":"A4AAAAAAAAIW","upper_bound":"A4AAAAAAAAIX","repeats":2,"ndv":0},{"count":30,"lower_bound":"A4AAAAAAAAIX","upper_bound":"A4AAAAAAAAIb","repeats":1,"ndv":0}]},"cm_sketch":null,"fm_sketch":null,"stats_ver":2,"null_count":0,"tot_col_size":0,"last_update_version":464051605999714357,"correlation":0}},"partitions":null,"database_name":"shiro_fuzz_r5","table_name":"t1","ext_stats":null,"predicate_columns":[{"last_used_at":"2026-02-04 14:44:12","last_analyzed_at":"2026-02-04 14:46:32","id":1},{"last_used_at":"2026-02-04 14:44:12","last_analyzed_at":"2026-02-04 14:46:32","id":2},{"last_used_at":"2026-02-04 14:44:11","last_analyzed_at":"2026-02-04 14:46:32","id":3},{"last_used_at":"2026-02-04 14:44:11","last_analyzed_at":"2026-02-04 14:46:32","id":4},{"last_used_at":"2026-02-04 14:44:12","last_analyzed_at":"2026-02-04 14:46:32","id":5},{"last_used_at":"2026-02-04 14:44:11","last_analyzed_at":"2026-02-04 14:46:32","id":6},{"last_used_at":"2026-02-04 14:44:12","last_analyzed_at":"2026-02-04 14:46:32","id":7}],"count":30,"modify_count":0,"version":464051606039035938,"is_historical_stats":false},"p0":{"columns":{"c0":{"histogram":{"ndv":2},"cm_sketch":{"top_n":[{"data":"A4AAAAAAAAAA","count":11},{"data":"A4AAAAAAAAAB","count":4}],"default_value":0},"fm_sketch":{"mask":0,"hashset":[5375346967849578500,10629088178943016945]},"stats_ver":2,"null_count":0,"tot_col_size":120,"last_update_version":464051605973500004,"correlation":0.04642857142857143},"c1":{"histogram":{"ndv":2},"cm_sketch":{"top_n":[{"data":"A4AAAAAAAAAA","count":6},{"data":"A4AAAAAAAAAB","count":9}],"default_value":0},"fm_sketch":{"mask":0,"hashset":[5375346967849578500,10629088178943016945]},"stats_ver":2,"null_count":0,"tot_col_size":120,"last_update_version":464051605973500004,"correlation":0.6464285714285715},"c2":{"histogram":{"ndv":15,"buckets":[{"count":3,"lower_bound":"MC42OA==","upper_bound":"NS4xNw==","repeats":1,"ndv":0},{"count":6,"lower_bound":"OC40MQ==","upper_bound":"MTguMTM=","repeats":1,"ndv":0},{"count":9,"lower_bound":"MjM=","upper_bound":"NTguOTM=","repeats":1,"ndv":0},{"count":12,"lower_bound":"NjIuOTY=","upper_bound":"NzQuMjQ=","repeats":1,"ndv":0},{"count":15,"lower_bound":"OTAuNzM=","upper_bound":"OTUuNjI=","repeats":1,"ndv":0}]},"cm_sketch":null,"fm_sketch":{"mask":0,"hashset":[8909654413969188588,371310385693465816,2763386407135411578,10530273602014263065,3214820721770165100,17252637438668402281,1406253845293380025,13921725646451051032,11508866795710180232,18250677378361595318,8925264730241280050,8396974961591567662,5366814743017307992,11381817220117127688,13060774343765880493]},"stats_ver":2,"null_count":0,"tot_col_size":120,"last_update_version":464051605973500004,"correlation":0.15357142857142858},"c3":{"histogram":{"ndv":9},"cm_sketch":{"top_n":[{"data":"BBmvHXcBAAAA","count":1},{"data":"BBmvaRvaAAAA","count":1},{"data":"BBmw9GSWAAAA","count":1},{"data":"BBmxcBkxAAAA","count":1},{"data":"BBmzNBNuAAAA","count":1},{"data":"BBmzWUXVAAAA","count":1},{"data":"BBm3YrmKAAAA","count":1},{"data":"BBm5yXqWAAAA","count":1},{"data":"BBm6RMiaAAAA","count":7}],"default_value":0},"fm_sketch":{"mask":0,"hashset":[18197638969289197276,15196837976415860146,12713109226024527919,13641507247252494835,14804411375529567292,8969018123788283614,551981262913959973,12606619313182238064,1578926770037646831]},"stats_ver":2,"null_count":0,"tot_col_size":120,"last_update_version":464051605973500004,"correlation":-0.6285714285714286},"c4":{"histogram":{"ndv":15,"buckets":[{"count":3,"lower_bound":"MjAyMy0wMy0yMyAxNjoyNTozMw==","upper_bound":"MjAyMy0wOC0yMSAwNDozMzoyOA==","repeats":1,"ndv":0},{"count":6,"lower_bound":"MjAyMy0wOC0yOCAwMzo1NTo1Ng==","upper_bound":"MjAyNC0wMi0xNCAxMjoyNTowNw==","repeats":1,"ndv":0},{"count":9,"lower_bound":"MjAyNC0wNC0yMyAxMDozMTowNQ==","upper_bound":"MjAyNC0wOS0yMSAxNjo1ODo1MA==","repeats":1,"ndv":0},{"count":12,"lower_bound":"MjAyNC0xMS0wNyAxNjowNToxOA==","upper_bound":"MjAyNi0wMy0xOCAwMTo1ODowMQ==","repeats":1,"ndv":0},{"count":15,"lower_bound":"MjAyNi0wNi0yOCAwNDoyNToxNw==","upper_bound":"MjAyNi0xMS0wMSAwNTowNjo0Nw==","repeats":1,"ndv":0}]},"cm_sketch":null,"fm_sketch":{"mask":0,"hashset":[1516923017352533090,399636452301839646,16674460756516283059,3960077819063721321,3625061227330987176,6400552066792718506,10989141586188561522,4994194918087121821,16448226022234276133,9924017228667819057,8734138869736137603,15808058372155399801,4721124559020019701,1237894029519265624,3003495737634046542]},"stats_ver":2,"null_count":0,"tot_col_size":120,"last_update_version":464051605973500004,"correlation":0.075},"c5":{"histogram":{"ndv":15,"buckets":[{"count":3,"lower_bound":"OS45OQ==","upper_bound":"MjEuMzM=","repeats":1,"ndv":0},{"count":6,"lower_bound":"MjMuOTQ=","upper_bound":"MzYuMzI=","repeats":1,"ndv":0},{"count":9,"lower_bound":"MzYuNjg=","upper_bound":"NDcuMTA=","repeats":1,"ndv":0},{"count":12,"lower_bound":"NjMuMjc=","upper_bound":"OTAuNDQ=","repeats":1,"ndv":0},{"count":15,"lower_bound":"OTIuNzk=","upper_bound":"OTYuOTM=","repeats":1,"ndv":0}]},"cm_sketch":null,"fm_sketch":{"mask":0,"hashset":[11494468334836148555,6411915178633302568,5213479719555963427,11658747361664229271,12901766883116941177,4618718379275860742,9695460910057758939,4617543909333157684,14593069830608646928,1704833661276295149,2076167718752731402,5530867619702879517,16339703662004491781,17100823995323430628,16714445873797174617]},"stats_ver":2,"null_count":0,"tot_col_size":120,"last_update_version":464051605973500004,"correlation":-0.19642857142857142},"id":{"histogram":{"ndv":15,"buckets":[{"count":3,"lower_bound":"NTEw","upper_bound":"NTE0","repeats":1,"ndv":0},{"count":6,"lower_bound":"NTE2","upper_bound":"NTIw","repeats":1,"ndv":0},{"count":9,"lower_bound":"NTIy","upper_bound":"NTI2","repeats":1,"ndv":0},{"count":12,"lower_bound":"NTI4","upper_bound":"NTMy","repeats":1,"ndv":0},{"count":15,"lower_bound":"NTM0","upper_bound":"NTM4","repeats":1,"ndv":0}]},"cm_sketch":null,"fm_sketch":{"mask":0,"hashset":[6959643718864927232,4255153283563794831,1473577483279579407,10269566590388377335,1289735080860179248,1185249884513238046,15677694179384441526,14551763830034914510,16357865213631794854,15178841129339168219,8780162933585731770,6439055008974164184,3906052014576003132,9275025229789145080,10782839125626564084]},"stats_ver":2,"null_count":0,"tot_col_size":120,"last_update_version":464051605973500004,"correlation":1}},"indices":{"idx_c0_17":{"histogram":{"ndv":2},"cm_sketch":{"top_n":[{"data":"A4AAAAAAAAAA","count":11},{"data":"A4AAAAAAAAAB","count":4}],"default_value":0},"fm_sketch":null,"stats_ver":2,"null_count":0,"tot_col_size":0,"last_update_version":464051605973500004,"correlation":0},"idx_c0_c5_c3_39":{"histogram":{"ndv":15,"buckets":[{"count":3,"lower_bound":"A4AAAAAAAAAABgwCgAAAAAljBBmxcBkxAAAA","upper_bound":"A4AAAAAAAAAABgwCgAAAAB1cBBmzWUXVAAAA","repeats":1,"ndv":0},{"count":6,"lower_bound":"A4AAAAAAAAAABgwCgAAAACQgBBmvHXcBAAAA","upper_bound":"A4AAAAAAAAAABgwCgAAAACoCBBm6RMiaAAAA","repeats":1,"ndv":0},{"count":9,"lower_bound":"A4AAAAAAAAAABgwCgAAAAC8KBBm6RMiaAAAA","upper_bound":"A4AAAAAAAAAABgwCgAAAAFcSBBm6RMiaAAAA","repeats":1,"ndv":0},{"count":12,"lower_bound":"A4AAAAAAAAAABgwCgAAAAFosBBmvaRvaAAAA","upper_bound":"A4AAAAAAAAABBgwCgAAAABJhBBm6RMiaAAAA","repeats":1,"ndv":0},{"count":15,"lower_bound":"A4AAAAAAAAABBgwCgAAAABUhBBm5yXqWAAAA","upper_bound":"A4AAAAAAAAABBgwCgAAAAF44BBm6RMiaAAAA","repeats":1,"ndv":0}]},"cm_sketch":null,"fm_sketch":null,"stats_ver":2,"null_count":0,"tot_col_size":0,"last_update_version":464051605973500004,"correlation":0},"idx_c1_21":{"histogram":{"ndv":2},"cm_sketch":{"top_n":[{"data":"A4AAAAAAAAAA","count":6},{"data":"A4AAAAAAAAAB","count":9}],"default_value":0},"fm_sketch":null,"stats_ver":2,"null_count":0,"tot_col_size":0,"last_update_version":464051605973500004,"correlation":0},"idx_c2_19":{"histogram":{"ndv":15,"buckets":[{"count":3,"lower_bound":"Bb/lwo9gAAAA","upper_bound":"BcAUrhSAAAAA","repeats":1,"ndv":0},{"count":6,"lower_bound":"BcAg0euAAAAA","upper_bound":"BcAyIUegAAAA","repeats":1,"ndv":0},{"count":9,"lower_bound":"BcA3AAAAAAAA","upper_bound":"BcBNdwpAAAAA","repeats":1,"ndv":0},{"count":12,"lower_bound":"BcBPeuFAAAAA","upper_bound":"BcBSj1wgAAAA","repeats":1,"ndv":0},{"count":15,"lower_bound":"BcBWrrhgAAAA","upper_bound":"BcBX564gAAAA","repeats":1,"ndv":0}]},"cm_sketch":null,"fm_sketch":null,"stats_ver":2,"null_count":0,"tot_col_size":0,"last_update_version":464051605973500004,"correlation":0},"idx_c3_20":{"histogram":{"ndv":9},"cm_sketch":{"top_n":[{"data":"BBmvHXcBAAAA","count":1},{"data":"BBmvaRvaAAAA","count":1},{"data":"BBmw9GSWAAAA","count":1},{"data":"BBmxcBkxAAAA","count":1},{"data":"BBmzNBNuAAAA","count":1},{"data":"BBmzWUXVAAAA","count":1},{"data":"BBm3YrmKAAAA","count":1},{"data":"BBm5yXqWAAAA","count":1},{"data":"BBm6RMiaAAAA","count":7}],"default_value":0},"fm_sketch":null,"stats_ver":2,"null_count":0,"tot_col_size":0,"last_update_version":464051605973500004,"correlation":0},"idx_c4_18":{"histogram":{"ndv":15,"buckets":[{"count":3,"lower_bound":"BBmvroZhAAAA","upper_bound":"BBmw6UhcAAAA","repeats":1,"ndv":0},{"count":6,"lower_bound":"BBmw9z34AAAA","upper_bound":"BBmynEZHAAAA","repeats":1,"ndv":0},{"count":9,"lower_bound":"BBmzLifFAAAA","upper_bound":"BBm0ao6yAAAA","repeats":1,"ndv":0},{"count":12,"lower_bound":"BBm0zoFSAAAA","upper_bound":"BBm5Yx6BAAAA","repeats":1,"ndv":0},{"count":15,"lower_bound":"BBm6N0ZRAAAA","upper_bound":"BBm7P1GvAAAA","repeats":1,"ndv":0}]},"cm_sketch":null,"fm_sketch":null,"stats_ver":2,"null_count":0,"tot_col_size":0,"last_update_version":464051605973500004,"correlation":0},"idx_c5_13":{"histogram":{"ndv":15,"buckets":[{"count":3,"lower_bound":"BgwCgAAAAAlj","upper_bound":"BgwCgAAAABUh","repeats":1,"ndv":0},{"count":6,"lower_bound":"BgwCgAAAABde","upper_bound":"BgwCgAAAACQg","repeats":1,"ndv":0},{"count":9,"lower_bound":"BgwCgAAAACRE","upper_bound":"BgwCgAAAAC8K","repeats":1,"ndv":0},{"count":12,"lower_bound":"BgwCgAAAAD8b","upper_bound":"BgwCgAAAAFos","repeats":1,"ndv":0},{"count":15,"lower_bound":"BgwCgAAAAFxP","upper_bound":"BgwCgAAAAGBd","repeats":1,"ndv":0}]},"cm_sketch":null,"fm_sketch":null,"stats_ver":2,"null_count":0,"tot_col_size":0,"last_update_version":464051605973500004,"correlation":0},"idx_c5_c2_c3_39":{"histogram":{"ndv":15,"buckets":[{"count":3,"lower_bound":"BgwCgAAAAAljBcAx0euAAAAABBmxcBkxAAAA","upper_bound":"BgwCgAAAABUhBb/lwo9gAAAABBm5yXqWAAAA","repeats":1,"ndv":0},{"count":6,"lower_bound":"BgwCgAAAABdeBcBPeuFAAAAABBmzNBNuAAAA","upper_bound":"BgwCgAAAACQgBcBWszNAAAAABBmvHXcBAAAA","repeats":1,"ndv":0},{"count":9,"lower_bound":"BgwCgAAAACREBcBB49cAAAAABBm6RMiaAAAA","upper_bound":"BgwCgAAAAC8KBcA3AAAAAAAABBm6RMiaAAAA","repeats":1,"ndv":0},{"count":12,"lower_bound":"BgwCgAAAAD8bBcAyIUegAAAABBm3YrmKAAAA","upper_bound":"BgwCgAAAAFosBcBP9wpAAAAABBmvaRvaAAAA","repeats":1,"ndv":0},{"count":15,"lower_bound":"BgwCgAAAAFxPBcAg0euAAAAABBm6RMiaAAAA","upper_bound":"BgwCgAAAAGBdBcAUrhSAAAAABBmw9GSWAAAA","repeats":1,"ndv":0}]},"cm_sketch":null,"fm_sketch":null,"stats_ver":2,"null_count":0,"tot_col_size":0,"last_update_version":464051605973500004,"correlation":0},"idx_id_22":{"histogram":{"ndv":15,"buckets":[{"count":3,"lower_bound":"A4AAAAAAAAH+","upper_bound":"A4AAAAAAAAIC","repeats":1,"ndv":0},{"count":6,"lower_bound":"A4AAAAAAAAIE","upper_bound":"A4AAAAAAAAII","repeats":1,"ndv":0},{"count":9,"lower_bound":"A4AAAAAAAAIK","upper_bound":"A4AAAAAAAAIO","repeats":1,"ndv":0},{"count":12,"lower_bound":"A4AAAAAAAAIQ","upper_bound":"A4AAAAAAAAIU","repeats":1,"ndv":0},{"count":15,"lower_bound":"A4AAAAAAAAIW","upper_bound":"A4AAAAAAAAIa","repeats":1,"ndv":0}]},"cm_sketch":null,"fm_sketch":null,"stats_ver":2,"null_count":0,"tot_col_size":0,"last_update_version":464051605973500004,"correlation":0}},"partitions":null,"database_name":"shiro_fuzz_r5","table_name":"t1","ext_stats":null,"predicate_columns":[{"last_used_at":null,"last_analyzed_at":"2026-02-04 14:46:32","id":7},{"last_used_at":null,"last_analyzed_at":"2026-02-04 14:46:32","id":1},{"last_used_at":null,"last_analyzed_at":"2026-02-04 14:46:32","id":2},{"last_used_at":null,"last_analyzed_at":"2026-02-04 14:46:32","id":3},{"last_used_at":null,"last_analyzed_at":"2026-02-04 14:46:32","id":4},{"last_used_at":null,"last_analyzed_at":"2026-02-04 14:46:32","id":5},{"last_used_at":null,"last_analyzed_at":"2026-02-04 14:46:32","id":6}],"count":15,"modify_count":0,"version":464051605973500004,"is_historical_stats":false},"p1":{"columns":{"c0":{"histogram":{"ndv":2},"cm_sketch":{"top_n":[{"data":"A4AAAAAAAAAA","count":5},{"data":"A4AAAAAAAAAB","count":10}],"default_value":0},"fm_sketch":{"mask":0,"hashset":[10629088178943016945,5375346967849578500]},"stats_ver":2,"null_count":0,"tot_col_size":120,"last_update_version":464051605973500005,"correlation":0.4928571428571429},"c1":{"histogram":{"ndv":2},"cm_sketch":{"top_n":[{"data":"A4AAAAAAAAAA","count":6},{"data":"A4AAAAAAAAAB","count":9}],"default_value":0},"fm_sketch":{"mask":0,"hashset":[10629088178943016945,5375346967849578500]},"stats_ver":2,"null_count":0,"tot_col_size":120,"last_update_version":464051605973500005,"correlation":0.6178571428571429},"c2":{"histogram":{"ndv":15,"buckets":[{"count":3,"lower_bound":"MTMuOTQ=","upper_bound":"MTkuNzU=","repeats":1,"ndv":0},{"count":6,"lower_bound":"MzEuNTY=","upper_bound":"NDMuMTI=","repeats":1,"ndv":0},{"count":9,"lower_bound":"NDYuNDk=","upper_bound":"NTUuMzQ=","repeats":1,"ndv":0},{"count":12,"lower_bound":"NTkuNjI=","upper_bound":"NjcuODg=","repeats":1,"ndv":0},{"count":15,"lower_bound":"ODMuNzc=","upper_bound":"OTQuOTI=","repeats":1,"ndv":0}]},"cm_sketch":null,"fm_sketch":{"mask":0,"hashset":[16098435913662288030,1890137440926097659,1004037489283789022,14753154076888890439,91294721731048538,14950721015055765730,5925366658375835280,65178924555701247,5767843227892100458,15736131311883320187,230682500212411780,13096985181667354067,3441363726244132034,11966356188677001903,6731427387361624664]},"stats_ver":2,"null_count":0,"tot_col_size":120,"last_update_version":464051605973500005,"correlation":0.18571428571428572},"c3":{"histogram":{"ndv":10},"cm_sketch":{"top_n":[{"data":"BBmvEqNXAAAA","count":1},{"data":"BBmwUImJAAAA","count":1},{"data":"BBmwXtjbAAAA","count":1},{"data":"BBmy7roVAAAA","count":1},{"data":"BBmz0H1tAAAA","count":1},{"data":"BBm3ELiQAAAA","count":1},{"data":"BBm42CPjAAAA","count":1},{"data":"BBm47ABSAAAA","count":1},{"data":"BBm5l0H5AAAA","count":1},{"data":"BBm6RMiaAAAA","count":6}],"default_value":0},"fm_sketch":{"mask":0,"hashset":[3389342373218756690,14734571699905790318,11177382765418310694,7331427480928055015,14256023894198389831,8334201109213628438,8969018123788283614,7163237876442251131,16430721103681579262,14064209830864582595]},"stats_ver":2,"null_count":0,"tot_col_size":120,"last_update_version":464051605973500005,"correlation":-0.7178571428571429},"c4":{"histogram":{"ndv":15,"buckets":[{"count":3,"lower_bound":"MjAyMy0wNS0xNCAxMjowMzo1MQ==","upper_bound":"MjAyMy0wOS0xNyAwODozMjowMQ==","repeats":1,"ndv":0},{"count":6,"lower_bound":"MjAyNC0wNC0xNCAwNzo1Njo0Ng==","upper_bound":"MjAyNC0wOC0yNyAyMzozMzoxNA==","repeats":1,"ndv":0},{"count":9,"lower_bound":"MjAyNC0xMS0wMSAwMzowOTowMg==","upper_bound":"MjAyNS0wNC0yNyAwNTo1MTowMQ==","repeats":1,"ndv":0},{"count":12,"lower_bound":"MjAyNS0xMC0wNyAwODowMjoyNw==","upper_bound":"MjAyNi0wMy0wMSAxMTowMjozNQ==","repeats":1,"ndv":0},{"count":15,"lower_bound":"MjAyNi0wMy0xNSAwNzozMToxMw==","upper_bound":"MjAyNi0wOS0wMyAwODo0MjoxMA==","repeats":1,"ndv":0}]},"cm_sketch":null,"fm_sketch":{"mask":0,"hashset":[8326562502482121590,9871895991036970753,4426027936699181238,10902004986497657535,14817767429692539651,11029026835598352611,12394418112341355126,4607595430554349598,9480419024941502873,4842463935261558379,13638436173848198893,12023161093981096514,8448638980150013798,12662162102892610504,12813462563048777948]},"stats_ver":2,"null_count":0,"tot_col_size":120,"last_update_version":464051605973500005,"correlation":-0.060714285714285714},"c5":{"histogram":{"ndv":15,"buckets":[{"count":3,"lower_bound":"MTIuNTY=","upper_bound":"MzMuMDg=","repeats":1,"ndv":0},{"count":6,"lower_bound":"MzguOTk=","upper_bound":"NDMuMzk=","repeats":1,"ndv":0},{"count":9,"lower_bound":"NDQuMDU=","upper_bound":"NTkuMDU=","repeats":1,"ndv":0},{"count":12,"lower_bound":"NjIuMTA=","upper_bound":"ODkuMDc=","repeats":1,"ndv":0},{"count":15,"lower_bound":"OTAuMDE=","upper_bound":"OTguOTc=","repeats":1,"ndv":0}]},"cm_sketch":null,"fm_sketch":{"mask":0,"hashset":[10551489091402775075,9578238339473891934,13747326278506587297,16188047547967172038,17396831242802123166,4511392816227114907,10340148473118745777,12683996814266572013,8804132597393867703,8847652899510660416,16741741964993062474,17129290560016185860,4068709841777219086,10273626738052917782,7338810183831150066]},"stats_ver":2,"null_count":0,"tot_col_size":120,"last_update_version":464051605973500005,"correlation":0.6107142857142858},"id":{"histogram":{"ndv":15,"buckets":[{"count":3,"lower_bound":"NTEx","upper_bound":"NTE1","repeats":1,"ndv":0},{"count":6,"lower_bound":"NTE3","upper_bound":"NTIx","repeats":1,"ndv":0},{"count":9,"lower_bound":"NTIz","upper_bound":"NTI3","repeats":1,"ndv":0},{"count":12,"lower_bound":"NTI5","upper_bound":"NTMz","repeats":1,"ndv":0},{"count":15,"lower_bound":"NTM1","upper_bound":"NTM5","repeats":1,"ndv":0}]},"cm_sketch":null,"fm_sketch":{"mask":0,"hashset":[4059236089511065927,17848146140630007057,13763355182903610094,2684560792982170194,3836001224584964754,16426800897755778354,17429179566362840263,5659140212113338136,4296542530830701837,985340622767584603,353201177300241662,8407048479177499819,2636473107094038545,10169438795423387037,3122226727703708132]},"stats_ver":2,"null_count":0,"tot_col_size":120,"last_update_version":464051605973500005,"correlation":1}},"indices":{"idx_c0_17":{"histogram":{"ndv":2},"cm_sketch":{"top_n":[{"data":"A4AAAAAAAAAA","count":5},{"data":"A4AAAAAAAAAB","count":10}],"default_value":0},"fm_sketch":null,"stats_ver":2,"null_count":0,"tot_col_size":0,"last_update_version":464051605973500005,"correlation":0},"idx_c0_c5_c3_39":{"histogram":{"ndv":15,"buckets":[{"count":3,"lower_bound":"A4AAAAAAAAAABgwCgAAAAAw4BBm6RMiaAAAA","upper_bound":"A4AAAAAAAAAABgwCgAAAADsFBBmz0H1tAAAA","repeats":1,"ndv":0},{"count":6,"lower_bound":"A4AAAAAAAAAABgwCgAAAAD4KBBmy7roVAAAA","upper_bound":"A4AAAAAAAAABBgwCgAAAACEIBBm6RMiaAAAA","repeats":1,"ndv":0},{"count":9,"lower_bound":"A4AAAAAAAAABBgwCgAAAACZjBBm6RMiaAAAA","upper_bound":"A4AAAAAAAAABBgwCgAAAACsnBBm6RMiaAAAA","repeats":1,"ndv":0},{"count":12,"lower_bound":"A4AAAAAAAAABBgwCgAAAACwFBBmwXtjbAAAA","upper_bound":"A4AAAAAAAAABBgwCgAAAAEMzBBmwUImJAAAA","repeats":1,"ndv":0},{"count":15,"lower_bound":"A4AAAAAAAAABBgwCgAAAAFkHBBm6RMiaAAAA","upper_bound":"A4AAAAAAAAABBgwCgAAAAGJhBBmvEqNXAAAA","repeats":1,"ndv":0}]},"cm_sketch":null,"fm_sketch":null,"stats_ver":2,"null_count":0,"tot_col_size":0,"last_update_version":464051605973500005,"correlation":0},"idx_c1_21":{"histogram":{"ndv":2},"cm_sketch":{"top_n":[{"data":"A4AAAAAAAAAA","count":6},{"data":"A4AAAAAAAAAB","count":9}],"default_value":0},"fm_sketch":null,"stats_ver":2,"null_count":0,"tot_col_size":0,"last_update_version":464051605973500005,"correlation":0},"idx_c2_19":{"histogram":{"ndv":15,"buckets":[{"count":3,"lower_bound":"BcAr4UegAAAA","upper_bound":"BcAzwAAAAAAA","repeats":1,"ndv":0},{"count":6,"lower_bound":"BcA/j1wgAAAA","upper_bound":"BcBFj1wgAAAA","repeats":1,"ndv":0},{"count":9,"lower_bound":"BcBHPrhgAAAA","upper_bound":"BcBLq4UgAAAA","repeats":1,"ndv":0},{"count":12,"lower_bound":"BcBNz1wgAAAA","upper_bound":"BcBQ+FHgAAAA","repeats":1,"ndv":0},{"count":15,"lower_bound":"BcBU8UegAAAA","upper_bound":"BcBXuuFAAAAA","repeats":1,"ndv":0}]},"cm_sketch":null,"fm_sketch":null,"stats_ver":2,"null_count":0,"tot_col_size":0,"last_update_version":464051605973500005,"correlation":0},"idx_c3_20":{"histogram":{"ndv":10},"cm_sketch":{"top_n":[{"data":"BBmvEqNXAAAA","count":1},{"data":"BBmwUImJAAAA","count":1},{"data":"BBmwXtjbAAAA","count":1},{"data":"BBmy7roVAAAA","count":1},{"data":"BBmz0H1tAAAA","count":1},{"data":"BBm3ELiQAAAA","count":1},{"data":"BBm42CPjAAAA","count":1},{"data":"BBm47ABSAAAA","count":1},{"data":"BBm5l0H5AAAA","count":1},{"data":"BBm6RMiaAAAA","count":6}],"default_value":0},"fm_sketch":null,"stats_ver":2,"null_count":0,"tot_col_size":0,"last_update_version":464051605973500005,"correlation":0},"idx_c4_18":{"histogram":{"ndv":15,"buckets":[{"count":3,"lower_bound":"BBmwHEDzAAAA","upper_bound":"BBmxIggBAAAA","repeats":1,"ndv":0},{"count":6,"lower_bound":"BBmzG34uAAAA","upper_bound":"BBm0NvhOAAAA","repeats":1,"ndv":0},{"count":9,"lower_bound":"BBm0vzJCAAAA","upper_bound":"BBm2dVzBAAAA","repeats":1,"ndv":0},{"count":12,"lower_bound":"BBm3zgCbAAAA","upper_bound":"BBm5QjCjAAAA","repeats":1,"ndv":0},{"count":15,"lower_bound":"BBm5XXfNAAAA","upper_bound":"BBm6xgqKAAAA","repeats":1,"ndv":0}]},"cm_sketch":null,"fm_sketch":null,"stats_ver":2,"null_count":0,"tot_col_size":0,"last_update_version":464051605973500005,"correlation":0},"idx_c5_13":{"histogram":{"ndv":15,"buckets":[{"count":3,"lower_bound":"BgwCgAAAAAw4","upper_bound":"BgwCgAAAACEI","repeats":1,"ndv":0},{"count":6,"lower_bound":"BgwCgAAAACZj","upper_bound":"BgwCgAAAACsn","repeats":1,"ndv":0},{"count":9,"lower_bound":"BgwCgAAAACwF","upper_bound":"BgwCgAAAADsF","repeats":1,"ndv":0},{"count":12,"lower_bound":"BgwCgAAAAD4K","upper_bound":"BgwCgAAAAFkH","repeats":1,"ndv":0},{"count":15,"lower_bound":"BgwCgAAAAFoB","upper_bound":"BgwCgAAAAGJh","repeats":1,"ndv":0}]},"cm_sketch":null,"fm_sketch":null,"stats_ver":2,"null_count":0,"tot_col_size":0,"last_update_version":464051605973500005,"correlation":0},"idx_c5_c2_c3_39":{"histogram":{"ndv":15,"buckets":[{"count":3,"lower_bound":"BgwCgAAAAAw4BcBFj1wgAAAABBm6RMiaAAAA","upper_bound":"BgwCgAAAACEIBcBXuuFAAAAABBm6RMiaAAAA","repeats":1,"ndv":0},{"count":6,"lower_bound":"BgwCgAAAACZjBcBK3rhgAAAABBm6RMiaAAAA","upper_bound":"BgwCgAAAACsnBcBNz1wgAAAABBm6RMiaAAAA","repeats":1,"ndv":0},{"count":9,"lower_bound":"BgwCgAAAACwFBcBQ+FHgAAAABBmwXtjbAAAA","upper_bound":"BgwCgAAAADsFBcBWTMzAAAAABBmz0H1tAAAA","repeats":1,"ndv":0},{"count":12,"lower_bound":"BgwCgAAAAD4KBcA/j1wgAAAABBmy7roVAAAA","upper_bound":"BgwCgAAAAFkHBcAwij2AAAAABBm6RMiaAAAA","repeats":1,"ndv":0},{"count":15,"lower_bound":"BgwCgAAAAFoBBcBQt64gAAAABBm5l0H5AAAA","upper_bound":"BgwCgAAAAGJhBcBDXXCgAAAABBmvEqNXAAAA","repeats":1,"ndv":0}]},"cm_sketch":null,"fm_sketch":null,"stats_ver":2,"null_count":0,"tot_col_size":0,"last_update_version":464051605973500005,"correlation":0},"idx_id_22":{"histogram":{"ndv":15,"buckets":[{"count":3,"lower_bound":"A4AAAAAAAAH/","upper_bound":"A4AAAAAAAAID","repeats":1,"ndv":0},{"count":6,"lower_bound":"A4AAAAAAAAIF","upper_bound":"A4AAAAAAAAIJ","repeats":1,"ndv":0},{"count":9,"lower_bound":"A4AAAAAAAAIL","upper_bound":"A4AAAAAAAAIP","repeats":1,"ndv":0},{"count":12,"lower_bound":"A4AAAAAAAAIR","upper_bound":"A4AAAAAAAAIV","repeats":1,"ndv":0},{"count":15,"lower_bound":"A4AAAAAAAAIX","upper_bound":"A4AAAAAAAAIb","repeats":1,"ndv":0}]},"cm_sketch":null,"fm_sketch":null,"stats_ver":2,"null_count":0,"tot_col_size":0,"last_update_version":464051605973500005,"correlation":0}},"partitions":null,"database_name":"shiro_fuzz_r5","table_name":"t1","ext_stats":null,"predicate_columns":[{"last_used_at":null,"last_analyzed_at":"2026-02-04 14:46:32","id":1},{"last_used_at":null,"last_analyzed_at":"2026-02-04 14:46:32","id":2},{"last_used_at":null,"last_analyzed_at":"2026-02-04 14:46:32","id":3},{"last_used_at":null,"last_analyzed_at":"2026-02-04 14:46:32","id":4},{"last_used_at":null,"last_analyzed_at":"2026-02-04 14:46:32","id":5},{"last_used_at":null,"last_analyzed_at":"2026-02-04 14:46:32","id":6},{"last_used_at":null,"last_analyzed_at":"2026-02-04 14:46:32","id":7}],"count":15,"modify_count":0,"version":464051605973500005,"is_historical_stats":false}},"database_name":"shiro_fuzz_r5","table_name":"t1","ext_stats":null,"predicate_columns":null,"count":0,"modify_count":0,"version":0,"is_historical_stats":false}