{"columns":{"c0":{"histogram":{"ndv":81,"buckets":[{"count":3,"lower_bound":"MA==","upper_bound":"Mw==","repeats":1,"ndv":0},{"count":6,"lower_bound":"NA==","upper_bound":"Nw==","repeats":1,"ndv":0},{"count":9,"lower_bound":"MTQ=","upper_bound":"MjQ=","repeats":1,"ndv":0},{"count":12,"lower_bound":"MjY=","upper_bound":"MzA=","repeats":1,"ndv":0},{"count":15,"lower_bound":"MzM=","upper_bound":"Mzg=","repeats":1,"ndv":0},{"count":18,"lower_bound":"Mzk=","upper_bound":"NDY=","repeats":1,"ndv":0},{"count":21,"lower_bound":"NDc=","upper_bound":"NDk=","repeats":1,"ndv":0},{"count":24,"lower_bound":"NTU=","upper_bound":"NjA=","repeats":1,"ndv":0},{"count":27,"lower_bound":"NjY=","upper_bound":"NzQ=","repeats":1,"ndv":0},{"count":30,"lower_bound":"Nzc=","upper_bound":"ODQ=","repeats":1,"ndv":0},{"count":33,"lower_bound":"ODU=","upper_bound":"OTI=","repeats":1,"ndv":0},{"count":36,"lower_bound":"OTM=","upper_bound":"OTU=","repeats":1,"ndv":0},{"count":37,"lower_bound":"OTY=","upper_bound":"OTY=","repeats":1,"ndv":0}]},"cm_sketch":{"top_n":[{"data":"A4AAAAAAAAAB","count":3},{"data":"A4AAAAAAAAAF","count":2},{"data":"A4AAAAAAAAAJ","count":2},{"data":"A4AAAAAAAAAK","count":2},{"data":"A4AAAAAAAAAL","count":2},{"data":"A4AAAAAAAAAM","count":3},{"data":"A4AAAAAAAAAN","count":2},{"data":"A4AAAAAAAAAP","count":6},{"data":"A4AAAAAAAAAR","count":4},{"data":"A4AAAAAAAAAT","count":2},{"data":"A4AAAAAAAAAU","count":2},{"data":"A4AAAAAAAAAV","count":2},{"data":"A4AAAAAAAAAX","count":2},{"data":"A4AAAAAAAAAc","count":3},{"data":"A4AAAAAAAAAd","count":2},{"data":"A4AAAAAAAAAg","count":2},{"data":"A4AAAAAAAAAj","count":3},{"data":"A4AAAAAAAAAk","count":2},{"data":"A4AAAAAAAAAo","count":5},{"data":"A4AAAAAAAAAs","count":3},{"data":"A4AAAAAAAAAt","count":2},{"data":"A4AAAAAAAAA0","count":4},{"data":"A4AAAAAAAAA1","count":2},{"data":"A4AAAAAAAAA5","count":2},{"data":"A4AAAAAAAAA9","count":2},{"data":"A4AAAAAAAAA+","count":2},{"data":"A4AAAAAAAABA","count":2},{"data":"A4AAAAAAAABB","count":2},{"data":"A4AAAAAAAABE","count":2},{"data":"A4AAAAAAAABF","count":2},{"data":"A4AAAAAAAABG","count":3},{"data":"A4AAAAAAAABH","count":2},{"data":"A4AAAAAAAABJ","count":2},{"data":"A4AAAAAAAABL","count":2},{"data":"A4AAAAAAAABM","count":2},{"data":"A4AAAAAAAABO","count":2},{"data":"A4AAAAAAAABP","count":2},{"data":"A4AAAAAAAABQ","count":2},{"data":"A4AAAAAAAABR","count":2},{"data":"A4AAAAAAAABX","count":2},{"data":"A4AAAAAAAABY","count":3},{"data":"A4AAAAAAAABa","count":3},{"data":"A4AAAAAAAABb","count":2},{"data":"A4AAAAAAAABh","count":2}],"default_value":0},"fm_sketch":null,"stats_ver":2,"null_count":0,"tot_col_size":1152,"last_update_version":464041135154659370,"correlation":-0.016863596173941002},"c1":{"histogram":{"ndv":142,"buckets":[{"count":3,"lower_bound":"Mi4xNw==","upper_bound":"NC4xMw==","repeats":1,"ndv":0},{"count":6,"lower_bound":"NC41NA==","upper_bound":"NS4yOA==","repeats":1,"ndv":0},{"count":9,"lower_bound":"Ni43Mg==","upper_bound":"Ny45OA==","repeats":1,"ndv":0},{"count":12,"lower_bound":"MTAuNTE=","upper_bound":"MTAuODc=","repeats":1,"ndv":0},{"count":15,"lower_bound":"MTEuMjc=","upper_bound":"MTMuNDI=","repeats":1,"ndv":0},{"count":18,"lower_bound":"MTQuMjA=","upper_bound":"MTUuNDI=","repeats":1,"ndv":0},{"count":21,"lower_bound":"MTUuNjQ=","upper_bound":"MTcuMzM=","repeats":1,"ndv":0},{"count":24,"lower_bound":"MTguMjQ=","upper_bound":"MTguODc=","repeats":1,"ndv":0},{"count":27,"lower_bound":"MTkuMDY=","upper_bound":"MTkuNjE=","repeats":1,"ndv":0},{"count":30,"lower_bound":"MTkuODA=","upper_bound":"MjAuMDY=","repeats":1,"ndv":0},{"count":33,"lower_bound":"MjEuMzg=","upper_bound":"MjQuNDU=","repeats":1,"ndv":0},{"count":36,"lower_bound":"MjQuODk=","upper_bound":"MjYuMjY=","repeats":1,"ndv":0},{"count":39,"lower_bound":"MjYuMzY=","upper_bound":"MjcuMzE=","repeats":1,"ndv":0},{"count":42,"lower_bound":"MjcuNzI=","upper_bound":"MjguMjY=","repeats":1,"ndv":0},{"count":45,"lower_bound":"MzAuNTI=","upper_bound":"MzEuMDU=","repeats":1,"ndv":0},{"count":48,"lower_bound":"MzEuMzM=","upper_bound":"MzIuODE=","repeats":1,"ndv":0},{"count":51,"lower_bound":"MzQuMDM=","upper_bound":"MzQuMTY=","repeats":1,"ndv":0},{"count":54,"lower_bound":"MzUuMDA=","upper_bound":"MzkuMDI=","repeats":1,"ndv":0},{"count":57,"lower_bound":"MzkuNDI=","upper_bound":"NDAuMTc=","repeats":1,"ndv":0},{"count":60,"lower_bound":"NDIuMTA=","upper_bound":"NDQuNDc=","repeats":1,"ndv":0},{"count":63,"lower_bound":"NDUuMDI=","upper_bound":"NDYuNDc=","repeats":1,"ndv":0},{"count":66,"lower_bound":"NDcuMDM=","upper_bound":"NDkuMTQ=","repeats":1,"ndv":0},{"count":69,"lower_bound":"NTAuMDk=","upper_bound":"NTAuNzI=","repeats":1,"ndv":0},{"count":72,"lower_bound":"NTEuNDY=","upper_bound":"NTIuMzE=","repeats":1,"ndv":0},{"count":75,"lower_bound":"NTIuNTA=","upper_bound":"NTQuMTg=","repeats":1,"ndv":0},{"count":78,"lower_bound":"NTUuMDY=","upper_bound":"NTUuMzk=","repeats":1,"ndv":0},{"count":81,"lower_bound":"NTUuNjM=","upper_bound":"NTYuNTQ=","repeats":1,"ndv":0},{"count":84,"lower_bound":"NTYuOTE=","upper_bound":"NTguOTI=","repeats":1,"ndv":0},{"count":87,"lower_bound":"NjAuMDM=","upper_bound":"NjEuMjA=","repeats":1,"ndv":0},{"count":90,"lower_bound":"NjEuNjI=","upper_bound":"NjIuMTE=","repeats":1,"ndv":0},{"count":93,"lower_bound":"NjIuMzY=","upper_bound":"NjMuMTc=","repeats":1,"ndv":0},{"count":96,"lower_bound":"NjQuMjM=","upper_bound":"NjUuODE=","repeats":1,"ndv":0},{"count":99,"lower_bound":"NjUuODc=","upper_bound":"NjcuMTk=","repeats":1,"ndv":0},{"count":102,"lower_bound":"NjcuODI=","upper_bound":"NzAuNDM=","repeats":1,"ndv":0},{"count":105,"lower_bound":"NzAuNTE=","upper_bound":"NzEuNDY=","repeats":1,"ndv":0},{"count":108,"lower_bound":"NzIuMTE=","upper_bound":"NzIuMzI=","repeats":1,"ndv":0},{"count":111,"lower_bound":"NzMuNzI=","upper_bound":"NzQuOTA=","repeats":1,"ndv":0},{"count":114,"lower_bound":"NzUuMjE=","upper_bound":"NzguMzY=","repeats":1,"ndv":0},{"count":117,"lower_bound":"NzguNTc=","upper_bound":"ODAuOTY=","repeats":1,"ndv":0},{"count":120,"lower_bound":"ODEuMzA=","upper_bound":"ODIuNDc=","repeats":1,"ndv":0},{"count":123,"lower_bound":"ODIuNjA=","upper_bound":"ODMuMjY=","repeats":1,"ndv":0},{"count":126,"lower_bound":"ODUuMTk=","upper_bound":"ODcuOTg=","repeats":1,"ndv":0},{"count":129,"lower_bound":"ODkuMTU=","upper_bound":"OTIuMzc=","repeats":1,"ndv":0},{"count":132,"lower_bound":"OTIuNDI=","upper_bound":"OTMuNjE=","repeats":1,"ndv":0},{"count":135,"lower_bound":"OTMuNjQ=","upper_bound":"OTQuNDA=","repeats":1,"ndv":0},{"count":138,"lower_bound":"OTUuODM=","upper_bound":"OTYuNDc=","repeats":1,"ndv":0},{"count":140,"lower_bound":"OTYuNTc=","upper_bound":"OTcuNzM=","repeats":1,"ndv":0}]},"cm_sketch":{"top_n":[{"data":"BgwCgAAAACQ9","count":2},{"data":"BgwCgAAAACwo","count":2}],"default_value":0},"fm_sketch":null,"stats_ver":2,"null_count":0,"tot_col_size":1152,"last_update_version":464041135154659370,"correlation":-0.08948235672373603},"c2":{"histogram":{"ndv":75,"buckets":[{"count":3,"lower_bound":"MQ==","upper_bound":"Nw==","repeats":1,"ndv":0},{"count":6,"lower_bound":"MTM=","upper_bound":"MTY=","repeats":1,"ndv":0},{"count":9,"lower_bound":"MTc=","upper_bound":"MjM=","repeats":1,"ndv":0},{"count":12,"lower_bound":"MjU=","upper_bound":"MzU=","repeats":1,"ndv":0},{"count":15,"lower_bound":"Mzg=","upper_bound":"NDY=","repeats":1,"ndv":0},{"count":18,"lower_bound":"NDc=","upper_bound":"NDk=","repeats":1,"ndv":0},{"count":21,"lower_bound":"NTU=","upper_bound":"NjA=","repeats":1,"ndv":0},{"count":24,"lower_bound":"NjI=","upper_bound":"NjU=","repeats":1,"ndv":0},{"count":27,"lower_bound":"NjY=","upper_bound":"Nzk=","repeats":1,"ndv":0},{"count":30,"lower_bound":"ODE=","upper_bound":"ODM=","repeats":1,"ndv":0},{"count":32,"lower_bound":"ODQ=","upper_bound":"OTM=","repeats":1,"ndv":0}]},"cm_sketch":{"top_n":[{"data":"A4AAAAAAAAAA","count":2},{"data":"A4AAAAAAAAAC","count":2},{"data":"A4AAAAAAAAAF","count":4},{"data":"A4AAAAAAAAAJ","count":3},{"data":"A4AAAAAAAAAK","count":2},{"data":"A4AAAAAAAAAM","count":2},{"data":"A4AAAAAAAAAP","count":2},{"data":"A4AAAAAAAAAT","count":3},{"data":"A4AAAAAAAAAU","count":2},{"data":"A4AAAAAAAAAV","count":2},{"data":"A4AAAAAAAAAY","count":4},{"data":"A4AAAAAAAAAa","count":2},{"data":"A4AAAAAAAAAc","count":2},{"data":"A4AAAAAAAAAe","count":4},{"data":"A4AAAAAAAAAf","count":3},{"data":"A4AAAAAAAAAl","count":2},{"data":"A4AAAAAAAAAn","count":2},{"data":"A4AAAAAAAAAo","count":3},{"data":"A4AAAAAAAAAs","count":4},{"data":"A4AAAAAAAAAt","count":3},{"data":"A4AAAAAAAAAy","count":3},{"data":"A4AAAAAAAAA1","count":3},{"data":"A4AAAAAAAAA2","count":2},{"data":"A4AAAAAAAAA4","count":2},{"data":"A4AAAAAAAAA5","count":4},{"data":"A4AAAAAAAAA7","count":3},{"data":"A4AAAAAAAABE","count":2},{"data":"A4AAAAAAAABF","count":2},{"data":"A4AAAAAAAABG","count":2},{"data":"A4AAAAAAAABI","count":2},{"data":"A4AAAAAAAABJ","count":4},{"data":"A4AAAAAAAABK","count":2},{"data":"A4AAAAAAAABM","count":3},{"data":"A4AAAAAAAABN","count":3},{"data":"A4AAAAAAAABO","count":3},{"data":"A4AAAAAAAABV","count":2},{"data":"A4AAAAAAAABX","count":3},{"data":"A4AAAAAAAABZ","count":2},{"data":"A4AAAAAAAABc","count":2},{"data":"A4AAAAAAAABe","count":4},{"data":"A4AAAAAAAABf","count":2},{"data":"A4AAAAAAAABh","count":2},{"data":"A4AAAAAAAABj","count":2}],"default_value":0},"fm_sketch":null,"stats_ver":2,"null_count":0,"tot_col_size":1152,"last_update_version":464041135154659370,"correlation":0.0571055381400209},"c3":{"histogram":{"ndv":144,"buckets":[{"count":3,"lower_bound":"MS40OQ==","upper_bound":"My43MQ==","repeats":1,"ndv":0},{"count":6,"lower_bound":"My44MQ==","upper_bound":"NS45NQ==","repeats":1,"ndv":0},{"count":9,"lower_bound":"Ni40Nw==","upper_bound":"Ny41OA==","repeats":1,"ndv":0},{"count":12,"lower_bound":"Ny45OQ==","upper_bound":"OS40MA==","repeats":1,"ndv":0},{"count":15,"lower_bound":"OS42OA==","upper_bound":"MTAuMTU=","repeats":1,"ndv":0},{"count":18,"lower_bound":"MTAuODg=","upper_bound":"MTEuMzI=","repeats":1,"ndv":0},{"count":21,"lower_bound":"MTEuNjk=","upper_bound":"MTIuMzE=","repeats":1,"ndv":0},{"count":24,"lower_bound":"MTIuNjQ=","upper_bound":"MTMuODk=","repeats":1,"ndv":0},{"count":27,"lower_bound":"MTMuOTg=","upper_bound":"MTQuOTg=","repeats":1,"ndv":0},{"count":30,"lower_bound":"MTYuMTE=","upper_bound":"MTYuNDI=","repeats":1,"ndv":0},{"count":33,"lower_bound":"MTYuNzk=","upper_bound":"MTcuOTQ=","repeats":1,"ndv":0},{"count":36,"lower_bound":"MTguNjY=","upper_bound":"MTkuMDk=","repeats":1,"ndv":0},{"count":39,"lower_bound":"MTkuODM=","upper_bound":"MjMuMDE=","repeats":1,"ndv":0},{"count":42,"lower_bound":"MjcuMTU=","upper_bound":"MjcuNDc=","repeats":1,"ndv":0},{"count":45,"lower_bound":"MjcuNDk=","upper_bound":"MjkuNzk=","repeats":1,"ndv":0},{"count":48,"lower_bound":"MzAuNjk=","upper_bound":"MzIuMDA=","repeats":1,"ndv":0},{"count":51,"lower_bound":"MzIuMzY=","upper_bound":"MzIuNDY=","repeats":1,"ndv":0},{"count":54,"lower_bound":"MzMuODA=","upper_bound":"MzUuNzM=","repeats":1,"ndv":0},{"count":57,"lower_bound":"MzYuNjQ=","upper_bound":"MzcuNzI=","repeats":1,"ndv":0},{"count":60,"lower_bound":"MzguNzc=","upper_bound":"MzkuMTg=","repeats":1,"ndv":0},{"count":63,"lower_bound":"MzkuMjc=","upper_bound":"NDIuMzk=","repeats":1,"ndv":0},{"count":66,"lower_bound":"NDIuNTQ=","upper_bound":"NDQuODE=","repeats":1,"ndv":0},{"count":69,"lower_bound":"NDYuMjA=","upper_bound":"NDcuMjc=","repeats":1,"ndv":0},{"count":72,"lower_bound":"NDcuNDE=","upper_bound":"NDguMDc=","repeats":1,"ndv":0},{"count":75,"lower_bound":"NDguMjE=","upper_bound":"NTAuNjU=","repeats":1,"ndv":0},{"count":78,"lower_bound":"NTAuNjk=","upper_bound":"NTIuMjU=","repeats":1,"ndv":0},{"count":81,"lower_bound":"NTIuNTQ=","upper_bound":"NTMuMjk=","repeats":1,"ndv":0},{"count":84,"lower_bound":"NTQuOTA=","upper_bound":"NTUuNjA=","repeats":1,"ndv":0},{"count":87,"lower_bound":"NTUuODA=","upper_bound":"NTcuOTI=","repeats":1,"ndv":0},{"count":90,"lower_bound":"NTkuMTA=","upper_bound":"NTkuNzU=","repeats":1,"ndv":0},{"count":93,"lower_bound":"NjAuMDI=","upper_bound":"NjEuNTU=","repeats":1,"ndv":0},{"count":96,"lower_bound":"NjIuMDQ=","upper_bound":"NjMuNzA=","repeats":1,"ndv":0},{"count":99,"lower_bound":"NjMuODY=","upper_bound":"NjUuMzM=","repeats":1,"ndv":0},{"count":102,"lower_bound":"NjUuMzg=","upper_bound":"NjYuOTI=","repeats":1,"ndv":0},{"count":105,"lower_bound":"NjcuNjg=","upper_bound":"NjkuMjU=","repeats":1,"ndv":0},{"count":108,"lower_bound":"NjkuNDM=","upper_bound":"NjkuODc=","repeats":1,"ndv":0},{"count":111,"lower_bound":"NzAuMDc=","upper_bound":"NzIuMTM=","repeats":1,"ndv":0},{"count":114,"lower_bound":"NzIuOTk=","upper_bound":"NzYuMDA=","repeats":1,"ndv":0},{"count":117,"lower_bound":"NzguMjE=","upper_bound":"ODAuMDI=","repeats":1,"ndv":0},{"count":120,"lower_bound":"ODAuMDM=","upper_bound":"ODAuNDg=","repeats":1,"ndv":0},{"count":123,"lower_bound":"ODMuNDY=","upper_bound":"ODUuMjA=","repeats":1,"ndv":0},{"count":126,"lower_bound":"ODUuMzM=","upper_bound":"ODYuNDA=","repeats":1,"ndv":0},{"count":129,"lower_bound":"ODYuNjg=","upper_bound":"ODYuOTI=","repeats":1,"ndv":0},{"count":132,"lower_bound":"ODcuMDc=","upper_bound":"OTIuMzY=","repeats":1,"ndv":0},{"count":135,"lower_bound":"OTIuNDk=","upper_bound":"OTUuMDY=","repeats":1,"ndv":0},{"count":138,"lower_bound":"OTYuMDY=","upper_bound":"OTguMjA=","repeats":1,"ndv":0},{"count":141,"lower_bound":"OTguNTI=","upper_bound":"MTAwLjU1","repeats":1,"ndv":0},{"count":144,"lower_bound":"MTAwLjY4","upper_bound":"MTAyLjUy","repeats":1,"ndv":0}]},"cm_sketch":null,"fm_sketch":null,"stats_ver":2,"null_count":0,"tot_col_size":1152,"last_update_version":464041135154659370,"correlation":-0.09370227473675749},"c4":{"histogram":{"ndv":33,"buckets":[{"count":3,"lower_bound":"czEw","upper_bound":"czE1","repeats":1,"ndv":0},{"count":6,"lower_bound":"czE4","upper_bound":"czIw","repeats":1,"ndv":0},{"count":9,"lower_bound":"czIx","upper_bound":"czI2","repeats":1,"ndv":0},{"count":12,"lower_bound":"czMz","upper_bound":"czM3","repeats":1,"ndv":0},{"count":15,"lower_bound":"czM4","upper_bound":"czQy","repeats":1,"ndv":0},{"count":18,"lower_bound":"czQz","upper_bound":"czQ5","repeats":1,"ndv":0},{"count":21,"lower_bound":"czUx","upper_bound":"czY1","repeats":1,"ndv":0},{"count":24,"lower_bound":"czcx","upper_bound":"czc2","repeats":1,"ndv":0},{"count":27,"lower_bound":"czc5","upper_bound":"czgz","repeats":1,"ndv":0},{"count":30,"lower_bound":"czg2","upper_bound":"czkx","repeats":1,"ndv":0}]},"cm_sketch":{"top_n":[{"data":"AXMxMQAAAAAA+g==","count":110},{"data":"AXM4AAAAAAAA+Q==","count":2},{"data":"AXM4MAAAAAAA+g==","count":2}],"default_value":0},"fm_sketch":null,"stats_ver":2,"null_count":0,"tot_col_size":573,"last_update_version":464041135154659370,"correlation":0.9555984245639418},"c5":{"histogram":{"ndv":45,"buckets":[{"count":3,"lower_bound":"MjAyMy0wMS0wOSAwMDoxMTo1OA==","upper_bound":"MjAyMy0wMS0xMyAxNTo1OToxNQ==","repeats":1,"ndv":0},{"count":6,"lower_bound":"MjAyMy0wNC0wNiAwODo1NDo1NQ==","upper_bound":"MjAyMy0wNy0yNCAyMTo1NTowNA==","repeats":1,"ndv":0},{"count":9,"lower_bound":"MjAyMy0xMi0xNCAxMjozNTo1Mg==","upper_bound":"MjAyNC0wMi0wNSAwNzoxNDozMQ==","repeats":1,"ndv":0},{"count":12,"lower_bound":"MjAyNC0wNS0xNCAwOTo0MDowOA==","upper_bound":"MjAyNC0wNy0wNiAwMTo0MDo0Mw==","repeats":1,"ndv":0},{"count":15,"lower_bound":"MjAyNC0wOS0xNSAwNzo0MDo0NA==","upper_bound":"MjAyNC0xMC0xOSAxMDoxODo1Ng==","repeats":1,"ndv":0},{"count":18,"lower_bound":"MjAyNC0xMC0yMiAxMToxMzo1Mw==","upper_bound":"MjAyNS0wMS0wOSAwMDozNToyNA==","repeats":1,"ndv":0},{"count":21,"lower_bound":"MjAyNS0wMS0yNCAwNzo0MzoxMg==","upper_bound":"MjAyNS0wNy0xOSAxNDoyMjozOA==","repeats":1,"ndv":0},{"count":24,"lower_bound":"MjAyNS0wOS0yNCAxMjoyNjo0Nw==","upper_bound":"MjAyNS0xMC0wOSAxMzo0MToxNg==","repeats":1,"ndv":0},{"count":27,"lower_bound":"MjAyNS0xMC0xMSAxMDo1MToxOA==","upper_bound":"MjAyNS0xMS0wNyAwNjo0OTo0OQ==","repeats":1,"ndv":0},{"count":30,"lower_bound":"MjAyNS0xMi0yNyAwODoxODoyNg==","upper_bound":"MjAyNi0wMi0xMiAxMTozNTozNA==","repeats":1,"ndv":0},{"count":33,"lower_bound":"MjAyNi0wMi0yNiAxNDoyMjo1MA==","upper_bound":"MjAyNi0wNC0wMiAxMjo0NzowNA==","repeats":1,"ndv":0},{"count":36,"lower_bound":"MjAyNi0wNi0xOCAwNjoyODo0NQ==","upper_bound":"MjAyNi0wNi0yMyAwMjowNDowNA==","repeats":1,"ndv":0},{"count":39,"lower_bound":"MjAyNi0wNi0zMCAwOTowNDo0NA==","upper_bound":"MjAyNi0wOC0yNiAwNjoxMjoyNg==","repeats":1,"ndv":0},{"count":42,"lower_bound":"MjAyNi0wOS0wMSAxNzozNzo0NQ==","upper_bound":"MjAyNi0wOS0yNSAwMzoyMjo0NA==","repeats":1,"ndv":0},{"count":43,"lower_bound":"MjAyNi0xMi0xMCAxOTo0ODowOA==","upper_bound":"MjAyNi0xMi0xMCAxOTo0ODowOA==","repeats":1,"ndv":0}]},"cm_sketch":{"top_n":[{"data":"BBmwaDNkAAAA","count":98},{"data":"BBm3mI53AAAA","count":3}],"default_value":0},"fm_sketch":null,"stats_ver":2,"null_count":0,"tot_col_size":1152,"last_update_version":464041135154659370,"correlation":0.7859094928060445},"id":{"histogram":{"ndv":144,"buckets":[{"count":3,"lower_bound":"MQ==","upper_bound":"Mw==","repeats":1,"ndv":0},{"count":6,"lower_bound":"NA==","upper_bound":"Ng==","repeats":1,"ndv":0},{"count":9,"lower_bound":"Nw==","upper_bound":"OQ==","repeats":1,"ndv":0},{"count":12,"lower_bound":"MTA=","upper_bound":"MTI=","repeats":1,"ndv":0},{"count":15,"lower_bound":"MTM=","upper_bound":"MTU=","repeats":1,"ndv":0},{"count":18,"lower_bound":"MTY=","upper_bound":"MTg=","repeats":1,"ndv":0},{"count":21,"lower_bound":"MTk=","upper_bound":"MjE=","repeats":1,"ndv":0},{"count":24,"lower_bound":"MjI=","upper_bound":"MjQ=","repeats":1,"ndv":0},{"count":27,"lower_bound":"MjU=","upper_bound":"Mjc=","repeats":1,"ndv":0},{"count":30,"lower_bound":"Mjg=","upper_bound":"MzA=","repeats":1,"ndv":0},{"count":33,"lower_bound":"MzE=","upper_bound":"MzM=","repeats":1,"ndv":0},{"count":36,"lower_bound":"MzQ=","upper_bound":"MzY=","repeats":1,"ndv":0},{"count":39,"lower_bound":"Mzc=","upper_bound":"Mzk=","repeats":1,"ndv":0},{"count":42,"lower_bound":"NDA=","upper_bound":"NDI=","repeats":1,"ndv":0},{"count":45,"lower_bound":"NDM=","upper_bound":"NDU=","repeats":1,"ndv":0},{"count":48,"lower_bound":"NDc=","upper_bound":"NTA=","repeats":1,"ndv":0},{"count":51,"lower_bound":"NTE=","upper_bound":"NTM=","repeats":1,"ndv":0},{"count":54,"lower_bound":"NTQ=","upper_bound":"NTY=","repeats":1,"ndv":0},{"count":57,"lower_bound":"NTc=","upper_bound":"NTk=","repeats":1,"ndv":0},{"count":60,"lower_bound":"NjA=","upper_bound":"NjI=","repeats":1,"ndv":0},{"count":63,"lower_bound":"NjM=","upper_bound":"NjU=","repeats":1,"ndv":0},{"count":66,"lower_bound":"NjY=","upper_bound":"Njg=","repeats":1,"ndv":0},{"count":69,"lower_bound":"Njk=","upper_bound":"NzE=","repeats":1,"ndv":0},{"count":72,"lower_bound":"NzI=","upper_bound":"NzQ=","repeats":1,"ndv":0},{"count":75,"lower_bound":"NzU=","upper_bound":"Nzc=","repeats":1,"ndv":0},{"count":78,"lower_bound":"Nzg=","upper_bound":"ODA=","repeats":1,"ndv":0},{"count":81,"lower_bound":"ODE=","upper_bound":"ODM=","repeats":1,"ndv":0},{"count":84,"lower_bound":"ODQ=","upper_bound":"ODY=","repeats":1,"ndv":0},{"count":87,"lower_bound":"ODc=","upper_bound":"ODk=","repeats":1,"ndv":0},{"count":90,"lower_bound":"OTA=","upper_bound":"OTI=","repeats":1,"ndv":0},{"count":93,"lower_bound":"OTM=","upper_bound":"OTU=","repeats":1,"ndv":0},{"count":96,"lower_bound":"OTY=","upper_bound":"OTg=","repeats":1,"ndv":0},{"count":99,"lower_bound":"OTk=","upper_bound":"MTAx","repeats":1,"ndv":0},{"count":102,"lower_bound":"MTAy","upper_bound":"MTA0","repeats":1,"ndv":0},{"count":105,"lower_bound":"MTA1","upper_bound":"MTA3","repeats":1,"ndv":0},{"count":108,"lower_bound":"MTA4","upper_bound":"MTEw","repeats":1,"ndv":0},{"count":111,"lower_bound":"MTEx","upper_bound":"MTEz","repeats":1,"ndv":0},{"count":114,"lower_bound":"MTE0","upper_bound":"MTE2","repeats":1,"ndv":0},{"count":117,"lower_bound":"MTE3","upper_bound":"MTE5","repeats":1,"ndv":0},{"count":120,"lower_bound":"MTIw","upper_bound":"MTIy","repeats":1,"ndv":0},{"count":123,"lower_bound":"MTIz","upper_bound":"MTI1","repeats":1,"ndv":0},{"count":126,"lower_bound":"MTI2","upper_bound":"MTI4","repeats":1,"ndv":0},{"count":129,"lower_bound":"MTI5","upper_bound":"MTMx","repeats":1,"ndv":0},{"count":132,"lower_bound":"MTMy","upper_bound":"MTM0","repeats":1,"ndv":0},{"count":135,"lower_bound":"MTM1","upper_bound":"MTM3","repeats":1,"ndv":0},{"count":138,"lower_bound":"MTM4","upper_bound":"MTQw","repeats":1,"ndv":0},{"count":141,"lower_bound":"MTQx","upper_bound":"MTQz","repeats":1,"ndv":0},{"count":144,"lower_bound":"MTQ0","upper_bound":"MTQ2","repeats":1,"ndv":0}]},"cm_sketch":null,"fm_sketch":null,"stats_ver":2,"null_count":0,"tot_col_size":1152,"last_update_version":464041135154659370,"correlation":1}},"indices":{"idx_c0_11":{"histogram":{"ndv":81,"buckets":[{"count":3,"lower_bound":"A4AAAAAAAAAA","upper_bound":"A4AAAAAAAAAD","repeats":1,"ndv":0},{"count":6,"lower_bound":"A4AAAAAAAAAE","upper_bound":"A4AAAAAAAAAH","repeats":1,"ndv":0},{"count":9,"lower_bound":"A4AAAAAAAAAO","upper_bound":"A4AAAAAAAAAY","repeats":1,"ndv":0},{"count":12,"lower_bound":"A4AAAAAAAAAa","upper_bound":"A4AAAAAAAAAe","repeats":1,"ndv":0},{"count":15,"lower_bound":"A4AAAAAAAAAh","upper_bound":"A4AAAAAAAAAm","repeats":1,"ndv":0},{"count":18,"lower_bound":"A4AAAAAAAAAn","upper_bound":"A4AAAAAAAAAu","repeats":1,"ndv":0},{"count":21,"lower_bound":"A4AAAAAAAAAv","upper_bound":"A4AAAAAAAAAx","repeats":1,"ndv":0},{"count":24,"lower_bound":"A4AAAAAAAAA3","upper_bound":"A4AAAAAAAAA8","repeats":1,"ndv":0},{"count":27,"lower_bound":"A4AAAAAAAABC","upper_bound":"A4AAAAAAAABK","repeats":1,"ndv":0},{"count":30,"lower_bound":"A4AAAAAAAABN","upper_bound":"A4AAAAAAAABU","repeats":1,"ndv":0},{"count":33,"lower_bound":"A4AAAAAAAABV","upper_bound":"A4AAAAAAAABc","repeats":1,"ndv":0},{"count":36,"lower_bound":"A4AAAAAAAABd","upper_bound":"A4AAAAAAAABf","repeats":1,"ndv":0},{"count":37,"lower_bound":"A4AAAAAAAABg","upper_bound":"A4AAAAAAAABg","repeats":1,"ndv":0}]},"cm_sketch":{"top_n":[{"data":"A4AAAAAAAAAB","count":3},{"data":"A4AAAAAAAAAF","count":2},{"data":"A4AAAAAAAAAJ","count":2},{"data":"A4AAAAAAAAAK","count":2},{"data":"A4AAAAAAAAAL","count":2},{"data":"A4AAAAAAAAAM","count":3},{"data":"A4AAAAAAAAAN","count":2},{"data":"A4AAAAAAAAAP","count":6},{"data":"A4AAAAAAAAAR","count":4},{"data":"A4AAAAAAAAAT","count":2},{"data":"A4AAAAAAAAAU","count":2},{"data":"A4AAAAAAAAAV","count":2},{"data":"A4AAAAAAAAAX","count":2},{"data":"A4AAAAAAAAAc","count":3},{"data":"A4AAAAAAAAAd","count":2},{"data":"A4AAAAAAAAAg","count":2},{"data":"A4AAAAAAAAAj","count":3},{"data":"A4AAAAAAAAAk","count":2},{"data":"A4AAAAAAAAAo","count":5},{"data":"A4AAAAAAAAAs","count":3},{"data":"A4AAAAAAAAAt","count":2},{"data":"A4AAAAAAAAA0","count":4},{"data":"A4AAAAAAAAA1","count":2},{"data":"A4AAAAAAAAA5","count":2},{"data":"A4AAAAAAAAA9","count":2},{"data":"A4AAAAAAAAA+","count":2},{"data":"A4AAAAAAAABA","count":2},{"data":"A4AAAAAAAABB","count":2},{"data":"A4AAAAAAAABE","count":2},{"data":"A4AAAAAAAABF","count":2},{"data":"A4AAAAAAAABG","count":3},{"data":"A4AAAAAAAABH","count":2},{"data":"A4AAAAAAAABJ","count":2},{"data":"A4AAAAAAAABL","count":2},{"data":"A4AAAAAAAABM","count":2},{"data":"A4AAAAAAAABO","count":2},{"data":"A4AAAAAAAABP","count":2},{"data":"A4AAAAAAAABQ","count":2},{"data":"A4AAAAAAAABR","count":2},{"data":"A4AAAAAAAABX","count":2},{"data":"A4AAAAAAAABY","count":3},{"data":"A4AAAAAAAABa","count":3},{"data":"A4AAAAAAAABb","count":2},{"data":"A4AAAAAAAABh","count":2}],"default_value":0},"fm_sketch":null,"stats_ver":2,"null_count":0,"tot_col_size":0,"last_update_version":464041135154659370,"correlation":0},"idx_c0_c3_20":{"histogram":{"ndv":144,"buckets":[{"count":3,"lower_bound":"A4AAAAAAAAAABgwCgAAAAEAe","upper_bound":"A4AAAAAAAAABBgwCgAAAACRA","repeats":1,"ndv":0},{"count":6,"lower_bound":"A4AAAAAAAAABBgwCgAAAADc8","upper_bound":"A4AAAAAAAAADBgwCgAAAAEEh","repeats":1,"ndv":0},{"count":9,"lower_bound":"A4AAAAAAAAAEBgwCgAAAADQZ","upper_bound":"A4AAAAAAAAAFBgwCgAAAACAp","repeats":1,"ndv":0},{"count":12,"lower_bound":"A4AAAAAAAAAGBgwCgAAAACcS","upper_bound":"A4AAAAAAAAAJBgwCgAAAAAtF","repeats":1,"ndv":0},{"count":15,"lower_bound":"A4AAAAAAAAAJBgwCgAAAAC8s","upper_bound":"A4AAAAAAAAAKBgwCgAAAAC8b","repeats":1,"ndv":0},{"count":18,"lower_bound":"A4AAAAAAAAALBgwCgAAAADA6","upper_bound":"A4AAAAAAAAAMBgwCgAAAAAMP","repeats":1,"ndv":0},{"count":21,"lower_bound":"A4AAAAAAAAAMBgwCgAAAADsK","upper_bound":"A4AAAAAAAAANBgwCgAAAABFU","repeats":1,"ndv":0},{"count":24,"lower_bound":"A4AAAAAAAAANBgwCgAAAAEwA","upper_bound":"A4AAAAAAAAAPBgwCgAAAAAEx","repeats":1,"ndv":0},{"count":27,"lower_bound":"A4AAAAAAAAAPBgwCgAAAAANH","upper_bound":"A4AAAAAAAAAPBgwCgAAAAAgQ","repeats":1,"ndv":0},{"count":30,"lower_bound":"A4AAAAAAAAAPBgwCgAAAACZN","upper_bound":"A4AAAAAAAAAQBgwCgAAAACo2","repeats":1,"ndv":0},{"count":33,"lower_bound":"A4AAAAAAAAARBgwCgAAAAA0b","upper_bound":"A4AAAAAAAAARBgwCgAAAADUd","repeats":1,"ndv":0},{"count":36,"lower_bound":"A4AAAAAAAAARBgwCgAAAAFcH","upper_bound":"A4AAAAAAAAATBgwCgAAAADtL","repeats":1,"ndv":0},{"count":39,"lower_bound":"A4AAAAAAAAAUBgwCgAAAABcB","upper_bound":"A4AAAAAAAAAVBgwCgAAAABAX","repeats":1,"ndv":0},{"count":42,"lower_bound":"A4AAAAAAAAAVBgwCgAAAAE4V","upper_bound":"A4AAAAAAAAAXBgwCgAAAADwC","repeats":1,"ndv":0},{"count":45,"lower_bound":"A4AAAAAAAAAYBgwCgAAAAD9G","upper_bound":"A4AAAAAAAAAbBgwCgAAAAA1i","repeats":1,"ndv":0},{"count":48,"lower_bound":"A4AAAAAAAAAcBgwCgAAAABMJ","upper_bound":"A4AAAAAAAAAcBgwCgAAAACon","repeats":1,"ndv":0},{"count":51,"lower_bound":"A4AAAAAAAAAdBgwCgAAAABAq","upper_bound":"A4AAAAAAAAAeBgwCgAAAAAsg","repeats":1,"ndv":0},{"count":54,"lower_bound":"A4AAAAAAAAAgBgwCgAAAAAsW","upper_bound":"A4AAAAAAAAAhBgwCgAAAAC4U","repeats":1,"ndv":0},{"count":57,"lower_bound":"A4AAAAAAAAAiBgwCgAAAAF8G","upper_bound":"A4AAAAAAAAAjBgwCgAAAACcK","repeats":1,"ndv":0},{"count":60,"lower_bound":"A4AAAAAAAAAjBgwCgAAAAD9W","upper_bound":"A4AAAAAAAAAkBgwCgAAAAFUh","repeats":1,"ndv":0},{"count":63,"lower_bound":"A4AAAAAAAAAmBgwCgAAAADdQ","upper_bound":"A4AAAAAAAAAoBgwCgAAAABUJ","repeats":1,"ndv":0},{"count":66,"lower_bound":"A4AAAAAAAAAoBgwCgAAAACAA","upper_bound":"A4AAAAAAAAAoBgwCgAAAAFwk","repeats":1,"ndv":0},{"count":69,"lower_bound":"A4AAAAAAAAAoBgwCgAAAAGY0","upper_bound":"A4AAAAAAAAAsBgwCgAAAACNJ","repeats":1,"ndv":0},{"count":72,"lower_bound":"A4AAAAAAAAAsBgwCgAAAADJF","upper_bound":"A4AAAAAAAAAtBgwCgAAAABsv","repeats":1,"ndv":0},{"count":75,"lower_bound":"A4AAAAAAAAAtBgwCgAAAAENE","upper_bound":"A4AAAAAAAAAvBgwCgAAAACsf","repeats":1,"ndv":0},{"count":78,"lower_bound":"A4AAAAAAAAAwBgwCgAAAAAdj","upper_bound":"A4AAAAAAAAA0BgwCgAAAACMH","repeats":1,"ndv":0},{"count":81,"lower_bound":"A4AAAAAAAAA0BgwCgAAAACdh","upper_bound":"A4AAAAAAAAA0BgwCgAAAAEU8","repeats":1,"ndv":0},{"count":84,"lower_bound":"A4AAAAAAAAA1BgwCgAAAAAc6","upper_bound":"A4AAAAAAAAA3BgwCgAAAAEgN","repeats":1,"ndv":0},{"count":87,"lower_bound":"A4AAAAAAAAA4BgwCgAAAAB5F","upper_bound":"A4AAAAAAAAA5BgwCgAAAAGRE","repeats":1,"ndv":0},{"count":90,"lower_bound":"A4AAAAAAAAA8BgwCgAAAADc2","upper_bound":"A4AAAAAAAAA9BgwCgAAAACVI","repeats":1,"ndv":0},{"count":93,"lower_bound":"A4AAAAAAAAA+BgwCgAAAABNT","upper_bound":"A4AAAAAAAABABgwCgAAAADZa","repeats":1,"ndv":0},{"count":96,"lower_bound":"A4AAAAAAAABABgwCgAAAAEoy","upper_bound":"A4AAAAAAAABBBgwCgAAAAERI","repeats":1,"ndv":0},{"count":99,"lower_bound":"A4AAAAAAAABCBgwCgAAAAGI0","upper_bound":"A4AAAAAAAABEBgwCgAAAABAL","repeats":1,"ndv":0},{"count":102,"lower_bound":"A4AAAAAAAABFBgwCgAAAAAxA","upper_bound":"A4AAAAAAAABGBgwCgAAAADQ2","repeats":1,"ndv":0},{"count":105,"lower_bound":"A4AAAAAAAABGBgwCgAAAAGAG","upper_bound":"A4AAAAAAAABHBgwCgAAAAA5i","repeats":1,"ndv":0},{"count":108,"lower_bound":"A4AAAAAAAABHBgwCgAAAAD03","upper_bound":"A4AAAAAAAABJBgwCgAAAAAoH","repeats":1,"ndv":0},{"count":111,"lower_bound":"A4AAAAAAAABJBgwCgAAAAEVX","upper_bound":"A4AAAAAAAABLBgwCgAAAAFAw","repeats":1,"ndv":0},{"count":114,"lower_bound":"A4AAAAAAAABLBgwCgAAAAFoq","upper_bound":"A4AAAAAAAABMBgwCgAAAABsx","repeats":1,"ndv":0},{"count":117,"lower_bound":"A4AAAAAAAABNBgwCgAAAAFUU","upper_bound":"A4AAAAAAAABOBgwCgAAAADxP","repeats":1,"ndv":0},{"count":120,"lower_bound":"A4AAAAAAAABPBgwCgAAAACxR","upper_bound":"A4AAAAAAAABQBgwCgAAAABwD","repeats":1,"ndv":0},{"count":123,"lower_bound":"A4AAAAAAAABQBgwCgAAAACRd","upper_bound":"A4AAAAAAAABRBgwCgAAAAFZc","repeats":1,"ndv":0},{"count":126,"lower_bound":"A4AAAAAAAABSBgwCgAAAAFAJ","upper_bound":"A4AAAAAAAABVBgwCgAAAABsn","repeats":1,"ndv":0},{"count":129,"lower_bound":"A4AAAAAAAABWBgwCgAAAAEYb","upper_bound":"A4AAAAAAAABXBgwCgAAAAFZE","repeats":1,"ndv":0},{"count":132,"lower_bound":"A4AAAAAAAABYBgwCgAAAACAu","upper_bound":"A4AAAAAAAABYBgwCgAAAAGQ3","repeats":1,"ndv":0},{"count":135,"lower_bound":"A4AAAAAAAABaBgwCgAAAADJB","upper_bound":"A4AAAAAAAABaBgwCgAAAAGM7","repeats":1,"ndv":0},{"count":138,"lower_bound":"A4AAAAAAAABbBgwCgAAAABJC","upper_bound":"A4AAAAAAAABcBgwCgAAAAF01","repeats":1,"ndv":0},{"count":141,"lower_bound":"A4AAAAAAAABdBgwCgAAAADAV","upper_bound":"A4AAAAAAAABfBgwCgAAAAApY","repeats":1,"ndv":0},{"count":144,"lower_bound":"A4AAAAAAAABgBgwCgAAAAE9N","upper_bound":"A4AAAAAAAABhBgwCgAAAAGIU","repeats":1,"ndv":0}]},"cm_sketch":null,"fm_sketch":null,"stats_ver":2,"null_count":0,"tot_col_size":0,"last_update_version":464041135154659370,"correlation":0},"idx_c1_7":{"histogram":{"ndv":142,"buckets":[{"count":3,"lower_bound":"BgwCgAAAAAIR","upper_bound":"BgwCgAAAAAQN","repeats":1,"ndv":0},{"count":6,"lower_bound":"BgwCgAAAAAQ2","upper_bound":"BgwCgAAAAAUc","repeats":1,"ndv":0},{"count":9,"lower_bound":"BgwCgAAAAAZI","upper_bound":"BgwCgAAAAAdi","repeats":1,"ndv":0},{"count":12,"lower_bound":"BgwCgAAAAAoz","upper_bound":"BgwCgAAAAApX","repeats":1,"ndv":0},{"count":15,"lower_bound":"BgwCgAAAAAsb","upper_bound":"BgwCgAAAAA0q","repeats":1,"ndv":0},{"count":18,"lower_bound":"BgwCgAAAAA4U","upper_bound":"BgwCgAAAAA8q","repeats":1,"ndv":0},{"count":21,"lower_bound":"BgwCgAAAAA9A","upper_bound":"BgwCgAAAABEh","repeats":1,"ndv":0},{"count":24,"lower_bound":"BgwCgAAAABIY","upper_bound":"BgwCgAAAABJX","repeats":1,"ndv":0},{"count":27,"lower_bound":"BgwCgAAAABMG","upper_bound":"BgwCgAAAABM9","repeats":1,"ndv":0},{"count":30,"lower_bound":"BgwCgAAAABNQ","upper_bound":"BgwCgAAAABQG","repeats":1,"ndv":0},{"count":33,"lower_bound":"BgwCgAAAABUm","upper_bound":"BgwCgAAAABgt","repeats":1,"ndv":0},{"count":36,"lower_bound":"BgwCgAAAABhZ","upper_bound":"BgwCgAAAABoa","repeats":1,"ndv":0},{"count":39,"lower_bound":"BgwCgAAAABok","upper_bound":"BgwCgAAAABsf","repeats":1,"ndv":0},{"count":42,"lower_bound":"BgwCgAAAABtI","upper_bound":"BgwCgAAAABwa","repeats":1,"ndv":0},{"count":45,"lower_bound":"BgwCgAAAAB40","upper_bound":"BgwCgAAAAB8F","repeats":1,"ndv":0},{"count":48,"lower_bound":"BgwCgAAAAB8h","upper_bound":"BgwCgAAAACBR","repeats":1,"ndv":0},{"count":51,"lower_bound":"BgwCgAAAACID","upper_bound":"BgwCgAAAACIQ","repeats":1,"ndv":0},{"count":54,"lower_bound":"BgwCgAAAACMA","upper_bound":"BgwCgAAAACcC","repeats":1,"ndv":0},{"count":57,"lower_bound":"BgwCgAAAACcq","upper_bound":"BgwCgAAAACgR","repeats":1,"ndv":0},{"count":60,"lower_bound":"BgwCgAAAACoK","upper_bound":"BgwCgAAAACwv","repeats":1,"ndv":0},{"count":63,"lower_bound":"BgwCgAAAAC0C","upper_bound":"BgwCgAAAAC4v","repeats":1,"ndv":0},{"count":66,"lower_bound":"BgwCgAAAAC8D","upper_bound":"BgwCgAAAADEO","repeats":1,"ndv":0},{"count":69,"lower_bound":"BgwCgAAAADIJ","upper_bound":"BgwCgAAAADJI","repeats":1,"ndv":0},{"count":72,"lower_bound":"BgwCgAAAADMu","upper_bound":"BgwCgAAAADQf","repeats":1,"ndv":0},{"count":75,"lower_bound":"BgwCgAAAADQy","upper_bound":"BgwCgAAAADYS","repeats":1,"ndv":0},{"count":78,"lower_bound":"BgwCgAAAADcG","upper_bound":"BgwCgAAAADcn","repeats":1,"ndv":0},{"count":81,"lower_bound":"BgwCgAAAADc/","upper_bound":"BgwCgAAAADg2","repeats":1,"ndv":0},{"count":84,"lower_bound":"BgwCgAAAADhb","upper_bound":"BgwCgAAAADpc","repeats":1,"ndv":0},{"count":87,"lower_bound":"BgwCgAAAADwD","upper_bound":"BgwCgAAAAD0U","repeats":1,"ndv":0},{"count":90,"lower_bound":"BgwCgAAAAD0+","upper_bound":"BgwCgAAAAD4L","repeats":1,"ndv":0},{"count":93,"lower_bound":"BgwCgAAAAD4k","upper_bound":"BgwCgAAAAD8R","repeats":1,"ndv":0},{"count":96,"lower_bound":"BgwCgAAAAEAX","upper_bound":"BgwCgAAAAEFR","repeats":1,"ndv":0},{"count":99,"lower_bound":"BgwCgAAAAEFX","upper_bound":"BgwCgAAAAEMT","repeats":1,"ndv":0},{"count":102,"lower_bound":"BgwCgAAAAENS","upper_bound":"BgwCgAAAAEYr","repeats":1,"ndv":0},{"count":105,"lower_bound":"BgwCgAAAAEYz","upper_bound":"BgwCgAAAAEcu","repeats":1,"ndv":0},{"count":108,"lower_bound":"BgwCgAAAAEgL","upper_bound":"BgwCgAAAAEgg","repeats":1,"ndv":0},{"count":111,"lower_bound":"BgwCgAAAAElI","upper_bound":"BgwCgAAAAEpa","repeats":1,"ndv":0},{"count":114,"lower_bound":"BgwCgAAAAEsV","upper_bound":"BgwCgAAAAE4k","repeats":1,"ndv":0},{"count":117,"lower_bound":"BgwCgAAAAE45","upper_bound":"BgwCgAAAAFBg","repeats":1,"ndv":0},{"count":120,"lower_bound":"BgwCgAAAAFEe","upper_bound":"BgwCgAAAAFIv","repeats":1,"ndv":0},{"count":123,"lower_bound":"BgwCgAAAAFI8","upper_bound":"BgwCgAAAAFMa","repeats":1,"ndv":0},{"count":126,"lower_bound":"BgwCgAAAAFUT","upper_bound":"BgwCgAAAAFdi","repeats":1,"ndv":0},{"count":129,"lower_bound":"BgwCgAAAAFkP","upper_bound":"BgwCgAAAAFwl","repeats":1,"ndv":0},{"count":132,"lower_bound":"BgwCgAAAAFwq","upper_bound":"BgwCgAAAAF09","repeats":1,"ndv":0},{"count":135,"lower_bound":"BgwCgAAAAF1A","upper_bound":"BgwCgAAAAF4o","repeats":1,"ndv":0},{"count":138,"lower_bound":"BgwCgAAAAF9T","upper_bound":"BgwCgAAAAGAv","repeats":1,"ndv":0},{"count":140,"lower_bound":"BgwCgAAAAGA5","upper_bound":"BgwCgAAAAGFJ","repeats":1,"ndv":0}]},"cm_sketch":{"top_n":[{"data":"BgwCgAAAACQ9","count":2},{"data":"BgwCgAAAACwo","count":2}],"default_value":0},"fm_sketch":null,"stats_ver":2,"null_count":0,"tot_col_size":0,"last_update_version":464041135154659370,"correlation":0},"idx_c2_14":{"histogram":{"ndv":75,"buckets":[{"count":3,"lower_bound":"A4AAAAAAAAAB","upper_bound":"A4AAAAAAAAAH","repeats":1,"ndv":0},{"count":6,"lower_bound":"A4AAAAAAAAAN","upper_bound":"A4AAAAAAAAAQ","repeats":1,"ndv":0},{"count":9,"lower_bound":"A4AAAAAAAAAR","upper_bound":"A4AAAAAAAAAX","repeats":1,"ndv":0},{"count":12,"lower_bound":"A4AAAAAAAAAZ","upper_bound":"A4AAAAAAAAAj","repeats":1,"ndv":0},{"count":15,"lower_bound":"A4AAAAAAAAAm","upper_bound":"A4AAAAAAAAAu","repeats":1,"ndv":0},{"count":18,"lower_bound":"A4AAAAAAAAAv","upper_bound":"A4AAAAAAAAAx","repeats":1,"ndv":0},{"count":21,"lower_bound":"A4AAAAAAAAA3","upper_bound":"A4AAAAAAAAA8","repeats":1,"ndv":0},{"count":24,"lower_bound":"A4AAAAAAAAA+","upper_bound":"A4AAAAAAAABB","repeats":1,"ndv":0},{"count":27,"lower_bound":"A4AAAAAAAABC","upper_bound":"A4AAAAAAAABP","repeats":1,"ndv":0},{"count":30,"lower_bound":"A4AAAAAAAABR","upper_bound":"A4AAAAAAAABT","repeats":1,"ndv":0},{"count":32,"lower_bound":"A4AAAAAAAABU","upper_bound":"A4AAAAAAAABd","repeats":1,"ndv":0}]},"cm_sketch":{"top_n":[{"data":"A4AAAAAAAAAA","count":2},{"data":"A4AAAAAAAAAC","count":2},{"data":"A4AAAAAAAAAF","count":4},{"data":"A4AAAAAAAAAJ","count":3},{"data":"A4AAAAAAAAAK","count":2},{"data":"A4AAAAAAAAAM","count":2},{"data":"A4AAAAAAAAAP","count":2},{"data":"A4AAAAAAAAAT","count":3},{"data":"A4AAAAAAAAAU","count":2},{"data":"A4AAAAAAAAAV","count":2},{"data":"A4AAAAAAAAAY","count":4},{"data":"A4AAAAAAAAAa","count":2},{"data":"A4AAAAAAAAAc","count":2},{"data":"A4AAAAAAAAAe","count":4},{"data":"A4AAAAAAAAAf","count":3},{"data":"A4AAAAAAAAAl","count":2},{"data":"A4AAAAAAAAAn","count":2},{"data":"A4AAAAAAAAAo","count":3},{"data":"A4AAAAAAAAAs","count":4},{"data":"A4AAAAAAAAAt","count":3},{"data":"A4AAAAAAAAAy","count":3},{"data":"A4AAAAAAAAA1","count":3},{"data":"A4AAAAAAAAA2","count":2},{"data":"A4AAAAAAAAA4","count":2},{"data":"A4AAAAAAAAA5","count":4},{"data":"A4AAAAAAAAA7","count":3},{"data":"A4AAAAAAAABE","count":2},{"data":"A4AAAAAAAABF","count":2},{"data":"A4AAAAAAAABG","count":2},{"data":"A4AAAAAAAABI","count":2},{"data":"A4AAAAAAAABJ","count":4},{"data":"A4AAAAAAAABK","count":2},{"data":"A4AAAAAAAABM","count":3},{"data":"A4AAAAAAAABN","count":3},{"data":"A4AAAAAAAABO","count":3},{"data":"A4AAAAAAAABV","count":2},{"data":"A4AAAAAAAABX","count":3},{"data":"A4AAAAAAAABZ","count":2},{"data":"A4AAAAAAAABc","count":2},{"data":"A4AAAAAAAABe","count":4},{"data":"A4AAAAAAAABf","count":2},{"data":"A4AAAAAAAABh","count":2},{"data":"A4AAAAAAAABj","count":2}],"default_value":0},"fm_sketch":null,"stats_ver":2,"null_count":0,"tot_col_size":0,"last_update_version":464041135154659370,"correlation":0},"idx_c3_16":{"histogram":{"ndv":144,"buckets":[{"count":3,"lower_bound":"BgwCgAAAAAEx","upper_bound":"BgwCgAAAAANH","repeats":1,"ndv":0},{"count":6,"lower_bound":"BgwCgAAAAANR","upper_bound":"BgwCgAAAAAVf","repeats":1,"ndv":0},{"count":9,"lower_bound":"BgwCgAAAAAYv","upper_bound":"BgwCgAAAAAc6","repeats":1,"ndv":0},{"count":12,"lower_bound":"BgwCgAAAAAdj","upper_bound":"BgwCgAAAAAko","repeats":1,"ndv":0},{"count":15,"lower_bound":"BgwCgAAAAAlE","upper_bound":"BgwCgAAAAAoP","repeats":1,"ndv":0},{"count":18,"lower_bound":"BgwCgAAAAApY","upper_bound":"BgwCgAAAAAsg","repeats":1,"ndv":0},{"count":21,"lower_bound":"BgwCgAAAAAtF","upper_bound":"BgwCgAAAAAwf","repeats":1,"ndv":0},{"count":24,"lower_bound":"BgwCgAAAAAxA","upper_bound":"BgwCgAAAAA1Z","repeats":1,"ndv":0},{"count":27,"lower_bound":"BgwCgAAAAA1i","upper_bound":"BgwCgAAAAA5i","repeats":1,"ndv":0},{"count":30,"lower_bound":"BgwCgAAAABAL","upper_bound":"BgwCgAAAABAq","repeats":1,"ndv":0},{"count":33,"lower_bound":"BgwCgAAAABBP","upper_bound":"BgwCgAAAABFe","repeats":1,"ndv":0},{"count":36,"lower_bound":"BgwCgAAAABJC","upper_bound":"BgwCgAAAABMJ","repeats":1,"ndv":0},{"count":39,"lower_bound":"BgwCgAAAABNT","upper_bound":"BgwCgAAAABcB","repeats":1,"ndv":0},{"count":42,"lower_bound":"BgwCgAAAABsP","upper_bound":"BgwCgAAAABsv","repeats":1,"ndv":0},{"count":45,"lower_bound":"BgwCgAAAABsx","upper_bound":"BgwCgAAAAB1P","repeats":1,"ndv":0},{"count":48,"lower_bound":"BgwCgAAAAB5F","upper_bound":"BgwCgAAAACAA","repeats":1,"ndv":0},{"count":51,"lower_bound":"BgwCgAAAACAk","upper_bound":"BgwCgAAAACAu","repeats":1,"ndv":0},{"count":54,"lower_bound":"BgwCgAAAACFQ","upper_bound":"BgwCgAAAACNJ","repeats":1,"ndv":0},{"count":57,"lower_bound":"BgwCgAAAACRA","upper_bound":"BgwCgAAAACVI","repeats":1,"ndv":0},{"count":60,"lower_bound":"BgwCgAAAACZN","upper_bound":"BgwCgAAAACcS","repeats":1,"ndv":0},{"count":63,"lower_bound":"BgwCgAAAACcb","upper_bound":"BgwCgAAAACon","repeats":1,"ndv":0},{"count":66,"lower_bound":"BgwCgAAAACo2","upper_bound":"BgwCgAAAACxR","repeats":1,"ndv":0},{"count":69,"lower_bound":"BgwCgAAAAC4U","upper_bound":"BgwCgAAAAC8b","repeats":1,"ndv":0},{"count":72,"lower_bound":"BgwCgAAAAC8p","upper_bound":"BgwCgAAAADAH","repeats":1,"ndv":0},{"count":75,"lower_bound":"BgwCgAAAADAV","upper_bound":"BgwCgAAAADJB","repeats":1,"ndv":0},{"count":78,"lower_bound":"BgwCgAAAADJF","upper_bound":"BgwCgAAAADQZ","repeats":1,"ndv":0},{"count":81,"lower_bound":"BgwCgAAAADQ2","upper_bound":"BgwCgAAAADUd","repeats":1,"ndv":0},{"count":84,"lower_bound":"BgwCgAAAADZa","upper_bound":"BgwCgAAAADc8","repeats":1,"ndv":0},{"count":87,"lower_bound":"BgwCgAAAADdQ","upper_bound":"BgwCgAAAADlc","repeats":1,"ndv":0},{"count":90,"lower_bound":"BgwCgAAAADsK","upper_bound":"BgwCgAAAADtL","repeats":1,"ndv":0},{"count":93,"lower_bound":"BgwCgAAAADwC","upper_bound":"BgwCgAAAAD03","repeats":1,"ndv":0},{"count":96,"lower_bound":"BgwCgAAAAD4E","upper_bound":"BgwCgAAAAD9G","repeats":1,"ndv":0},{"count":99,"lower_bound":"BgwCgAAAAD9W","upper_bound":"BgwCgAAAAEEh","repeats":1,"ndv":0},{"count":102,"lower_bound":"BgwCgAAAAEEm","upper_bound":"BgwCgAAAAEJc","repeats":1,"ndv":0},{"count":105,"lower_bound":"BgwCgAAAAENE","upper_bound":"BgwCgAAAAEUZ","repeats":1,"ndv":0},{"count":108,"lower_bound":"BgwCgAAAAEUr","upper_bound":"BgwCgAAAAEVX","repeats":1,"ndv":0},{"count":111,"lower_bound":"BgwCgAAAAEYH","upper_bound":"BgwCgAAAAEgN","repeats":1,"ndv":0},{"count":114,"lower_bound":"BgwCgAAAAEhj","upper_bound":"BgwCgAAAAEwA","repeats":1,"ndv":0},{"count":117,"lower_bound":"BgwCgAAAAE4V","upper_bound":"BgwCgAAAAFAC","repeats":1,"ndv":0},{"count":120,"lower_bound":"BgwCgAAAAFAD","upper_bound":"BgwCgAAAAFAw","repeats":1,"ndv":0},{"count":123,"lower_bound":"BgwCgAAAAFMu","upper_bound":"BgwCgAAAAFUU","repeats":1,"ndv":0},{"count":126,"lower_bound":"BgwCgAAAAFUh","upper_bound":"BgwCgAAAAFYo","repeats":1,"ndv":0},{"count":129,"lower_bound":"BgwCgAAAAFZE","upper_bound":"BgwCgAAAAFZc","repeats":1,"ndv":0},{"count":132,"lower_bound":"BgwCgAAAAFcH","upper_bound":"BgwCgAAAAFwk","repeats":1,"ndv":0},{"count":135,"lower_bound":"BgwCgAAAAFwx","upper_bound":"BgwCgAAAAF8G","repeats":1,"ndv":0},{"count":138,"lower_bound":"BgwCgAAAAGAG","upper_bound":"BgwCgAAAAGIU","repeats":1,"ndv":0},{"count":141,"lower_bound":"BgwCgAAAAGI0","upper_bound":"BgwCgAAAAGQ3","repeats":1,"ndv":0},{"count":144,"lower_bound":"BgwCgAAAAGRE","upper_bound":"BgwCgAAAAGY0","repeats":1,"ndv":0}]},"cm_sketch":null,"fm_sketch":null,"stats_ver":2,"null_count":0,"tot_col_size":0,"last_update_version":464041135154659370,"correlation":0},"idx_c4":{"histogram":{"ndv":33,"buckets":[{"count":3,"lower_bound":"AXMxMAAAAAAA+g==","upper_bound":"AXMxNQAAAAAA+g==","repeats":1,"ndv":0},{"count":6,"lower_bound":"AXMxOAAAAAAA+g==","upper_bound":"AXMyMAAAAAAA+g==","repeats":1,"ndv":0},{"count":9,"lower_bound":"AXMyMQAAAAAA+g==","upper_bound":"AXMyNgAAAAAA+g==","repeats":1,"ndv":0},{"count":12,"lower_bound":"AXMzMwAAAAAA+g==","upper_bound":"AXMzNwAAAAAA+g==","repeats":1,"ndv":0},{"count":15,"lower_bound":"AXMzOAAAAAAA+g==","upper_bound":"AXM0MgAAAAAA+g==","repeats":1,"ndv":0},{"count":18,"lower_bound":"AXM0MwAAAAAA+g==","upper_bound":"AXM0OQAAAAAA+g==","repeats":1,"ndv":0},{"count":21,"lower_bound":"AXM1MQAAAAAA+g==","upper_bound":"AXM2NQAAAAAA+g==","repeats":1,"ndv":0},{"count":24,"lower_bound":"AXM3MQAAAAAA+g==","upper_bound":"AXM3NgAAAAAA+g==","repeats":1,"ndv":0},{"count":27,"lower_bound":"AXM3OQAAAAAA+g==","upper_bound":"AXM4MwAAAAAA+g==","repeats":1,"ndv":0},{"count":30,"lower_bound":"AXM4NgAAAAAA+g==","upper_bound":"AXM5MQAAAAAA+g==","repeats":1,"ndv":0}]},"cm_sketch":{"top_n":[{"data":"AXMxMQAAAAAA+g==","count":110},{"data":"AXM4AAAAAAAA+Q==","count":2},{"data":"AXM4MAAAAAAA+g==","count":2}],"default_value":0},"fm_sketch":null,"stats_ver":2,"null_count":0,"tot_col_size":0,"last_update_version":464041135154659370,"correlation":0},"idx_c5":{"histogram":{"ndv":45,"buckets":[{"count":3,"lower_bound":"BBmvEQL6AAAA","upper_bound":"BBmvGn7PAAAA","repeats":1,"ndv":0},{"count":6,"lower_bound":"BBmvzA23AAAA","upper_bound":"BBmwsN3EAAAA","repeats":1,"ndv":0},{"count":9,"lower_bound":"BBmx3Ej0AAAA","upper_bound":"BBmyiXOfAAAA","repeats":1,"ndv":0},{"count":12,"lower_bound":"BBmzXBoIAAAA","upper_bound":"BBmzyxorAAAA","repeats":1,"ndv":0},{"count":15,"lower_bound":"BBm0XXosAAAA","upper_bound":"BBm0piS4AAAA","repeats":1,"ndv":0},{"count":18,"lower_bound":"BBm0rDN1AAAA","upper_bound":"BBm1kQjYAAAA","repeats":1,"ndv":0},{"count":21,"lower_bound":"BBm1r3rMAAAA","upper_bound":"BBm3JmWmAAAA","repeats":1,"ndv":0},{"count":24,"lower_bound":"BBm3sEavAAAA","upper_bound":"BBm30lpQAAAA","repeats":1,"ndv":0},{"count":27,"lower_bound":"BBm31izSAAAA","upper_bound":"BBm4DWxxAAAA","repeats":1,"ndv":0},{"count":30,"lower_bound":"BBm4dgSaAAAA","upper_bound":"BBm5GDjiAAAA","repeats":1,"ndv":0},{"count":33,"lower_bound":"BBm5NGWyAAAA","upper_bound":"BBm5hEvEAAAA","repeats":1,"ndv":0},{"count":36,"lower_bound":"BBm6I2ctAAAA","upper_bound":"BBm6LSEEAAAA","repeats":1,"ndv":0},{"count":39,"lower_bound":"BBm6PBEsAAAA","upper_bound":"BBm6s2MaAAAA","repeats":1,"ndv":0},{"count":42,"lower_bound":"BBm6wpltAAAA","upper_bound":"BBm68TWsAAAA","repeats":1,"ndv":0},{"count":43,"lower_bound":"BBm7lLwIAAAA","upper_bound":"BBm7lLwIAAAA","repeats":1,"ndv":0}]},"cm_sketch":{"top_n":[{"data":"BBmwaDNkAAAA","count":98},{"data":"BBm3mI53AAAA","count":3}],"default_value":0},"fm_sketch":null,"stats_ver":2,"null_count":0,"tot_col_size":0,"last_update_version":464041135154659370,"correlation":0},"idx_id_17":{"histogram":{"ndv":144,"buckets":[{"count":3,"lower_bound":"A4AAAAAAAAAB","upper_bound":"A4AAAAAAAAAD","repeats":1,"ndv":0},{"count":6,"lower_bound":"A4AAAAAAAAAE","upper_bound":"A4AAAAAAAAAG","repeats":1,"ndv":0},{"count":9,"lower_bound":"A4AAAAAAAAAH","upper_bound":"A4AAAAAAAAAJ","repeats":1,"ndv":0},{"count":12,"lower_bound":"A4AAAAAAAAAK","upper_bound":"A4AAAAAAAAAM","repeats":1,"ndv":0},{"count":15,"lower_bound":"A4AAAAAAAAAN","upper_bound":"A4AAAAAAAAAP","repeats":1,"ndv":0},{"count":18,"lower_bound":"A4AAAAAAAAAQ","upper_bound":"A4AAAAAAAAAS","repeats":1,"ndv":0},{"count":21,"lower_bound":"A4AAAAAAAAAT","upper_bound":"A4AAAAAAAAAV","repeats":1,"ndv":0},{"count":24,"lower_bound":"A4AAAAAAAAAW","upper_bound":"A4AAAAAAAAAY","repeats":1,"ndv":0},{"count":27,"lower_bound":"A4AAAAAAAAAZ","upper_bound":"A4AAAAAAAAAb","repeats":1,"ndv":0},{"count":30,"lower_bound":"A4AAAAAAAAAc","upper_bound":"A4AAAAAAAAAe","repeats":1,"ndv":0},{"count":33,"lower_bound":"A4AAAAAAAAAf","upper_bound":"A4AAAAAAAAAh","repeats":1,"ndv":0},{"count":36,"lower_bound":"A4AAAAAAAAAi","upper_bound":"A4AAAAAAAAAk","repeats":1,"ndv":0},{"count":39,"lower_bound":"A4AAAAAAAAAl","upper_bound":"A4AAAAAAAAAn","repeats":1,"ndv":0},{"count":42,"lower_bound":"A4AAAAAAAAAo","upper_bound":"A4AAAAAAAAAq","repeats":1,"ndv":0},{"count":45,"lower_bound":"A4AAAAAAAAAr","upper_bound":"A4AAAAAAAAAt","repeats":1,"ndv":0},{"count":48,"lower_bound":"A4AAAAAAAAAv","upper_bound":"A4AAAAAAAAAy","repeats":1,"ndv":0},{"count":51,"lower_bound":"A4AAAAAAAAAz","upper_bound":"A4AAAAAAAAA1","repeats":1,"ndv":0},{"count":54,"lower_bound":"A4AAAAAAAAA2","upper_bound":"A4AAAAAAAAA4","repeats":1,"ndv":0},{"count":57,"lower_bound":"A4AAAAAAAAA5","upper_bound":"A4AAAAAAAAA7","repeats":1,"ndv":0},{"count":60,"lower_bound":"A4AAAAAAAAA8","upper_bound":"A4AAAAAAAAA+","repeats":1,"ndv":0},{"count":63,"lower_bound":"A4AAAAAAAAA/","upper_bound":"A4AAAAAAAABB","repeats":1,"ndv":0},{"count":66,"lower_bound":"A4AAAAAAAABC","upper_bound":"A4AAAAAAAABE","repeats":1,"ndv":0},{"count":69,"lower_bound":"A4AAAAAAAABF","upper_bound":"A4AAAAAAAABH","repeats":1,"ndv":0},{"count":72,"lower_bound":"A4AAAAAAAABI","upper_bound":"A4AAAAAAAABK","repeats":1,"ndv":0},{"count":75,"lower_bound":"A4AAAAAAAABL","upper_bound":"A4AAAAAAAABN","repeats":1,"ndv":0},{"count":78,"lower_bound":"A4AAAAAAAABO","upper_bound":"A4AAAAAAAABQ","repeats":1,"ndv":0},{"count":81,"lower_bound":"A4AAAAAAAABR","upper_bound":"A4AAAAAAAABT","repeats":1,"ndv":0},{"count":84,"lower_bound":"A4AAAAAAAABU","upper_bound":"A4AAAAAAAABW","repeats":1,"ndv":0},{"count":87,"lower_bound":"A4AAAAAAAABX","upper_bound":"A4AAAAAAAABZ","repeats":1,"ndv":0},{"count":90,"lower_bound":"A4AAAAAAAABa","upper_bound":"A4AAAAAAAABc","repeats":1,"ndv":0},{"count":93,"lower_bound":"A4AAAAAAAABd","upper_bound":"A4AAAAAAAABf","repeats":1,"ndv":0},{"count":96,"lower_bound":"A4AAAAAAAABg","upper_bound":"A4AAAAAAAABi","repeats":1,"ndv":0},{"count":99,"lower_bound":"A4AAAAAAAABj","upper_bound":"A4AAAAAAAABl","repeats":1,"ndv":0},{"count":102,"lower_bound":"A4AAAAAAAABm","upper_bound":"A4AAAAAAAABo","repeats":1,"ndv":0},{"count":105,"lower_bound":"A4AAAAAAAABp","upper_bound":"A4AAAAAAAABr","repeats":1,"ndv":0},{"count":108,"lower_bound":"A4AAAAAAAABs","upper_bound":"A4AAAAAAAABu","repeats":1,"ndv":0},{"count":111,"lower_bound":"A4AAAAAAAABv","upper_bound":"A4AAAAAAAABx","repeats":1,"ndv":0},{"count":114,"lower_bound":"A4AAAAAAAABy","upper_bound":"A4AAAAAAAAB0","repeats":1,"ndv":0},{"count":117,"lower_bound":"A4AAAAAAAAB1","upper_bound":"A4AAAAAAAAB3","repeats":1,"ndv":0},{"count":120,"lower_bound":"A4AAAAAAAAB4","upper_bound":"A4AAAAAAAAB6","repeats":1,"ndv":0},{"count":123,"lower_bound":"A4AAAAAAAAB7","upper_bound":"A4AAAAAAAAB9","repeats":1,"ndv":0},{"count":126,"lower_bound":"A4AAAAAAAAB+","upper_bound":"A4AAAAAAAACA","repeats":1,"ndv":0},{"count":129,"lower_bound":"A4AAAAAAAACB","upper_bound":"A4AAAAAAAACD","repeats":1,"ndv":0},{"count":132,"lower_bound":"A4AAAAAAAACE","upper_bound":"A4AAAAAAAACG","repeats":1,"ndv":0},{"count":135,"lower_bound":"A4AAAAAAAACH","upper_bound":"A4AAAAAAAACJ","repeats":1,"ndv":0},{"count":138,"lower_bound":"A4AAAAAAAACK","upper_bound":"A4AAAAAAAACM","repeats":1,"ndv":0},{"count":141,"lower_bound":"A4AAAAAAAACN","upper_bound":"A4AAAAAAAACP","repeats":1,"ndv":0},{"count":144,"lower_bound":"A4AAAAAAAACQ","upper_bound":"A4AAAAAAAACS","repeats":1,"ndv":0}]},"cm_sketch":null,"fm_sketch":null,"stats_ver":2,"null_count":0,"tot_col_size":0,"last_update_version":464041135154659370,"correlation":0}},"partitions":null,"database_name":"shiro_fuzz_r13","table_name":"t0","ext_stats":null,"predicate_columns":[{"last_used_at":null,"last_analyzed_at":"2026-02-04 03:40:49","id":3},{"last_used_at":null,"last_analyzed_at":"2026-02-04 03:40:49","id":4},{"last_used_at":null,"last_analyzed_at":"2026-02-04 03:40:49","id":5},{"last_used_at":null,"last_analyzed_at":"2026-02-04 03:40:49","id":6},{"last_used_at":null,"last_analyzed_at":"2026-02-04 03:40:49","id":7},{"last_used_at":null,"last_analyzed_at":"2026-02-04 03:40:49","id":1},{"last_used_at":null,"last_analyzed_at":"2026-02-04 03:40:49","id":2}],"count":144,"modify_count":0,"version":464041135154659370,"is_historical_stats":false}