{"columns":{"c0":{"histogram":{"ndv":0},"cm_sketch":null,"fm_sketch":null,"stats_ver":0,"null_count":0,"tot_col_size":0,"last_update_version":464041101599965202,"correlation":0},"c1":{"histogram":{"ndv":0},"cm_sketch":null,"fm_sketch":null,"stats_ver":0,"null_count":0,"tot_col_size":0,"last_update_version":464041101599965202,"correlation":0},"c2":{"histogram":{"ndv":0},"cm_sketch":null,"fm_sketch":null,"stats_ver":0,"null_count":0,"tot_col_size":0,"last_update_version":464041101599965202,"correlation":0},"c3":{"histogram":{"ndv":0},"cm_sketch":null,"fm_sketch":null,"stats_ver":0,"null_count":0,"tot_col_size":0,"last_update_version":464041101599965202,"correlation":0},"c4":{"histogram":{"ndv":0},"cm_sketch":null,"fm_sketch":null,"stats_ver":0,"null_count":0,"tot_col_size":0,"last_update_version":464041101599965202,"correlation":0},"id":{"histogram":{"ndv":0},"cm_sketch":null,"fm_sketch":null,"stats_ver":0,"null_count":0,"tot_col_size":0,"last_update_version":464041101599965202,"correlation":0}},"indices":{"idx_c0":{"histogram":{"ndv":0},"cm_sketch":null,"fm_sketch":null,"stats_ver":0,"null_count":0,"tot_col_size":0,"last_update_version":464041101599965202,"correlation":0},"idx_c3":{"histogram":{"ndv":0},"cm_sketch":null,"fm_sketch":null,"stats_ver":0,"null_count":0,"tot_col_size":0,"last_update_version":464041101599965202,"correlation":0}},"partitions":null,"database_name":"shiro_fuzz_r13","table_name":"t1","ext_stats":null,"predicate_columns":[],"count":12,"modify_count":241,"version":464041122912534529,"is_historical_stats":false}